age,monthly_income,daily_internet_hours,smartphone_usage_years,social_media_hours,online_payment_trust_score,tech_savvy_score,monthly_online_orders,monthly_store_visits,avg_online_spend,avg_store_spend,discount_sensitivity,return_frequency,avg_delivery_days,delivery_fee_sensitivity,free_return_importance,product_availability_online,impulse_buying_score,need_touch_feel_score,brand_loyalty_score,environmental_awareness,time_pressure_level,gender,city_tier,shopping_preference
59,140744,7.1,5,2.2,2,8,23,10,35002,53874,5,4,5,6,3,7,3,7,4,6,10,Female,Tier 3,Hybrid
33,153422,7.5,9,5.7,4,10,32,7,97864,38145,4,7,2,4,9,8,9,2,1,8,6,Other,Tier 2,Online
61,115291,6.5,1,0.3,7,6,26,4,88714,53292,10,3,2,1,7,8,4,4,5,6,8,Female,Tier 1,Store
45,119675,10.3,9,2.9,7,9,20,11,70627,105240,2,4,5,3,10,4,5,10,7,9,7,Other,Tier 2,Store
18,100306,9.3,2,5.2,7,9,27,8,81040,94556,6,6,5,6,4,3,7,7,2,7,3,Other,Tier 3,Hybrid
65,24548,6.1,7,4.8,4,6,15,11,900,500,9,0,4,9,6,3,7,8,9,9,6,Female,Tier 3,Store
28,168279,10.3,11,6.0,3,9,31,10,137481,55466,6,2,3,7,8,8,10,8,4,9,4,Male,Tier 2,Hybrid
35,140268,9.2,11,5.9,10,10,32,10,90343,79006,5,8,5,8,7,4,7,6,3,7,8,Female,Tier 3,Hybrid
58,25696,4.9,7,0.3,3,9,6,12,32752,12746,7,2,5,6,1,4,3,7,7,5,4,Male,Tier 3,Store
79,67427,4.6,8,1.4,7,2,1,18,21810,91940,3,6,5,4,5,4,5,10,6,2,6,Male,Tier 3,Store
49,69491,6.7,1,4.2,8,9,20,14,22657,94136,6,7,4,6,3,9,8,6,10,7,5,Female,Tier 2,Hybrid
31,81611,8.9,10,5.2,7,10,30,12,75065,57954,5,4,3,7,5,7,10,7,1,3,5,Other,Tier 2,Hybrid
45,174329,7.0,8,3.1,7,6,12,6,13282,44474,5,1,1,4,8,10,7,1,6,5,2,Male,Tier 1,Online
30,125786,9.6,5,3.9,9,9,27,7,96808,19977,7,8,7,9,10,5,9,2,5,4,9,Male,Tier 3,Online
44,85368,7.9,8,3.1,8,9,30,12,71965,54115,6,4,5,6,4,6,7,4,3,8,8,Female,Tier 3,Hybrid
41,146127,6.1,5,4.7,2,8,49,1,150000,74618,7,9,5,9,3,6,8,5,3,9,7,Other,Tier 1,Hybrid
39,110398,6.4,6,2.7,4,10,45,7,139969,75805,4,3,5,9,10,8,8,4,7,8,9,Other,Tier 2,Hybrid
44,138240,8.3,8,3.5,3,6,26,5,98992,26935,8,8,5,4,6,9,5,9,4,7,5,Other,Tier 3,Store
65,120276,5.2,1,0.5,3,4,20,18,42448,137945,2,3,1,6,8,3,8,9,6,5,3,Male,Tier 1,Store
65,15000,5.0,3,3.9,7,6,15,12,40019,78117,7,8,7,8,5,5,8,9,7,9,3,Female,Tier 3,Store
37,158813,7.7,6,4.6,5,8,4,19,51266,94263,4,1,7,5,9,6,8,7,4,8,5,Female,Tier 3,Store
34,75333,10.6,6,4.6,4,10,36,0,77624,53128,9,7,4,6,6,8,10,9,5,6,6,Male,Tier 3,Online
58,103442,4.7,8,3.9,2,5,10,13,26805,97732,5,0,2,3,10,3,9,6,5,1,2,Male,Tier 1,Store
37,166407,11.7,14,5.4,8,10,37,5,99213,67413,7,6,6,7,4,6,10,5,3,9,2,Other,Tier 3,Online
53,180809,6.8,7,1.1,5,8,39,7,142587,85934,3,2,4,6,9,8,4,10,10,5,8,Female,Tier 1,Hybrid
25,15000,8.9,13,5.0,6,10,48,6,78353,12817,9,9,5,10,8,6,10,4,6,5,6,Other,Tier 2,Online
64,101192,5.1,3,1.1,2,5,16,3,21681,24903,5,4,7,4,6,6,2,6,6,6,5,Other,Tier 3,Store
42,78978,6.5,6,6.0,7,10,34,8,116602,69514,7,9,4,5,6,6,10,5,4,5,4,Other,Tier 2,Hybrid
65,71631,4.1,4,1.3,5,7,6,10,14279,126258,7,3,4,5,5,6,7,7,8,6,3,Female,Tier 2,Store
33,113234,9.9,9,5.3,7,10,48,3,141081,41706,6,9,1,5,9,8,10,4,6,4,2,Other,Tier 1,Hybrid
41,104373,4.2,12,2.1,10,7,4,8,900,68644,7,2,4,9,4,9,7,9,6,4,6,Other,Tier 3,Store
43,114457,6.8,3,3.3,7,10,30,5,92378,86583,4,5,3,8,7,8,5,8,8,10,9,Female,Tier 1,Store
53,63478,8.1,6,3.5,7,6,21,5,76317,6532,7,5,3,5,4,4,8,5,8,5,4,Female,Tier 3,Store
63,110850,3.4,4,3.5,3,3,0,15,45965,92554,5,2,3,7,2,5,8,10,9,7,8,Other,Tier 2,Store
39,149966,5.3,12,5.6,5,9,29,7,115133,59182,5,6,5,4,2,3,10,5,3,10,8,Male,Tier 1,Store
31,94935,11.8,8,6.0,6,10,42,4,90492,25910,8,9,3,5,5,8,10,5,6,8,5,Male,Tier 2,Online
18,144569,5.7,1,1.9,3,10,29,5,120716,62195,8,2,5,9,4,7,4,1,6,8,4,Female,Tier 2,Hybrid
55,146017,5.9,4,3.6,5,5,23,13,23731,12975,4,3,3,9,7,5,6,8,5,6,10,Female,Tier 2,Store
59,82339,7.5,1,3.5,10,8,44,5,74332,52071,6,5,3,8,7,8,7,6,1,4,5,Female,Tier 2,Online
56,110203,8.1,8,3.2,9,8,32,1,58383,70794,4,7,2,4,4,9,7,4,5,3,5,Female,Tier 2,Online
66,141077,1.3,6,0.6,3,5,6,4,46211,29121,10,4,6,4,3,4,8,5,4,5,5,Female,Tier 1,Store
49,151275,5.5,6,1.9,8,6,11,15,66111,127526,4,6,2,3,3,10,6,6,4,9,5,Male,Tier 2,Hybrid
45,145991,10.2,14,3.9,8,9,44,0,119904,35816,7,5,3,10,7,7,6,2,3,7,7,Male,Tier 1,Online
41,84614,5.1,6,4.6,6,10,34,11,105172,59597,6,6,3,7,8,4,6,4,4,10,7,Male,Tier 3,Store
42,220441,10.1,10,4.5,5,7,32,6,132910,109024,4,5,2,5,9,8,9,7,6,7,4,Female,Tier 1,Store
68,58349,2.9,7,2.4,7,5,16,9,80749,25475,6,3,5,6,8,5,8,6,2,8,5,Male,Tier 1,Store
18,93055,10.4,7,5.0,6,10,47,9,104886,90705,3,6,7,8,5,6,9,6,3,6,2,Other,Tier 3,Hybrid
79,15000,7.5,7,0.5,4,4,15,10,900,500,9,9,3,6,6,2,4,6,10,3,1,Other,Tier 3,Store
65,115928,5.2,12,0.0,4,5,19,11,90095,102898,6,4,4,5,2,3,5,9,3,7,1,Female,Tier 3,Store
58,80129,7.6,7,3.4,8,7,14,8,72403,43414,5,8,4,2,6,4,8,8,6,8,6,Female,Tier 2,Hybrid
47,148667,7.9,13,3.1,7,9,33,10,60120,46883,9,6,2,2,6,5,7,6,4,10,8,Female,Tier 3,Hybrid
59,132388,6.3,14,1.9,5,9,19,11,27503,68820,6,0,6,8,4,7,8,7,4,8,7,Female,Tier 2,Store
75,140564,5.4,2,2.0,6,5,11,19,78796,75357,4,5,3,4,5,3,10,7,7,6,3,Other,Tier 1,Store
57,95152,6.7,3,0.1,5,8,32,8,85170,51802,8,6,6,8,9,6,7,9,7,9,5,Other,Tier 3,Store
62,100370,2.8,8,2.0,4,7,21,9,29522,43672,5,5,5,7,5,1,5,10,6,8,6,Male,Tier 3,Store
69,148065,8.6,6,2.0,2,3,12,15,75590,86562,2,8,4,4,1,4,1,8,7,3,5,Male,Tier 2,Store
56,126536,3.5,4,4.6,5,6,4,16,12309,93312,6,1,3,6,4,4,4,10,8,7,5,Female,Tier 3,Store
36,18239,9.3,7,4.5,6,10,49,8,150000,92821,6,5,4,7,10,10,9,6,5,10,6,Male,Tier 1,Online
18,15023,9.3,8,2.6,7,10,40,3,75664,33280,6,7,5,5,7,7,7,4,4,4,6,Female,Tier 3,Hybrid
35,164664,7.5,9,6.0,8,10,34,4,101572,500,7,6,4,3,10,8,10,3,5,8,7,Male,Tier 1,Hybrid
48,192752,8.4,6,4.6,5,6,17,12,118976,150000,6,6,4,4,7,5,9,5,7,10,8,Male,Tier 2,Hybrid
63,136461,2.2,1,2.1,7,6,8,12,64101,131973,5,0,6,6,6,8,2,7,4,8,8,Other,Tier 3,Store
29,135631,9.9,11,4.9,6,9,31,7,65726,66824,5,5,1,8,4,5,9,3,2,10,8,Male,Tier 1,Online
36,129281,6.7,10,4.2,5,6,14,13,62995,101363,7,7,4,3,7,8,7,6,1,4,5,Male,Tier 1,Store
28,158772,10.4,4,4.7,10,10,34,2,139059,77037,6,0,3,4,9,7,9,3,3,5,2,Other,Tier 1,Online
41,79621,6.5,11,3.5,4,8,27,9,36290,35973,4,5,6,7,7,5,9,6,7,6,9,Male,Tier 2,Store
59,190720,5.5,9,0.4,4,5,20,14,107601,71074,6,5,2,5,7,3,5,5,7,8,5,Male,Tier 1,Store
74,65242,6.3,1,2.9,6,7,26,13,60119,58681,7,7,6,8,4,6,1,6,9,10,4,Other,Tier 3,Hybrid
46,82877,6.8,4,3.4,5,6,9,14,57000,52964,7,2,6,5,4,7,9,7,7,3,8,Female,Tier 3,Store
18,101051,6.1,6,6.0,8,9,20,12,50742,50908,6,0,5,6,5,5,10,3,4,8,4,Male,Tier 1,Hybrid
48,63859,4.8,7,2.9,2,4,0,17,900,17557,9,4,5,2,1,6,4,10,3,6,7,Male,Tier 3,Store
54,109798,7.8,10,2.4,8,10,34,0,51035,500,10,4,3,5,9,3,5,8,5,7,6,Female,Tier 3,Online
37,100674,8.2,12,4.8,7,7,25,6,81623,47213,6,0,2,3,6,4,10,4,6,8,5,Male,Tier 2,Hybrid
62,149373,8.6,3,2.3,3,7,29,12,78262,105761,5,4,4,3,5,5,5,9,8,8,9,Male,Tier 3,Store
46,140379,8.5,8,3.8,3,6,20,7,129103,58359,5,4,4,7,2,5,7,8,4,5,5,Male,Tier 2,Store
79,100722,3.9,10,0.0,3,4,13,10,40792,67674,1,4,4,8,5,6,6,10,8,5,6,Male,Tier 2,Store
77,187199,6.2,7,0.0,4,6,19,5,94906,44970,5,0,1,5,4,4,2,9,6,4,4,Other,Tier 1,Store
46,51713,6.6,6,3.0,2,7,20,11,18363,42400,7,5,4,5,5,8,8,7,1,7,5,Other,Tier 1,Store
49,127217,8.0,4,2.3,8,8,31,3,100350,500,6,4,4,5,7,10,9,2,8,9,10,Male,Tier 1,Hybrid
18,165536,8.6,10,4.9,8,9,39,8,132183,113695,3,7,1,5,6,5,10,7,3,10,6,Male,Tier 2,Online
18,161691,8.2,3,6.0,7,10,49,6,139776,115079,6,6,7,3,10,8,6,8,2,9,7,Other,Tier 3,Online
32,127883,7.8,8,6.0,4,10,47,6,150000,45031,7,9,6,6,7,5,10,2,3,5,7,Female,Tier 3,Hybrid
33,63173,7.5,12,4.1,9,10,29,12,83993,148013,10,3,4,7,4,5,7,5,5,9,4,Female,Tier 1,Online
59,106129,9.5,3,3.7,7,8,38,2,79535,32500,7,5,3,7,7,6,6,5,6,10,5,Female,Tier 2,Online
29,194647,9.8,7,4.0,6,6,35,4,114825,63424,7,5,4,1,4,4,10,4,2,5,3,Female,Tier 1,Hybrid
28,32976,9.9,13,4.6,5,10,46,4,53731,67742,7,7,1,7,10,8,10,6,3,6,6,Other,Tier 2,Hybrid
38,119637,5.9,9,4.1,3,10,33,6,97484,62603,6,5,6,5,7,6,9,6,6,7,10,Male,Tier 3,Hybrid
33,115970,6.8,12,5.7,10,7,29,10,111667,47725,5,3,1,7,4,3,9,5,1,6,10,Male,Tier 1,Hybrid
44,92495,8.5,13,4.5,3,8,32,7,98606,45427,7,8,3,8,9,10,4,5,6,5,7,Female,Tier 1,Store
44,154434,5.3,4,5.4,3,7,22,13,78583,57034,5,4,3,6,8,4,8,5,4,8,5,Female,Tier 3,Store
33,62513,9.3,13,6.0,6,7,23,17,99304,102228,9,6,4,5,6,7,10,4,1,7,8,Female,Tier 3,Hybrid
52,60027,6.2,12,4.8,5,8,30,9,73572,19777,8,0,6,5,4,8,7,4,4,9,7,Female,Tier 2,Store
41,152799,6.8,8,5.3,6,8,34,0,136842,32209,5,3,5,5,6,6,10,6,6,7,10,Other,Tier 1,Store
30,26823,10.9,9,5.7,6,10,35,11,94153,47233,10,9,4,10,7,6,10,4,4,4,10,Other,Tier 3,Hybrid
38,162880,7.4,13,4.5,5,10,38,10,104438,60354,6,9,6,7,8,2,7,9,4,6,4,Other,Tier 3,Online
56,105283,1.8,7,1.5,5,4,0,14,900,91530,2,5,4,4,4,2,6,5,5,2,6,Female,Tier 2,Store
41,148767,8.5,3,6.0,5,10,32,10,108757,78455,6,1,5,3,8,4,7,3,8,10,9,Other,Tier 2,Hybrid
49,174491,6.6,8,2.6,6,8,28,8,131822,44483,8,0,3,1,5,8,4,6,6,8,6,Other,Tier 1,Hybrid
53,105415,7.7,9,2.3,5,9,31,8,140302,86949,10,3,5,4,3,7,6,7,4,7,6,Female,Tier 3,Hybrid
58,125787,3.0,6,2.8,5,6,15,16,55728,62096,5,5,6,6,4,7,6,7,6,7,5,Male,Tier 3,Store
32,45422,8.9,11,5.6,6,9,38,3,49590,57125,9,5,2,7,6,7,10,3,6,4,6,Male,Tier 2,Hybrid
31,110165,6.5,5,5.0,6,8,22,15,98892,81831,10,4,5,9,5,7,8,6,6,6,9,Male,Tier 3,Store
49,62533,3.9,2,1.6,5,4,17,10,63944,84058,9,5,2,4,7,6,7,6,6,5,9,Female,Tier 3,Store
75,141386,6.7,8,3.3,2,3,9,16,27120,61215,6,5,3,6,5,3,8,10,7,3,6,Other,Tier 1,Store
31,84558,8.1,9,4.9,5,9,33,9,43677,113243,7,8,1,5,10,9,9,3,7,6,10,Other,Tier 1,Hybrid
48,138160,6.0,4,4.1,6,8,33,8,95548,93010,5,8,3,6,7,8,9,9,5,6,7,Female,Tier 2,Store
54,96629,7.5,4,3.2,5,10,25,14,27788,107830,7,6,4,5,6,6,3,8,4,7,6,Male,Tier 2,Store
60,151101,6.5,7,3.3,7,8,24,15,113209,114127,5,6,4,6,1,10,7,10,2,4,2,Male,Tier 1,Store
39,81255,6.0,9,4.8,6,6,16,18,67681,100292,6,7,2,5,7,4,6,10,5,7,10,Female,Tier 2,Store
57,183054,4.4,9,3.4,4,5,13,8,73544,97224,7,6,3,8,6,6,6,10,5,7,7,Male,Tier 1,Store
33,55250,6.2,8,2.3,5,7,29,6,76413,500,10,2,7,6,5,6,8,1,6,7,4,Male,Tier 3,Store
55,136879,5.5,9,1.2,7,8,18,7,48784,58319,7,7,2,6,1,5,5,8,2,7,6,Male,Tier 1,Store
34,47356,8.2,14,6.0,6,9,20,5,80707,33354,10,3,6,10,3,8,10,3,4,5,6,Male,Tier 2,Hybrid
69,124945,7.5,5,0.8,5,7,29,7,120623,28833,6,6,4,8,1,7,5,7,4,6,5,Female,Tier 3,Store
37,155586,8.3,13,6.0,8,7,14,8,46976,50720,3,3,2,9,5,2,10,7,5,7,10,Male,Tier 1,Hybrid
30,141823,7.7,14,3.8,9,10,31,0,93036,500,6,0,5,3,7,8,10,4,4,10,4,Male,Tier 1,Online
43,77450,7.7,8,3.3,5,7,32,2,111393,53626,8,5,2,9,5,8,8,5,4,10,7,Female,Tier 1,Hybrid
38,127775,9.6,4,2.2,4,7,39,8,99759,87138,6,4,7,3,5,7,10,2,3,9,8,Male,Tier 2,Hybrid
48,203580,4.0,5,3.0,4,6,19,9,87711,121225,6,4,4,4,9,6,7,7,5,5,8,Male,Tier 1,Store
43,214108,4.6,9,1.8,3,10,22,5,105584,65520,5,2,1,3,3,8,8,5,8,3,5,Female,Tier 1,Hybrid
45,119083,6.3,8,3.2,7,5,17,6,88674,24312,5,3,6,8,4,7,8,6,6,8,7,Male,Tier 2,Store
43,35828,6.4,11,2.9,6,5,12,3,87188,68710,7,9,3,6,7,4,7,2,1,10,6,Female,Tier 3,Hybrid
69,103644,3.5,3,1.7,5,7,16,10,3134,50409,6,5,4,8,2,7,4,10,6,3,4,Female,Tier 1,Store
24,104088,9.2,4,4.1,7,10,36,11,137615,60348,10,5,2,6,9,10,10,7,7,10,3,Female,Tier 2,Hybrid
49,123075,6.8,9,4.2,5,10,35,6,143279,51637,6,7,3,4,2,7,7,6,6,3,8,Female,Tier 2,Hybrid
53,154722,7.3,8,2.2,4,8,24,9,44652,75787,7,1,3,9,9,8,4,5,5,7,8,Other,Tier 1,Hybrid
40,158213,3.4,7,2.7,5,9,13,12,64792,140131,5,7,1,6,1,6,5,8,4,9,5,Male,Tier 1,Store
45,120517,7.9,12,3.3,3,9,40,8,119732,104989,6,4,4,4,8,5,5,2,6,10,10,Female,Tier 2,Online
62,78157,7.0,1,2.7,5,3,7,9,25671,49389,6,7,3,5,6,5,6,4,4,4,7,Male,Tier 3,Store
47,131677,8.0,6,3.9,5,10,19,14,100126,79697,5,0,6,6,4,5,6,8,2,7,7,Female,Tier 2,Store
52,118633,10.1,8,3.4,8,10,48,2,103975,42096,10,7,1,8,6,9,9,4,8,6,7,Female,Tier 1,Online
38,68027,8.0,12,3.1,5,10,27,7,50311,49661,9,5,4,5,8,9,6,7,1,10,4,Male,Tier 3,Hybrid
77,73931,4.7,8,2.1,5,6,11,11,51126,55003,3,1,5,4,1,2,7,10,5,9,3,Male,Tier 3,Store
39,150594,8.4,7,4.6,5,6,27,7,62747,65408,4,1,4,5,5,6,9,7,4,9,5,Female,Tier 3,Store
20,100903,9.2,3,6.0,5,9,45,8,129072,75002,6,5,6,4,9,7,10,5,5,8,5,Male,Tier 3,Online
52,136333,7.7,7,3.0,4,5,23,8,150000,95742,2,8,2,6,6,1,5,10,6,2,7,Other,Tier 3,Store
33,118724,5.6,12,1.9,7,9,21,9,92187,52575,8,6,5,9,9,6,4,4,4,7,3,Male,Tier 3,Hybrid
33,145801,11.0,10,6.0,2,9,45,0,66502,29056,8,8,4,6,10,5,10,3,3,5,4,Other,Tier 1,Hybrid
46,92448,8.2,9,5.7,6,7,21,3,48074,35769,4,2,6,5,5,4,8,1,4,6,3,Male,Tier 2,Online
54,117227,6.6,6,1.8,4,9,26,12,109406,12867,6,7,5,8,7,5,6,2,9,4,9,Male,Tier 3,Hybrid
36,195959,7.2,6,4.8,7,8,24,11,87179,124189,3,3,3,2,9,8,10,4,3,3,4,Other,Tier 1,Hybrid
31,51571,10.0,14,5.4,6,9,43,10,110177,52787,5,4,6,7,7,6,9,6,7,7,4,Female,Tier 3,Hybrid
30,101622,8.6,9,3.7,5,10,27,11,98852,22637,6,6,2,5,1,5,4,4,7,10,8,Female,Tier 1,Hybrid
52,46531,7.4,10,2.6,8,9,41,5,91824,10706,8,7,6,5,8,5,1,2,7,9,7,Male,Tier 3,Hybrid
21,60895,6.5,4,3.8,5,10,38,8,60002,59927,8,5,3,7,8,9,7,6,1,8,5,Other,Tier 2,Store
53,94543,6.8,7,2.4,6,9,28,9,81791,77176,9,1,5,9,7,6,1,3,6,3,9,Male,Tier 3,Store
37,95400,8.0,14,4.1,9,9,33,8,94998,27699,7,5,2,5,2,6,10,6,6,5,3,Male,Tier 2,Store
61,131168,6.4,4,4.0,5,8,11,10,900,53259,7,6,3,3,3,6,5,6,2,6,5,Male,Tier 2,Store
50,23449,5.3,7,4.1,4,7,23,9,19479,50245,7,4,2,2,8,5,9,4,4,6,4,Female,Tier 2,Hybrid
61,15000,7.1,8,3.3,4,4,10,6,1362,54809,4,5,7,6,5,7,7,10,3,10,4,Male,Tier 3,Store
41,86206,9.2,7,4.2,9,10,32,4,104799,76394,5,5,6,8,10,4,9,7,6,5,4,Female,Tier 2,Online
50,192099,3.7,8,3.8,5,6,5,15,41255,113643,6,1,5,4,6,6,5,6,5,3,6,Other,Tier 3,Store
79,146908,3.8,5,2.0,7,4,10,16,86628,63021,8,3,4,7,4,6,4,10,6,7,5,Female,Tier 2,Store
48,110687,5.3,12,2.2,7,9,24,9,3013,36071,7,6,4,5,4,6,4,6,7,9,7,Male,Tier 3,Hybrid
43,164874,8.6,11,5.5,4,6,18,7,80627,24825,7,5,4,7,6,6,7,3,6,7,4,Other,Tier 2,Store
40,96280,10.3,4,5.5,3,10,43,8,101705,20630,5,9,3,4,8,7,8,7,7,8,6,Male,Tier 2,Hybrid
60,95995,4.0,3,2.8,1,5,17,6,12645,51826,8,6,4,9,6,7,6,5,6,8,3,Other,Tier 1,Store
61,105869,2.2,1,3.5,6,8,31,12,134664,129066,7,6,3,4,10,7,4,7,5,8,6,Male,Tier 1,Store
79,34335,5.5,11,2.9,1,5,25,9,65842,43559,9,6,5,5,7,2,8,7,5,3,5,Other,Tier 3,Store
60,78086,6.1,13,3.0,3,6,31,12,32297,109022,5,4,4,5,2,1,10,7,8,9,10,Male,Tier 2,Store
20,109908,10.1,1,6.0,8,10,33,6,79223,75671,7,1,5,9,7,8,8,4,4,10,6,Other,Tier 2,Hybrid
26,128320,9.8,2,2.9,2,10,39,6,137965,74667,9,5,4,6,6,4,7,5,1,4,7,Male,Tier 1,Hybrid
67,71168,4.1,7,2.1,4,3,5,14,992,36101,6,4,3,8,2,7,6,10,6,4,5,Female,Tier 2,Store
57,174557,7.3,8,2.9,10,9,45,1,60001,62873,6,6,5,3,10,6,9,1,4,7,4,Female,Tier 3,Online
18,110006,10.4,1,5.0,3,8,20,14,106376,43829,6,3,7,6,4,5,7,8,3,6,3,Female,Tier 3,Store
64,59583,5.9,1,2.3,3,5,11,5,16111,500,5,0,4,3,1,5,4,9,5,6,3,Female,Tier 2,Store
32,138226,8.8,14,4.6,4,9,17,9,900,65290,10,3,6,5,8,8,8,10,3,9,7,Other,Tier 2,Store
23,109673,10.0,7,4.9,5,10,33,11,70192,44312,6,4,5,8,7,6,10,3,2,9,4,Female,Tier 3,Online
45,150672,6.2,3,2.8,5,10,31,5,107502,72335,2,5,3,3,7,7,6,9,6,7,8,Male,Tier 2,Hybrid
68,92893,3.7,10,1.5,4,9,26,1,70376,17184,7,7,6,8,4,6,1,7,5,2,4,Male,Tier 3,Hybrid
58,185902,4.7,7,2.4,3,6,25,5,118680,99423,7,1,5,4,10,2,6,8,9,4,1,Male,Tier 2,Store
24,15000,8.4,1,1.4,4,7,24,14,88655,70796,6,5,3,9,4,7,10,5,3,4,8,Female,Tier 3,Store
49,116587,9.6,9,2.5,5,7,37,4,123340,12819,8,9,4,5,9,7,4,7,6,6,9,Female,Tier 2,Hybrid
56,158802,6.3,11,2.6,2,6,15,12,93727,94509,2,0,3,6,2,7,2,7,6,2,6,Female,Tier 2,Store
18,38860,12.0,4,5.7,10,9,48,8,115148,4001,6,7,3,5,6,8,10,6,4,10,1,Female,Tier 1,Online
50,121374,6.0,5,1.1,3,4,10,9,95491,100687,5,6,2,6,5,2,6,8,6,8,6,Male,Tier 1,Store
75,101342,3.8,5,1.5,6,9,16,0,68339,32831,6,1,4,7,2,6,3,6,8,4,5,Female,Tier 2,Store
43,175208,7.5,4,3.7,5,9,17,12,88914,105941,1,2,1,5,7,6,10,6,3,10,7,Male,Tier 1,Hybrid
43,114908,5.2,8,0.6,3,6,11,10,72947,89411,5,4,4,6,1,5,1,8,6,5,7,Other,Tier 2,Hybrid
47,157247,6.6,7,3.8,7,8,20,9,126891,69626,4,5,4,5,6,7,3,8,5,4,10,Female,Tier 1,Store
40,206391,10.1,5,4.8,3,6,26,9,98102,77192,4,7,4,4,10,5,8,6,9,5,2,Other,Tier 1,Store
58,65365,5.7,4,2.3,6,8,23,10,89648,43608,7,6,4,4,9,6,3,8,10,10,1,Female,Tier 3,Store
69,55393,4.9,5,3.5,5,6,8,11,900,91103,7,3,6,6,3,2,1,9,5,3,1,Male,Tier 3,Store
54,116663,3.4,3,2.8,3,4,10,15,93140,102301,10,3,2,7,4,5,9,6,6,10,3,Female,Tier 1,Store
53,196921,6.3,6,3.1,6,6,26,6,68086,80826,3,6,5,2,8,5,7,6,7,7,8,Female,Tier 1,Store
43,150035,5.1,11,3.8,5,8,24,2,119124,97658,6,8,5,5,8,7,2,5,6,4,4,Female,Tier 2,Hybrid
44,203189,8.9,10,4.3,7,8,42,6,107462,81423,4,8,3,5,3,7,9,6,4,7,6,Male,Tier 2,Online
34,45804,6.5,13,0.3,7,7,40,10,135427,21755,10,9,5,9,4,3,5,5,3,6,8,Female,Tier 3,Hybrid
34,107331,6.4,6,3.7,4,10,41,4,34803,500,10,7,3,6,10,5,8,2,4,5,7,Female,Tier 3,Hybrid
42,203362,6.6,13,0.9,9,10,30,4,150000,67669,6,0,5,3,10,4,6,6,3,5,4,Female,Tier 2,Hybrid
46,100644,7.6,6,2.5,6,7,30,8,75998,76462,5,0,3,6,9,9,6,5,4,6,3,Male,Tier 2,Hybrid
28,98421,8.9,11,5.0,7,10,35,12,140819,64787,8,4,5,8,5,7,6,7,1,7,9,Male,Tier 2,Hybrid
79,71363,3.4,9,1.9,6,4,4,18,27295,84358,3,7,5,4,4,5,6,10,9,5,5,Other,Tier 2,Store
40,148713,7.1,8,5.7,7,9,22,11,92353,72812,3,6,5,4,6,7,6,8,5,5,9,Female,Tier 2,Store
52,83048,4.6,2,2.3,3,7,16,6,68243,74409,7,3,3,1,6,8,5,7,7,8,8,Other,Tier 1,Store
52,190290,6.1,5,3.7,5,7,27,7,132684,27478,7,5,3,6,6,6,6,4,6,4,7,Female,Tier 2,Hybrid
79,115133,5.5,11,0.6,2,4,16,12,90126,131603,7,0,7,7,5,3,4,8,7,1,3,Male,Tier 3,Store
50,156661,5.9,13,4.6,7,9,33,13,45500,94764,6,5,1,4,8,9,7,3,3,10,5,Female,Tier 1,Hybrid
25,126432,9.0,12,4.8,9,10,40,3,150000,71737,8,4,5,4,3,9,8,1,1,5,8,Male,Tier 2,Hybrid
51,151714,6.2,5,5.3,4,5,11,10,72389,68491,10,2,4,7,9,5,9,6,4,8,5,Male,Tier 3,Store
49,169328,6.8,10,2.4,8,10,38,1,150000,104847,5,8,3,5,5,8,5,5,5,7,8,Male,Tier 1,Hybrid
46,125269,8.6,5,4.5,5,10,36,11,88346,86857,6,9,3,5,9,9,5,3,6,7,7,Other,Tier 1,Store
35,127941,9.2,6,3.4,6,10,37,12,5656,87907,6,7,4,5,8,5,7,7,1,7,3,Other,Tier 2,Hybrid
35,250000,8.8,12,3.6,9,7,28,6,150000,103849,2,6,4,6,7,5,6,6,5,9,10,Female,Tier 1,Store
32,162427,7.6,12,4.3,8,8,19,12,62938,82994,7,8,4,3,8,8,6,4,7,5,7,Male,Tier 2,Hybrid
46,131319,6.5,11,3.5,3,10,17,15,76234,112938,6,7,3,6,7,7,7,6,7,8,5,Male,Tier 2,Store
39,25601,8.4,1,2.3,9,10,28,5,68910,2788,7,6,2,10,10,3,6,3,7,9,8,Male,Tier 3,Online
45,151938,7.3,2,3.3,7,8,17,4,85955,46486,8,3,5,4,1,6,8,5,3,5,10,Female,Tier 3,Hybrid
51,162713,3.7,6,3.0,7,5,5,19,94146,64205,9,4,5,6,3,4,7,9,4,7,3,Female,Tier 1,Store
79,58456,5.4,4,3.2,4,4,5,14,2339,34588,7,2,5,9,3,5,5,10,8,1,7,Male,Tier 3,Store
64,105767,8.0,11,3.2,6,9,37,10,95063,39696,5,3,6,6,7,5,7,3,6,6,1,Male,Tier 2,Online
18,144709,7.7,2,5.2,4,10,37,5,79146,39141,5,9,4,5,10,8,10,4,3,10,1,Male,Tier 2,Hybrid
34,93154,11.5,10,3.1,9,10,37,7,125427,20610,9,3,6,2,7,6,10,4,7,10,3,Other,Tier 2,Online
22,78910,8.0,1,4.3,9,8,24,7,40812,500,4,5,4,7,6,1,6,5,4,4,4,Other,Tier 3,Hybrid
42,179643,6.8,11,4.9,10,8,40,10,69876,67887,2,6,2,6,7,7,9,5,6,4,7,Female,Tier 1,Hybrid
41,15000,8.9,11,4.6,5,7,30,11,60258,60562,6,7,4,10,10,8,8,5,7,9,4,Male,Tier 2,Store
19,135342,8.0,6,4.3,7,8,35,9,103946,25896,7,9,3,7,1,10,7,5,2,9,3,Female,Tier 1,Store
38,116337,8.6,8,3.9,5,9,37,9,90394,75667,4,9,3,5,5,7,4,8,5,10,5,Other,Tier 1,Hybrid
50,77291,4.1,9,4.8,8,8,12,12,32656,65140,3,6,7,5,5,4,6,9,7,5,6,Other,Tier 3,Store
66,163499,6.3,3,1.8,4,7,22,6,117758,85576,5,5,6,5,1,4,3,3,9,1,4,Female,Tier 3,Store
38,80414,9.7,10,3.7,6,8,49,13,77487,88092,7,9,5,6,8,7,6,9,2,9,8,Other,Tier 3,Store
53,28462,8.1,9,2.7,5,10,47,3,123268,24178,7,5,7,5,10,2,4,6,2,10,8,Female,Tier 3,Online
54,206173,4.6,2,2.8,6,7,20,15,92401,98991,3,8,6,6,9,7,3,8,1,7,6,Female,Tier 1,Store
53,159560,7.2,5,1.5,4,9,37,13,94117,71651,7,5,1,4,6,8,3,10,4,6,5,Female,Tier 2,Hybrid
30,114587,11.4,14,4.3,4,10,48,3,128023,58510,7,6,4,4,8,9,4,3,4,6,8,Male,Tier 1,Online
34,15000,7.4,6,3.2,9,10,40,4,76561,26188,10,8,7,6,6,7,9,5,2,4,5,Female,Tier 3,Hybrid
50,136002,5.9,7,1.8,5,9,27,0,75045,8855,10,7,3,7,6,4,6,4,2,5,1,Female,Tier 2,Hybrid
68,155134,2.5,1,2.1,4,3,0,18,36316,138780,9,4,5,4,6,6,3,10,7,6,8,Male,Tier 3,Store
18,84740,8.3,5,4.3,3,6,30,10,71161,93527,8,9,3,6,6,6,7,5,4,10,5,Male,Tier 2,Hybrid
31,208942,8.3,6,3.4,3,8,35,9,87583,134097,6,9,5,5,10,6,10,8,2,4,9,Other,Tier 2,Hybrid
55,67534,2.1,7,3.6,7,6,0,19,53015,84750,10,3,5,7,5,3,6,10,5,5,4,Male,Tier 3,Store
30,83831,7.5,7,5.9,6,7,33,1,78047,16671,7,6,1,7,8,7,10,4,5,3,10,Female,Tier 3,Hybrid
71,102067,2.7,3,0.9,5,4,3,12,900,79877,5,3,7,4,5,2,1,7,4,9,1,Female,Tier 3,Store
70,112867,4.0,8,0.5,6,4,5,16,27320,94052,7,4,3,5,6,5,7,7,8,8,3,Other,Tier 3,Store
44,163026,6.6,11,6.0,4,7,30,11,150000,80352,6,0,1,5,10,5,10,6,6,7,3,Male,Tier 1,Store
31,102489,10.1,13,3.6,6,8,32,14,50093,69377,8,9,2,6,10,4,8,7,1,8,6,Male,Tier 2,Store
57,99151,6.0,12,2.9,6,6,15,19,72073,51179,6,4,5,4,5,3,8,5,2,5,7,Female,Tier 3,Store
54,124519,6.1,5,1.4,6,8,10,9,53819,64364,7,2,7,6,9,8,5,5,5,4,9,Other,Tier 3,Store
47,137478,9.0,4,5.0,7,9,31,2,111108,500,7,2,4,3,6,7,5,5,6,9,9,Male,Tier 1,Hybrid
35,230418,9.6,11,5.3,4,10,39,3,131420,117088,9,8,4,5,8,8,10,3,7,6,5,Female,Tier 2,Hybrid
37,136859,7.8,14,3.1,8,10,35,8,101555,69163,6,7,5,4,10,8,8,3,1,8,1,Male,Tier 2,Hybrid
32,168588,8.4,4,4.1,4,7,23,14,48546,111271,4,9,2,4,6,6,6,3,4,6,10,Female,Tier 1,Store
53,140204,6.4,8,3.8,5,6,27,10,94829,91072,6,5,6,7,2,7,10,7,8,4,2,Female,Tier 3,Store
39,136486,8.6,9,3.5,7,10,37,7,139917,61167,3,6,5,6,9,9,9,6,5,4,1,Other,Tier 3,Online
55,73896,4.9,8,6.0,7,5,17,6,26652,73262,7,5,6,7,6,6,10,4,6,9,7,Female,Tier 3,Hybrid
45,62257,6.9,6,4.1,4,8,28,7,64531,34079,5,9,5,5,1,3,10,6,2,9,7,Female,Tier 2,Store
44,182822,5.0,4,5.1,7,6,20,11,107498,62855,2,5,5,3,5,5,9,7,3,3,4,Female,Tier 2,Store
56,154954,4.6,10,5.0,7,10,30,5,65398,80465,4,6,7,4,3,5,8,8,3,2,5,Female,Tier 2,Hybrid
36,147843,7.4,14,2.9,1,8,20,13,48199,141614,7,4,3,6,3,9,6,5,4,10,4,Male,Tier 1,Store
43,119296,7.1,14,2.0,7,8,24,2,78777,8989,5,6,5,2,5,3,6,5,4,6,7,Other,Tier 3,Hybrid
63,91518,5.6,10,0.0,7,6,6,19,104879,61428,7,2,3,9,4,5,6,8,4,6,5,Female,Tier 3,Store
45,71640,5.2,4,4.0,5,6,14,9,7187,17568,4,7,7,4,3,4,8,1,5,7,8,Male,Tier 2,Store
35,101495,4.8,14,5.4,5,7,17,7,91666,32957,2,7,5,9,7,6,8,5,4,2,4,Other,Tier 2,Store
76,109452,1.7,1,0.7,3,3,0,9,69240,16586,9,3,2,7,4,6,9,6,3,3,7,Male,Tier 1,Store
31,250000,9.3,10,6.0,6,10,36,2,100622,117440,3,5,3,6,2,7,9,2,3,10,5,Other,Tier 1,Hybrid
65,37096,4.8,3,2.8,3,7,15,15,34243,80099,10,5,5,5,6,8,6,10,7,10,3,Female,Tier 2,Store
43,110413,8.3,10,2.8,7,8,37,4,96860,54803,7,3,4,5,9,9,5,5,3,6,4,Other,Tier 1,Online
18,67217,8.6,4,4.1,8,10,20,9,50176,83595,6,5,4,10,6,9,10,3,5,9,8,Male,Tier 3,Online
29,162014,9.5,9,3.6,10,10,27,12,142511,98440,6,8,2,6,9,7,10,4,2,7,6,Other,Tier 2,Online
51,59660,6.2,3,2.1,7,8,30,2,86286,70910,6,5,4,7,9,5,8,4,1,9,5,Female,Tier 3,Hybrid
46,127832,5.4,10,2.7,5,6,4,18,93129,92467,4,5,7,4,5,9,4,10,1,10,6,Other,Tier 1,Store
46,92565,10.0,5,4.2,5,6,35,6,85444,65851,7,4,4,8,2,5,7,4,4,7,4,Female,Tier 1,Hybrid
34,123139,9.1,11,4.4,6,6,16,6,55872,127246,4,2,3,10,7,3,10,5,3,10,4,Male,Tier 1,Store
54,144575,5.3,7,1.5,5,4,13,16,119231,148018,6,4,4,2,4,6,8,6,6,10,10,Female,Tier 1,Store
61,81975,6.3,7,2.3,5,9,19,11,68725,57712,3,6,6,8,1,6,1,4,2,5,5,Male,Tier 3,Hybrid
29,84328,8.6,9,4.9,6,10,27,8,70327,16511,8,6,5,3,5,7,8,3,4,7,2,Female,Tier 3,Online
55,120384,5.3,6,2.6,6,8,21,9,76564,37536,5,2,6,3,6,4,8,10,6,6,4,Other,Tier 3,Store
34,91459,8.3,6,3.5,8,9,29,11,101262,43975,7,7,2,4,7,5,7,10,4,6,10,Male,Tier 1,Hybrid
56,144339,6.3,14,3.7,5,5,5,11,50796,127596,4,2,1,6,5,3,6,7,3,9,1,Male,Tier 2,Store
60,117155,5.7,1,5.2,4,5,15,14,23520,67558,4,8,3,8,5,5,6,9,5,1,6,Male,Tier 3,Store
50,84002,7.9,12,4.1,7,8,18,19,900,101209,10,2,4,5,3,4,8,8,2,5,8,Female,Tier 3,Store
57,158434,9.4,1,2.6,6,6,36,0,68191,500,6,8,3,5,9,3,4,7,8,10,10,Male,Tier 1,Hybrid
34,119765,9.2,8,5.5,7,8,28,6,75933,31863,5,5,5,2,9,6,10,5,3,7,7,Male,Tier 3,Hybrid
54,156087,6.7,7,2.2,1,6,26,9,53681,99350,4,5,2,3,10,5,4,9,2,7,1,Male,Tier 2,Store
48,145144,10.1,7,4.2,7,6,30,8,117515,42528,3,3,7,5,8,4,5,7,4,4,4,Other,Tier 3,Store
46,87172,9.4,14,4.2,8,10,33,8,120018,16140,6,3,4,6,4,3,7,4,4,7,10,Female,Tier 2,Hybrid
54,77925,8.4,11,5.5,7,9,35,7,133444,50669,10,6,3,6,9,3,7,4,6,3,10,Male,Tier 3,Hybrid
65,60113,5.5,5,4.4,6,6,24,7,61761,8840,5,3,1,8,3,5,3,4,7,10,4,Male,Tier 2,Hybrid
69,123830,2.2,5,2.4,3,3,0,17,52345,84019,8,4,3,5,2,3,6,9,5,7,1,Female,Tier 1,Store
41,130459,5.3,4,4.6,5,7,10,16,133294,69470,5,5,1,6,3,8,7,9,5,8,9,Male,Tier 2,Store
50,135866,5.0,12,4.1,5,7,23,5,91040,24398,5,8,5,8,7,6,8,10,5,5,6,Male,Tier 2,Store
53,148617,3.5,10,0.4,1,4,8,9,6875,75074,6,7,5,6,4,7,7,4,4,4,5,Female,Tier 2,Store
43,169711,7.9,14,2.5,5,8,24,9,92598,124555,4,6,4,4,5,2,6,7,6,9,6,Female,Tier 3,Hybrid
52,51971,3.8,5,1.8,3,3,0,11,56462,84495,9,6,2,7,6,3,8,7,6,4,6,Male,Tier 2,Store
46,195141,2.3,12,0.8,4,4,9,12,55385,119051,5,5,3,6,1,4,5,5,8,9,10,Female,Tier 1,Store
18,50728,7.9,1,2.6,6,10,49,4,89406,17143,4,9,2,3,7,6,8,4,5,8,6,Female,Tier 2,Online
39,86016,10.8,11,6.0,5,9,34,6,94828,35377,5,3,4,7,10,4,6,8,3,9,8,Male,Tier 2,Hybrid
23,105953,8.6,5,5.0,9,10,34,13,18272,123401,7,5,4,9,7,5,10,5,8,10,4,Male,Tier 2,Hybrid
31,132518,9.2,9,4.1,7,9,37,8,126888,20271,6,6,3,5,4,6,7,6,4,6,7,Other,Tier 1,Hybrid
18,108546,11.2,2,6.0,8,9,37,0,42051,500,5,7,4,9,10,4,9,1,3,4,1,Male,Tier 2,Online
46,75031,7.6,9,4.9,3,9,34,1,92434,30899,7,4,2,2,3,8,9,5,3,7,8,Male,Tier 2,Hybrid
30,180363,7.4,10,4.8,10,10,46,0,150000,7218,9,3,5,7,9,8,8,4,2,5,6,Male,Tier 2,Online
33,64018,9.0,13,5.8,10,7,45,3,93627,500,8,7,5,8,4,6,10,5,1,7,4,Male,Tier 3,Hybrid
18,15000,9.0,1,3.3,8,9,37,8,28489,17889,10,4,7,10,7,7,8,2,1,7,4,Female,Tier 3,Online
53,205082,6.1,10,4.7,3,4,17,11,88230,88385,6,5,3,1,7,3,8,7,6,7,7,Male,Tier 1,Hybrid
57,132269,4.5,6,2.3,5,6,13,12,149746,117019,5,2,5,6,6,8,7,9,6,7,5,Female,Tier 2,Store
41,71469,8.6,9,5.4,6,10,39,9,101806,65927,9,7,7,10,6,6,10,8,4,8,4,Female,Tier 2,Hybrid
54,17821,5.5,11,2.3,5,4,8,14,3792,33968,8,6,7,5,4,2,5,6,7,10,5,Female,Tier 3,Store
42,17814,8.8,4,4.7,7,10,37,1,120136,500,6,3,3,4,8,4,9,3,1,5,3,Male,Tier 3,Online
54,76798,6.1,10,1.4,2,5,21,5,29599,90903,6,2,2,8,7,9,7,9,6,10,8,Female,Tier 2,Store
61,164914,4.4,1,3.6,8,10,17,10,74997,57991,3,8,3,3,1,6,6,7,4,6,2,Male,Tier 1,Store
47,84426,7.1,12,4.9,8,8,23,8,25339,41249,8,8,1,6,8,5,8,7,3,6,2,Male,Tier 1,Store
39,53369,8.6,6,5.0,4,6,16,10,55110,113631,9,3,3,7,9,2,10,6,6,9,3,Female,Tier 1,Store
30,142700,9.2,7,3.7,6,8,33,9,105627,114948,6,9,1,4,9,6,10,6,4,6,4,Male,Tier 1,Hybrid
31,76561,6.4,9,4.1,6,8,35,6,101650,13912,9,5,5,5,8,6,6,5,2,10,8,Male,Tier 3,Hybrid
64,149855,5.0,1,2.9,5,7,19,8,60127,66358,7,1,4,3,3,8,7,9,6,7,4,Male,Tier 2,Store
69,250000,6.3,4,2.8,5,3,11,15,150000,133367,5,5,1,5,6,6,3,10,7,7,10,Male,Tier 1,Store
54,144074,7.2,2,1.9,6,8,16,15,72144,64518,6,5,3,6,4,6,5,6,5,5,7,Other,Tier 2,Hybrid
39,95302,8.3,6,3.8,10,8,24,9,44947,14586,8,6,2,4,8,7,10,7,2,4,5,Female,Tier 1,Online
59,143704,3.6,12,2.8,6,5,14,18,68265,106512,6,0,6,4,9,4,7,7,6,7,6,Male,Tier 1,Store
50,137808,8.8,4,2.4,6,8,28,7,100965,60858,6,7,7,4,10,4,10,8,7,4,8,Male,Tier 2,Hybrid
63,39358,3.8,9,0.6,4,4,10,12,4969,93685,10,7,5,5,6,2,6,8,5,5,5,Male,Tier 3,Store
70,122533,3.0,5,1.9,5,5,0,18,900,120005,6,3,4,5,3,8,4,10,7,9,6,Other,Tier 2,Store
54,157829,5.2,8,2.7,3,6,17,12,104364,103329,6,5,3,4,7,6,4,5,4,10,8,Other,Tier 2,Store
18,29840,11.1,1,6.0,7,10,39,9,107415,57654,6,6,7,8,10,6,9,5,4,8,7,Male,Tier 3,Hybrid
66,105780,1.7,10,1.6,2,1,0,13,900,137596,4,3,5,10,1,4,6,4,4,7,5,Other,Tier 3,Store
18,111640,9.8,9,6.0,6,10,43,6,99195,500,8,4,2,8,7,6,10,6,5,10,2,Other,Tier 2,Hybrid
37,95386,9.9,4,4.4,9,6,16,16,25325,76448,6,4,3,4,6,7,10,7,9,7,5,Female,Tier 2,Store
41,167519,8.6,10,4.0,5,10,27,8,100076,55712,2,5,2,3,4,6,8,7,6,10,10,Female,Tier 1,Hybrid
41,99329,10.8,7,4.8,6,8,37,1,78587,45537,7,6,1,7,10,10,8,4,5,10,5,Other,Tier 1,Online
49,178943,6.7,6,0.1,3,10,31,8,91206,81694,3,5,7,7,5,4,5,7,3,5,8,Male,Tier 3,Store
56,135098,4.6,11,2.9,4,3,13,8,89789,30663,5,2,5,3,4,5,2,10,4,9,1,Other,Tier 2,Store
20,95640,6.6,3,5.5,5,10,40,5,138099,500,4,9,3,8,7,8,10,5,4,7,6,Other,Tier 1,Online
34,166857,10.9,8,4.6,6,10,36,6,150000,76981,5,9,5,2,5,3,10,6,4,7,3,Female,Tier 3,Hybrid
46,112762,7.1,2,5.8,5,10,27,7,143039,65482,10,5,3,6,8,5,9,8,3,4,8,Male,Tier 1,Store
51,159402,5.1,7,3.5,1,7,24,8,33829,66454,9,7,7,2,6,4,9,9,6,8,3,Female,Tier 2,Store
40,129355,7.5,8,5.0,6,8,29,6,59236,91943,6,3,5,9,8,1,5,1,6,8,9,Other,Tier 3,Hybrid
18,15000,10.6,4,3.2,5,10,48,0,125561,30168,6,3,2,7,10,4,7,4,2,9,4,Female,Tier 2,Online
59,247020,6.7,10,3.6,6,3,17,10,102349,120263,2,2,2,4,3,3,8,8,5,8,5,Male,Tier 2,Store
40,113794,7.6,7,4.0,3,5,21,16,103165,81266,7,4,4,7,5,10,6,4,5,9,6,Female,Tier 1,Store
56,50576,8.4,11,1.6,5,8,31,5,64018,36102,7,5,1,8,6,7,7,7,3,7,3,Male,Tier 1,Hybrid
42,92731,6.7,10,4.6,5,6,24,13,109224,112445,8,1,2,6,3,4,6,10,4,6,8,Female,Tier 2,Store
60,139918,5.1,6,3.5,10,5,8,15,51933,103340,4,6,3,4,7,10,8,8,4,4,4,Female,Tier 1,Store
41,163096,8.5,7,4.1,7,10,44,11,150000,112765,6,7,5,4,9,7,10,5,6,8,6,Female,Tier 1,Online
36,111628,8.4,14,6.0,6,9,30,14,141762,119301,5,3,4,4,8,3,8,6,4,3,4,Male,Tier 3,Hybrid
28,72896,7.5,12,5.0,8,8,16,9,97642,72436,7,4,4,4,2,7,9,4,3,5,5,Other,Tier 2,Hybrid
33,114888,5.9,10,5.0,5,10,31,10,99473,74891,9,4,4,5,10,7,7,3,1,10,7,Male,Tier 2,Hybrid
67,179102,5.1,11,1.7,1,5,12,7,86880,45902,1,6,1,7,4,5,4,10,7,10,10,Male,Tier 1,Store
54,120641,6.4,9,2.3,2,4,11,7,93719,29784,6,9,5,3,5,4,6,10,5,5,2,Female,Tier 3,Store
40,171293,7.9,10,3.7,8,9,28,14,68189,70925,3,4,4,7,8,10,7,7,6,7,5,Other,Tier 1,Online
48,206917,5.4,12,5.4,8,6,2,17,54607,150000,4,8,3,5,6,6,7,7,8,8,9,Male,Tier 1,Store
44,173567,7.5,4,2.3,4,7,30,7,108345,70189,5,3,5,4,6,4,6,6,5,7,10,Male,Tier 3,Hybrid
46,87766,7.6,12,5.6,7,9,25,4,76722,50151,7,1,5,8,2,5,9,7,3,6,4,Female,Tier 3,Hybrid
53,206925,8.3,6,5.1,1,9,27,12,150000,104186,1,7,4,4,5,5,10,6,8,8,8,Other,Tier 1,Store
35,145405,5.2,14,5.3,7,10,26,1,107313,58681,10,7,1,4,4,9,8,2,8,5,10,Male,Tier 1,Hybrid
27,124479,6.2,7,3.1,7,6,11,11,28568,58475,6,1,5,6,5,5,10,6,1,7,3,Female,Tier 3,Store
18,108111,7.4,9,5.2,10,10,33,11,123968,72166,2,3,5,3,6,5,10,7,4,6,8,Other,Tier 2,Hybrid
48,131508,9.4,5,3.5,8,4,42,4,83837,67383,6,9,3,3,9,6,5,5,1,4,10,Female,Tier 1,Hybrid
27,20511,10.5,8,6.0,9,10,33,10,64069,25597,4,3,7,9,5,3,10,5,5,2,3,Other,Tier 3,Hybrid
38,111118,10.0,11,5.2,2,9,43,11,98350,104047,4,4,4,6,5,3,10,5,3,7,6,Female,Tier 2,Hybrid
37,122142,8.2,14,3.4,7,8,31,11,129124,84778,5,6,6,4,8,7,10,6,5,7,3,Female,Tier 2,Hybrid
51,250000,7.7,7,4.7,9,10,23,13,108181,122501,7,3,3,7,2,8,4,4,6,4,4,Female,Tier 1,Hybrid
43,231387,7.2,9,3.2,2,9,18,14,150000,96961,4,5,5,3,5,5,7,3,4,8,6,Male,Tier 1,Store
26,64742,9.8,6,5.9,7,10,30,5,44606,500,7,8,6,5,6,6,10,4,2,5,7,Other,Tier 3,Store
20,15000,10.1,6,4.0,7,8,24,1,28570,31649,7,7,4,9,3,3,4,6,1,6,1,Female,Tier 3,Hybrid
34,154298,10.8,8,5.1,2,8,37,0,42677,64638,5,0,3,4,10,4,7,4,3,6,5,Male,Tier 2,Store
62,96073,6.7,5,2.7,7,9,22,9,89103,26097,8,6,4,6,7,6,7,6,6,6,3,Other,Tier 2,Store
49,102317,9.1,2,5.0,6,10,45,4,79050,25010,6,8,4,7,10,2,8,9,2,7,4,Male,Tier 3,Hybrid
42,93605,7.5,11,6.0,7,8,23,9,93820,56877,6,4,4,6,9,4,10,8,6,4,9,Male,Tier 2,Store
32,91958,7.3,6,4.0,9,9,32,2,81258,13504,5,4,5,8,7,5,7,5,4,4,8,Female,Tier 3,Online
69,64890,6.2,8,1.9,5,7,17,14,40027,65398,5,6,3,8,5,7,7,9,8,4,3,Female,Tier 1,Store
63,133324,6.2,9,2.5,1,4,15,9,96711,10081,4,1,3,3,9,8,4,7,7,7,5,Female,Tier 1,Store
57,41075,4.1,3,3.2,1,4,0,19,22225,99885,7,1,6,8,2,3,8,6,7,2,1,Female,Tier 3,Store
27,83005,12.0,7,3.6,7,9,35,9,80058,7021,8,4,5,7,7,7,4,2,3,7,8,Other,Tier 3,Online
67,52086,4.1,1,2.2,2,8,19,9,94117,28386,9,8,3,9,7,7,9,5,6,8,4,Female,Tier 1,Store
79,45468,4.5,4,1.3,8,5,11,9,4836,45542,7,6,6,10,1,4,1,9,8,4,4,Male,Tier 3,Store
53,76700,7.0,4,4.2,2,7,20,6,54701,30325,8,4,3,8,8,5,9,4,7,7,8,Female,Tier 2,Store
29,80752,8.7,6,5.6,10,10,46,0,123805,4458,8,4,4,3,5,6,10,2,4,5,6,Other,Tier 2,Online
38,130044,6.1,13,3.6,7,9,24,7,47094,87246,8,7,6,4,9,3,9,6,4,8,5,Male,Tier 2,Hybrid
41,104156,5.0,11,3.7,4,7,14,4,103370,71406,4,3,5,6,4,6,8,5,5,9,8,Female,Tier 3,Store
46,115022,8.8,11,4.9,8,10,33,3,92855,44718,6,3,3,5,7,7,9,6,3,9,7,Female,Tier 2,Online
70,125746,5.6,2,2.9,6,3,6,13,31982,73564,8,5,2,7,7,2,5,9,5,7,2,Male,Tier 2,Store
18,114511,8.7,2,4.4,3,9,26,13,67445,25429,10,7,4,4,6,6,8,4,4,9,7,Male,Tier 1,Store
67,184890,2.7,6,1.6,5,4,5,10,87271,61871,3,4,6,6,3,3,4,10,5,5,2,Female,Tier 2,Store
65,169034,7.0,8,3.7,7,7,22,9,65806,91370,7,3,5,2,5,4,9,9,4,9,4,Female,Tier 1,Store
54,91747,7.4,7,3.2,5,8,35,11,60969,81007,6,9,5,3,7,4,8,4,7,10,9,Female,Tier 2,Store
25,125003,7.1,10,4.7,9,7,26,7,91822,62236,3,5,4,4,10,7,10,6,5,7,5,Female,Tier 2,Hybrid
38,146640,7.4,6,3.9,6,10,29,12,139390,64562,3,3,2,3,4,9,7,6,8,10,5,Male,Tier 1,Store
48,104634,7.2,11,5.1,6,10,29,7,86293,39747,5,5,3,4,6,9,9,4,3,8,5,Other,Tier 2,Hybrid
27,124526,8.5,10,5.3,8,10,39,4,133679,82919,5,8,5,6,9,7,10,6,2,9,8,Female,Tier 1,Hybrid
53,122071,5.0,3,3.4,7,4,23,11,75450,88094,9,0,5,6,7,6,8,3,2,7,10,Male,Tier 1,Hybrid
47,139478,8.5,5,3.0,8,8,13,15,42518,119282,6,6,4,4,10,5,5,7,4,4,5,Male,Tier 3,Store
41,98408,5.5,9,3.3,6,5,19,12,81315,54656,7,6,4,7,6,3,9,5,3,6,9,Male,Tier 2,Store
57,59766,5.4,9,3.1,6,7,19,19,80232,39779,8,1,5,6,6,8,4,9,4,10,6,Female,Tier 2,Store
36,75090,6.9,13,6.0,5,6,18,10,78275,51526,7,5,7,5,6,8,7,5,3,6,6,Other,Tier 2,Store
34,106002,10.9,6,5.1,7,6,31,3,111066,51166,4,4,6,7,5,9,6,6,4,8,7,Male,Tier 3,Online
21,85543,10.2,1,4.0,3,10,21,13,75765,55746,7,7,5,5,5,6,10,4,4,6,7,Female,Tier 2,Hybrid
28,141372,8.3,4,6.0,8,10,32,10,60543,141964,7,5,3,7,8,4,8,4,5,5,5,Other,Tier 1,Hybrid
79,15000,2.6,8,0.8,5,4,3,17,26049,49926,9,8,4,9,7,5,5,8,10,7,5,Female,Tier 2,Store
55,121137,5.8,8,2.6,5,7,26,8,109178,27416,7,8,5,8,6,1,5,9,6,10,8,Male,Tier 3,Store
48,123212,10.8,8,4.4,2,10,39,5,111380,500,9,9,5,4,3,5,8,5,2,6,8,Female,Tier 3,Hybrid
36,71180,8.3,14,5.3,3,4,20,11,59486,56163,6,6,4,5,3,1,7,3,6,6,3,Male,Tier 3,Store
47,160987,10.6,7,3.4,6,7,32,2,115302,62657,9,5,7,5,6,6,7,5,6,8,4,Female,Tier 2,Store
56,112408,6.3,5,4.2,1,5,7,12,59985,64943,4,9,4,8,7,5,7,10,4,4,3,Female,Tier 3,Store
54,93226,6.1,8,3.9,3,6,14,15,29438,68602,7,4,3,4,8,10,7,9,8,10,8,Male,Tier 1,Store
50,111774,11.0,9,2.6,10,10,49,3,128041,49729,4,9,4,3,8,6,2,10,6,6,8,Male,Tier 3,Hybrid
46,95106,7.2,10,3.0,6,10,25,9,61255,90774,8,4,6,9,4,9,7,8,3,4,9,Female,Tier 3,Hybrid
40,196958,7.4,7,4.3,6,9,19,16,64483,86489,4,4,5,5,8,3,10,7,6,9,6,Female,Tier 2,Online
45,164854,7.3,11,2.2,6,10,34,11,150000,47605,2,3,4,6,9,9,6,8,1,6,3,Male,Tier 2,Store
50,63438,7.6,8,3.6,7,8,25,8,71171,24240,10,3,5,7,6,8,9,4,9,5,10,Female,Tier 3,Online
45,148451,6.9,5,4.3,3,9,30,11,89193,144576,3,8,4,4,8,5,10,5,6,10,6,Female,Tier 2,Store
38,15000,5.2,10,4.6,4,7,20,8,58011,87223,5,8,3,5,3,4,6,8,6,7,8,Other,Tier 3,Store
33,147217,7.9,5,5.1,4,10,42,8,135099,97114,8,9,5,7,5,8,7,6,4,6,6,Other,Tier 2,Hybrid
63,46383,6.2,9,2.1,7,10,31,12,36340,34165,6,5,4,5,6,6,3,2,2,9,6,Female,Tier 1,Online
18,120986,10.9,7,6.0,9,10,43,8,117679,111372,7,8,5,5,9,10,10,3,4,8,7,Female,Tier 2,Online
42,152180,7.1,3,0.0,3,6,21,13,49994,121654,7,3,5,6,7,2,1,6,6,6,4,Male,Tier 2,Store
19,32294,9.2,5,4.7,9,9,39,1,54867,23693,10,8,1,10,9,7,10,6,1,7,7,Female,Tier 1,Hybrid
64,151323,5.3,4,4.3,1,2,11,15,111184,31968,5,8,3,8,6,6,5,8,4,7,6,Female,Tier 2,Store
51,180938,6.4,9,3.2,6,10,18,10,108085,65027,5,2,6,4,1,5,4,9,4,10,10,Female,Tier 2,Store
40,106050,7.3,5,2.0,6,10,24,11,107765,80114,8,2,5,6,6,5,7,9,6,10,7,Other,Tier 3,Store
33,132113,9.9,7,5.8,5,10,15,6,94067,36398,4,5,6,6,4,5,9,4,1,3,7,Female,Tier 3,Store
39,142151,9.4,7,4.6,6,8,25,6,103983,18085,9,8,4,6,4,6,8,5,8,9,6,Female,Tier 1,Hybrid
29,109166,9.8,11,6.0,9,10,36,11,126804,99593,6,3,5,3,9,7,10,4,4,6,8,Female,Tier 3,Hybrid
44,151646,7.0,4,2.9,6,8,7,17,92844,129730,8,6,1,5,7,6,7,3,2,6,7,Female,Tier 2,Hybrid
34,176652,7.9,8,5.1,7,10,35,9,112558,17481,6,9,5,6,4,8,10,3,7,9,4,Other,Tier 2,Hybrid
54,147498,9.6,7,3.0,7,8,42,9,148919,82986,8,9,2,3,2,1,4,6,1,9,7,Other,Tier 2,Hybrid
70,15000,4.9,8,0.3,5,4,12,12,39527,67158,10,4,5,9,7,6,1,6,8,10,8,Male,Tier 3,Store
56,74767,7.6,9,2.2,5,9,38,8,69494,54441,6,9,5,5,7,5,7,7,6,9,3,Male,Tier 3,Hybrid
23,83784,10.5,1,6.0,9,9,48,5,113232,23498,7,3,2,5,4,6,10,5,6,6,3,Male,Tier 2,Online
39,168131,7.7,7,3.4,8,9,32,12,118586,61907,4,4,2,7,10,5,2,10,6,10,6,Female,Tier 2,Hybrid
35,122380,10.5,14,3.3,8,9,48,2,109795,500,6,9,7,7,10,4,7,5,3,5,6,Male,Tier 3,Hybrid
44,65262,5.3,12,1.7,5,9,19,11,65713,82845,5,4,2,4,8,7,4,7,3,8,8,Female,Tier 2,Hybrid
42,106037,6.5,7,1.5,3,3,24,5,49686,19818,2,2,5,4,8,4,6,4,7,5,5,Male,Tier 3,Store
24,120990,10.3,7,6.0,5,10,20,14,124460,23111,5,4,3,7,3,5,10,4,2,9,1,Female,Tier 1,Hybrid
26,104293,12.0,6,5.1,6,10,49,9,140096,112029,10,2,3,5,8,5,7,5,4,7,9,Female,Tier 3,Online
48,201339,10.2,7,4.2,10,10,42,13,150000,69872,5,4,2,5,7,9,10,4,6,9,3,Male,Tier 1,Online
35,77971,9.0,7,4.1,5,9,34,5,71014,49283,5,7,2,3,7,9,6,5,5,7,7,Female,Tier 1,Online
48,135927,9.5,11,2.7,3,7,23,8,74077,16829,5,5,5,8,6,9,9,7,1,3,2,Male,Tier 1,Hybrid
22,104317,9.6,5,4.4,4,10,43,2,150000,26990,9,9,6,5,10,5,8,7,2,6,4,Female,Tier 3,Online
18,58889,10.0,4,4.4,10,10,30,18,90474,125119,5,6,5,5,1,8,9,4,6,8,2,Male,Tier 2,Hybrid
43,149229,5.6,5,4.1,7,6,8,10,35250,77012,4,2,1,3,9,4,9,5,5,9,3,Other,Tier 1,Store
59,138296,7.1,13,3.5,7,8,26,0,86585,39787,5,9,1,6,9,7,6,8,6,6,4,Female,Tier 1,Hybrid
47,82033,10.2,9,1.8,3,8,29,10,71721,43768,7,5,4,10,10,5,7,5,8,2,6,Female,Tier 3,Store
53,135498,8.6,5,4.5,5,5,20,9,13518,87337,4,3,1,7,9,4,6,5,5,7,8,Female,Tier 1,Store
34,83797,11.2,4,5.5,7,10,45,6,141732,37259,8,5,6,5,7,6,9,7,2,9,5,Female,Tier 3,Online
52,175389,5.6,4,0.5,6,5,4,9,97913,133087,7,1,5,1,7,5,4,1,6,8,6,Other,Tier 2,Store
37,182628,8.9,2,4.8,4,10,43,12,137107,115219,4,7,5,9,8,4,8,8,5,9,8,Male,Tier 3,Hybrid
79,125052,6.1,2,0.3,6,7,24,12,79888,76017,5,1,4,5,4,2,3,10,7,7,7,Male,Tier 1,Store
46,135184,4.9,5,3.4,7,9,30,8,89263,67213,8,5,6,8,6,4,7,4,2,6,8,Female,Tier 3,Hybrid
74,81191,3.3,5,0.7,1,2,0,11,4484,500,10,6,4,9,4,6,4,8,9,7,4,Male,Tier 2,Store
47,73777,5.2,5,5.0,5,8,3,14,900,118686,10,4,3,4,8,3,10,9,7,6,5,Female,Tier 3,Store
61,100000,5.0,7,2.8,5,6,7,13,41595,92743,5,3,4,5,6,6,9,8,8,5,1,Female,Tier 3,Store
42,179257,7.9,12,4.4,4,9,30,11,150000,76927,6,5,2,4,4,5,10,9,4,6,10,Male,Tier 1,Hybrid
32,150879,9.8,11,6.0,8,8,35,7,127132,50507,7,5,7,6,5,4,10,2,5,1,5,Other,Tier 3,Online
62,127148,1.8,2,4.1,6,5,10,9,39928,78143,5,3,1,4,3,9,8,5,7,7,2,Male,Tier 1,Store
57,132303,7.0,7,3.0,3,4,3,15,17247,87006,8,3,4,10,1,5,6,10,3,7,6,Other,Tier 1,Store
45,85339,9.9,6,4.9,4,6,38,7,79964,24853,7,2,6,3,8,4,10,8,5,7,5,Female,Tier 3,Hybrid
33,119512,8.5,8,4.1,6,10,34,7,97714,32521,3,9,1,7,8,5,5,7,5,10,7,Female,Tier 1,Hybrid
40,144564,6.0,12,3.9,6,8,32,14,92499,105836,5,2,5,7,10,5,7,8,5,9,8,Other,Tier 2,Hybrid
56,88980,6.5,7,1.5,3,9,32,5,119639,17646,4,3,6,8,10,4,7,8,6,10,4,Other,Tier 3,Store
37,200150,10.1,11,6.0,7,9,40,9,112564,79530,8,7,5,3,10,5,10,2,1,6,4,Male,Tier 2,Online
55,168236,6.8,2,3.0,1,8,21,15,63830,105059,4,5,3,7,2,7,7,10,2,7,9,Other,Tier 1,Store
50,176899,8.3,10,3.3,5,7,34,3,106662,80607,8,5,2,7,8,7,3,8,7,10,6,Male,Tier 1,Hybrid
56,135228,8.4,12,2.4,6,8,36,4,86077,12419,5,8,6,3,8,8,6,6,9,6,3,Male,Tier 2,Hybrid
37,148729,6.8,13,3.2,5,8,21,12,113337,92299,5,2,6,4,4,5,9,9,3,5,10,Other,Tier 3,Store
40,79468,7.2,4,2.2,3,9,36,7,96306,45651,6,7,4,7,7,7,8,8,2,9,1,Female,Tier 3,Hybrid
53,98697,9.7,5,3.9,7,6,30,7,101354,102696,6,6,4,5,6,6,9,1,7,5,5,Male,Tier 1,Hybrid
18,15000,5.6,4,4.2,5,8,26,12,5685,35062,7,2,1,7,8,8,10,5,6,8,6,Male,Tier 1,Store
45,80905,10.7,13,5.9,5,10,40,7,86411,47339,8,9,4,4,7,3,10,8,3,7,7,Male,Tier 3,Hybrid
45,133117,8.6,10,5.3,5,8,28,6,118151,127338,5,4,4,3,4,6,10,4,4,3,3,Male,Tier 3,Hybrid
22,146376,9.8,3,5.7,7,9,31,10,127795,31902,7,3,5,7,10,4,10,7,5,5,1,Male,Tier 3,Hybrid
43,199101,8.2,10,5.1,7,9,35,10,108873,92117,6,6,5,5,7,8,8,5,6,7,2,Female,Tier 3,Online
34,77696,7.0,14,3.4,7,8,40,6,99127,30929,8,6,2,3,8,8,7,4,5,5,6,Male,Tier 1,Hybrid
36,171743,5.6,5,2.7,4,5,10,14,54425,123735,5,2,2,5,3,6,5,7,3,7,8,Male,Tier 2,Store
54,169892,6.8,8,3.1,6,5,17,6,88569,66373,2,6,1,5,7,2,4,9,4,6,5,Male,Tier 1,Hybrid
65,212130,7.6,11,3.7,6,6,30,11,147869,129713,3,9,2,3,9,8,3,9,7,6,2,Female,Tier 2,Store
51,52954,4.6,8,2.4,7,6,4,10,30834,107426,7,6,4,5,1,3,8,7,5,9,10,Female,Tier 3,Store
23,25252,11.2,3,6.0,6,9,37,6,54430,500,9,3,4,8,7,6,10,4,4,6,3,Male,Tier 3,Hybrid
31,74947,8.0,11,4.4,7,9,13,15,70601,146743,8,5,6,9,2,7,9,4,6,3,5,Other,Tier 1,Hybrid
61,90467,5.9,5,1.7,7,9,34,10,139437,13496,5,5,7,9,4,4,4,9,7,9,5,Other,Tier 2,Hybrid
29,42015,8.7,6,5.0,9,10,32,7,97092,13873,7,7,3,6,5,6,7,2,3,6,7,Female,Tier 2,Hybrid
54,196137,9.0,8,4.2,4,7,19,10,91853,103959,3,3,3,5,3,5,10,9,4,2,6,Female,Tier 1,Store
64,67809,6.1,5,2.0,8,8,37,7,77173,30531,6,5,5,9,6,7,7,7,10,8,3,Female,Tier 3,Hybrid
19,83499,11.8,4,6.0,7,7,38,6,104674,61966,6,7,2,3,2,7,8,7,2,10,3,Female,Tier 1,Hybrid
37,112653,6.7,13,3.5,10,8,34,8,83589,74245,6,6,4,3,8,7,7,8,5,7,9,Female,Tier 3,Store
36,156507,6.0,10,4.7,6,8,11,13,23508,150000,5,4,3,4,9,7,7,7,5,6,6,Female,Tier 1,Store
63,56703,4.6,4,3.6,4,4,17,15,51853,53720,9,2,6,10,5,2,5,8,7,8,5,Male,Tier 1,Store
67,87219,5.5,1,2.5,3,4,8,12,76342,54071,7,1,4,6,7,5,3,10,6,9,6,Other,Tier 2,Store
48,198275,8.8,10,2.3,3,8,12,18,48984,150000,8,8,3,4,4,6,7,4,3,10,8,Male,Tier 1,Store
57,153335,5.6,9,0.4,7,6,23,10,108619,95139,3,5,4,4,7,7,9,9,8,5,4,Male,Tier 3,Store
36,145017,8.1,12,6.0,4,5,20,11,68887,100134,5,6,6,4,7,7,10,6,5,9,1,Other,Tier 3,Store
58,97847,8.0,4,2.8,5,8,27,2,75519,8411,5,9,4,8,7,7,3,6,7,9,5,Other,Tier 2,Store
31,155491,11.3,9,5.4,9,8,42,0,146352,56137,8,6,6,4,7,6,9,2,3,9,6,Female,Tier 1,Online
27,39579,8.5,14,4.4,5,7,37,6,79159,53468,6,3,3,7,4,6,7,5,1,10,10,Female,Tier 3,Store
50,87352,6.9,1,4.2,6,10,24,4,149621,47408,7,5,7,6,6,7,4,10,4,5,10,Male,Tier 3,Hybrid
23,68889,12.0,4,6.0,6,10,44,0,105898,14574,4,7,5,8,10,9,8,1,5,6,7,Male,Tier 3,Online
38,150950,12.0,11,4.7,7,8,49,2,150000,22672,4,6,2,3,10,6,9,5,1,4,8,Male,Tier 1,Online
79,16025,5.2,1,2.2,5,6,24,9,91593,35073,10,7,2,7,10,5,7,7,4,6,2,Other,Tier 1,Store
68,108000,7.9,5,2.8,8,6,31,11,75479,71679,9,5,4,8,1,6,3,9,5,4,8,Male,Tier 1,Store
34,86693,8.7,14,4.9,5,10,13,13,52977,31422,7,5,4,7,10,8,6,5,2,10,6,Other,Tier 2,Store
32,126117,9.4,7,4.8,10,10,35,10,59408,96247,9,5,3,5,9,6,10,8,7,9,7,Other,Tier 2,Store
44,215987,4.0,4,4.5,6,6,11,12,65442,117290,8,5,7,3,7,6,10,9,2,8,10,Other,Tier 3,Store
37,238813,7.9,11,4.6,7,8,32,2,150000,82962,1,3,7,4,2,5,10,6,5,2,6,Male,Tier 3,Hybrid
39,77628,8.5,14,3.9,7,10,42,4,105423,47335,6,4,5,6,6,7,7,2,3,7,8,Male,Tier 3,Online
65,80796,2.1,4,1.8,3,2,0,19,900,99846,9,3,3,5,7,3,4,9,6,8,5,Male,Tier 1,Store
44,131647,6.7,10,3.3,5,6,33,5,109469,35373,9,8,4,1,6,6,4,6,7,10,7,Male,Tier 2,Store
61,178480,2.9,2,1.2,4,4,11,12,81946,136058,1,3,2,3,3,7,5,9,3,5,4,Female,Tier 2,Store
28,95911,7.0,13,6.0,9,8,29,2,117800,70194,7,6,3,6,4,5,10,3,5,10,7,Male,Tier 1,Hybrid
50,150117,7.6,4,4.9,5,8,28,12,84581,116469,8,8,3,4,8,7,5,8,6,5,10,Female,Tier 1,Hybrid
46,149227,7.5,9,3.0,5,6,18,7,46787,49760,6,2,7,3,3,9,3,5,6,5,9,Other,Tier 3,Store
46,157235,6.7,6,3.2,4,6,14,19,56599,77273,4,4,4,3,10,5,8,10,7,7,8,Other,Tier 2,Store
18,110380,9.5,4,5.0,8,10,48,0,137194,47245,4,6,3,5,7,6,10,1,2,7,4,Male,Tier 3,Online
40,168647,6.9,4,4.3,6,8,21,9,144918,142031,6,8,5,5,4,8,6,7,2,4,6,Male,Tier 2,Hybrid
40,143074,9.7,4,5.5,8,10,39,0,114838,500,2,6,7,2,7,10,9,1,4,6,3,Other,Tier 3,Online
54,196976,7.6,8,2.3,10,10,49,2,144255,64637,6,5,6,2,5,6,5,6,7,10,2,Female,Tier 2,Online
46,132240,8.9,8,4.7,5,8,49,5,122942,74615,7,3,1,7,10,6,5,5,7,7,7,Male,Tier 3,Hybrid
59,174967,2.3,11,2.2,2,4,0,16,52707,95385,8,0,5,2,6,4,2,7,7,6,6,Male,Tier 3,Store
22,93659,11.6,5,5.2,2,10,43,4,124591,63134,9,5,3,7,6,10,10,3,4,2,4,Female,Tier 2,Online
40,91775,9.4,5,5.9,8,10,43,0,104969,9571,7,7,4,2,4,3,9,1,3,9,7,Female,Tier 2,Online
57,129731,9.1,3,4.2,5,9,38,0,93382,45793,6,3,4,4,8,7,3,5,6,3,5,Male,Tier 3,Online
36,94387,7.9,13,3.8,10,10,32,11,70571,956,6,9,7,3,1,5,10,6,7,10,6,Female,Tier 2,Hybrid
35,173584,6.3,13,3.2,7,8,32,8,44542,84304,8,9,5,5,2,5,8,1,5,6,6,Other,Tier 2,Store
58,182402,4.8,10,2.8,5,5,3,14,65357,101716,6,6,2,3,8,3,4,4,3,6,6,Male,Tier 1,Store
75,53948,3.3,11,0.3,5,5,13,10,83570,35042,7,0,4,5,6,6,2,8,8,6,1,Female,Tier 3,Store
34,187550,11.9,7,5.3,6,9,48,2,87619,62668,5,6,2,4,7,8,10,3,4,4,7,Male,Tier 2,Online
25,15000,10.8,7,6.0,8,9,29,13,76283,60655,10,1,2,6,5,10,8,8,4,9,7,Female,Tier 1,Hybrid
62,215115,5.4,1,0.4,4,4,27,8,111833,106886,1,8,3,5,7,5,2,8,8,10,3,Female,Tier 1,Store
45,47379,7.9,4,4.3,8,10,20,15,79719,15220,8,2,4,6,8,6,8,8,3,7,5,Female,Tier 3,Store
41,160338,6.2,4,5.9,4,7,20,11,119786,135421,5,4,2,3,5,5,10,7,5,7,7,Other,Tier 2,Hybrid
44,201954,9.6,9,4.9,7,10,48,7,150000,103678,8,8,3,7,7,8,6,5,9,6,6,Other,Tier 1,Online
18,189081,10.4,6,5.0,7,10,39,10,130315,53627,4,6,4,5,8,7,10,6,2,6,3,Female,Tier 3,Online
36,121714,10.2,11,5.4,3,4,19,7,82052,56063,6,9,4,4,1,6,8,4,4,10,8,Female,Tier 2,Store
55,122077,3.8,8,1.4,1,4,0,13,900,120759,7,5,7,6,1,8,5,7,2,6,8,Male,Tier 2,Store
63,33558,4.0,10,0.8,4,7,20,12,82850,500,9,3,7,8,2,4,5,8,5,2,1,Other,Tier 3,Store
37,88847,4.8,7,3.7,4,5,15,15,23746,59188,6,6,2,8,8,5,8,7,4,7,4,Other,Tier 2,Store
58,143526,5.9,6,0.0,2,4,14,19,121227,97572,5,5,6,7,7,3,4,8,6,5,1,Male,Tier 2,Store
64,168494,4.8,5,4.0,6,6,27,8,133741,92543,4,1,5,2,6,1,7,6,7,3,3,Male,Tier 3,Store
47,143016,9.6,12,4.2,3,10,37,5,92988,100724,5,8,5,4,10,7,9,9,7,10,3,Other,Tier 3,Hybrid
57,111026,2.5,8,1.5,6,5,0,17,900,85215,9,3,3,5,4,8,4,6,5,4,7,Other,Tier 2,Store
35,182302,5.3,9,3.9,6,10,37,3,71671,87893,4,4,4,5,6,8,7,5,4,7,3,Other,Tier 1,Hybrid
45,103167,10.9,13,5.1,7,6,23,1,71943,500,7,6,2,7,8,5,10,6,5,7,8,Female,Tier 2,Hybrid
54,156559,2.2,7,0.7,1,3,0,18,37316,103093,7,5,4,4,5,4,6,9,4,9,5,Other,Tier 1,Store
47,25132,7.4,7,3.0,6,9,41,0,81437,500,10,8,6,4,3,9,4,5,3,5,6,Male,Tier 3,Online
41,124853,10.7,5,4.8,5,8,42,0,126052,26527,5,2,4,7,8,4,7,6,8,5,7,Male,Tier 2,Hybrid
29,144830,9.6,6,3.4,4,8,37,6,83007,37741,2,6,7,6,7,5,8,6,3,3,9,Other,Tier 3,Hybrid
52,70770,9.5,9,4.5,4,7,26,0,65029,10969,7,5,4,5,3,6,8,2,2,7,10,Female,Tier 3,Hybrid
55,37968,5.1,8,4.3,4,7,18,9,2523,70792,9,4,3,5,4,7,8,5,5,7,6,Male,Tier 3,Store
55,108488,9.0,9,3.6,7,4,28,7,93621,63753,10,4,7,6,4,6,6,6,9,4,4,Male,Tier 3,Hybrid
45,176824,8.1,13,4.4,6,9,37,2,140813,58619,6,9,6,5,10,8,7,6,7,7,10,Female,Tier 1,Hybrid
29,71071,3.8,9,3.3,7,6,3,13,89090,101288,5,3,7,4,4,2,5,6,5,10,6,Male,Tier 2,Store
49,118906,6.9,9,3.4,4,6,27,7,141142,72725,6,2,2,8,5,4,10,6,5,10,9,Female,Tier 1,Hybrid
41,137035,7.0,7,3.4,8,10,29,10,116177,53954,3,1,3,6,2,4,9,1,6,5,8,Female,Tier 2,Online
49,74613,7.7,8,3.8,1,7,31,7,89517,56714,8,6,3,9,4,7,8,6,4,10,10,Male,Tier 2,Hybrid
32,137758,9.9,12,5.5,4,8,25,16,90439,133482,6,5,5,7,9,7,9,7,6,5,7,Male,Tier 3,Store
53,181786,5.6,5,2.0,5,7,16,13,85199,80249,1,2,3,4,2,6,3,4,6,10,6,Other,Tier 1,Hybrid
39,84133,10.4,8,6.0,8,10,49,0,150000,68458,6,5,6,9,8,8,10,8,3,6,4,Other,Tier 3,Hybrid
20,141930,11.7,3,5.5,9,10,48,0,141486,38171,5,7,2,4,7,6,9,2,5,9,6,Female,Tier 1,Online
32,125280,8.0,6,4.8,8,8,35,5,105005,52319,5,4,5,10,6,5,9,7,3,7,6,Other,Tier 2,Hybrid
23,74994,7.3,4,6.0,8,10,33,6,81684,26740,4,5,4,5,7,7,10,4,4,10,4,Male,Tier 1,Online
41,150248,8.2,5,3.2,8,10,39,0,56559,500,8,9,3,3,9,7,9,7,6,9,1,Male,Tier 1,Online
27,187159,9.1,8,4.2,5,10,44,0,150000,7915,6,8,3,6,8,8,10,1,1,8,7,Male,Tier 1,Online
24,140846,9.6,2,5.6,10,10,35,6,103366,53774,6,7,3,8,10,4,10,1,3,6,1,Male,Tier 3,Online
40,139453,9.6,11,5.7,5,6,19,6,89953,56186,6,3,3,7,5,9,9,5,6,8,7,Male,Tier 1,Store
39,150084,9.3,5,4.1,2,10,27,10,51668,104616,4,6,3,5,8,6,6,2,10,4,7,Female,Tier 1,Hybrid
75,15000,4.9,3,0.1,3,6,19,8,20071,10861,7,8,4,7,9,10,2,7,6,6,4,Male,Tier 2,Store
43,187995,5.7,4,1.2,6,5,8,9,77030,106812,8,5,6,5,10,3,3,6,6,9,9,Female,Tier 1,Store
44,179952,8.6,7,6.0,4,9,30,10,75026,70072,8,9,7,1,7,9,7,8,6,4,1,Male,Tier 3,Hybrid
37,117839,11.3,13,6.0,5,10,45,0,139918,17745,9,5,1,3,10,6,10,2,4,1,7,Female,Tier 1,Online
25,133633,5.0,14,3.7,6,9,27,4,91102,98973,4,8,4,3,10,5,10,4,1,10,4,Female,Tier 2,Hybrid
20,41154,7.2,6,5.1,8,8,21,5,28144,38786,7,3,3,3,5,8,8,3,2,5,3,Other,Tier 2,Hybrid
68,72623,9.7,9,3.0,6,7,31,11,52253,102551,7,7,6,5,1,5,10,10,6,4,5,Female,Tier 3,Hybrid
58,84741,7.9,4,1.8,8,8,34,4,68543,75478,6,0,6,9,4,6,6,9,9,8,4,Other,Tier 3,Hybrid
56,147781,6.9,5,3.0,4,7,31,6,74207,63238,5,8,2,6,6,8,6,9,5,9,3,Male,Tier 2,Store
22,80342,8.6,2,6.0,7,10,46,3,48195,15351,7,9,5,9,7,6,10,6,5,5,5,Other,Tier 3,Online
79,25407,4.1,3,1.4,2,2,0,9,900,500,9,1,7,6,3,5,4,10,5,8,3,Female,Tier 2,Store
73,46799,4.9,8,0.3,2,4,16,13,63277,47419,9,4,3,4,9,5,3,7,5,7,5,Male,Tier 2,Store
59,97477,6.1,7,0.9,8,10,48,8,81052,21554,9,6,6,5,9,5,5,9,2,6,6,Female,Tier 1,Hybrid
18,136320,12.0,1,5.6,5,10,49,5,87544,74080,3,4,4,4,10,6,7,4,7,8,3,Other,Tier 1,Online
43,104327,10.0,13,4.1,7,10,45,0,115042,59155,7,9,5,5,6,3,8,6,5,9,6,Other,Tier 2,Hybrid
62,182318,6.5,2,5.0,8,6,17,13,68548,88959,4,4,3,2,2,5,10,7,6,6,1,Other,Tier 1,Store
30,182062,6.8,10,2.7,7,8,27,9,103777,117415,3,3,3,6,7,4,9,9,3,6,4,Male,Tier 1,Hybrid
40,99516,6.9,8,2.9,8,7,25,10,49165,107435,7,6,5,8,5,8,7,4,6,10,8,Male,Tier 2,Store
40,212563,9.3,10,2.3,10,10,41,4,150000,112182,6,7,4,6,5,7,6,7,4,8,7,Female,Tier 1,Online
58,81607,8.6,3,3.6,7,7,21,14,68946,61940,7,6,3,6,9,4,9,10,3,4,6,Other,Tier 3,Hybrid
54,149403,5.9,12,2.4,8,10,24,6,95511,55647,6,6,3,5,5,6,5,7,6,6,9,Female,Tier 3,Hybrid
40,94537,7.6,8,6.0,5,10,35,9,105139,86786,6,8,4,7,7,6,6,3,5,10,5,Female,Tier 2,Hybrid
41,86374,6.2,4,3.2,3,6,31,6,69418,50984,8,5,3,5,5,7,7,7,3,9,6,Female,Tier 3,Store
72,110200,5.5,8,1.4,4,6,14,9,14048,52652,9,9,5,8,3,3,5,10,10,4,4,Male,Tier 3,Store
37,78374,11.8,12,3.9,8,9,49,6,48996,18485,7,8,4,6,10,9,7,5,4,3,4,Other,Tier 2,Online
33,196628,6.1,10,4.0,2,5,26,11,105423,102911,4,8,2,4,6,2,10,7,9,6,5,Male,Tier 1,Store
52,106271,8.4,9,3.9,6,9,22,8,75402,39487,5,3,6,5,8,8,9,8,9,6,10,Male,Tier 3,Hybrid
31,83749,5.9,4,3.5,5,6,24,10,111514,60037,7,4,6,4,5,5,9,8,5,4,10,Female,Tier 2,Store
49,127145,7.8,8,4.9,5,8,35,8,75488,39036,6,4,4,4,6,10,7,7,1,7,6,Other,Tier 1,Hybrid
32,120596,3.1,5,2.7,3,7,10,16,63939,56958,6,2,6,5,8,4,7,6,6,9,10,Male,Tier 3,Store
51,152623,6.7,8,4.0,1,10,18,3,128196,29025,8,6,2,7,4,8,4,7,3,10,9,Other,Tier 1,Hybrid
71,58669,8.0,5,0.7,8,7,17,15,900,81895,9,2,5,6,8,6,5,10,3,6,4,Male,Tier 3,Store
49,98282,5.5,8,1.3,4,8,38,10,110360,65867,8,6,4,5,7,5,6,8,3,10,8,Female,Tier 2,Hybrid
23,98978,8.7,3,4.6,7,9,35,4,84553,21891,6,3,6,6,10,10,7,1,5,8,6,Male,Tier 2,Online
23,113445,11.4,6,5.3,7,10,35,7,98720,66020,2,9,1,2,7,7,8,3,5,3,5,Female,Tier 1,Hybrid
59,165710,6.0,10,2.7,7,6,11,8,4365,117159,3,7,2,5,5,9,5,8,5,7,7,Male,Tier 1,Store
57,102410,4.2,5,1.5,3,3,0,12,63133,87447,8,7,3,3,2,1,3,6,5,9,6,Male,Tier 3,Store
50,112683,6.6,12,1.1,4,10,23,12,60865,76254,4,0,2,6,7,7,2,8,9,7,10,Female,Tier 1,Store
37,39278,7.6,11,3.8,5,5,30,12,63090,75494,4,6,5,7,4,5,8,6,3,9,10,Male,Tier 2,Store
48,139510,6.3,13,2.7,3,8,36,3,147092,56586,3,4,5,4,8,7,10,8,5,10,6,Other,Tier 2,Hybrid
50,66073,11.5,8,3.2,3,7,28,7,65701,71571,6,3,4,7,7,6,9,4,1,8,10,Male,Tier 2,Hybrid
42,109916,9.8,12,4.6,7,7,16,16,102512,64780,4,4,1,7,7,3,7,6,6,10,10,Female,Tier 2,Hybrid
33,91263,9.4,14,6.0,4,7,32,8,92844,111155,4,3,4,6,5,6,10,6,2,6,4,Other,Tier 2,Store
38,124813,8.5,12,4.9,6,10,36,9,90768,67635,4,9,2,6,7,10,7,5,7,5,10,Male,Tier 1,Hybrid
71,107501,5.3,3,0.8,7,6,17,16,51933,120895,9,2,4,4,8,1,5,8,7,8,6,Female,Tier 3,Store
67,84734,6.1,4,3.0,3,5,26,11,66423,61736,10,5,4,6,10,5,7,6,8,7,3,Male,Tier 2,Store
40,89775,8.9,3,4.6,5,9,49,2,137841,2675,6,6,4,6,10,8,6,6,2,6,9,Female,Tier 2,Hybrid
39,59054,3.6,11,3.4,5,10,24,5,49540,16510,8,1,4,1,5,6,3,8,4,9,8,Female,Tier 1,Store
45,124507,5.5,11,5.7,8,6,31,14,111362,95661,8,6,4,7,10,3,5,6,7,5,6,Female,Tier 2,Hybrid
39,123296,10.3,9,5.8,8,10,40,5,72770,85463,6,9,6,3,10,5,10,4,5,9,10,Female,Tier 3,Online
42,86612,6.3,3,4.6,6,9,11,17,44618,74971,3,3,3,6,4,7,9,8,7,10,7,Female,Tier 2,Store
32,65460,7.8,6,3.7,5,10,19,10,62633,43211,10,2,5,9,1,8,8,8,3,1,7,Male,Tier 3,Hybrid
53,76198,5.8,5,2.6,6,10,45,8,131606,37892,7,9,3,3,8,6,8,8,4,6,5,Male,Tier 2,Hybrid
45,184024,7.0,9,3.9,4,7,21,12,139316,150000,6,7,4,6,5,3,7,9,9,10,7,Female,Tier 1,Store
39,88890,8.7,9,2.0,8,10,37,3,108521,22354,4,8,3,6,5,8,6,6,2,10,6,Male,Tier 1,Online
55,132780,9.5,14,2.2,5,7,27,16,123368,85243,6,8,3,5,6,6,6,10,3,9,8,Male,Tier 3,Hybrid
31,168245,11.7,6,6.0,7,8,48,1,111500,77885,7,7,5,3,8,5,10,3,3,8,7,Female,Tier 3,Hybrid
28,88235,4.2,6,2.5,6,10,15,7,67776,12486,7,3,4,6,6,4,6,2,3,5,8,Other,Tier 2,Hybrid
54,122580,3.9,11,2.8,7,6,5,12,900,8757,4,3,6,7,6,6,4,8,8,4,6,Female,Tier 2,Store
40,127063,10.1,3,4.8,6,7,45,0,101105,26486,5,1,4,3,10,1,9,4,7,6,5,Male,Tier 3,Online
27,58991,10.2,8,5.0,8,10,49,0,128397,7083,6,9,7,8,7,9,7,4,5,10,10,Other,Tier 3,Online
47,38405,10.4,8,4.9,5,8,36,11,67590,60566,7,3,4,6,4,4,7,7,4,7,5,Male,Tier 2,Hybrid
18,40794,6.7,4,4.6,7,8,20,11,49871,69521,9,7,7,6,5,8,9,3,4,8,5,Female,Tier 3,Store
47,55742,6.2,8,4.9,5,7,32,7,107324,33258,7,6,4,7,4,2,6,4,5,6,7,Female,Tier 3,Hybrid
36,35438,8.4,7,3.4,7,8,24,8,93433,20951,10,4,5,9,2,6,10,5,2,9,4,Other,Tier 3,Store
44,155505,5.8,2,2.1,5,10,37,0,121648,45074,9,8,4,8,6,6,7,7,5,5,4,Female,Tier 2,Hybrid
18,122065,10.7,1,4.6,5,8,39,6,135757,93742,7,5,4,4,8,4,7,2,6,10,4,Male,Tier 2,Hybrid
39,201536,9.9,13,5.7,7,8,33,9,109278,86495,4,7,3,4,6,5,10,7,4,7,8,Male,Tier 1,Hybrid
53,115642,5.7,3,2.7,3,5,8,13,42833,88769,7,0,7,3,2,2,4,4,4,7,3,Female,Tier 3,Store
46,163589,6.4,4,3.7,8,9,29,7,107076,67281,6,8,2,9,2,6,6,6,6,4,6,Male,Tier 3,Store
54,141624,3.3,10,2.0,4,9,20,4,75795,67710,6,8,6,1,6,5,5,4,2,8,10,Male,Tier 3,Hybrid
35,60911,6.0,9,2.7,9,7,7,12,36417,23908,4,4,6,4,6,2,8,6,3,6,8,Female,Tier 3,Store
69,89449,6.5,7,2.2,3,4,24,10,65448,23055,7,6,3,7,4,5,3,9,7,8,6,Other,Tier 3,Store
51,51897,7.8,2,5.2,3,4,24,10,64488,79585,5,0,1,9,7,7,10,10,2,4,6,Male,Tier 1,Store
53,217983,7.3,6,5.1,3,10,26,12,150000,70207,3,7,4,1,6,10,7,9,8,7,10,Male,Tier 2,Store
79,83535,4.2,7,0.0,4,2,0,14,1985,88196,6,3,2,4,4,3,6,8,7,4,5,Other,Tier 2,Store
69,77477,2.9,5,0.6,3,5,0,11,2174,70799,7,4,4,10,8,5,1,10,7,6,1,Female,Tier 3,Store
40,121429,7.3,8,4.2,3,9,23,10,93777,64249,3,5,2,3,9,8,10,5,5,7,6,Male,Tier 2,Store
29,118975,5.3,11,5.0,6,8,8,14,35753,94273,5,6,6,7,6,5,9,10,4,9,5,Other,Tier 3,Store
35,102578,9.1,7,4.8,6,10,41,10,69127,53368,10,6,1,2,6,2,6,6,2,10,4,Female,Tier 1,Online
33,66969,11.2,7,4.3,2,10,42,11,91823,45502,8,7,7,3,7,5,5,4,5,10,9,Female,Tier 3,Hybrid
50,181109,9.8,10,4.2,4,6,23,10,71891,79211,4,5,6,6,7,7,8,8,3,7,8,Male,Tier 2,Store
50,108325,5.9,1,4.0,10,9,22,2,50509,74167,7,7,6,6,4,3,7,8,7,6,3,Female,Tier 3,Hybrid
74,102504,4.5,2,2.7,5,5,0,17,19111,94860,10,4,6,4,6,3,2,9,5,4,1,Male,Tier 2,Store
29,92644,9.3,7,6.0,7,10,42,9,88356,54601,4,5,4,4,8,6,10,8,5,7,2,Female,Tier 3,Hybrid
50,123250,11.5,9,3.5,9,10,49,4,86645,82287,10,9,2,6,10,8,7,6,8,7,9,Male,Tier 1,Online
63,91366,4.2,6,1.1,6,6,21,5,97569,58566,9,1,6,5,7,8,6,9,6,3,4,Male,Tier 1,Store
42,70732,6.7,12,4.3,2,8,21,14,40025,77950,5,4,3,10,5,4,7,8,2,6,2,Female,Tier 3,Store
47,116294,10.2,6,4.1,5,9,49,7,131476,18466,6,3,4,6,6,2,7,6,7,3,8,Male,Tier 3,Hybrid
58,103694,7.0,3,4.2,7,7,35,3,119180,26315,5,5,1,8,5,8,4,8,8,7,1,Female,Tier 1,Online
47,123718,9.1,13,5.5,7,6,23,8,85753,88434,9,6,7,10,7,5,7,6,7,7,5,Other,Tier 3,Store
70,167978,2.4,6,2.4,2,6,9,11,150000,85790,7,1,4,5,10,4,5,8,6,9,8,Other,Tier 1,Store
46,155487,7.1,8,2.9,6,6,20,14,74449,44100,6,4,4,9,5,4,7,6,4,8,9,Male,Tier 1,Store
34,137696,7.7,3,4.4,9,10,37,7,150000,41342,6,8,5,3,4,3,6,5,5,6,1,Other,Tier 3,Online
48,118834,3.6,12,1.8,8,7,15,16,81499,62094,10,8,4,8,2,8,5,6,1,6,4,Female,Tier 2,Store
18,55515,9.3,4,5.6,7,10,39,2,94496,65866,7,8,6,3,3,6,9,5,5,10,1,Other,Tier 2,Hybrid
46,85233,8.9,10,3.7,1,5,13,7,56170,110837,9,3,5,5,6,4,7,3,5,7,5,Female,Tier 3,Store
55,92234,4.2,8,2.5,3,6,9,14,35508,94964,10,2,4,5,6,4,8,6,4,2,9,Other,Tier 3,Store
27,88835,11.6,13,4.8,6,9,36,1,105785,16752,5,4,4,4,10,4,10,7,3,6,4,Female,Tier 3,Hybrid
35,170092,6.1,6,3.8,6,9,26,6,119702,150000,9,6,4,6,3,6,5,5,5,10,4,Female,Tier 1,Hybrid
42,129297,7.9,14,4.6,4,8,24,12,49500,103624,3,6,5,7,7,5,10,2,4,9,8,Other,Tier 1,Hybrid
32,122175,7.7,4,5.7,4,9,29,10,94391,82615,5,6,3,5,5,7,7,9,3,7,5,Female,Tier 3,Store
34,192949,9.0,10,6.0,6,9,30,10,147599,57294,4,7,7,1,6,8,10,5,3,4,2,Female,Tier 3,Hybrid
39,178632,5.4,9,3.2,9,6,20,15,67213,111722,6,6,5,4,8,7,6,6,7,8,7,Male,Tier 2,Store
43,142262,6.2,7,4.4,2,9,35,6,130351,41477,7,4,3,4,8,5,8,4,4,6,4,Female,Tier 3,Store
26,166966,8.9,14,4.8,5,10,36,13,102725,84192,4,6,3,5,6,8,8,6,4,10,8,Male,Tier 1,Hybrid
31,117276,9.2,11,5.6,5,8,49,5,150000,500,4,9,2,7,10,5,9,2,6,8,6,Female,Tier 1,Hybrid
44,49902,7.8,7,3.5,4,6,28,6,55834,27829,6,6,4,6,3,4,7,3,8,6,7,Other,Tier 3,Hybrid
50,85598,8.4,5,3.4,5,5,14,9,83161,87001,5,8,1,4,4,5,4,6,5,7,5,Male,Tier 2,Store
71,61315,5.4,2,2.7,4,1,0,11,10157,35807,9,4,5,3,6,6,5,10,4,7,1,Male,Tier 3,Store
38,144175,9.6,11,6.0,5,9,33,7,99312,112921,8,7,6,6,5,6,6,4,3,5,2,Female,Tier 3,Hybrid
57,101851,6.0,9,3.1,7,7,43,3,57711,46271,4,6,6,5,9,8,7,7,4,4,5,Male,Tier 3,Hybrid
53,141139,7.6,9,3.7,8,10,30,10,89473,50643,7,4,3,1,8,6,8,3,5,7,4,Other,Tier 1,Hybrid
70,182659,3.8,11,3.5,6,7,0,15,83450,132856,4,4,5,4,4,4,7,7,3,7,6,Male,Tier 3,Store
39,133009,7.4,8,3.1,8,6,6,19,60430,106111,6,6,4,3,5,6,10,8,6,7,6,Male,Tier 2,Store
51,134813,8.9,5,4.5,8,8,35,5,65740,72597,6,8,4,5,8,2,9,8,5,7,8,Male,Tier 3,Hybrid
43,113999,8.0,2,3.1,10,9,32,8,75140,64550,7,7,3,3,9,6,10,8,6,9,4,Other,Tier 2,Hybrid
34,91239,9.0,12,5.1,7,10,37,7,87233,93462,7,3,4,5,7,3,8,5,3,4,6,Other,Tier 1,Online
18,119988,6.0,2,4.0,8,6,10,14,125243,100413,4,0,4,7,2,7,6,6,6,9,1,Male,Tier 2,Store
36,76018,8.0,7,6.0,3,10,36,3,110785,57414,8,4,3,10,7,7,9,5,4,7,7,Male,Tier 3,Hybrid
54,155245,9.2,10,4.1,6,8,21,14,130645,51992,5,3,5,4,10,8,9,5,4,9,5,Other,Tier 3,Store
25,139548,9.9,6,4.1,7,9,24,6,88060,49249,3,1,3,4,2,7,10,5,1,6,9,Male,Tier 1,Online
45,184128,8.5,2,4.3,6,10,28,5,122131,46123,7,3,4,7,6,7,7,10,3,7,5,Male,Tier 1,Hybrid
47,84501,7.8,6,4.1,8,7,34,9,101652,500,7,4,4,4,7,7,8,9,1,10,5,Male,Tier 3,Hybrid
30,69613,11.1,9,6.0,4,7,38,2,125272,41132,9,9,4,7,4,6,10,3,6,9,5,Female,Tier 2,Online
55,141662,6.3,7,3.6,7,9,25,11,113619,90765,3,2,4,4,8,7,4,7,9,9,7,Female,Tier 2,Store
54,87928,4.1,12,1.8,4,4,11,7,55548,70825,10,4,6,4,10,4,6,7,7,10,5,Female,Tier 3,Store
22,112958,8.7,10,4.8,6,7,24,2,68518,44230,5,6,1,8,7,5,8,6,4,6,8,Other,Tier 1,Online
58,112918,6.2,4,0.2,7,7,37,0,60324,32234,3,7,1,4,6,6,1,9,7,10,4,Female,Tier 2,Hybrid
46,98667,7.8,4,4.8,2,10,37,10,74079,47681,5,8,7,4,10,4,7,7,10,4,6,Other,Tier 3,Hybrid
45,163913,7.8,10,4.3,3,10,34,0,103312,104087,10,6,4,1,8,5,10,4,10,5,8,Female,Tier 2,Hybrid
54,15000,8.2,13,4.7,3,6,34,12,104290,61653,5,6,4,6,5,1,7,5,6,8,7,Male,Tier 2,Store
54,106922,5.7,11,2.0,7,9,10,11,58729,66100,9,9,5,10,1,2,2,8,7,6,7,Other,Tier 2,Hybrid
41,17227,3.8,9,3.9,5,8,20,3,55430,24740,9,3,4,9,9,6,8,6,2,10,3,Female,Tier 2,Hybrid
45,133752,5.7,4,4.5,5,5,10,17,117208,116275,5,3,3,4,3,5,10,6,3,10,4,Female,Tier 1,Store
44,164977,7.5,11,3.9,6,5,32,3,119935,53223,2,4,5,10,10,6,9,6,3,8,8,Female,Tier 2,Store
57,107055,8.2,7,3.0,5,5,31,16,63831,54883,6,0,7,5,10,5,6,10,5,6,2,Female,Tier 3,Store
67,17018,4.8,8,2.1,8,6,9,14,44083,101661,10,4,5,10,8,6,5,9,6,8,5,Male,Tier 2,Store
44,190154,8.6,9,1.4,7,10,30,5,90329,59116,5,3,5,4,10,6,6,6,4,9,4,Other,Tier 3,Hybrid
74,36740,6.5,6,1.5,5,6,18,7,104570,5319,7,9,5,5,6,8,1,9,5,9,3,Male,Tier 2,Store
40,108937,7.5,5,5.7,8,10,24,12,63502,45096,4,6,5,8,9,8,5,10,3,8,10,Male,Tier 2,Hybrid
73,208784,5.9,1,2.7,4,6,35,7,150000,60662,5,3,6,3,5,5,6,7,9,4,5,Male,Tier 2,Store
67,104349,3.7,1,1.0,6,8,14,14,47322,98358,5,9,4,8,5,6,1,10,4,9,9,Female,Tier 2,Store
45,183268,4.8,5,5.3,5,5,11,15,99995,150000,4,3,1,5,1,9,6,4,3,10,7,Female,Tier 1,Store
54,95022,6.7,8,2.2,4,7,25,11,22453,68539,9,7,3,6,2,4,4,10,5,9,7,Female,Tier 3,Store
26,29726,10.1,6,4.9,10,10,42,3,150000,6679,9,6,5,7,7,8,9,5,3,7,8,Female,Tier 2,Online
61,81079,4.5,5,1.0,9,5,2,14,31426,92985,6,2,3,6,5,4,7,5,2,1,8,Male,Tier 2,Store
41,175489,5.8,11,4.5,10,10,44,15,131533,88107,1,7,7,5,8,7,7,8,3,10,7,Female,Tier 3,Hybrid
19,110645,11.3,9,4.4,4,7,44,0,119214,73035,5,9,6,6,9,7,7,1,5,10,6,Female,Tier 1,Hybrid
67,194748,4.4,5,2.3,5,5,12,18,108599,115999,7,2,3,2,8,4,7,9,8,3,5,Male,Tier 1,Store
60,15000,7.6,5,3.2,7,8,29,2,58552,42835,7,5,5,5,10,10,7,6,6,8,3,Female,Tier 3,Hybrid
52,101669,10.1,4,4.1,6,6,21,12,38099,55484,7,7,5,5,6,6,6,5,3,6,5,Other,Tier 1,Hybrid
41,42986,5.6,5,1.9,2,4,25,9,103102,72672,10,6,1,6,8,2,6,5,5,9,6,Male,Tier 2,Store
51,202173,4.7,9,1.6,6,7,27,5,150000,73758,1,0,5,8,10,4,10,8,1,9,9,Female,Tier 3,Hybrid
71,56681,5.7,2,0.4,5,5,18,11,32226,36277,9,3,6,8,3,6,3,10,5,7,1,Male,Tier 2,Store
63,126662,7.0,5,2.8,6,6,37,5,82222,34930,4,1,6,7,6,7,8,8,5,10,3,Male,Tier 2,Store
41,114878,5.7,5,2.3,4,10,24,7,134127,500,5,1,3,6,3,7,5,8,7,1,8,Female,Tier 1,Hybrid
38,127454,6.8,10,3.5,5,8,8,15,30700,81940,7,4,2,2,3,4,9,6,1,9,7,Female,Tier 2,Store
53,105221,5.0,2,1.8,7,10,23,18,83874,73446,7,4,1,5,5,6,7,7,4,7,6,Female,Tier 2,Hybrid
50,66929,4.5,4,2.9,1,7,18,8,47775,19625,6,5,5,9,7,6,8,6,6,8,1,Other,Tier 2,Store
37,65505,6.7,8,5.6,6,8,17,15,44629,88810,9,4,3,7,10,4,8,10,3,10,8,Other,Tier 2,Store
50,142121,8.6,4,2.1,6,8,29,11,88469,132938,5,5,4,7,10,8,5,7,5,9,3,Male,Tier 1,Hybrid
30,192693,9.8,13,5.5,10,7,28,9,23753,69514,6,9,3,2,6,4,10,2,3,10,7,Female,Tier 2,Online
47,197450,8.8,5,6.0,5,9,31,5,150000,70010,4,6,5,9,8,6,10,9,1,8,10,Female,Tier 2,Store
43,91908,7.6,12,4.4,7,9,17,13,81082,43108,5,6,2,4,4,4,9,7,6,3,4,Male,Tier 3,Store
43,98209,4.7,9,4.7,5,7,18,14,61583,110766,10,0,2,6,4,5,8,6,2,8,10,Female,Tier 1,Store
43,39425,5.3,8,3.1,6,10,30,6,78668,42941,9,3,5,5,8,6,6,9,6,5,8,Male,Tier 3,Hybrid
34,143442,8.7,2,4.7,7,10,45,7,147045,108763,3,4,3,7,6,6,10,7,7,4,8,Male,Tier 3,Online
46,178146,6.7,5,4.3,4,10,28,13,93849,53923,6,7,5,7,7,5,8,3,7,6,1,Female,Tier 2,Hybrid
75,104835,5.0,4,3.1,7,5,5,12,42445,85923,7,3,4,5,6,4,3,8,10,1,3,Female,Tier 1,Store
48,135494,7.6,13,4.1,6,8,30,10,112989,62565,3,3,4,6,5,3,9,5,7,7,3,Male,Tier 3,Online
36,117411,5.2,10,4.5,5,9,26,8,55726,87521,6,5,6,5,7,6,6,4,5,10,7,Male,Tier 3,Hybrid
39,170213,8.4,14,2.9,6,9,31,8,75395,99113,6,6,6,5,9,4,9,5,1,6,6,Male,Tier 2,Hybrid
50,195379,9.0,9,4.1,6,7,26,9,149246,75943,7,5,3,4,5,5,8,4,1,10,3,Male,Tier 2,Hybrid
30,80938,10.7,13,4.8,6,10,48,1,121059,6914,5,9,5,3,9,7,8,3,1,8,6,Male,Tier 3,Online
47,81936,4.0,10,3.2,6,9,25,13,19104,96889,7,7,2,6,4,7,5,5,3,10,4,Other,Tier 1,Hybrid
60,80078,4.8,10,1.0,4,7,13,13,3573,59043,9,7,5,6,8,6,4,6,4,9,10,Other,Tier 3,Store
61,79628,6.4,5,1.4,4,5,24,2,82524,93410,6,4,4,7,8,6,8,7,5,7,5,Other,Tier 3,Store
58,154779,6.6,5,1.3,4,7,17,11,116364,82725,5,4,6,5,5,4,4,8,4,8,2,Male,Tier 3,Store
18,132465,11.4,2,4.5,9,10,49,0,112620,35157,10,9,3,5,9,4,9,1,5,9,2,Other,Tier 1,Online
67,161824,4.1,5,3.1,5,6,24,10,32827,79340,1,7,7,7,6,8,5,10,5,7,6,Male,Tier 1,Store
59,129566,9.3,6,2.8,4,9,32,8,70193,59367,6,5,3,7,10,4,5,7,5,7,3,Female,Tier 2,Hybrid
32,127759,10.2,11,4.9,6,10,42,9,114784,86522,7,6,3,6,6,9,9,7,5,9,10,Female,Tier 2,Hybrid
18,111400,7.7,6,2.7,5,8,19,5,83465,93279,2,6,2,8,7,7,4,1,4,10,3,Female,Tier 2,Hybrid
45,136340,6.0,10,5.2,7,3,12,12,95197,112654,3,0,3,8,5,4,10,2,6,9,6,Other,Tier 1,Store
58,106223,6.5,9,2.7,3,10,26,8,106810,49988,6,3,4,4,7,7,8,10,4,4,2,Female,Tier 3,Hybrid
33,62534,6.6,8,4.9,8,10,28,10,68231,58482,8,2,4,9,2,5,9,3,5,8,6,Male,Tier 2,Hybrid
52,45696,6.9,5,4.2,7,10,37,4,54180,6244,7,2,4,6,7,10,8,7,6,8,6,Female,Tier 2,Hybrid
32,152256,8.6,10,6.0,7,10,32,1,97829,30927,3,9,5,6,7,8,6,5,5,8,7,Female,Tier 2,Online
67,121301,4.6,6,2.0,6,4,9,12,98439,44159,6,7,3,10,7,6,2,7,5,8,2,Female,Tier 2,Store
75,80868,6.1,10,1.0,4,5,6,16,35737,85062,8,1,4,10,4,8,1,10,2,4,4,Male,Tier 2,Store
51,149524,8.5,3,5.4,4,10,48,0,67224,22044,6,9,3,7,10,6,8,5,8,7,4,Female,Tier 1,Online
77,51412,4.4,4,2.0,5,8,23,4,117495,12158,7,4,7,6,8,7,4,7,7,7,4,Female,Tier 3,Hybrid
62,150810,8.1,6,3.8,5,10,33,7,81755,27039,1,2,6,5,8,5,6,8,3,10,2,Female,Tier 3,Hybrid
74,90756,2.8,3,0.6,4,3,0,19,19974,116393,7,5,7,5,4,8,9,9,9,1,4,Female,Tier 3,Store
35,111573,8.8,11,3.6,4,7,34,4,115428,78917,7,8,3,4,5,5,5,4,8,9,4,Male,Tier 2,Hybrid
74,168415,6.3,2,1.0,3,6,29,9,118918,113392,5,5,5,4,10,4,7,9,5,4,9,Other,Tier 2,Store
35,136499,8.4,14,4.6,2,8,30,3,69546,59742,8,9,2,4,9,9,9,1,8,7,3,Female,Tier 1,Hybrid
18,55875,9.0,6,4.9,7,10,44,3,146319,19636,4,4,5,6,10,3,9,5,4,10,4,Other,Tier 3,Online
18,15000,11.7,6,4.8,9,8,49,6,33618,40532,10,5,6,7,9,8,9,4,1,7,7,Female,Tier 3,Hybrid
32,92473,7.9,7,4.5,7,10,31,10,93110,48986,5,5,5,4,7,9,7,6,1,10,5,Male,Tier 2,Hybrid
32,62505,6.7,6,5.8,6,10,47,0,123972,11132,8,9,1,6,7,8,7,4,7,9,4,Other,Tier 1,Hybrid
70,76300,6.7,7,4.9,7,6,13,14,900,81339,6,0,3,5,6,6,8,10,8,5,2,Other,Tier 2,Store
38,198917,8.2,5,4.7,5,9,43,1,126984,45837,5,7,4,3,9,8,10,3,6,10,6,Female,Tier 1,Hybrid
60,227920,5.8,8,3.6,4,6,25,11,129077,89697,5,3,5,5,2,2,3,5,8,6,5,Other,Tier 3,Store
30,107889,7.5,11,3.3,7,5,22,14,28454,69634,4,4,7,9,5,5,9,8,4,4,1,Male,Tier 3,Hybrid
67,39319,7.6,3,2.6,4,8,28,13,90856,44267,5,4,5,7,10,5,2,9,6,6,3,Male,Tier 3,Store
69,84826,7.5,5,5.6,5,7,31,5,60402,17189,8,4,6,7,7,2,8,4,8,7,1,Male,Tier 2,Hybrid
44,119596,5.8,13,3.1,2,8,25,10,79165,112991,9,5,5,4,9,4,9,6,6,2,5,Female,Tier 3,Store
73,77158,2.3,3,1.0,4,5,0,14,40450,80044,6,3,3,3,3,5,4,8,4,10,3,Male,Tier 3,Store
31,105604,9.7,8,2.6,5,9,29,6,83176,17619,6,9,3,8,7,8,6,9,4,9,2,Other,Tier 2,Hybrid
65,106661,5.5,6,0.9,7,6,13,17,27370,91325,5,5,1,5,1,4,5,7,7,6,6,Female,Tier 2,Store
31,120818,7.9,11,5.3,3,10,32,7,122257,93509,6,5,3,4,5,5,9,6,3,5,5,Male,Tier 1,Hybrid
18,75494,8.2,8,6.0,4,7,38,0,112598,28873,7,4,3,8,5,6,10,5,4,9,7,Male,Tier 2,Store
56,109186,7.0,10,2.0,4,8,20,8,90761,58629,7,3,5,9,5,6,5,7,6,10,1,Male,Tier 2,Hybrid
52,56015,10.1,8,2.8,3,6,10,10,38854,49335,6,6,2,7,9,6,5,7,5,10,7,Female,Tier 1,Store
52,154798,7.9,6,1.8,7,7,9,10,66900,55480,5,5,5,3,2,3,6,6,5,6,5,Female,Tier 3,Store
60,145487,4.6,2,2.6,5,4,2,13,32655,66763,4,2,5,3,5,10,8,4,7,6,5,Male,Tier 1,Store
58,113173,5.9,7,3.4,2,2,7,10,43985,66756,9,4,4,9,7,7,8,6,6,8,4,Male,Tier 1,Store
26,172921,8.8,8,3.8,7,8,29,10,104563,109889,6,3,2,2,9,5,8,6,3,8,10,Male,Tier 1,Hybrid
56,148828,6.6,8,2.4,6,7,18,7,99142,80579,6,7,4,1,6,6,10,6,2,7,8,Male,Tier 1,Store
43,159395,6.7,10,3.0,6,10,36,9,150000,69449,2,9,2,7,7,6,5,4,4,6,7,Female,Tier 3,Online
38,87870,7.6,7,2.3,2,9,27,4,114458,43940,5,2,5,5,8,7,5,3,4,8,5,Female,Tier 3,Store
53,188883,9.7,3,6.0,7,6,27,12,123252,68354,6,6,5,6,6,6,10,7,6,7,3,Other,Tier 2,Store
36,109490,4.8,4,3.1,8,7,9,8,12026,50445,6,1,4,4,10,2,7,9,6,6,10,Male,Tier 2,Hybrid
18,60432,8.6,1,5.7,7,9,35,3,81087,24777,6,3,5,5,9,7,10,3,3,9,5,Male,Tier 3,Hybrid
25,123659,8.9,7,6.0,6,9,49,3,82889,500,9,3,4,6,10,6,9,2,4,10,10,Female,Tier 2,Online
46,165546,7.0,4,2.2,5,8,40,11,81326,69012,6,3,3,4,2,4,6,4,6,4,7,Male,Tier 2,Hybrid
53,133155,5.9,4,3.3,6,9,19,16,46609,109253,7,3,6,4,5,5,5,10,4,9,4,Male,Tier 2,Hybrid
45,134605,9.0,5,4.7,1,8,24,10,150000,75420,4,3,4,4,4,7,10,7,7,7,5,Female,Tier 1,Store
51,138296,6.9,9,2.2,1,9,36,7,110997,84874,7,3,5,3,9,4,6,5,5,2,2,Male,Tier 3,Hybrid
27,36193,7.4,9,5.9,6,8,29,5,46426,38793,10,5,4,7,6,4,8,8,4,10,7,Male,Tier 1,Hybrid
39,96343,5.8,10,3.7,6,8,37,11,47707,68893,7,7,6,7,10,6,8,8,3,9,3,Female,Tier 1,Hybrid
62,154352,6.4,6,3.4,1,8,11,8,40227,39982,7,6,6,6,4,8,10,6,5,9,6,Other,Tier 1,Store
28,134465,10.5,8,6.0,10,8,40,3,133967,50976,8,4,4,7,7,1,10,5,1,10,3,Male,Tier 1,Online
65,65165,5.2,7,1.3,5,9,25,11,84718,40696,8,5,3,5,9,5,4,8,8,9,9,Male,Tier 2,Store
70,127593,3.3,5,1.3,8,6,2,13,900,123549,5,4,2,5,5,6,5,8,8,5,7,Female,Tier 2,Store
40,224347,5.9,1,5.9,6,8,24,13,33443,131195,5,1,3,2,8,9,10,5,1,10,4,Female,Tier 1,Store
59,74633,7.2,10,3.8,4,8,23,15,57469,66735,5,0,2,4,5,7,7,9,4,8,1,Male,Tier 3,Store
60,91672,2.2,1,1.5,2,6,12,16,31426,45786,5,4,6,5,5,3,6,9,8,7,4,Female,Tier 3,Store
53,178563,4.0,5,1.9,2,5,5,18,28545,100111,2,4,5,6,4,7,4,6,10,4,8,Male,Tier 3,Store
18,56730,9.1,9,6.0,4,9,42,4,73307,53775,9,7,4,7,6,5,8,6,2,9,2,Female,Tier 3,Online
57,74228,5.6,12,4.3,5,4,16,4,40004,77719,6,4,5,6,7,3,6,5,5,6,3,Other,Tier 3,Store
78,103668,1.0,6,1.3,3,6,0,13,71476,56869,5,0,5,9,9,4,7,10,5,2,3,Male,Tier 3,Store
54,86519,7.3,9,2.6,6,7,29,14,88499,69283,9,6,2,6,3,3,4,9,7,7,7,Female,Tier 3,Hybrid
47,164928,6.9,5,3.4,7,6,21,12,109832,111786,4,0,6,3,5,5,4,5,5,6,2,Male,Tier 3,Store
33,92002,9.7,8,6.0,5,10,43,7,130403,44401,8,7,4,6,8,6,10,6,2,6,5,Female,Tier 3,Online
18,15000,6.9,7,4.8,10,9,23,13,25908,109670,8,9,2,10,3,6,10,6,6,10,2,Male,Tier 3,Store
37,177853,7.5,9,3.4,2,7,25,1,97772,52075,5,7,4,6,3,7,5,4,6,5,8,Female,Tier 2,Hybrid
43,130887,8.0,8,4.5,3,7,33,7,107436,25466,6,5,3,6,5,4,8,9,6,8,1,Female,Tier 2,Store
63,193001,4.9,9,3.3,3,6,14,15,124660,125420,3,5,1,3,7,7,3,9,6,8,3,Female,Tier 1,Store
41,108472,6.2,8,3.8,5,8,13,13,8275,98988,9,4,5,10,4,5,8,9,3,8,8,Male,Tier 2,Store
65,162277,1.9,7,0.0,4,3,5,8,39564,57612,9,2,3,4,5,2,4,7,5,7,1,Other,Tier 2,Store
51,160929,7.4,6,3.0,1,5,10,11,96480,101771,8,5,6,7,3,2,7,8,7,8,10,Female,Tier 1,Store
42,234483,8.1,4,5.8,4,10,39,1,150000,67123,2,8,3,4,4,2,6,4,6,10,6,Female,Tier 1,Store
54,119951,7.3,2,4.8,6,8,16,12,38342,114847,9,5,6,4,7,4,7,6,4,4,8,Other,Tier 3,Hybrid
41,170412,8.5,3,4.4,9,8,35,4,138116,10694,4,1,4,5,10,7,3,4,7,4,8,Male,Tier 2,Hybrid
44,168019,2.6,6,3.6,9,10,30,2,150000,23286,8,6,5,8,7,3,9,5,5,5,8,Female,Tier 3,Hybrid
54,194498,4.5,7,1.7,2,5,31,10,128384,118466,2,6,2,1,8,7,8,9,5,8,9,Other,Tier 1,Store
40,196610,8.5,6,5.5,9,10,24,11,126806,150000,7,2,5,3,7,4,8,10,8,2,9,Male,Tier 1,Store
24,101122,9.4,7,6.0,5,10,27,10,49350,56987,6,6,4,4,10,6,10,8,3,6,6,Other,Tier 2,Hybrid
21,73608,10.9,4,4.3,6,8,46,3,138655,66195,4,9,7,3,8,9,8,7,5,6,4,Other,Tier 2,Hybrid
38,120912,5.7,8,3.5,7,10,34,7,103451,57312,6,4,6,6,9,10,6,6,4,10,4,Female,Tier 3,Hybrid
36,155531,9.6,13,5.1,7,9,42,0,97542,98293,5,5,5,4,7,6,4,5,1,7,9,Female,Tier 3,Online
58,186195,8.4,9,2.0,3,5,28,4,112364,111638,7,3,3,6,3,7,4,2,6,5,1,Male,Tier 2,Store
58,73521,7.0,10,4.2,4,7,17,12,53575,68426,4,0,3,5,1,5,9,6,6,5,4,Female,Tier 3,Store
47,157451,7.3,10,4.3,9,10,38,3,129745,75382,6,4,3,5,4,4,9,1,3,7,8,Male,Tier 2,Online
32,112907,4.4,14,3.4,4,6,28,7,70650,8999,9,2,4,10,7,7,8,6,1,10,4,Other,Tier 1,Store
55,173102,5.3,14,2.8,9,10,15,0,62665,80646,4,0,7,3,6,4,7,4,6,8,6,Male,Tier 2,Hybrid
60,87167,7.5,3,5.0,10,9,36,8,89990,17416,10,6,6,7,8,8,9,6,5,8,5,Female,Tier 3,Hybrid
40,154124,9.2,4,4.9,6,10,40,0,127495,30521,9,5,2,3,6,7,8,5,8,10,4,Male,Tier 3,Online
35,164865,10.0,8,4.5,4,10,32,10,132065,124768,4,9,1,4,10,7,7,7,3,5,10,Other,Tier 1,Hybrid
54,128436,7.1,12,6.0,4,5,7,13,71067,84151,5,2,4,2,4,5,7,7,7,4,8,Male,Tier 1,Store
50,194449,4.7,11,2.2,6,5,20,10,106086,41175,7,3,2,6,3,5,5,6,6,3,7,Male,Tier 2,Store
34,104255,8.8,6,5.2,9,10,43,12,104328,36921,5,7,3,5,9,7,8,6,6,8,8,Female,Tier 1,Hybrid
63,115468,3.5,5,1.8,7,10,17,11,51454,89845,8,2,7,2,7,5,3,6,3,10,7,Female,Tier 2,Store
48,108247,8.9,12,3.1,4,8,35,5,101470,48563,6,9,4,4,9,6,4,4,1,8,9,Male,Tier 3,Hybrid
76,105887,5.9,1,0.6,5,5,16,12,51439,89743,5,0,2,6,5,5,1,10,7,4,2,Male,Tier 2,Store
44,128784,9.9,12,6.0,7,9,38,2,109816,31863,5,8,3,6,5,7,6,4,4,10,7,Female,Tier 2,Online
42,87634,8.4,10,3.9,5,5,28,12,100001,8420,8,9,4,4,4,5,6,4,5,9,5,Male,Tier 2,Store
79,114547,4.9,8,3.1,4,6,6,15,85170,80103,8,1,6,6,1,3,4,9,7,4,6,Male,Tier 2,Store
50,159784,5.4,5,2.3,7,8,23,7,87925,84102,7,6,3,10,4,5,5,6,7,9,4,Other,Tier 3,Store
31,18232,9.1,8,5.1,8,10,32,3,57815,28458,7,9,6,7,2,8,10,3,4,9,6,Female,Tier 2,Online
49,43129,6.4,9,1.1,7,6,24,12,80126,48776,10,7,4,8,7,8,7,7,4,9,9,Male,Tier 2,Store
44,117054,3.7,7,2.9,3,8,13,11,67782,26649,7,4,5,10,8,6,7,6,7,9,8,Male,Tier 1,Store
59,51865,4.6,6,2.6,5,8,19,8,57399,8544,4,3,6,9,8,5,5,6,7,4,4,Female,Tier 3,Store
20,104987,7.3,6,4.3,7,10,27,8,62934,71633,7,4,4,4,10,5,7,6,2,10,8,Female,Tier 1,Hybrid
29,133730,5.8,8,6.0,10,8,28,14,118950,98940,8,5,3,4,4,5,6,6,4,9,6,Female,Tier 1,Store
60,219457,6.2,2,2.0,10,8,27,13,109233,132171,2,6,4,3,10,8,6,10,8,9,5,Other,Tier 1,Store
39,119075,6.8,14,2.5,10,10,44,0,115954,47849,5,9,5,5,6,5,10,5,3,6,6,Male,Tier 3,Online
46,75429,7.7,4,3.4,5,7,21,17,79915,49261,6,7,4,10,7,6,6,9,6,8,8,Other,Tier 2,Store
68,82827,5.9,6,1.2,7,8,17,10,10550,95295,10,2,6,5,3,5,3,9,8,7,1,Male,Tier 3,Store
65,46954,6.9,1,2.8,5,7,39,7,110325,94595,8,9,5,6,5,4,3,5,6,7,1,Male,Tier 2,Hybrid
52,143619,7.8,5,2.5,5,8,32,7,87360,44134,4,6,4,3,8,9,6,6,7,1,3,Male,Tier 2,Hybrid
38,46047,8.5,7,6.0,8,9,30,14,88530,100175,5,7,5,5,8,6,7,4,5,7,6,Other,Tier 2,Hybrid
55,132197,4.9,3,2.9,5,5,19,8,102665,70005,5,7,6,4,4,8,6,7,8,8,10,Female,Tier 2,Store
51,111716,4.7,6,3.4,7,8,32,7,84543,44639,6,6,4,5,2,5,6,8,8,4,5,Other,Tier 1,Hybrid
46,114492,7.0,9,3.3,5,8,22,11,24578,18187,6,4,6,4,8,7,7,9,4,9,10,Female,Tier 3,Store
65,99053,6.5,14,3.9,3,4,24,8,135927,37391,10,8,4,8,10,4,7,8,6,6,2,Female,Tier 2,Store
64,190271,6.2,7,2.5,9,7,9,8,34960,67849,5,4,4,3,3,4,6,10,3,6,1,Male,Tier 2,Store
60,147701,3.4,6,2.0,6,6,24,17,145828,117560,4,4,3,9,9,8,5,9,6,9,3,Female,Tier 1,Store
52,142664,3.6,1,2.8,6,8,15,12,37968,100013,9,5,2,4,4,6,6,3,3,8,4,Female,Tier 1,Hybrid
52,70677,6.2,6,3.0,9,7,17,5,82032,48149,6,3,5,6,3,7,5,6,5,8,5,Female,Tier 2,Hybrid
43,145238,4.6,5,0.4,4,8,25,10,101337,96913,6,4,3,10,7,7,4,7,7,1,9,Male,Tier 2,Store
55,56079,7.1,6,3.7,3,6,22,10,83197,52051,6,6,7,4,5,5,9,8,1,6,9,Male,Tier 3,Store
30,111408,8.6,9,4.9,5,8,34,11,133725,80355,2,5,4,7,10,5,7,6,3,10,5,Female,Tier 2,Hybrid
38,67827,10.8,10,5.8,4,9,31,12,37139,70659,7,4,2,5,5,4,10,7,8,5,5,Other,Tier 2,Online
67,121061,5.8,5,1.2,7,6,19,11,29174,69195,5,3,3,4,3,6,5,9,4,7,3,Female,Tier 1,Store
35,99886,5.6,11,4.6,7,7,11,13,46236,82539,7,8,4,4,3,2,8,4,4,5,7,Male,Tier 2,Store
59,93345,3.1,9,2.6,5,5,0,17,23205,73024,8,5,6,8,2,4,5,7,7,5,6,Other,Tier 3,Store
73,139636,7.1,6,2.6,3,4,14,12,81925,104285,5,3,7,7,5,4,8,8,8,4,2,Other,Tier 3,Store
51,153938,5.2,12,3.8,5,7,25,8,103785,57407,4,3,2,4,4,4,6,7,1,5,8,Other,Tier 1,Store
70,104969,1.0,4,1.5,6,3,3,18,52490,113811,6,2,3,5,7,1,4,10,5,7,6,Female,Tier 2,Store
46,137457,8.3,9,3.6,6,9,31,4,69844,43581,8,6,5,6,7,6,8,5,7,10,10,Other,Tier 3,Store
36,129139,6.0,11,1.8,5,8,43,10,148823,70877,4,6,2,3,9,6,5,7,2,4,3,Other,Tier 1,Hybrid
26,93588,11.3,14,6.0,10,10,37,4,98831,47290,4,6,3,6,6,9,10,6,1,10,8,Other,Tier 1,Online
34,172484,8.9,8,4.8,4,9,44,3,144838,35128,6,9,1,8,7,10,9,5,7,6,5,Male,Tier 1,Hybrid
36,153918,8.0,6,0.5,5,10,48,8,150000,61121,6,3,7,7,10,3,3,8,6,5,3,Female,Tier 2,Hybrid
18,107959,8.2,8,6.0,7,10,43,8,98680,500,5,7,5,7,3,2,8,4,1,9,4,Other,Tier 3,Online
18,59857,12.0,1,6.0,6,10,38,5,73275,42460,9,2,4,9,8,4,9,3,2,5,6,Female,Tier 2,Online
60,135736,6.6,3,2.0,5,9,24,14,114927,108970,5,5,2,6,6,10,5,5,5,10,2,Female,Tier 2,Store
56,159598,2.7,8,0.9,5,3,0,17,54569,67205,5,0,3,4,3,4,7,10,7,5,2,Female,Tier 2,Store
45,72719,6.6,11,3.6,5,5,19,8,44215,69853,7,7,6,5,1,5,8,8,4,10,8,Female,Tier 3,Store
51,137436,9.6,4,4.8,3,6,45,6,142087,41068,7,9,6,4,9,4,9,5,6,9,5,Female,Tier 1,Hybrid
30,94846,10.6,13,4.1,9,10,49,4,118002,28622,6,9,2,3,9,9,5,7,4,6,9,Male,Tier 1,Online
39,107470,8.9,14,2.7,5,10,32,4,87533,63573,5,7,5,6,5,6,8,5,6,7,5,Female,Tier 3,Store
25,92820,10.8,14,6.0,6,8,32,0,66063,4984,8,7,4,3,5,7,6,6,2,8,6,Other,Tier 3,Hybrid
68,134446,5.0,8,2.4,7,5,26,13,53824,83669,7,2,5,7,10,3,10,10,10,10,5,Male,Tier 2,Store
78,33305,4.9,2,2.7,4,5,5,15,49873,72604,7,3,4,8,2,6,4,7,7,2,7,Male,Tier 3,Store
61,128755,4.3,4,1.4,6,5,13,12,32199,24739,7,5,4,4,1,3,6,7,7,5,1,Male,Tier 2,Store
19,92892,11.6,3,6.0,6,10,39,3,132297,15656,9,4,3,5,9,10,8,1,1,10,8,Other,Tier 1,Online
27,70055,11.0,7,5.2,3,8,38,0,66455,500,6,3,4,5,10,5,10,1,3,8,4,Other,Tier 3,Hybrid
52,110822,9.2,4,5.2,8,9,30,12,100587,109124,5,9,4,7,7,8,7,5,6,10,9,Male,Tier 1,Hybrid
54,171424,7.9,11,2.9,4,8,21,6,125475,94157,5,5,4,5,5,4,6,7,7,7,6,Male,Tier 2,Store
39,124906,6.2,14,2.6,4,8,30,15,81843,71927,7,2,3,7,9,5,10,8,3,8,8,Female,Tier 1,Store
49,72472,6.9,5,3.7,3,5,12,13,63832,64452,4,1,5,5,5,5,10,10,6,6,7,Male,Tier 3,Store
30,47693,9.4,5,3.3,6,10,21,10,28408,76937,7,1,2,5,9,8,9,5,5,7,4,Female,Tier 2,Store
34,135519,7.0,9,3.5,6,9,19,4,101400,111766,8,3,4,6,6,8,7,6,4,10,8,Male,Tier 2,Online
43,111791,6.5,8,4.5,8,9,21,15,91751,95229,7,3,4,7,3,5,10,10,9,9,7,Female,Tier 1,Store
62,116736,3.3,7,1.3,4,3,16,12,35985,50067,8,5,4,5,5,5,6,8,8,9,5,Other,Tier 1,Store
50,113689,10.1,2,6.0,4,8,24,5,64174,115621,7,6,1,6,9,6,10,7,2,5,3,Male,Tier 2,Store
39,187681,7.6,9,4.2,9,8,34,3,65238,45807,8,3,3,6,6,7,7,5,1,10,4,Male,Tier 2,Online
50,153356,6.6,8,4.0,4,6,14,14,86625,90843,8,1,4,4,5,5,7,7,6,9,5,Male,Tier 1,Store
62,92631,8.1,7,2.1,10,9,44,3,98624,22056,8,5,4,4,5,8,4,9,4,6,3,Female,Tier 2,Hybrid
38,98385,12.0,13,6.0,9,10,49,3,73179,21315,8,8,5,9,8,8,6,7,3,8,8,Other,Tier 2,Online
42,147212,4.7,1,2.9,4,9,29,11,103746,109292,8,4,2,5,5,6,7,6,4,7,7,Female,Tier 1,Store
36,63830,2.7,12,4.5,8,9,5,9,67228,27035,7,5,3,4,1,7,8,9,4,10,10,Female,Tier 2,Store
79,23795,2.7,9,0.8,6,8,10,16,4861,88179,10,5,4,8,7,4,2,10,10,8,10,Female,Tier 1,Store
18,85873,10.8,1,6.0,9,8,48,3,118816,29535,10,9,5,6,10,1,10,4,5,6,1,Male,Tier 2,Online
43,181731,7.8,3,5.2,3,5,24,11,150000,75489,8,5,4,5,4,8,8,7,1,10,10,Other,Tier 1,Store
33,185743,10.2,11,5.2,4,10,42,6,106819,48582,3,9,3,2,10,8,10,4,3,7,8,Male,Tier 1,Online
62,95274,4.2,5,4.3,4,4,11,7,900,500,6,4,2,7,7,2,7,7,5,8,1,Female,Tier 1,Store
62,108144,6.6,4,3.0,2,5,22,8,52243,74000,5,2,1,3,10,7,8,8,7,6,4,Female,Tier 1,Store
52,116114,9.9,9,4.6,5,6,27,5,57931,45840,5,8,5,7,5,1,8,6,1,4,3,Female,Tier 2,Hybrid
19,50693,9.1,1,6.0,4,10,37,0,55334,20877,8,9,5,5,6,5,9,5,4,7,4,Female,Tier 3,Hybrid
58,105077,5.3,12,0.9,7,9,16,17,75397,105750,10,4,4,5,7,4,2,7,8,10,4,Male,Tier 2,Hybrid
78,17296,4.1,9,0.9,2,3,6,10,32416,111267,10,8,4,5,7,2,3,8,8,6,1,Female,Tier 3,Store
27,42188,8.5,9,5.0,4,10,26,10,135330,500,10,2,5,4,6,4,7,10,2,7,8,Male,Tier 3,Store
74,142332,7.0,11,2.2,5,8,23,12,72641,75967,6,3,4,7,10,6,3,10,7,6,4,Male,Tier 1,Store
55,236741,6.7,8,1.5,6,10,35,6,131543,40603,4,5,4,3,8,6,5,9,5,10,4,Female,Tier 2,Hybrid
31,117464,6.3,13,3.6,8,7,13,9,55429,98370,5,9,4,9,4,4,4,3,4,10,4,Female,Tier 2,Hybrid
37,15000,8.4,11,3.4,3,8,21,13,5222,500,6,3,7,3,8,2,8,7,6,6,9,Male,Tier 3,Hybrid
32,170995,5.6,8,3.9,2,5,25,15,111168,84009,6,5,3,4,9,3,8,9,4,10,6,Male,Tier 2,Store
76,95863,5.0,8,1.8,7,8,21,3,69793,97342,7,9,4,6,7,7,4,6,9,3,4,Male,Tier 3,Store
61,117617,4.0,5,2.1,6,6,14,8,78510,53970,10,5,5,6,3,6,9,9,6,5,6,Other,Tier 3,Store
33,69761,6.3,6,4.2,5,8,30,6,86633,59976,7,5,4,6,4,10,10,7,5,5,3,Male,Tier 2,Hybrid
29,167937,8.8,12,6.0,6,7,29,12,73290,79723,1,9,3,4,5,6,10,5,4,7,4,Female,Tier 1,Store
48,85773,7.7,6,2.9,2,7,28,10,108149,18564,5,9,5,7,3,3,5,8,8,7,7,Female,Tier 2,Store
45,131255,6.1,9,5.1,6,9,23,11,136418,70764,8,2,5,5,8,6,10,3,3,4,7,Male,Tier 3,Hybrid
48,104732,4.8,8,3.1,5,8,18,5,85146,28266,3,3,4,5,8,6,7,8,7,6,10,Female,Tier 2,Store
37,98609,8.0,14,4.1,4,9,28,7,135975,46943,6,3,3,3,5,5,10,3,4,4,6,Other,Tier 1,Hybrid
69,15000,1.0,6,0.0,2,3,0,12,900,27924,7,2,5,3,4,1,5,6,8,5,3,Female,Tier 3,Store
49,191750,6.0,8,3.7,7,7,20,11,72831,80019,5,7,3,3,4,4,10,6,8,4,6,Female,Tier 2,Store
53,223201,6.3,9,3.4,6,8,21,7,25581,104502,6,6,6,9,4,4,6,6,6,6,6,Other,Tier 2,Store
33,234602,10.2,9,5.1,5,10,46,6,150000,61632,4,7,2,8,10,10,6,4,6,8,3,Other,Tier 1,Hybrid
29,80011,10.9,6,6.0,7,9,36,5,57841,78810,3,7,4,8,8,4,7,5,3,7,8,Other,Tier 1,Hybrid
57,158863,4.2,9,1.5,6,5,0,14,65010,105068,5,0,1,7,2,6,6,3,6,9,4,Female,Tier 2,Store
32,105707,6.3,5,3.6,8,10,32,2,150000,70463,6,9,5,7,7,5,10,3,5,9,6,Female,Tier 3,Online
26,26438,10.2,4,3.7,7,8,35,11,85881,23251,7,2,6,6,10,4,8,3,2,10,7,Male,Tier 3,Online
32,83419,4.4,13,2.7,5,10,14,14,52088,68891,5,3,5,8,6,2,6,6,6,8,6,Male,Tier 3,Hybrid
42,174292,7.7,10,3.8,5,9,27,7,130794,89464,4,1,2,7,6,6,8,5,4,9,6,Male,Tier 1,Hybrid
41,116361,7.6,8,5.8,10,8,31,15,72233,81564,6,8,4,5,9,8,10,7,1,4,6,Other,Tier 2,Hybrid
48,73262,3.5,4,3.3,5,5,8,17,47770,140603,7,2,3,5,8,6,9,10,4,10,9,Female,Tier 3,Store
55,117955,8.0,5,3.8,10,5,26,5,57967,84205,6,4,6,4,10,5,7,8,5,7,10,Other,Tier 2,Store
23,104507,10.9,9,6.0,5,9,42,0,117173,500,5,5,6,5,5,7,7,5,4,9,6,Female,Tier 3,Hybrid
53,185079,6.8,6,3.0,5,9,19,13,96538,97360,2,0,6,5,7,6,8,6,4,9,6,Female,Tier 3,Hybrid
18,44886,8.5,7,3.4,4,10,49,0,120929,7933,3,7,6,8,10,8,10,2,3,10,2,Other,Tier 3,Online
48,120079,4.3,2,1.1,7,8,23,9,45149,77028,6,7,3,4,5,2,7,4,5,8,8,Female,Tier 3,Store
33,64098,9.9,11,6.0,6,10,38,0,93598,3770,9,7,4,7,8,4,9,3,1,8,7,Female,Tier 3,Online
41,154051,8.0,6,4.4,9,7,25,15,64141,93851,8,4,3,4,4,10,10,8,7,6,6,Other,Tier 1,Store
33,125502,6.7,7,4.8,6,8,9,12,96630,90856,5,5,3,2,3,6,8,4,3,9,7,Female,Tier 1,Store
43,181263,8.6,7,3.9,3,7,20,10,101303,79954,2,5,4,4,4,7,5,5,4,7,6,Female,Tier 1,Store
29,126125,10.7,8,3.7,9,9,49,0,150000,109067,4,6,3,7,8,6,4,1,1,10,2,Male,Tier 1,Online
61,121446,2.2,4,1.7,6,6,17,6,67647,47784,4,1,4,7,3,5,7,5,7,3,5,Other,Tier 1,Store
45,71928,6.0,5,2.3,5,6,10,2,5840,23646,7,8,6,7,3,7,5,3,3,2,5,Male,Tier 2,Hybrid
51,80173,5.9,8,3.0,5,9,28,7,86048,85437,4,7,6,8,6,4,4,9,5,9,4,Male,Tier 2,Store
79,61040,8.0,2,1.3,7,6,27,6,55343,39698,10,7,3,4,10,7,4,9,10,7,3,Male,Tier 3,Store
31,101338,9.1,10,3.5,7,10,30,8,150000,87467,6,9,3,3,6,5,8,5,9,5,3,Male,Tier 2,Hybrid
50,102021,6.1,7,3.7,7,6,18,8,46051,43222,7,2,4,9,4,2,6,8,8,9,9,Male,Tier 2,Store
27,147859,9.4,4,5.3,5,8,25,13,114568,38075,7,9,7,7,3,5,3,5,6,9,6,Male,Tier 3,Store
51,74956,5.1,7,3.3,6,6,6,12,53507,91584,6,3,4,6,9,7,4,5,7,10,7,Female,Tier 3,Store
22,140332,11.0,3,5.9,8,10,35,5,95424,79528,10,5,7,5,9,6,8,2,1,4,5,Female,Tier 3,Online
53,190107,6.8,7,2.4,2,10,40,8,150000,46595,6,8,1,3,7,8,4,6,6,7,6,Male,Tier 1,Online
31,206104,8.6,6,5.4,6,9,37,0,135357,29620,3,5,6,2,7,9,10,4,4,10,4,Male,Tier 2,Hybrid
18,15000,7.8,4,4.7,7,10,26,14,83203,105265,3,7,3,7,6,8,9,5,3,9,6,Female,Tier 1,Hybrid
44,138867,7.4,4,3.4,3,6,20,2,35527,5127,6,5,4,5,7,8,5,6,4,5,3,Female,Tier 1,Hybrid
39,90089,8.6,9,6.0,4,7,29,10,118917,109422,8,5,6,4,5,3,10,6,5,10,6,Other,Tier 2,Store
27,109229,7.0,12,3.6,6,6,29,1,86565,40168,10,6,7,8,9,3,7,5,3,8,7,Female,Tier 2,Hybrid
44,210438,9.7,1,5.1,6,8,40,3,150000,73156,3,7,4,6,10,8,8,4,5,6,6,Other,Tier 1,Hybrid
40,150115,9.5,9,5.4,5,9,36,5,105844,17004,9,9,4,6,7,4,10,6,4,9,2,Female,Tier 2,Store
26,153514,8.5,12,3.7,7,10,37,14,127985,65227,8,8,4,4,5,6,10,6,3,6,8,Male,Tier 3,Hybrid
18,60748,8.0,6,5.3,7,7,36,7,10860,41240,7,8,3,6,7,5,10,5,1,7,5,Female,Tier 3,Store
39,89347,6.4,12,4.4,8,8,25,3,68791,49647,7,5,5,6,8,8,8,1,6,2,8,Male,Tier 3,Hybrid
51,53429,3.4,7,2.1,7,5,2,15,10120,41372,4,5,4,10,6,6,6,10,4,4,7,Other,Tier 3,Store
66,65831,5.9,8,4.1,4,2,0,15,900,54621,6,7,4,7,4,4,7,10,5,3,5,Other,Tier 2,Store
55,157525,7.9,1,2.8,4,5,8,15,78342,93006,5,5,6,3,9,3,6,10,9,8,5,Male,Tier 3,Store
31,55060,9.9,11,3.9,4,9,42,12,65681,54628,6,5,5,8,9,4,7,7,8,10,5,Female,Tier 2,Store
37,30290,4.7,7,5.3,2,7,14,14,900,54084,10,7,5,7,9,7,8,5,6,6,6,Female,Tier 3,Store
57,77972,5.3,6,1.7,4,7,34,6,86587,24683,6,3,6,5,9,8,3,5,4,7,3,Male,Tier 3,Store
38,126859,6.3,9,2.8,2,7,21,8,110744,61777,3,7,5,6,5,10,7,4,6,6,5,Male,Tier 3,Hybrid
22,101675,10.1,5,6.0,8,10,49,7,139754,69272,7,5,2,7,4,9,10,5,1,10,4,Other,Tier 2,Online
18,109644,8.3,4,5.3,5,10,43,0,93802,93552,5,4,5,8,7,8,10,7,3,10,1,Female,Tier 1,Store
38,156761,12.0,13,6.0,3,6,49,1,98907,49398,2,9,5,3,7,3,7,6,1,9,8,Female,Tier 1,Store
45,146516,8.5,8,3.2,4,5,34,10,70699,89400,7,9,1,4,4,2,8,6,9,8,5,Female,Tier 1,Store
74,27208,7.1,5,3.5,2,4,6,19,27436,102863,10,4,4,8,1,4,4,8,7,10,4,Female,Tier 1,Store
59,186718,5.9,9,3.5,2,5,8,15,73293,115518,5,6,1,3,5,7,8,7,5,8,3,Other,Tier 1,Store
24,29834,12.0,2,5.7,10,10,49,2,29864,9827,7,7,3,5,7,6,6,6,4,8,1,Other,Tier 2,Hybrid
30,145514,7.2,10,4.3,7,10,35,7,150000,49247,8,6,6,3,6,6,8,3,6,4,10,Female,Tier 2,Online
67,69873,4.5,6,2.2,4,8,27,12,104482,47125,8,5,7,7,3,4,7,5,4,4,6,Female,Tier 3,Store
71,166651,4.7,10,0.2,2,5,8,15,78019,59332,3,0,4,5,3,8,7,7,8,3,4,Other,Tier 2,Store
40,49656,11.3,11,4.7,2,9,33,0,104908,500,5,4,3,10,5,6,10,6,6,9,6,Female,Tier 2,Hybrid
65,97389,5.4,6,3.1,8,7,29,6,103885,74134,6,7,3,5,5,5,7,5,6,7,5,Female,Tier 2,Hybrid
18,56480,7.8,2,3.3,6,9,41,5,87490,27010,10,5,6,8,4,7,3,3,6,7,3,Male,Tier 1,Hybrid
35,117859,9.0,8,4.0,5,8,25,15,140232,115102,7,7,4,2,4,6,8,6,3,10,7,Male,Tier 1,Hybrid
51,204817,7.4,2,4.7,6,8,25,6,137213,56996,8,7,3,5,7,5,9,7,5,6,10,Male,Tier 1,Hybrid
35,80280,12.0,9,6.0,7,10,45,4,75579,55013,5,4,4,5,5,9,10,4,4,10,4,Male,Tier 1,Hybrid
47,124965,7.2,2,2.4,1,6,28,7,119246,45716,6,2,4,5,10,4,10,7,3,7,5,Male,Tier 3,Store
67,91413,6.0,9,1.9,2,8,9,11,12595,76102,9,1,5,5,2,4,6,7,3,3,5,Male,Tier 2,Store
42,191376,9.1,13,3.4,5,10,26,19,118371,93817,5,6,6,4,6,7,5,8,7,10,7,Female,Tier 1,Hybrid
48,154454,6.9,7,3.2,6,4,14,14,88864,107875,4,3,5,6,6,4,6,5,5,1,7,Male,Tier 3,Store
37,196717,9.0,14,5.5,6,9,47,0,126194,54946,5,7,3,4,6,5,6,3,2,7,10,Female,Tier 2,Online
64,100715,2.1,7,2.1,5,7,10,13,33738,24497,5,0,5,7,3,3,6,4,5,6,1,Female,Tier 3,Store
35,130487,7.7,12,4.1,6,8,27,1,121215,35763,6,5,3,4,1,8,8,1,1,9,7,Other,Tier 2,Hybrid
22,92885,9.4,3,4.4,10,10,43,4,75620,6835,2,9,5,3,8,4,10,2,5,9,6,Other,Tier 2,Online
49,188232,4.4,13,0.0,5,8,24,19,139904,77772,1,9,5,3,8,3,4,10,3,8,4,Male,Tier 1,Store
39,140902,5.9,11,1.3,4,8,25,6,37409,69166,8,3,5,2,7,5,2,8,4,8,6,Other,Tier 2,Store
47,152013,7.2,11,1.8,10,9,11,15,29793,68236,5,3,6,8,2,2,3,8,5,10,8,Other,Tier 1,Hybrid
23,127668,5.2,1,4.9,6,7,19,14,74077,80025,5,0,3,8,5,5,10,3,3,8,3,Other,Tier 1,Hybrid
37,130562,10.9,14,6.0,7,10,33,13,33828,67934,4,7,5,7,9,9,10,3,1,9,10,Other,Tier 2,Online
35,234884,9.9,9,6.0,6,10,28,11,126598,150000,6,4,7,6,3,6,10,3,2,8,7,Female,Tier 2,Hybrid
40,146046,9.3,6,6.0,7,10,45,2,150000,500,8,5,6,5,10,8,10,3,4,8,6,Male,Tier 2,Hybrid
21,15000,12.0,8,5.2,6,9,49,7,79257,45538,10,9,4,6,6,2,8,3,5,7,1,Other,Tier 2,Hybrid
31,94082,12.0,12,5.9,7,10,39,1,122434,500,6,7,4,5,9,5,10,2,1,8,3,Female,Tier 3,Online
36,117739,7.6,9,4.8,5,8,42,2,25962,33253,8,8,2,5,4,7,10,4,2,9,8,Male,Tier 3,Online
28,37999,8.2,1,4.3,8,9,30,3,71097,49508,5,9,4,5,8,6,8,6,1,9,5,Female,Tier 1,Online
32,52794,10.2,11,4.5,6,10,36,8,87781,65733,7,7,2,4,8,6,9,7,5,6,7,Male,Tier 2,Online
30,132611,10.2,12,4.8,4,9,33,8,150000,54056,5,4,3,7,6,7,9,6,1,6,4,Male,Tier 1,Hybrid
33,124937,11.0,12,4.2,5,10,37,4,139532,500,8,8,4,4,5,7,8,5,1,8,3,Male,Tier 2,Hybrid
52,146967,7.7,11,3.3,7,7,16,11,101842,45707,9,9,6,8,2,4,8,9,4,10,6,Male,Tier 2,Store
47,134824,8.5,5,4.9,9,9,16,12,66177,72365,5,4,7,4,6,4,5,10,4,7,5,Female,Tier 3,Store
56,150365,8.1,10,2.7,3,6,15,8,122789,72482,9,1,1,3,4,8,7,6,1,10,4,Male,Tier 1,Store
44,77635,7.5,8,1.9,5,9,30,1,52686,11597,7,5,4,7,9,8,7,7,1,9,9,Male,Tier 3,Online
70,167383,6.8,1,0.6,1,5,7,17,54198,101848,7,1,2,6,6,8,5,8,5,1,1,Other,Tier 1,Store
58,74030,5.5,4,1.6,4,5,17,13,65389,47525,7,3,6,6,8,5,5,7,4,6,1,Female,Tier 3,Store
56,101031,3.7,11,3.9,4,8,23,12,68255,51177,7,7,1,6,9,8,10,10,6,10,3,Male,Tier 1,Store
52,224526,7.2,12,3.7,6,8,9,17,102450,145195,4,4,1,3,5,5,8,10,7,10,1,Female,Tier 1,Store
47,15000,6.0,14,2.2,8,8,6,12,16675,80624,9,9,4,7,6,5,3,5,3,6,8,Female,Tier 3,Hybrid
51,157355,3.6,12,2.9,5,7,24,11,61528,50167,4,4,5,7,4,7,5,10,4,4,4,Other,Tier 3,Store
45,101327,8.2,6,4.6,3,8,16,12,45856,59391,6,8,5,7,2,8,5,4,2,7,9,Male,Tier 3,Hybrid
63,92999,5.3,4,5.0,3,5,17,10,64047,36137,5,7,7,7,6,7,7,7,10,6,7,Female,Tier 3,Hybrid
79,108707,5.0,9,2.0,3,6,19,13,90047,81168,7,5,1,6,5,3,7,6,8,10,1,Female,Tier 1,Hybrid
29,138922,11.1,9,5.3,5,8,23,11,85379,38481,5,3,2,9,3,6,9,6,5,9,7,Female,Tier 1,Hybrid
44,162121,6.6,3,4.1,6,9,14,10,47461,111116,1,2,3,6,8,8,7,9,2,10,3,Male,Tier 1,Store
18,43170,10.8,5,6.0,9,9,33,5,101381,500,10,4,3,6,9,6,10,5,4,10,2,Male,Tier 2,Hybrid
46,108527,6.7,6,3.5,1,6,23,10,900,53596,7,0,2,5,9,5,7,9,8,3,8,Male,Tier 1,Store
42,104151,8.9,9,5.2,9,10,43,4,138396,500,7,3,7,4,7,7,4,6,9,6,7,Other,Tier 3,Online
33,147648,10.7,14,6.0,8,8,30,12,122812,37510,8,3,3,7,7,3,8,1,3,5,4,Male,Tier 3,Hybrid
27,18881,8.4,5,4.6,10,10,34,9,117274,54834,5,4,2,9,6,7,5,5,5,7,2,Female,Tier 1,Online
24,136114,11.3,4,4.7,8,10,40,5,138419,84918,4,9,4,1,10,7,8,3,4,10,3,Other,Tier 3,Online
26,93663,9.4,6,5.7,7,8,38,9,102076,80815,5,1,6,5,4,5,10,5,4,9,10,Male,Tier 3,Online
35,113499,4.5,9,3.8,6,10,22,11,58865,49619,9,2,4,6,6,7,8,4,4,9,6,Male,Tier 2,Hybrid
58,169186,5.6,11,2.7,3,6,27,11,81324,76952,7,7,7,6,6,5,4,6,1,5,5,Female,Tier 3,Store
50,112745,7.5,14,4.5,7,10,48,0,85100,500,8,6,5,6,6,4,7,4,7,4,4,Male,Tier 3,Online
45,75815,5.1,11,3.4,3,6,15,9,43327,27293,9,0,6,9,4,5,8,8,1,9,9,Female,Tier 3,Store
51,142226,5.5,6,4.4,4,7,27,13,1387,91073,7,5,6,4,3,6,10,8,6,5,10,Other,Tier 3,Hybrid
21,69898,8.1,7,4.3,8,10,25,3,87557,14274,9,5,4,10,5,8,6,1,3,5,3,Male,Tier 1,Online
34,89019,10.8,13,5.4,6,10,45,6,72239,27020,8,9,2,6,10,6,10,5,4,10,9,Male,Tier 2,Hybrid
44,155982,12.0,10,3.6,5,10,49,1,150000,26102,7,6,5,4,7,2,9,7,5,6,6,Male,Tier 3,Online
47,78757,7.7,8,3.0,5,10,42,3,120343,20944,5,8,5,4,5,8,5,5,1,8,1,Other,Tier 3,Hybrid
35,205522,8.4,6,2.3,2,10,35,3,150000,45046,4,8,4,7,2,6,5,2,7,7,5,Female,Tier 1,Hybrid
47,115502,5.6,2,4.5,4,8,15,6,45797,47400,3,5,1,6,8,7,4,1,4,6,8,Male,Tier 1,Store
40,162183,8.6,9,3.6,10,10,46,4,124230,29145,8,7,7,5,5,7,5,4,3,5,8,Other,Tier 2,Hybrid
18,60530,8.4,4,4.2,8,7,41,0,96020,43834,7,7,7,5,8,4,10,3,1,9,1,Other,Tier 3,Hybrid
64,117369,1.5,4,0.8,5,3,0,13,28127,25587,7,1,3,6,1,4,6,7,5,8,5,Other,Tier 2,Store
46,103923,6.0,10,4.2,8,8,28,16,63284,104356,9,2,5,7,5,9,8,8,6,9,9,Other,Tier 2,Store
38,94935,7.9,5,4.8,6,10,34,7,39187,63036,7,8,4,6,8,6,4,8,3,5,6,Female,Tier 2,Hybrid
41,98881,10.8,9,4.5,7,10,28,11,71483,56836,9,8,3,6,9,6,8,7,5,7,6,Female,Tier 3,Hybrid
23,45752,11.9,5,4.7,7,10,40,1,99500,500,5,9,5,6,6,8,8,2,1,9,1,Other,Tier 1,Online
38,61100,5.8,14,3.3,8,8,34,5,92582,19478,9,4,4,3,9,7,3,7,4,5,7,Male,Tier 3,Hybrid
18,81020,8.5,4,4.7,6,10,45,2,150000,500,8,5,6,4,10,7,7,6,3,8,1,Other,Tier 3,Online
73,114862,3.2,10,4.2,5,7,13,16,97112,5794,6,1,7,7,9,7,5,9,9,8,3,Male,Tier 3,Store
73,113756,5.1,1,0.7,3,5,14,11,5417,118349,4,5,1,2,5,4,3,7,7,10,5,Other,Tier 2,Store
44,106275,7.0,8,3.1,9,9,27,6,127743,39684,6,9,4,7,7,8,10,4,5,6,9,Male,Tier 2,Online
72,33123,3.2,7,1.7,3,6,21,12,64056,8486,8,4,4,5,6,6,4,7,10,1,6,Male,Tier 3,Store
52,112345,5.1,9,2.5,10,8,14,8,32090,26095,9,6,4,8,2,4,6,7,5,8,9,Female,Tier 2,Hybrid
35,149470,8.6,10,3.6,4,8,37,7,74846,38053,7,9,5,8,8,5,7,7,4,7,3,Female,Tier 3,Hybrid
59,88686,9.1,11,1.5,9,10,24,12,38825,42805,7,9,1,4,7,9,1,9,4,7,3,Male,Tier 2,Hybrid
57,156143,5.7,9,1.8,3,4,16,11,61035,73847,7,3,2,7,6,4,4,7,8,8,6,Other,Tier 2,Store
67,111049,6.7,3,1.2,3,7,16,7,116803,43663,5,5,4,4,7,7,6,4,6,6,3,Male,Tier 1,Store
30,217881,6.3,13,5.7,3,5,8,17,80381,63324,3,1,2,2,5,9,9,6,2,2,5,Female,Tier 1,Store
63,112273,4.9,12,2.4,4,5,1,18,73622,104654,6,5,5,7,9,4,6,9,6,3,8,Female,Tier 2,Store
45,90305,7.3,11,5.3,7,8,21,7,28219,88755,5,5,3,3,7,3,10,6,6,3,6,Female,Tier 1,Hybrid
18,82456,10.2,6,5.8,10,9,29,8,45458,70004,7,6,4,9,1,5,10,1,4,10,5,Male,Tier 1,Online
18,150311,8.9,1,4.6,8,10,41,5,93522,94095,2,9,3,3,7,6,6,5,2,10,4,Female,Tier 1,Store
37,97372,7.8,10,5.0,7,7,36,6,33056,36673,8,9,3,7,6,5,8,6,1,3,6,Other,Tier 2,Hybrid
42,78403,10.6,7,3.3,6,10,41,9,123233,41522,5,5,3,5,9,7,4,5,7,6,8,Female,Tier 2,Hybrid
52,150293,5.3,9,2.6,5,5,21,10,81054,74511,4,2,4,5,7,4,6,9,3,5,5,Female,Tier 1,Store
79,109066,6.3,14,0.0,2,1,0,12,11168,71291,7,2,3,8,6,3,3,10,8,8,5,Male,Tier 2,Store
24,88261,10.0,2,6.0,5,8,24,11,46594,78820,5,5,6,6,7,8,10,4,1,10,6,Other,Tier 3,Hybrid
18,23237,10.0,1,5.4,4,10,43,5,68090,500,7,4,2,7,9,5,9,5,1,8,6,Male,Tier 1,Hybrid
53,138964,6.9,6,3.2,8,7,24,10,118368,56410,4,1,6,6,4,7,8,9,3,10,5,Female,Tier 1,Store
38,18758,7.2,8,4.9,2,10,32,10,119376,500,7,7,4,8,9,6,10,10,3,7,5,Male,Tier 3,Store
52,160436,8.0,7,3.8,6,10,27,12,99454,115244,5,2,2,5,4,7,4,6,8,7,7,Female,Tier 1,Store
39,127627,5.5,14,5.7,4,10,35,10,77353,28961,5,5,3,7,4,3,10,3,2,9,4,Female,Tier 1,Store
18,71704,12.0,8,5.7,7,9,49,2,127973,500,7,5,6,8,6,4,10,5,7,10,6,Male,Tier 3,Hybrid
43,184793,8.4,5,2.6,5,10,34,2,123606,23195,8,4,2,4,8,7,4,2,5,9,7,Female,Tier 1,Hybrid
56,133202,7.3,1,3.2,6,10,44,5,86675,117377,1,9,1,8,10,4,2,4,4,8,6,Male,Tier 2,Hybrid
48,179908,8.2,14,4.3,7,9,39,11,147491,50370,5,5,5,5,6,5,6,6,2,6,2,Other,Tier 2,Hybrid
18,95001,6.3,3,4.6,7,9,30,5,116730,47691,8,8,3,4,4,7,8,4,1,9,3,Female,Tier 2,Hybrid
40,71724,9.6,13,2.2,8,8,19,9,53117,71236,7,6,4,4,7,4,5,7,8,5,7,Male,Tier 3,Hybrid
58,65577,5.1,5,3.5,5,2,10,9,42390,7275,10,4,6,10,4,2,7,6,8,4,8,Female,Tier 3,Store
33,111179,7.5,10,2.5,8,8,35,8,83337,52039,10,5,2,6,8,8,6,3,7,7,9,Male,Tier 2,Hybrid
26,57544,9.5,11,5.4,5,10,27,8,47637,57653,6,6,4,7,8,7,10,7,2,10,4,Male,Tier 3,Hybrid
34,145387,9.9,7,5.6,7,9,36,2,109113,47529,6,9,1,5,8,9,10,7,4,3,6,Female,Tier 2,Online
49,126519,6.7,10,2.4,6,5,10,15,33318,75678,5,3,5,3,7,5,9,10,7,5,6,Female,Tier 3,Store
34,19477,6.9,10,5.0,4,6,25,9,25010,18427,3,2,2,3,9,7,7,5,7,10,8,Male,Tier 2,Store
44,113288,9.2,9,6.0,2,7,27,5,85955,500,5,0,6,10,9,4,10,7,3,8,3,Female,Tier 3,Store
45,84317,10.1,3,2.3,9,10,49,2,126661,65552,5,5,6,5,2,5,8,6,3,4,9,Other,Tier 3,Online
42,113361,7.3,5,3.1,3,6,17,8,149915,71067,5,5,5,8,4,2,8,9,8,9,8,Other,Tier 3,Store
27,120221,8.7,8,6.0,3,8,34,14,100914,86898,8,5,1,7,6,8,9,5,4,7,7,Male,Tier 1,Hybrid
19,15000,12.0,5,4.1,5,10,49,4,44196,26920,9,8,3,6,7,7,10,4,1,7,2,Female,Tier 2,Online
34,132316,8.6,10,3.3,1,8,26,4,56860,500,4,8,1,5,7,7,3,3,5,6,4,Female,Tier 1,Hybrid
79,77619,5.9,6,0.0,4,6,14,17,102525,87327,5,2,6,4,5,5,3,10,7,7,4,Female,Tier 2,Store
70,15000,4.8,2,2.3,6,7,8,13,900,89509,8,2,4,7,4,6,3,7,6,5,1,Female,Tier 2,Store
42,175446,2.8,9,1.7,3,3,10,13,47110,142212,7,2,2,3,2,3,3,9,2,8,9,Female,Tier 1,Store
49,117341,9.6,6,2.4,7,10,35,5,77549,46377,8,3,4,5,10,10,3,5,8,6,1,Female,Tier 2,Online
47,126300,5.7,12,3.9,8,8,36,10,112351,71076,9,4,4,5,8,10,6,5,8,9,7,Other,Tier 1,Hybrid
38,161269,5.9,6,5.0,3,10,28,10,121757,84889,7,6,5,2,5,7,8,8,1,2,4,Female,Tier 2,Store
68,138879,3.5,5,1.6,5,4,21,11,53297,47645,7,4,4,4,4,4,7,7,7,5,5,Other,Tier 3,Store
62,126162,2.1,3,0.9,3,2,0,16,1604,73568,7,1,3,6,5,8,6,9,7,7,1,Other,Tier 3,Store
31,138147,7.6,7,4.6,4,10,27,6,63088,50318,7,4,2,5,4,7,9,8,4,10,5,Female,Tier 2,Hybrid
35,166844,7.8,6,5.0,6,9,37,7,145773,56821,7,5,6,4,4,9,7,5,1,10,9,Male,Tier 2,Hybrid
20,126072,7.1,4,5.9,7,7,19,15,103241,43203,6,8,3,4,2,6,9,6,5,8,2,Female,Tier 2,Store
26,185932,12.0,10,6.0,5,10,41,0,139663,16922,4,5,6,5,3,7,10,4,2,10,8,Female,Tier 3,Online
63,64331,3.1,7,0.3,4,4,4,14,86831,23344,6,3,1,7,5,10,4,10,4,8,5,Female,Tier 1,Store
23,136131,8.3,6,4.4,7,9,32,4,50365,22587,8,7,7,5,3,8,8,2,3,9,3,Male,Tier 3,Online
29,189693,12.0,7,5.0,5,9,42,3,125937,500,4,5,2,8,6,5,6,2,4,10,5,Female,Tier 1,Online
51,154131,9.4,13,4.1,6,10,32,0,68573,544,4,4,5,4,9,9,8,4,5,9,6,Female,Tier 2,Online
35,115942,7.5,11,3.5,4,9,19,6,89444,46634,7,5,4,7,4,3,8,8,4,8,5,Female,Tier 2,Store
52,231116,12.0,6,4.6,7,8,32,7,126593,82899,4,4,4,7,7,3,7,6,2,4,5,Male,Tier 2,Hybrid
27,178139,11.2,5,5.5,5,9,28,3,102019,500,6,6,4,6,6,10,10,2,2,7,8,Male,Tier 1,Online
32,95877,9.1,9,4.9,4,7,29,12,27395,79696,5,7,6,8,5,8,8,9,6,6,6,Female,Tier 1,Store
36,178598,8.6,14,4.8,6,9,29,7,46054,126199,5,9,7,5,7,3,5,3,1,8,7,Other,Tier 3,Store
61,125733,5.3,4,1.1,3,9,9,8,41551,42614,6,0,1,2,3,6,7,8,6,8,4,Male,Tier 2,Store
29,63357,11.1,7,6.0,4,5,23,9,65526,55720,5,0,4,7,5,6,8,9,5,8,2,Female,Tier 2,Store
42,15000,7.0,10,4.9,8,10,43,10,50814,40579,8,3,5,5,7,7,9,4,4,10,8,Female,Tier 2,Hybrid
66,195409,5.2,10,1.2,6,5,20,4,69511,39513,5,2,4,5,7,5,2,6,3,7,4,Female,Tier 1,Store
79,68569,6.7,1,3.5,5,4,17,12,79265,76520,9,5,2,7,1,4,3,10,5,5,3,Male,Tier 2,Store
66,194093,5.1,8,3.1,3,7,35,8,64999,145092,5,8,5,6,9,6,9,9,5,6,2,Female,Tier 1,Store
36,82065,6.3,6,5.7,1,5,14,14,36676,87082,10,4,3,7,5,6,10,9,3,10,6,Male,Tier 3,Store
29,84396,8.2,10,4.0,6,9,30,14,71957,93820,10,5,6,7,8,7,10,4,2,6,9,Female,Tier 2,Online
44,69562,10.5,3,3.4,5,8,39,9,103586,500,4,9,6,8,10,2,9,7,4,9,6,Other,Tier 2,Hybrid
33,81356,6.0,8,4.4,2,8,30,5,47786,43098,4,3,6,8,1,6,10,8,3,10,7,Female,Tier 2,Hybrid
42,225542,7.0,6,3.1,10,10,37,5,101275,30336,4,5,4,5,5,4,6,6,1,7,5,Female,Tier 2,Online
50,61822,6.0,9,2.7,5,6,17,11,43980,52257,8,5,4,7,4,3,8,9,6,5,7,Male,Tier 3,Store
44,122568,7.8,6,1.8,4,5,13,18,47474,110369,6,6,4,9,4,5,5,6,4,8,7,Female,Tier 1,Store
79,15000,4.2,3,2.5,3,4,11,10,900,82163,6,4,4,4,7,5,7,8,9,10,5,Male,Tier 3,Store
27,153004,8.7,14,6.0,6,10,33,10,110065,55017,2,2,6,6,10,8,8,2,3,10,6,Other,Tier 2,Hybrid
57,133006,8.2,8,4.3,4,7,21,10,87797,105127,6,7,3,3,4,5,4,4,5,7,3,Male,Tier 2,Store
43,60508,8.4,1,4.4,7,10,35,4,40535,41394,6,6,5,6,8,9,9,5,1,6,5,Female,Tier 3,Hybrid
65,103802,6.6,10,2.8,6,6,20,9,47713,8340,7,4,5,2,9,6,6,6,5,6,4,Female,Tier 3,Store
57,168927,7.8,11,3.8,7,10,32,7,150000,83036,6,6,6,6,6,9,7,5,8,6,3,Other,Tier 3,Hybrid
67,197391,3.3,5,0.0,3,5,5,9,122483,47314,2,1,5,4,4,3,4,9,5,5,3,Female,Tier 2,Store
51,224273,5.3,5,1.6,8,6,17,13,96733,105745,4,5,4,5,7,8,7,8,6,7,8,Male,Tier 1,Store
36,158083,10.7,7,4.5,8,10,40,10,150000,20049,9,6,4,4,7,9,5,5,3,9,7,Female,Tier 2,Online
49,77045,6.1,3,4.1,7,10,22,10,92718,60893,4,4,4,8,8,8,7,5,6,5,7,Male,Tier 2,Store
46,213581,6.3,5,4.2,2,5,15,9,77124,43859,4,5,4,2,5,3,7,9,7,7,6,Other,Tier 1,Store
29,46752,9.2,7,5.7,6,10,36,6,96562,73617,7,5,2,7,8,7,8,4,1,8,9,Female,Tier 1,Online
38,106820,5.1,5,4.2,7,8,9,17,70454,26025,6,4,3,10,4,7,8,6,3,5,8,Other,Tier 1,Store
46,143114,6.1,6,3.4,5,9,27,16,68757,71144,7,5,2,6,8,9,8,6,4,1,8,Other,Tier 1,Store
40,88855,5.8,11,2.9,5,6,24,6,44191,55788,5,5,7,6,6,7,9,1,3,9,7,Male,Tier 3,Hybrid
43,163210,8.5,7,6.0,6,10,43,10,79006,105410,8,2,4,4,6,4,9,5,5,8,7,Other,Tier 1,Hybrid
33,154419,9.1,8,3.9,8,10,37,2,150000,44601,3,4,4,5,10,9,7,2,2,10,4,Male,Tier 1,Hybrid
23,99176,8.4,4,3.5,8,8,32,4,150000,74794,5,2,6,8,6,6,8,5,4,8,2,Female,Tier 3,Hybrid
64,104522,5.8,8,3.8,5,7,23,5,84671,38961,7,9,4,6,7,2,7,7,8,7,3,Male,Tier 3,Store
24,121043,8.0,1,4.6,6,7,20,14,117101,73292,10,5,5,5,4,6,8,6,1,6,1,Male,Tier 2,Hybrid
61,147654,7.7,4,2.2,7,4,8,13,48038,99728,6,6,6,6,8,6,5,10,4,4,7,Female,Tier 3,Store
63,138960,6.7,2,3.5,5,5,12,17,32488,101954,9,8,6,10,5,4,5,7,10,3,3,Male,Tier 3,Store
59,154491,7.1,7,3.6,3,7,16,6,99275,78166,1,7,1,7,7,3,7,7,6,8,3,Male,Tier 2,Store
56,132475,7.4,14,2.6,4,8,25,10,150000,129299,4,4,4,5,6,7,4,5,7,6,8,Other,Tier 2,Store
35,81262,5.1,4,4.5,6,8,23,13,54526,83082,6,8,6,8,3,5,9,5,5,10,9,Female,Tier 3,Online
33,80642,11.9,6,4.9,5,9,45,6,102335,8971,5,4,6,3,6,9,9,5,4,8,3,Other,Tier 2,Hybrid
69,117549,3.5,1,3.7,2,1,8,17,62644,70225,7,6,4,3,4,5,9,10,8,2,3,Female,Tier 3,Store
62,134595,5.6,1,2.4,8,7,15,12,69374,500,3,2,3,5,3,7,5,6,5,5,7,Female,Tier 3,Store
77,114908,2.3,10,0.0,3,3,14,6,68424,32498,6,5,1,4,6,5,4,7,8,6,9,Other,Tier 2,Store
27,117465,7.7,4,5.1,8,7,24,11,104001,99593,3,4,5,7,5,7,10,4,3,2,5,Other,Tier 3,Store
55,162485,7.2,5,0.7,5,5,19,9,73681,75822,3,2,2,4,3,6,4,6,4,10,5,Male,Tier 2,Store
41,147981,7.3,4,5.8,3,9,36,5,85271,103026,8,2,4,4,7,3,9,9,5,10,9,Male,Tier 2,Hybrid
58,130447,8.1,10,2.0,3,5,13,4,36527,42287,5,4,6,1,5,4,5,9,4,8,3,Male,Tier 3,Store
69,191824,5.7,12,0.8,4,5,4,15,72159,49528,6,2,5,5,3,9,6,7,8,7,6,Male,Tier 2,Store
78,51387,6.8,11,4.0,4,6,19,9,90379,17766,4,2,1,7,3,5,8,3,4,9,3,Male,Tier 1,Store
38,172585,6.7,3,5.9,7,8,20,10,129489,78991,3,6,5,7,7,8,10,5,1,10,6,Female,Tier 2,Store
53,99469,4.6,11,4.7,6,5,6,18,5865,97269,6,4,3,5,3,5,10,7,5,4,8,Other,Tier 1,Store
54,44821,4.1,8,2.4,4,6,14,14,29268,91349,8,4,5,5,5,3,4,7,3,5,3,Other,Tier 3,Store
47,95836,6.9,8,1.8,3,4,16,10,116323,49714,7,3,4,6,10,5,6,3,8,6,7,Female,Tier 1,Store
46,238580,3.3,5,2.9,6,8,18,8,122596,115439,4,3,4,1,4,7,7,3,5,7,5,Female,Tier 1,Store
47,113929,10.4,11,5.1,5,5,34,0,78034,12686,10,8,7,7,6,1,7,5,4,8,8,Female,Tier 3,Hybrid
18,48540,9.0,1,5.7,6,10,30,6,75475,65090,8,3,7,9,6,9,9,3,1,6,7,Other,Tier 3,Store
34,93577,9.2,12,5.2,6,8,23,7,24499,500,8,1,6,4,7,7,7,4,4,5,8,Female,Tier 3,Hybrid
54,34795,4.3,4,4.4,7,7,29,8,900,23621,8,7,5,8,10,4,6,4,4,6,4,Male,Tier 2,Store
38,27292,6.2,11,6.0,10,9,29,10,34121,52016,7,3,4,7,9,7,10,8,6,6,10,Female,Tier 2,Hybrid
66,117926,3.1,2,2.4,1,4,0,11,1340,99913,6,6,5,6,4,6,9,7,8,6,3,Male,Tier 2,Store
59,126538,2.7,14,2.9,2,3,0,19,54995,85267,7,7,5,5,6,9,4,6,7,10,4,Female,Tier 2,Store
57,120215,9.2,5,3.1,5,7,26,19,55455,96613,4,4,5,5,2,6,4,10,3,4,2,Female,Tier 1,Store
77,144714,6.0,3,0.4,2,3,6,13,127907,53341,5,3,2,1,3,5,4,5,8,3,3,Male,Tier 2,Store
39,61808,9.2,14,5.3,6,5,25,3,80833,500,9,6,4,8,4,7,6,5,2,10,7,Female,Tier 1,Store
38,191167,7.5,13,5.4,3,6,20,9,90425,67957,4,2,4,7,7,3,10,1,3,7,7,Female,Tier 1,Store
33,115883,6.8,11,5.3,9,10,36,3,83466,55178,7,8,5,6,10,5,10,6,6,3,5,Male,Tier 3,Store
47,102512,10.0,4,4.4,4,7,43,6,85624,500,7,5,6,6,10,2,8,6,6,3,2,Male,Tier 2,Hybrid
61,148359,6.5,7,1.9,7,7,21,12,131999,97428,4,6,5,3,3,7,7,10,9,9,7,Male,Tier 2,Store
48,134549,8.2,11,6.0,4,6,21,8,115448,112969,8,5,6,6,5,4,6,6,6,5,10,Female,Tier 3,Store
58,58873,10.6,2,4.3,1,5,26,7,85037,76958,7,5,4,7,4,5,8,8,5,6,5,Male,Tier 2,Store
40,145081,7.2,7,4.0,10,8,24,7,74563,105726,7,7,5,4,4,6,3,5,2,5,6,Male,Tier 3,Hybrid
31,134945,8.9,11,3.7,8,6,16,13,141285,50862,6,1,5,4,4,7,10,6,1,10,8,Female,Tier 3,Store
51,101038,8.0,14,2.4,8,10,45,7,129905,68873,4,2,2,3,10,8,6,4,8,8,8,Male,Tier 3,Online
50,50066,4.8,9,4.1,6,10,39,5,38389,39532,6,9,4,9,8,5,9,5,3,7,10,Other,Tier 1,Hybrid
56,141057,5.6,5,2.4,5,7,20,2,55451,72410,5,5,1,3,2,6,5,8,8,7,4,Other,Tier 1,Hybrid
78,18129,7.6,6,0.5,6,4,0,14,900,64094,8,5,4,9,5,3,4,10,10,7,4,Male,Tier 2,Store
59,201897,4.5,10,2.2,6,5,23,8,143268,75234,5,4,5,7,7,5,4,6,8,6,1,Female,Tier 2,Store
79,40166,4.1,1,0.6,3,4,0,19,6208,85029,7,3,4,8,1,2,7,9,6,5,2,Male,Tier 2,Store
61,112889,4.5,11,1.9,4,3,0,19,15085,105081,5,4,7,9,1,6,7,8,8,6,1,Female,Tier 3,Store
37,115292,5.8,8,5.5,9,9,23,8,54894,65120,5,5,4,5,7,4,8,4,6,9,6,Male,Tier 2,Online
70,103992,2.2,1,1.5,7,3,0,13,51033,30040,8,3,4,6,8,6,5,9,3,8,5,Male,Tier 1,Store
54,159603,7.5,10,2.0,4,10,30,11,97519,38447,3,4,3,3,5,4,7,7,7,7,5,Female,Tier 1,Hybrid
45,182918,4.6,13,3.2,3,7,14,19,62172,139866,7,2,1,7,2,5,4,6,2,6,6,Male,Tier 1,Store
26,137490,8.0,9,3.2,5,10,40,0,150000,23352,7,4,3,6,8,6,10,2,1,6,6,Other,Tier 1,Online
59,181511,5.3,10,2.8,3,3,11,9,61922,48812,7,2,2,4,6,1,4,7,7,8,3,Female,Tier 1,Store
55,114892,8.3,9,2.0,5,5,14,11,87530,68752,6,4,3,4,2,4,2,2,2,6,10,Female,Tier 1,Store
44,117825,10.3,2,6.0,8,10,49,6,149865,29751,3,4,2,7,10,5,7,8,9,9,6,Male,Tier 2,Hybrid
41,171210,6.3,7,4.5,4,8,27,11,95909,122864,8,3,5,7,7,5,4,6,4,10,6,Other,Tier 1,Hybrid
23,82749,11.6,6,4.0,4,10,39,5,42836,58846,6,6,3,5,5,8,6,3,1,10,4,Male,Tier 1,Online
78,74633,3.3,4,1.1,2,4,11,11,7165,27033,8,4,4,4,4,8,4,10,6,5,5,Male,Tier 3,Store
48,135732,6.1,7,2.1,7,6,29,1,124522,63154,7,7,3,10,4,5,7,4,3,7,6,Male,Tier 2,Hybrid
33,102401,5.2,13,3.6,9,9,25,7,50007,26396,7,3,4,6,8,6,8,7,3,7,4,Male,Tier 2,Store
61,118492,3.4,1,2.5,4,5,0,17,40322,63470,8,5,5,5,4,2,6,9,5,6,3,Female,Tier 3,Store
60,160638,6.1,6,4.6,5,9,29,13,84404,29188,4,1,1,6,3,5,8,9,10,9,1,Other,Tier 1,Store
59,87564,6.0,7,3.1,6,8,21,6,52963,50746,6,3,6,5,10,7,7,7,5,5,1,Female,Tier 2,Store
36,103711,5.0,6,3.8,3,6,28,11,87113,108336,7,6,6,6,9,2,3,5,5,8,5,Male,Tier 3,Store
51,150831,5.9,5,2.1,4,5,10,8,70649,72202,10,5,4,6,7,6,3,9,4,4,10,Male,Tier 1,Hybrid
30,136777,11.1,7,2.7,8,10,47,0,98324,46613,2,9,5,6,7,8,10,1,4,10,5,Female,Tier 2,Online
54,165448,7.9,7,3.1,6,10,45,2,150000,34871,4,8,4,5,6,6,5,2,8,10,5,Male,Tier 2,Online
50,174020,7.7,6,2.9,4,6,28,0,83888,38225,4,5,7,7,7,10,7,3,6,7,7,Male,Tier 1,Hybrid
32,116745,9.3,10,4.5,7,10,44,1,150000,500,8,7,5,5,5,10,6,5,3,8,5,Male,Tier 2,Online
19,27475,6.9,3,2.6,8,10,34,0,103425,500,8,9,4,10,5,9,9,3,1,8,3,Male,Tier 1,Online
18,35897,7.6,3,6.0,5,9,42,9,101925,23082,6,4,6,8,10,7,10,6,5,6,8,Male,Tier 3,Hybrid
73,41796,4.8,5,3.2,4,4,11,19,34504,61763,8,2,3,10,5,2,6,8,7,5,4,Other,Tier 3,Store
55,172897,4.7,3,3.0,3,8,14,14,114987,67227,5,3,7,6,6,7,6,4,8,9,7,Female,Tier 3,Store
43,101249,12.0,8,3.3,5,10,42,6,96489,102552,5,5,4,3,5,8,8,6,3,10,10,Female,Tier 1,Online
54,179247,6.0,8,4.0,5,3,12,13,70132,97637,5,3,3,6,3,5,6,7,6,10,7,Female,Tier 2,Store
36,188498,8.3,7,3.0,6,10,49,4,150000,67211,1,5,7,4,8,6,9,6,1,10,4,Female,Tier 3,Online
51,150852,7.4,5,5.1,3,10,35,15,94446,94370,8,3,5,7,7,8,9,10,5,3,8,Male,Tier 2,Hybrid
51,76930,4.0,7,3.8,9,6,25,7,76184,500,8,6,5,6,7,1,7,6,8,4,6,Male,Tier 3,Store
50,53736,5.6,6,3.1,2,3,8,10,74346,89313,8,9,5,5,5,6,7,5,1,8,5,Female,Tier 3,Store
29,136368,9.2,14,4.9,4,10,40,7,110766,111359,6,2,3,6,7,7,10,7,3,8,10,Female,Tier 2,Online
49,123783,9.4,7,3.8,9,7,35,4,78183,47263,9,8,3,3,4,7,7,6,2,2,8,Female,Tier 2,Hybrid
63,138580,8.7,7,3.5,4,8,34,10,150000,88627,5,9,2,5,4,3,3,8,3,10,1,Female,Tier 1,Hybrid
60,191650,5.9,6,4.1,6,6,9,11,86100,67229,10,5,3,4,4,9,8,10,5,4,5,Male,Tier 1,Store
28,86185,12.0,7,4.3,7,10,49,2,115137,48381,5,5,5,7,5,10,7,6,5,10,6,Male,Tier 2,Online
37,156604,9.8,13,5.9,7,9,27,14,120349,71314,6,6,6,5,6,8,8,5,1,10,4,Female,Tier 3,Hybrid
51,245688,3.6,7,2.6,8,8,11,17,136813,150000,6,1,1,6,6,5,6,6,4,7,10,Male,Tier 1,Store
26,72409,6.7,7,2.4,7,10,22,0,23580,23471,7,4,4,5,9,6,6,3,3,5,6,Other,Tier 2,Online
46,93335,9.3,14,4.6,5,10,31,10,80944,48042,7,6,3,5,8,9,9,3,9,6,4,Female,Tier 3,Store
61,129390,6.5,8,2.5,3,6,11,7,33305,57895,6,4,4,6,6,2,1,8,3,7,8,Male,Tier 2,Store
39,165663,6.2,9,5.2,5,4,14,9,74134,90682,6,3,5,4,3,1,9,4,3,6,8,Male,Tier 3,Store
54,98622,11.0,14,3.7,3,9,31,5,109202,113278,10,7,4,6,2,8,4,8,4,10,10,Male,Tier 1,Store
54,149020,5.2,4,2.1,2,9,16,12,85627,23957,6,5,3,5,5,8,4,9,9,8,4,Female,Tier 1,Store
32,121222,8.2,10,4.8,7,9,27,2,52723,58957,2,9,5,4,7,8,10,5,9,5,8,Female,Tier 3,Hybrid
33,131552,8.6,6,6.0,7,7,32,0,60353,54697,5,4,3,3,8,8,9,3,4,5,7,Other,Tier 2,Online
28,55147,8.6,14,2.0,7,8,34,5,107278,39173,8,2,3,6,8,10,6,8,2,8,10,Male,Tier 2,Hybrid
76,64221,6.2,4,0.1,6,6,16,14,103199,96825,6,4,6,5,4,7,2,6,8,5,3,Female,Tier 2,Hybrid
27,138086,12.0,4,4.4,5,10,39,13,51996,73860,5,6,5,4,7,9,6,9,2,10,9,Female,Tier 1,Hybrid
58,141607,3.4,7,2.0,6,5,12,16,50607,76770,7,3,5,4,4,5,9,4,9,7,4,Male,Tier 1,Store
45,132784,6.7,1,1.8,5,6,1,9,36946,22756,5,3,5,8,5,2,6,5,5,7,4,Other,Tier 2,Store
24,174413,6.9,1,6.0,5,7,37,3,150000,90087,3,0,4,5,7,10,10,1,6,9,3,Female,Tier 1,Online
64,105178,4.9,2,1.3,5,5,18,7,46958,29287,5,4,3,4,8,4,5,4,5,9,3,Female,Tier 3,Store
18,60402,9.4,2,4.7,7,9,31,0,16388,32453,5,1,5,5,6,7,4,1,4,10,4,Female,Tier 3,Online
35,201883,4.2,11,3.9,1,5,0,15,94043,94496,4,4,6,4,3,6,10,7,3,10,8,Other,Tier 2,Store
55,171832,8.2,6,3.5,6,7,34,9,127712,41190,3,8,1,1,8,3,4,7,4,4,4,Other,Tier 1,Store
28,70989,11.8,10,6.0,5,10,36,9,75683,38166,10,6,5,1,10,5,10,5,1,4,10,Other,Tier 2,Hybrid
77,37179,4.5,7,2.1,7,8,23,7,46186,32470,7,5,3,6,3,6,6,8,10,10,5,Other,Tier 2,Store
53,33148,5.6,6,3.1,3,7,30,2,33635,500,10,8,2,6,10,7,7,6,4,8,8,Male,Tier 2,Store
47,101405,7.6,4,3.4,7,7,28,7,92393,49914,3,4,4,3,10,6,6,6,5,6,7,Male,Tier 3,Hybrid
34,209245,10.9,14,6.0,7,10,37,4,150000,94824,4,7,2,5,4,8,10,3,4,9,5,Male,Tier 1,Online
40,94904,8.9,5,5.9,5,8,34,10,40797,70345,3,6,6,7,8,3,7,5,4,7,5,Female,Tier 2,Hybrid
59,110612,4.1,4,4.5,3,6,13,10,35116,54140,4,6,5,5,6,5,6,6,5,6,1,Male,Tier 3,Store
40,215914,7.7,6,4.2,7,7,26,10,125290,95488,3,3,6,6,5,6,7,8,3,5,7,Male,Tier 2,Store
73,15000,4.6,7,2.3,1,4,14,6,21833,15782,8,3,6,9,1,5,4,7,9,6,4,Male,Tier 3,Store
39,156934,8.8,14,4.2,6,8,32,6,73836,500,6,9,4,8,8,5,9,7,4,10,8,Female,Tier 2,Store
41,202368,5.1,14,2.5,2,10,34,2,135776,56516,8,8,4,1,8,10,3,7,3,9,6,Female,Tier 2,Store
43,83604,7.3,7,4.0,6,10,47,2,118352,46412,7,8,4,8,10,6,6,3,5,6,2,Other,Tier 1,Online
37,77456,3.8,5,4.6,8,8,12,19,23765,101281,8,2,5,7,8,3,5,9,5,10,6,Female,Tier 3,Store
58,85692,7.6,8,2.0,5,7,23,10,92065,40309,3,3,7,5,5,9,6,8,4,6,4,Other,Tier 3,Hybrid
56,141881,6.8,8,4.1,5,7,18,15,72733,82060,7,8,3,10,5,5,9,8,8,4,4,Female,Tier 2,Store
30,151483,8.2,9,5.0,5,10,30,12,92382,140413,7,8,2,4,10,6,10,4,2,5,10,Other,Tier 3,Store
25,59702,4.9,7,5.9,6,8,32,11,86844,45269,8,9,4,5,6,4,7,8,2,6,9,Male,Tier 3,Store
47,137020,5.6,2,4.1,8,8,36,9,70120,25618,5,5,3,4,5,9,10,4,5,10,8,Male,Tier 1,Online
42,91207,10.4,12,5.9,8,7,31,8,47485,23051,10,6,4,7,1,6,10,8,7,7,5,Male,Tier 3,Hybrid
42,143547,10.2,7,5.0,7,10,29,7,92103,52506,4,6,4,8,7,10,10,7,2,10,6,Female,Tier 2,Hybrid
77,154468,2.8,1,0.9,3,5,0,15,47119,71651,3,2,4,6,1,6,3,10,9,7,4,Male,Tier 3,Store
61,89666,2.9,1,1.6,1,4,9,13,900,29919,9,3,5,9,8,6,7,8,7,8,8,Male,Tier 3,Store
69,102914,4.3,5,1.5,3,4,11,9,900,65528,7,5,4,3,5,6,5,10,7,5,7,Male,Tier 2,Store
60,72983,6.7,9,2.6,2,8,22,8,76751,99129,7,0,2,8,5,7,5,6,5,5,4,Male,Tier 2,Hybrid
33,135575,7.5,12,3.6,7,7,14,11,109697,45847,2,2,3,8,1,7,6,8,3,7,6,Female,Tier 1,Store
20,40327,11.9,7,5.7,10,10,43,6,84987,41984,10,3,4,2,7,7,9,5,5,6,7,Other,Tier 2,Online
37,106355,7.7,6,5.3,4,9,41,11,131344,93855,9,6,3,7,4,6,7,6,1,10,10,Male,Tier 1,Store
44,73655,4.8,7,3.4,7,10,38,18,45678,51808,10,4,5,7,10,5,5,6,4,10,9,Male,Tier 2,Hybrid
48,158364,4.9,4,2.1,5,8,14,7,102725,53174,3,5,3,3,4,4,5,8,6,6,7,Female,Tier 1,Store
50,101702,4.4,9,3.0,5,6,0,13,41210,87607,10,1,6,4,6,8,5,7,1,7,7,Other,Tier 2,Store
50,123930,6.2,6,2.0,3,3,15,10,107064,40804,6,6,5,5,4,3,10,6,4,10,10,Other,Tier 2,Store
35,127853,6.0,10,4.9,6,7,20,14,76341,93558,8,4,7,3,7,7,8,7,4,8,3,Male,Tier 2,Hybrid
50,122848,9.4,8,4.3,5,10,37,9,127502,32891,7,9,5,8,8,6,8,6,5,5,4,Other,Tier 3,Online
38,141312,5.2,7,4.5,5,9,15,11,45988,49847,4,3,5,5,4,7,5,4,2,8,5,Male,Tier 3,Store
36,78468,9.4,12,4.8,9,10,37,0,107468,500,10,7,4,5,3,9,7,1,3,6,2,Male,Tier 3,Online
40,119332,9.4,6,2.1,4,7,26,7,43391,22613,3,4,1,5,5,6,2,8,6,10,4,Other,Tier 1,Store
62,173357,4.7,4,2.7,5,3,18,17,118385,150000,6,3,4,5,7,6,3,9,4,5,5,Female,Tier 3,Store
61,49070,6.7,11,2.1,6,5,30,9,106564,45354,4,5,7,7,6,4,5,7,6,4,4,Male,Tier 3,Store
50,72822,6.9,11,4.6,1,5,26,9,71902,34759,6,4,5,6,6,3,10,6,5,10,8,Male,Tier 2,Store
63,149522,4.3,7,3.3,5,8,29,5,150000,29921,6,7,6,4,4,6,7,10,10,8,10,Male,Tier 2,Hybrid
62,134851,4.6,1,3.9,5,5,4,13,57987,44879,5,3,4,4,1,2,4,7,7,6,6,Female,Tier 3,Store
34,97698,7.8,8,5.2,7,10,34,2,116489,79331,7,5,2,5,7,7,10,7,4,10,10,Female,Tier 1,Hybrid
55,47241,4.5,9,0.5,3,4,0,19,5742,109567,4,3,4,6,2,1,1,10,3,8,5,Other,Tier 2,Store
56,71320,6.3,12,4.2,5,7,23,11,46185,78503,5,1,7,9,8,3,10,8,5,5,6,Male,Tier 3,Store
53,129660,8.6,7,3.3,3,7,26,12,45646,94024,7,1,2,9,4,5,5,5,5,9,4,Male,Tier 1,Store
52,54669,5.2,6,1.7,6,9,26,17,69692,148366,7,4,2,7,5,2,6,7,3,8,8,Male,Tier 1,Hybrid
45,69544,10.5,12,2.0,6,8,42,7,70025,67160,8,9,5,8,10,7,8,8,6,8,5,Male,Tier 1,Hybrid
45,88074,5.7,7,3.4,5,6,16,16,13327,84933,2,3,5,5,10,4,7,9,3,2,7,Male,Tier 3,Store
51,92742,6.8,12,2.7,7,10,26,16,96612,102935,2,7,2,4,10,10,7,9,7,10,4,Female,Tier 1,Hybrid
60,142411,7.2,7,2.5,5,10,26,8,89730,94602,6,8,3,7,7,10,5,5,8,4,6,Female,Tier 1,Hybrid
44,174896,7.8,11,3.2,9,10,45,3,103399,35225,3,9,3,2,8,4,8,4,5,1,4,Female,Tier 1,Online
44,172535,5.9,8,2.0,6,8,25,11,110323,111520,6,7,4,2,2,8,5,9,4,5,8,Other,Tier 1,Hybrid
68,95624,4.6,1,3.2,2,6,13,7,73820,50410,6,0,1,8,5,6,3,10,3,10,5,Male,Tier 1,Store
44,214626,10.0,14,4.4,4,10,41,1,150000,55375,7,7,1,5,5,8,7,4,1,5,9,Female,Tier 1,Online
45,150591,7.9,8,3.7,5,7,28,2,95815,76116,6,3,2,3,9,4,5,5,4,5,6,Female,Tier 1,Hybrid
31,162297,10.6,6,5.4,3,8,47,3,108681,95208,5,7,6,3,10,4,8,2,2,4,6,Male,Tier 3,Hybrid
72,167461,1.0,7,1.4,7,6,3,14,28699,72082,8,3,3,5,4,9,3,10,6,9,6,Other,Tier 2,Store
51,144018,6.9,8,2.6,5,6,19,2,56078,27675,3,4,1,6,8,4,3,3,4,7,6,Female,Tier 1,Hybrid
57,110608,3.6,4,0.8,2,9,20,11,86000,85867,5,4,2,5,8,5,2,7,6,9,3,Other,Tier 2,Store
50,101778,6.7,6,4.9,5,8,24,8,86603,66072,4,2,5,5,10,6,5,6,7,5,8,Other,Tier 3,Store
78,126520,2.6,1,0.3,1,2,5,15,83070,73357,7,3,5,4,6,1,5,10,9,4,1,Male,Tier 2,Store
42,199009,6.9,5,4.1,5,9,39,7,150000,32502,5,9,3,5,6,5,9,6,1,10,1,Male,Tier 2,Hybrid
23,118365,9.1,2,4.2,7,8,33,1,122320,3113,8,3,4,5,8,5,9,2,3,10,4,Male,Tier 2,Online
46,148262,9.0,12,4.9,4,4,6,14,9269,82007,3,4,4,3,2,2,7,5,8,8,3,Female,Tier 3,Store
25,139293,7.5,10,4.9,8,8,30,8,137105,73717,4,7,6,3,8,7,8,5,3,10,6,Other,Tier 2,Hybrid
64,150746,5.0,9,2.8,2,6,22,3,93846,34265,5,4,3,3,9,7,5,8,3,6,3,Male,Tier 1,Store
44,144818,9.8,3,2.8,5,5,25,13,37509,79437,6,8,3,4,4,8,9,10,7,9,7,Male,Tier 2,Store
23,68476,7.8,7,4.8,6,5,23,19,79586,82048,6,0,3,8,6,7,8,7,3,6,6,Female,Tier 2,Store
58,160098,4.5,5,2.3,8,6,8,11,100857,98313,10,3,2,1,3,9,3,6,6,4,2,Female,Tier 1,Store
39,228021,9.2,5,6.0,3,5,15,19,86233,149973,6,3,2,5,2,6,10,7,4,6,5,Other,Tier 1,Store
34,40909,7.0,12,4.1,4,7,23,12,79311,12323,8,4,6,8,4,6,9,4,1,9,1,Female,Tier 3,Store
26,149824,8.1,5,5.1,8,9,43,8,150000,150000,2,7,5,5,9,5,8,2,1,7,8,Female,Tier 3,Hybrid
61,95821,2.9,4,2.2,3,5,10,11,25479,21962,6,4,5,3,8,6,3,7,6,6,1,Male,Tier 2,Store
36,114901,7.3,13,6.0,8,10,29,18,82731,143476,8,2,2,5,8,6,8,8,4,10,5,Male,Tier 2,Store
76,56829,2.9,11,3.4,1,4,17,8,53831,72132,6,3,1,6,5,7,6,10,6,8,4,Female,Tier 1,Store
27,83594,12.0,10,6.0,6,10,37,3,112565,500,6,9,5,9,2,7,6,4,5,7,5,Male,Tier 3,Online
32,98509,5.8,7,4.6,5,7,33,0,81944,500,5,4,4,5,6,7,5,4,1,10,5,Female,Tier 2,Store
39,85274,9.8,8,5.5,8,10,46,5,72862,85546,10,8,3,5,8,5,6,4,5,10,5,Female,Tier 1,Online
18,162110,8.3,3,2.6,9,10,35,0,46239,43773,7,7,5,6,4,5,6,1,3,6,8,Female,Tier 3,Online
24,37257,8.0,4,5.8,8,7,26,7,83925,42762,10,7,7,3,2,4,8,6,1,10,3,Female,Tier 3,Store
43,47725,6.9,8,3.1,4,6,18,8,82209,48901,6,4,4,7,7,5,5,7,4,4,8,Female,Tier 3,Hybrid
48,46502,8.7,4,4.9,1,6,19,12,27513,43239,7,9,6,9,8,6,10,10,3,5,4,Male,Tier 3,Store
66,182886,1.0,8,2.6,7,4,0,19,34848,81037,4,5,3,5,4,4,3,10,6,7,1,Other,Tier 1,Store
51,92481,5.8,12,3.6,5,7,9,17,61172,69414,8,8,7,8,4,6,5,9,3,8,8,Female,Tier 3,Store
18,99825,10.7,8,5.7,7,10,41,10,91692,82779,10,9,3,4,9,5,10,6,5,9,8,Male,Tier 1,Online
56,163865,7.4,10,4.4,5,8,31,8,133335,102204,6,4,4,5,4,6,9,10,6,5,1,Female,Tier 2,Store
46,177225,6.9,9,4.6,5,9,15,15,72207,111464,7,4,6,5,4,4,10,5,7,2,5,Female,Tier 3,Store
34,143383,10.1,8,4.5,8,10,49,3,137721,19777,5,6,7,5,8,8,9,6,5,6,10,Male,Tier 3,Online
59,113565,3.8,12,2.3,9,10,20,4,37883,56015,5,4,2,7,6,7,4,6,1,4,9,Female,Tier 2,Store
30,81863,5.5,10,3.7,8,7,23,2,75952,7065,8,8,4,3,9,6,6,2,1,9,6,Other,Tier 2,Store
66,130411,4.8,9,2.3,4,2,0,6,72664,57370,8,4,3,5,6,7,5,8,7,7,6,Female,Tier 1,Store
54,78475,9.2,12,3.8,4,10,35,4,29090,50988,7,5,5,7,7,6,7,3,7,6,8,Female,Tier 3,Online
25,199256,8.7,10,3.7,2,10,29,4,117881,57320,1,6,2,5,9,9,8,4,2,9,4,Male,Tier 1,Hybrid
47,140284,11.0,10,4.6,5,9,40,1,110495,54553,6,9,3,7,8,6,9,5,7,7,7,Female,Tier 3,Hybrid
37,235897,5.5,9,2.3,1,8,26,12,131342,150000,5,5,4,3,5,7,7,6,1,9,2,Other,Tier 1,Store
31,125678,7.3,6,6.0,7,9,36,7,150000,17934,6,5,2,5,6,6,10,5,5,10,7,Male,Tier 2,Online
56,155501,8.7,5,4.2,7,8,33,10,109012,117910,3,3,4,2,5,6,7,4,6,6,6,Other,Tier 2,Hybrid
66,101754,2.4,4,1.4,2,6,4,9,28661,58759,6,2,4,9,7,5,7,6,8,8,7,Female,Tier 2,Store
78,15000,4.0,10,1.7,6,5,1,13,36730,13715,10,6,4,7,4,4,3,10,7,5,6,Other,Tier 3,Store
39,128316,7.1,10,5.3,10,8,27,6,89301,77397,6,3,6,1,7,10,8,4,7,10,7,Other,Tier 1,Online
40,64207,6.4,1,1.9,6,7,20,12,900,58337,4,6,2,6,8,7,4,6,5,9,6,Male,Tier 1,Hybrid
62,36016,7.6,4,3.9,6,3,15,18,4861,75404,5,0,2,2,8,4,9,9,6,8,1,Female,Tier 2,Store
26,106641,9.4,4,5.5,7,10,43,7,72294,36704,8,7,3,2,6,7,7,10,6,10,8,Female,Tier 1,Hybrid
53,122150,9.0,12,3.7,6,10,48,2,121811,84774,5,9,6,7,8,9,9,10,8,6,8,Female,Tier 3,Hybrid
41,153575,7.8,7,6.0,6,7,12,12,73396,69204,4,0,6,6,7,10,7,9,4,4,6,Male,Tier 3,Hybrid
67,79179,4.6,7,1.1,2,10,25,15,74559,109337,7,4,5,4,3,8,7,6,3,1,2,Female,Tier 3,Store
33,101260,9.4,11,5.5,10,10,36,9,72536,60069,9,0,3,7,9,9,9,4,1,8,7,Male,Tier 1,Online
73,156053,5.6,5,1.2,6,5,9,18,47097,108006,4,4,4,8,5,4,6,10,6,2,2,Female,Tier 3,Store
47,134160,5.5,6,3.4,6,10,36,6,111072,42557,4,8,3,5,5,10,8,6,4,4,9,Other,Tier 1,Hybrid
53,53800,5.2,13,3.1,3,6,10,15,13124,78894,10,5,5,4,6,4,5,9,3,6,6,Male,Tier 3,Store
21,58147,11.8,8,6.0,6,10,43,0,96064,11328,9,8,4,3,10,6,10,6,5,10,7,Male,Tier 1,Online
48,106860,5.8,10,2.3,10,10,37,10,109582,36219,8,6,4,5,9,5,5,6,6,9,8,Female,Tier 2,Online
25,120110,7.8,14,4.2,7,10,20,15,107372,84043,5,5,4,6,9,7,8,9,3,10,8,Female,Tier 1,Hybrid
52,124137,6.8,11,3.8,8,6,21,16,62349,42176,6,3,3,2,5,4,9,9,8,5,5,Male,Tier 1,Store
46,134538,7.0,7,1.5,7,5,16,19,100330,117671,5,0,7,4,8,3,1,9,7,8,4,Female,Tier 3,Store
29,56859,8.4,12,5.2,6,10,35,7,29926,31281,7,6,4,5,5,8,5,4,4,8,10,Female,Tier 2,Online
24,124102,6.2,4,2.2,6,9,25,7,104699,49741,10,5,6,5,7,7,3,2,1,6,10,Male,Tier 3,Hybrid
50,128091,6.3,6,4.6,4,4,1,19,100827,117745,9,5,2,2,3,3,6,9,6,7,6,Female,Tier 1,Store
34,152077,10.1,9,5.6,10,8,32,8,102100,84628,2,9,4,4,5,8,9,5,3,6,10,Female,Tier 1,Hybrid
61,181385,5.2,4,3.5,6,5,4,10,56706,111520,2,1,4,6,3,5,2,8,8,6,5,Other,Tier 2,Store
61,55129,7.4,6,1.2,8,7,20,8,81635,500,6,3,7,8,6,5,1,8,6,6,5,Female,Tier 3,Hybrid
48,138339,6.8,11,4.6,7,7,23,10,113936,79045,8,5,5,3,6,6,7,8,5,8,5,Other,Tier 2,Store
36,165338,7.4,10,3.5,6,7,14,8,37596,100919,2,2,4,4,6,8,9,7,6,10,10,Female,Tier 1,Hybrid
31,86978,8.6,7,3.3,7,10,34,2,109322,500,5,7,2,7,7,3,8,6,2,7,9,Male,Tier 2,Hybrid
65,97898,8.3,3,3.2,3,9,37,6,95255,97417,7,9,4,6,8,8,5,9,5,6,2,Other,Tier 2,Hybrid
36,62645,5.8,9,1.3,9,10,36,12,98255,26068,7,5,3,6,7,7,7,6,2,5,1,Other,Tier 2,Hybrid
59,168618,6.3,13,1.9,6,7,16,7,63021,60385,4,9,7,6,8,8,5,8,9,8,3,Female,Tier 2,Store
44,156772,4.4,5,1.2,7,9,22,14,124741,43202,5,2,2,6,4,10,6,4,7,10,3,Female,Tier 1,Store
45,172647,5.5,4,3.0,4,9,32,10,96965,80023,5,7,6,5,5,9,9,8,5,8,4,Male,Tier 3,Store
51,184401,8.2,4,3.8,8,8,23,12,133182,57712,4,8,3,2,8,5,6,4,6,8,4,Female,Tier 2,Store
29,84138,7.2,4,5.0,8,6,25,9,63516,17371,5,0,7,7,6,10,7,3,3,2,7,Female,Tier 2,Store
58,15298,5.2,6,1.7,7,8,32,4,10731,17191,6,4,4,5,6,4,6,5,6,10,5,Female,Tier 3,Store
36,148924,8.3,8,5.0,3,6,24,11,67855,60283,6,7,4,2,7,4,8,9,3,6,5,Male,Tier 2,Hybrid
48,104880,4.7,9,3.1,8,5,2,19,19566,108904,7,3,3,8,2,4,6,4,7,6,5,Female,Tier 1,Store
40,124557,6.7,10,2.2,8,10,17,19,93898,103839,5,8,7,5,8,8,2,5,6,5,3,Male,Tier 3,Store
40,143231,4.0,3,3.5,6,5,21,7,132238,26506,5,2,1,5,2,4,5,7,3,9,8,Male,Tier 1,Store
23,94520,11.5,3,5.4,7,7,38,0,119076,35830,5,9,4,5,10,7,10,2,5,6,7,Other,Tier 2,Online
27,93581,9.8,11,5.8,8,10,40,2,107705,20562,5,6,3,7,8,6,10,4,1,9,8,Male,Tier 3,Online
46,196738,8.7,2,5.6,6,10,35,10,115634,48680,5,6,1,5,6,8,7,8,5,7,9,Male,Tier 1,Hybrid
46,139166,6.2,5,4.4,4,5,14,12,64884,61506,5,9,6,2,4,3,6,10,5,3,3,Female,Tier 3,Store
40,128875,9.2,2,5.1,7,10,43,8,103212,50903,6,2,1,9,8,5,9,3,3,5,4,Other,Tier 1,Hybrid
65,127508,4.2,4,3.1,3,6,14,5,58674,47324,8,4,3,5,8,6,9,6,6,6,5,Female,Tier 1,Store
58,53329,5.9,12,3.0,5,8,17,7,20874,39253,7,0,2,5,2,4,5,9,5,5,1,Other,Tier 2,Store
39,103453,5.5,6,2.7,7,10,15,10,94082,67882,10,5,4,6,5,6,8,5,2,4,8,Other,Tier 3,Store
27,117234,10.4,8,2.7,7,10,41,8,95458,79572,6,5,5,6,8,4,6,1,2,8,8,Male,Tier 2,Hybrid
41,66850,10.0,9,4.6,6,9,49,2,16888,22589,9,3,3,6,8,6,7,6,1,5,6,Female,Tier 1,Online
33,169673,11.5,9,5.5,5,10,34,8,134886,68046,4,5,4,4,7,3,9,6,3,10,3,Male,Tier 3,Online
28,154035,8.0,14,3.2,5,7,25,13,40033,76981,6,3,4,2,8,8,9,7,4,10,4,Male,Tier 2,Store
68,62058,6.6,5,4.0,1,6,13,10,11940,63610,6,0,7,4,4,5,10,9,2,8,3,Female,Tier 3,Store
42,73483,9.6,10,4.2,6,9,44,6,120188,65975,8,8,4,6,7,8,6,1,7,5,8,Male,Tier 3,Online
74,88613,7.8,5,1.8,3,8,33,3,108516,17448,8,4,6,10,6,3,5,8,7,1,5,Male,Tier 3,Hybrid
55,93318,6.6,7,3.1,6,6,31,9,46145,49369,5,3,3,9,8,6,5,10,2,6,8,Female,Tier 2,Hybrid
36,121087,8.0,12,2.4,8,10,36,12,150000,55130,6,7,2,8,3,10,4,8,5,6,8,Female,Tier 1,Hybrid
36,181334,7.5,7,1.4,6,10,36,8,99332,89072,7,9,3,7,7,9,7,2,8,7,7,Female,Tier 1,Store
47,98020,10.5,7,2.0,3,10,30,2,88180,24045,5,6,5,3,6,4,6,4,5,3,5,Male,Tier 3,Hybrid
59,50143,6.6,7,3.2,8,8,27,12,77558,3641,4,3,5,5,6,3,8,7,5,2,5,Male,Tier 3,Store
52,155893,4.4,6,2.8,6,5,16,16,134984,150000,3,6,4,2,3,1,8,7,4,3,4,Other,Tier 3,Store
39,123379,8.5,11,5.0,3,10,40,7,102944,61520,6,3,4,6,10,6,7,5,2,10,8,Female,Tier 2,Hybrid
41,20736,10.0,7,4.7,6,8,41,3,71460,20809,6,9,4,6,2,3,6,5,6,7,6,Other,Tier 2,Online
54,59539,8.2,9,3.1,5,7,15,14,55536,101644,10,4,4,7,4,4,5,6,6,9,4,Female,Tier 3,Store
66,93708,4.8,7,2.0,7,6,12,8,42831,58423,5,9,3,3,8,3,8,7,7,4,4,Other,Tier 1,Store
18,27048,8.8,6,3.5,5,6,21,7,30275,40766,9,6,4,9,8,6,9,3,8,5,4,Male,Tier 3,Store
70,42123,6.5,2,2.0,5,8,27,6,61801,11271,4,3,3,9,7,7,8,8,8,2,4,Female,Tier 2,Hybrid
61,171755,6.2,9,3.5,9,10,15,16,65789,139026,3,6,2,7,7,10,4,5,4,9,3,Male,Tier 1,Hybrid
60,146964,4.7,10,3.3,6,8,16,10,60292,93822,6,4,4,6,5,10,8,5,7,5,3,Male,Tier 1,Store
66,148542,9.1,6,3.0,2,7,28,9,83248,63927,5,7,1,3,5,6,5,8,3,5,5,Other,Tier 1,Store
54,158498,7.1,3,5.6,4,6,32,8,149688,67728,5,5,4,7,10,6,5,6,8,1,7,Other,Tier 2,Hybrid
45,150628,8.5,12,4.4,9,6,27,12,119883,101218,8,2,2,4,8,6,8,9,6,10,6,Male,Tier 1,Store
31,130484,8.4,6,5.6,6,10,42,2,129631,500,4,3,6,6,9,3,5,8,3,7,7,Female,Tier 3,Hybrid
56,154498,5.7,9,4.0,6,6,13,9,124239,65001,8,2,4,2,9,5,6,4,6,8,3,Male,Tier 2,Store
45,155663,8.4,11,3.4,10,10,30,10,55035,70659,8,7,4,6,1,5,6,5,3,7,5,Male,Tier 2,Hybrid
56,94544,6.7,3,2.3,4,7,16,7,98480,70805,8,1,4,4,9,7,4,6,5,5,1,Other,Tier 2,Store
47,149608,7.3,6,4.0,4,8,32,11,97175,103412,5,5,7,5,5,9,5,8,5,6,10,Female,Tier 2,Store
28,102405,11.9,8,4.1,10,8,42,0,115894,15866,9,9,4,4,7,9,9,4,5,7,7,Female,Tier 2,Online
55,81168,4.5,13,2.4,3,5,12,15,40890,46291,9,5,3,4,4,2,4,9,4,7,10,Female,Tier 1,Store
68,154441,7.9,8,3.2,5,7,12,9,42637,100641,2,4,5,9,7,4,4,8,5,8,3,Male,Tier 1,Store
44,177467,5.7,2,4.4,4,9,18,10,115081,92743,5,4,2,1,7,3,8,9,4,4,8,Female,Tier 3,Store
57,190743,4.4,11,2.1,7,5,12,12,75447,77052,3,8,3,1,5,4,8,9,4,10,1,Female,Tier 1,Store
39,73225,8.1,14,2.8,6,5,28,3,89278,500,6,4,4,6,10,8,7,1,5,8,8,Female,Tier 2,Hybrid
34,174124,7.8,7,6.0,9,10,37,13,130857,70445,6,6,6,5,10,4,9,6,4,10,8,Male,Tier 2,Online
18,32237,8.4,1,6.0,6,8,33,10,54345,25498,5,8,4,7,5,7,10,5,4,10,3,Male,Tier 3,Hybrid
57,23316,4.8,11,4.1,3,4,2,13,14108,79342,10,4,5,5,8,5,6,10,6,9,4,Female,Tier 3,Store
41,139702,9.1,10,4.1,1,6,37,4,140746,32419,8,5,3,4,7,3,9,6,5,9,7,Male,Tier 2,Hybrid
33,30973,11.3,12,5.0,7,8,36,6,90002,500,7,5,7,9,10,9,9,8,3,7,10,Female,Tier 2,Hybrid
35,94476,8.4,5,5.4,2,6,36,15,42878,77109,6,6,5,5,6,9,9,6,4,7,5,Female,Tier 2,Store
41,205254,9.9,11,5.5,5,10,41,0,129782,36932,5,5,4,4,8,7,9,5,7,7,6,Male,Tier 3,Online
59,154562,3.3,8,1.5,5,4,0,16,1857,73436,1,7,3,2,8,6,3,10,5,8,8,Male,Tier 3,Store
44,61121,9.6,5,4.8,6,8,20,8,103565,58634,6,4,3,9,10,5,10,10,3,7,5,Female,Tier 2,Store
42,156765,8.4,4,2.8,7,10,27,8,57694,79783,3,9,4,8,6,6,5,7,6,3,3,Female,Tier 3,Hybrid
52,141093,7.5,12,4.8,5,9,44,3,96868,35370,5,5,3,6,9,4,8,5,9,6,7,Other,Tier 2,Store
57,124151,6.4,8,1.3,5,8,29,10,150000,57223,4,3,7,4,7,5,7,6,5,7,6,Other,Tier 2,Hybrid
72,122754,3.5,3,0.0,6,7,11,11,45418,50239,7,2,7,4,4,7,6,10,7,6,2,Female,Tier 2,Store
65,111652,4.8,8,1.2,4,4,14,12,63396,91198,5,9,4,5,7,2,4,7,5,7,1,Female,Tier 2,Store
26,83080,6.3,14,6.0,10,8,32,7,69367,39955,7,8,7,10,10,4,10,3,4,7,5,Male,Tier 3,Hybrid
28,69962,11.6,7,5.4,6,10,45,8,110514,62517,7,5,6,6,10,4,10,3,5,5,10,Female,Tier 3,Online
47,106365,4.9,8,3.9,5,7,16,9,49280,89313,3,1,4,6,6,9,7,7,2,7,7,Male,Tier 2,Store
26,49336,9.3,10,4.4,8,10,34,12,74043,55317,7,7,5,10,3,7,5,4,1,10,7,Male,Tier 3,Online
42,112772,11.0,14,4.2,8,10,30,13,88362,39644,6,9,4,4,7,4,8,8,6,6,5,Female,Tier 2,Hybrid
42,106602,7.8,4,5.6,6,8,26,10,80432,78211,5,8,5,5,4,3,8,5,5,10,4,Other,Tier 3,Store
53,121183,7.3,13,4.6,5,10,36,7,128663,54761,7,5,5,1,10,10,8,4,4,5,9,Male,Tier 2,Hybrid
34,250000,7.5,8,5.8,8,8,28,10,121473,58665,1,8,5,6,4,3,10,6,4,7,7,Male,Tier 1,Store
41,155716,11.6,9,2.8,5,10,38,2,95300,53117,9,6,2,2,4,5,3,3,5,4,5,Male,Tier 2,Online
67,50727,3.9,3,1.9,7,3,21,12,90952,66198,8,0,3,4,8,6,4,5,7,8,8,Male,Tier 2,Store
54,112496,4.4,3,2.5,5,6,9,13,41098,121451,10,1,6,5,8,4,5,6,3,7,5,Other,Tier 3,Store
37,59888,5.8,14,2.6,3,6,18,9,45735,101091,9,2,5,7,5,3,6,4,4,10,1,Female,Tier 3,Store
33,67966,9.2,14,5.7,6,5,27,9,52121,55753,8,8,4,5,6,4,10,6,6,4,5,Other,Tier 3,Store
51,154119,6.6,7,2.9,6,6,27,11,76560,62888,8,5,4,7,10,9,7,6,4,9,4,Male,Tier 1,Store
79,113901,2.4,6,1.8,1,1,0,16,2186,88425,7,6,4,5,5,1,5,10,10,4,3,Male,Tier 2,Store
79,70884,6.0,7,3.3,6,9,24,7,900,104600,9,7,3,4,10,10,1,7,6,6,2,Male,Tier 3,Hybrid
60,165806,8.6,10,2.0,6,9,25,13,118181,114071,6,6,4,8,7,7,4,10,5,9,3,Female,Tier 1,Hybrid
25,125531,9.1,7,6.0,9,10,37,11,121007,45973,8,4,5,6,4,4,9,5,2,7,6,Male,Tier 3,Hybrid
37,176312,7.2,14,6.0,9,9,25,4,114472,67317,5,3,3,4,3,4,10,5,3,10,4,Male,Tier 2,Online
41,114830,9.6,10,3.6,7,6,38,6,127420,109867,6,6,6,6,6,5,10,5,7,6,10,Female,Tier 3,Online
57,78613,9.1,7,4.6,5,10,38,7,143709,62381,6,9,1,5,8,8,7,3,5,10,3,Male,Tier 1,Online
41,154591,7.3,7,6.0,5,6,14,14,97029,86044,7,7,5,5,6,8,7,4,1,7,4,Other,Tier 3,Store
42,121582,8.4,8,3.0,9,7,23,10,65663,56195,6,4,2,8,5,4,7,3,4,6,6,Other,Tier 3,Hybrid
44,135874,4.8,3,2.1,8,7,36,0,113100,50075,3,2,6,5,10,6,3,3,6,4,6,Female,Tier 3,Hybrid
55,86185,8.0,8,2.3,5,5,16,12,73327,58871,9,7,6,4,4,8,10,4,6,4,5,Other,Tier 3,Store
18,53509,10.0,5,5.8,5,10,44,6,143853,18983,10,9,4,6,9,6,7,6,5,8,7,Female,Tier 3,Online
33,153010,4.6,10,4.3,6,9,26,8,59085,46325,1,2,2,3,4,6,9,7,3,6,8,Female,Tier 1,Hybrid
43,129661,10.0,3,4.8,5,10,32,1,68654,14416,3,2,3,10,9,6,8,7,2,10,4,Female,Tier 2,Online
36,104585,7.6,11,4.4,5,10,36,7,900,23211,8,4,5,6,9,8,8,4,4,5,5,Female,Tier 3,Hybrid
20,50848,11.5,5,6.0,7,10,45,10,64660,38930,8,4,3,6,5,8,10,5,4,10,1,Male,Tier 1,Online
34,87630,8.2,8,3.7,8,10,37,12,82153,97900,5,4,3,7,5,6,10,10,6,7,7,Female,Tier 3,Hybrid
43,96269,10.2,4,6.0,9,9,38,5,119018,8507,5,9,3,8,5,7,9,1,3,8,7,Other,Tier 3,Online
21,49864,7.1,6,4.2,7,10,32,4,71276,26494,7,7,7,7,9,7,10,3,3,6,6,Male,Tier 3,Hybrid
41,142585,6.4,5,5.3,5,6,29,5,101076,51696,6,6,7,4,4,6,7,5,1,7,4,Female,Tier 3,Hybrid
28,134111,7.6,10,6.0,10,10,17,14,71946,122479,4,5,7,6,7,6,10,10,5,10,10,Other,Tier 1,Store
50,212085,3.8,6,2.0,7,7,10,14,111749,97174,5,5,1,5,4,7,5,8,9,7,10,Female,Tier 2,Store
59,81900,4.6,13,1.5,4,2,0,18,99800,89863,7,3,6,5,8,3,6,8,6,8,3,Female,Tier 3,Store
50,96260,9.1,10,3.4,2,9,33,5,21932,62582,7,6,1,4,7,9,10,5,4,7,9,Male,Tier 2,Online
67,138080,4.5,4,1.7,4,4,20,12,81137,46657,10,3,4,6,3,7,7,5,9,3,7,Male,Tier 2,Store
49,127977,9.8,6,4.3,1,8,43,9,112259,28684,4,4,4,8,7,4,7,7,1,10,5,Male,Tier 1,Store
49,102183,4.7,7,3.6,7,9,20,10,84826,48808,6,5,4,5,4,7,7,6,6,8,7,Female,Tier 2,Store
18,37826,9.3,1,4.3,6,7,26,14,41188,60128,4,6,5,8,8,6,5,3,5,9,5,Male,Tier 3,Hybrid
41,119733,10.8,9,3.6,6,10,39,4,86032,500,6,3,3,4,8,6,8,5,3,6,6,Other,Tier 1,Hybrid
18,120481,11.1,3,5.8,7,10,39,4,112508,100111,6,9,5,5,7,8,9,6,2,7,2,Other,Tier 1,Online
37,49798,9.0,7,3.9,5,10,26,13,900,52224,5,5,6,9,3,6,7,4,4,7,6,Male,Tier 3,Hybrid
70,120001,3.4,3,0.0,3,4,14,6,86633,55199,8,7,6,2,4,1,4,5,7,7,1,Female,Tier 3,Store
58,200579,2.3,4,3.5,5,7,15,8,125970,84300,3,8,5,4,10,2,7,6,6,9,2,Other,Tier 2,Store
46,114185,8.0,9,5.2,10,9,33,9,81138,54837,8,9,4,8,7,6,9,8,6,10,3,Other,Tier 1,Hybrid
48,132138,8.9,5,4.9,6,9,20,12,150000,86617,5,3,6,5,3,6,7,9,8,10,8,Male,Tier 3,Store
18,76193,7.7,3,6.0,6,8,44,7,102923,61689,7,7,2,8,2,4,10,1,3,8,4,Female,Tier 1,Online
48,149887,5.7,11,2.5,3,4,14,6,52524,38705,4,8,7,5,7,5,8,6,1,5,8,Other,Tier 3,Store
36,92522,6.7,10,4.5,7,9,36,11,68662,60955,9,0,5,6,10,3,9,6,5,1,8,Female,Tier 3,Hybrid
57,83210,4.8,10,3.4,8,6,17,7,82523,27943,9,9,3,6,5,5,6,2,3,5,10,Female,Tier 2,Hybrid
18,88543,11.0,3,4.8,7,9,36,7,64984,27173,9,5,5,8,10,3,10,4,2,7,2,Male,Tier 3,Hybrid
79,16913,1.0,6,0.5,4,4,0,16,81954,78129,6,4,6,10,3,1,5,10,5,7,7,Male,Tier 3,Store
48,182809,8.4,5,3.6,6,6,28,1,99740,47449,3,6,3,5,9,7,7,7,2,10,6,Other,Tier 1,Store
60,91945,6.0,10,0.4,4,3,6,17,10872,82197,8,6,7,6,5,5,5,8,5,8,4,Male,Tier 3,Store
47,112644,8.7,14,3.7,9,9,40,2,99819,7353,5,9,4,7,7,6,9,7,6,10,5,Female,Tier 1,Hybrid
66,166693,6.6,10,2.6,2,10,34,6,96140,66938,4,9,1,6,9,8,5,7,6,3,3,Other,Tier 1,Hybrid
43,114964,6.4,7,3.9,3,5,12,17,56919,66372,5,2,3,5,6,4,9,7,6,9,6,Female,Tier 3,Store
54,120448,5.8,4,3.4,5,9,41,0,119674,500,6,3,5,9,6,9,7,6,7,2,4,Other,Tier 2,Hybrid
65,124359,1.8,5,0.0,5,6,2,17,35297,105391,6,5,3,5,5,4,3,8,7,6,2,Female,Tier 2,Store
51,207163,7.4,10,3.4,5,8,27,8,130074,95684,6,1,3,6,6,4,7,8,8,8,4,Female,Tier 2,Hybrid
62,67518,4.3,4,3.6,7,6,16,12,84591,79508,7,0,3,7,6,5,4,7,7,3,7,Female,Tier 1,Store
47,122920,7.9,11,3.8,7,9,25,7,59481,59817,8,2,5,2,2,5,5,7,6,10,7,Male,Tier 3,Store
23,78973,5.1,3,4.1,9,9,14,14,21624,69791,10,4,5,5,8,6,9,4,2,10,4,Male,Tier 2,Hybrid
43,92737,8.1,4,3.8,4,9,29,5,29266,31583,6,3,3,7,6,1,9,3,7,2,4,Other,Tier 3,Hybrid
46,150638,5.0,2,3.0,5,6,4,18,87164,120135,4,3,2,5,3,5,5,6,3,5,4,Female,Tier 1,Store
66,131295,5.3,3,2.5,6,5,18,10,91066,36492,8,9,2,4,5,3,4,9,4,5,5,Female,Tier 1,Store
65,122862,4.9,6,4.5,5,7,22,10,69564,66275,6,5,7,1,4,8,5,7,10,6,6,Male,Tier 2,Store
63,134260,5.6,6,2.7,4,5,15,14,74645,86204,6,3,6,7,5,9,8,9,9,7,1,Female,Tier 2,Store
33,84427,8.1,12,5.0,7,9,34,8,86467,31575,3,8,5,5,4,7,8,6,5,10,7,Male,Tier 2,Hybrid
43,127455,7.0,8,3.5,5,10,12,15,90553,94102,4,5,7,5,8,5,7,10,7,7,4,Male,Tier 3,Store
60,78027,8.4,6,4.0,2,7,20,10,49303,72152,3,8,6,7,4,4,8,5,5,10,7,Female,Tier 3,Store
66,147268,6.7,4,2.2,5,6,23,6,94676,31814,2,0,1,6,4,10,7,7,6,5,3,Male,Tier 1,Store
18,60184,8.0,6,3.3,9,8,23,11,22614,18709,7,8,2,3,1,4,10,5,5,7,5,Other,Tier 3,Hybrid
50,111298,9.3,8,2.6,7,7,17,15,43216,83613,8,5,7,8,5,2,5,6,4,6,9,Male,Tier 3,Store
66,178640,4.9,4,1.7,7,6,13,7,67379,58314,9,3,4,6,7,2,3,9,6,5,5,Other,Tier 1,Store
30,97052,9.1,10,4.7,5,7,30,8,91026,52741,7,6,4,5,10,3,10,6,4,10,7,Male,Tier 2,Store
25,36521,9.8,2,6.0,7,9,42,0,77064,5705,6,9,2,5,9,5,10,3,6,9,9,Other,Tier 2,Online
35,142786,3.6,7,5.0,7,5,6,19,93494,150000,7,3,4,7,8,6,9,7,3,6,8,Male,Tier 1,Store
18,96091,8.8,1,5.3,5,9,32,2,128859,78047,3,4,4,7,10,9,10,6,3,9,4,Male,Tier 1,Hybrid
49,140790,5.9,7,3.3,4,6,16,12,67189,92552,9,2,4,5,7,2,8,9,3,6,6,Male,Tier 2,Store
30,95612,8.3,10,3.4,7,8,33,13,44832,57366,8,7,7,7,10,6,5,4,1,4,2,Female,Tier 3,Hybrid
38,125309,7.6,8,3.7,6,9,21,9,149061,90316,7,3,4,7,7,9,6,6,3,9,5,Female,Tier 2,Store
40,100871,5.4,13,2.3,4,5,20,11,97547,73805,10,5,6,3,3,4,7,7,1,7,6,Female,Tier 2,Store
56,183576,6.0,4,4.5,4,8,30,10,133932,108193,10,8,4,6,5,4,10,9,3,5,2,Female,Tier 2,Store
37,107930,11.9,13,3.9,4,7,30,14,124628,113186,6,2,7,5,10,9,4,10,5,6,9,Male,Tier 3,Store
42,28584,5.8,14,4.6,4,6,10,8,26093,41264,8,2,1,2,5,6,9,6,6,9,8,Other,Tier 2,Store
39,74163,8.7,4,4.3,4,6,32,5,111066,41113,4,9,5,2,8,5,8,4,5,10,6,Female,Tier 2,Hybrid
47,89591,6.9,5,3.2,6,10,42,3,64874,66266,5,7,3,5,8,9,7,5,9,4,5,Male,Tier 2,Store
18,122814,9.3,4,2.7,9,10,32,10,150000,145357,10,7,1,7,2,6,10,1,3,6,1,Other,Tier 2,Hybrid
39,172500,7.9,13,6.0,8,7,37,5,83787,83584,9,8,6,6,9,6,8,7,8,7,1,Male,Tier 1,Store
49,136450,8.7,9,4.7,5,7,37,12,72042,61558,7,6,4,5,8,6,5,6,5,10,8,Male,Tier 2,Hybrid
53,154684,6.2,8,3.5,1,5,23,12,122482,110672,7,5,3,5,3,5,9,4,5,10,6,Female,Tier 3,Store
21,56495,12.0,3,6.0,5,9,36,6,117573,500,4,9,4,9,7,6,10,6,5,4,4,Female,Tier 3,Hybrid
33,192711,8.0,10,4.1,5,10,43,5,150000,77029,5,9,3,2,10,7,5,3,8,10,8,Male,Tier 1,Online
37,91928,5.4,10,4.6,7,6,26,5,24370,19084,7,6,6,5,1,6,10,6,4,8,7,Female,Tier 3,Store
24,223183,7.9,3,6.0,7,8,21,6,89144,73454,3,8,2,4,4,6,9,1,2,9,5,Female,Tier 1,Store
50,208428,6.8,3,5.0,7,7,29,17,68831,113689,5,6,5,1,5,5,8,9,3,3,10,Female,Tier 3,Store
79,137305,1.6,10,0.0,4,5,0,17,64915,78407,4,0,5,1,5,6,3,8,9,8,5,Male,Tier 1,Store
37,103904,7.5,11,5.9,6,10,35,8,75264,55549,10,1,4,4,10,7,10,6,7,9,5,Male,Tier 2,Hybrid
56,163965,3.7,4,3.9,3,3,0,16,25088,64354,6,4,4,5,5,2,8,9,5,3,3,Other,Tier 2,Store
70,95887,5.3,1,1.4,1,2,5,19,900,110610,8,0,4,6,1,2,9,6,7,8,10,Other,Tier 2,Store
36,62291,7.8,9,3.6,4,7,29,8,60901,56031,9,9,3,8,9,5,8,7,1,5,7,Male,Tier 3,Store
79,31666,5.4,10,3.7,3,4,4,9,900,39026,8,4,3,9,3,6,6,10,7,4,3,Female,Tier 1,Store
18,79517,8.6,5,4.2,10,10,39,8,128391,31142,10,8,5,7,7,5,8,4,1,8,4,Female,Tier 1,Online
53,159281,5.2,6,3.4,4,5,8,16,34083,109375,5,6,3,5,5,6,8,10,6,10,5,Female,Tier 1,Store
50,208074,6.9,7,3.2,7,7,15,10,37069,108894,5,3,4,4,3,7,8,9,5,8,5,Female,Tier 3,Store
25,118948,10.8,14,4.9,6,8,43,1,93508,50731,1,6,3,1,10,7,7,6,4,9,7,Other,Tier 1,Hybrid
50,156288,6.8,2,3.5,5,5,14,14,67013,111650,7,6,2,1,8,3,9,2,6,6,9,Male,Tier 1,Store
41,176506,6.9,11,2.9,8,4,7,13,59558,107253,6,2,2,8,5,7,6,4,2,5,9,Female,Tier 1,Store
49,89643,8.0,7,3.1,7,10,46,4,133459,29213,7,5,7,9,10,8,7,1,10,4,5,Male,Tier 3,Online
60,182562,5.9,7,2.6,3,5,8,10,123732,89593,7,2,3,8,3,9,6,5,8,8,5,Female,Tier 2,Store
40,246187,8.7,10,2.9,7,8,22,4,132526,15792,7,5,1,4,2,8,5,2,6,5,5,Female,Tier 1,Hybrid
38,159777,5.9,13,3.2,6,6,22,8,144805,63437,6,6,2,5,2,1,7,4,5,7,5,Male,Tier 1,Hybrid
76,78429,7.7,7,2.9,5,6,25,0,49383,500,7,2,3,10,9,3,5,5,6,6,5,Male,Tier 3,Store
18,153647,6.9,4,5.0,9,7,29,8,121874,103602,6,5,4,1,5,5,6,9,3,2,6,Male,Tier 2,Store
27,138897,8.3,7,4.2,8,10,49,0,128896,44107,7,8,4,6,9,5,10,3,7,10,7,Male,Tier 3,Online
60,241415,6.2,4,2.3,5,8,17,16,88300,52046,1,4,1,4,7,4,6,10,7,10,2,Male,Tier 1,Store
39,98309,4.6,12,3.4,2,8,11,13,46581,58109,6,3,5,7,3,4,8,6,5,6,5,Other,Tier 2,Store
20,69388,10.4,4,6.0,8,5,29,10,56332,30146,6,4,5,5,7,6,10,6,4,7,3,Male,Tier 2,Store
31,134137,8.1,11,2.1,8,7,27,8,59135,111698,7,6,3,4,7,4,6,8,5,5,3,Female,Tier 2,Hybrid
57,180942,5.0,9,5.1,1,4,18,11,128967,129369,7,7,7,6,5,6,10,7,7,1,1,Male,Tier 2,Store
38,202118,7.3,11,4.2,7,7,34,5,144979,50907,3,7,1,2,4,8,8,1,4,6,5,Male,Tier 1,Hybrid
25,43972,9.4,6,5.1,7,8,19,16,26584,46580,6,5,2,7,5,6,8,4,3,10,8,Female,Tier 2,Hybrid
56,182651,4.5,10,3.2,5,5,13,12,94480,64195,5,4,3,6,6,3,7,9,8,6,1,Other,Tier 3,Store
18,96849,8.9,1,6.0,6,9,49,3,146188,54294,8,8,1,5,6,5,8,3,2,6,3,Other,Tier 2,Hybrid
18,116678,8.6,4,6.0,5,10,45,5,41777,10628,6,5,5,6,7,5,7,5,2,8,5,Other,Tier 3,Online
61,219880,5.0,4,4.4,5,6,11,14,125648,150000,4,3,3,7,7,3,8,7,4,2,4,Male,Tier 3,Store
39,141510,5.9,4,2.3,1,4,35,9,146231,61351,5,6,5,4,6,8,7,5,5,8,7,Male,Tier 2,Store
19,109627,8.1,1,4.5,6,10,16,10,150000,72014,7,5,6,7,7,3,10,5,1,9,6,Male,Tier 3,Online
41,147417,6.1,6,2.0,6,9,22,10,67352,123233,9,6,2,8,4,6,6,5,4,6,9,Female,Tier 3,Store
63,99255,3.9,4,3.0,3,4,0,19,43811,97033,6,4,7,7,3,8,9,9,3,5,7,Female,Tier 3,Store
37,95488,5.2,9,3.6,8,9,21,8,54666,83470,9,6,6,6,5,6,8,7,4,10,4,Male,Tier 3,Hybrid
24,88348,7.8,8,5.2,10,9,24,4,91724,500,4,4,3,4,9,9,8,4,1,10,6,Male,Tier 1,Online
60,149013,5.9,5,0.0,3,7,24,5,95905,500,5,7,1,4,2,7,5,8,8,8,9,Other,Tier 1,Store
45,155118,7.3,9,2.5,7,6,16,14,85569,50361,7,4,3,8,6,8,5,6,4,6,10,Female,Tier 1,Store
29,57989,9.1,6,5.6,6,8,20,6,57593,8011,9,9,4,8,3,5,10,5,3,7,7,Male,Tier 3,Store
40,110051,8.4,12,6.0,6,9,37,0,108942,87379,5,7,4,6,8,6,7,4,5,10,7,Female,Tier 3,Online
62,197436,7.5,1,3.1,1,5,26,6,150000,101090,4,4,1,8,3,7,6,9,7,7,1,Male,Tier 1,Store
68,66435,3.8,2,0.0,1,2,9,14,900,33750,9,6,7,8,2,4,6,10,8,1,6,Female,Tier 3,Store
19,48982,10.2,1,3.6,8,7,46,7,146068,500,5,4,5,4,10,5,6,3,6,8,5,Female,Tier 1,Online
47,143381,5.0,5,4.4,5,8,11,15,86124,65455,3,1,1,1,6,4,6,6,3,10,5,Other,Tier 2,Hybrid
41,150984,10.0,7,4.7,5,7,35,10,150000,52529,6,9,3,5,10,4,10,7,7,7,4,Male,Tier 3,Hybrid
41,129530,8.6,12,4.3,9,9,30,12,67101,102412,7,8,5,7,1,3,8,9,5,8,7,Female,Tier 2,Hybrid
24,68466,8.5,2,4.2,7,9,33,4,53306,20309,9,5,4,5,8,6,4,6,1,8,2,Male,Tier 2,Hybrid
66,78199,9.0,1,1.6,6,10,45,9,126958,79598,6,5,2,9,7,5,3,8,6,5,7,Female,Tier 3,Hybrid
26,106159,5.4,9,4.7,7,10,20,10,92700,96550,8,6,2,8,7,5,8,7,3,8,8,Female,Tier 1,Hybrid
34,110591,7.3,9,3.5,8,9,44,4,123851,73984,3,9,4,7,9,5,9,5,3,10,9,Female,Tier 3,Online
62,141601,6.3,3,5.3,2,10,34,13,147728,42474,6,2,2,8,4,6,10,8,3,8,4,Female,Tier 3,Hybrid
26,162245,8.8,12,5.4,8,9,20,7,104594,53296,5,2,1,5,7,6,9,1,4,10,6,Other,Tier 1,Online
39,112750,7.7,3,2.1,10,8,24,6,109639,45709,8,6,3,4,3,3,6,2,1,7,9,Male,Tier 1,Store
31,66955,7.5,5,5.2,7,7,19,19,62249,44860,6,0,5,6,9,6,9,6,4,8,10,Female,Tier 3,Hybrid
46,87044,7.7,5,5.2,7,9,23,2,7583,73598,7,6,5,5,5,2,10,5,2,7,5,Female,Tier 2,Hybrid
45,24606,9.3,7,3.3,5,10,49,0,132710,500,8,5,1,7,7,8,9,4,5,7,10,Male,Tier 3,Online
42,147338,5.8,8,3.9,5,6,20,4,87399,77638,7,9,6,6,5,5,7,4,4,10,5,Male,Tier 2,Store
60,77817,7.3,8,0.4,5,4,18,10,74056,26067,7,4,3,7,4,6,3,5,6,8,7,Female,Tier 1,Store
79,93420,4.2,4,2.1,2,7,11,17,55460,81738,4,6,3,6,5,8,2,10,7,6,4,Female,Tier 1,Store
41,160583,7.7,9,2.9,8,6,36,0,148671,73533,7,6,6,10,6,3,2,3,1,5,9,Other,Tier 2,Hybrid
56,68301,2.6,10,4.5,5,7,9,8,13303,29515,6,2,5,10,5,6,6,8,6,5,4,Female,Tier 3,Store
49,139128,5.2,10,1.1,7,7,22,6,73366,90911,10,6,4,10,4,6,5,4,2,10,8,Male,Tier 2,Store
29,36961,6.4,13,2.4,6,9,22,16,86376,94750,5,3,4,4,7,7,5,7,6,7,3,Male,Tier 3,Store
44,157361,7.4,7,2.4,5,6,30,10,104244,79579,9,8,2,4,4,9,5,8,3,4,10,Other,Tier 1,Hybrid
58,156056,4.5,9,2.0,9,6,23,13,100055,95135,7,2,3,5,4,4,4,10,5,9,2,Female,Tier 1,Store
22,122854,9.1,5,3.8,2,7,36,6,150000,95691,3,4,5,6,5,6,10,1,5,5,4,Female,Tier 2,Hybrid
70,33740,4.1,1,3.1,2,6,27,11,27772,35172,6,4,7,8,5,7,6,9,6,6,2,Female,Tier 3,Hybrid
66,109772,5.2,9,1.9,5,4,7,18,53343,80445,5,6,4,6,7,5,4,8,6,5,7,Male,Tier 2,Store
57,172887,5.4,14,2.9,5,6,10,9,71382,84471,4,6,6,4,2,5,6,6,6,8,4,Female,Tier 3,Store
45,15000,8.3,12,2.9,4,8,30,6,48841,21304,6,2,6,8,2,6,7,3,4,2,9,Male,Tier 3,Store
53,72225,5.3,3,3.4,3,5,11,11,57609,91692,8,5,6,4,4,3,10,9,1,7,10,Female,Tier 3,Store
36,150353,8.9,7,3.9,6,9,33,15,58845,96801,4,0,2,6,3,8,8,7,4,10,7,Male,Tier 3,Store
18,22303,7.3,1,5.3,8,7,27,6,45056,500,8,4,6,5,10,7,8,2,6,7,7,Male,Tier 3,Hybrid
58,160099,5.3,11,2.1,6,6,16,19,132308,126910,4,3,4,7,7,7,3,9,5,4,2,Other,Tier 2,Store
43,145752,6.1,10,4.6,9,10,36,2,114913,83633,4,3,2,4,4,7,9,1,6,7,4,Female,Tier 2,Online
34,123950,9.6,8,4.5,6,9,35,5,141107,48570,8,4,3,6,9,6,6,6,4,5,8,Other,Tier 1,Hybrid
37,117856,7.0,11,3.0,6,8,31,5,150000,81218,5,6,2,5,4,5,8,4,5,2,4,Other,Tier 2,Online
64,130892,5.4,4,2.5,5,6,20,12,79260,92207,9,3,3,5,3,6,5,8,10,6,6,Other,Tier 1,Store
38,65477,7.4,8,5.4,6,7,24,8,8445,78628,4,2,2,3,3,1,10,4,3,4,8,Female,Tier 1,Store
41,103489,6.6,5,2.2,7,8,24,12,85650,104753,8,3,1,7,8,7,9,8,6,7,8,Male,Tier 2,Store
44,111173,7.3,6,3.4,7,10,34,6,108155,57776,5,7,3,7,7,5,7,6,2,8,4,Other,Tier 1,Hybrid
33,190916,7.7,6,3.0,7,8,30,5,143975,121203,5,5,3,6,10,4,8,5,6,9,4,Female,Tier 1,Hybrid
36,167315,8.0,9,4.4,6,6,13,16,49914,109906,7,7,5,6,5,6,7,6,5,10,9,Male,Tier 1,Store
27,62282,6.8,14,2.5,6,7,32,7,112578,10536,4,8,6,9,8,7,4,3,6,8,10,Other,Tier 3,Hybrid
49,16530,8.3,1,3.6,6,10,43,6,118934,5580,8,6,5,3,8,6,8,6,6,7,3,Other,Tier 2,Hybrid
35,158301,9.2,10,4.7,5,8,37,9,85032,67757,4,7,4,2,9,1,6,6,4,4,8,Female,Tier 2,Hybrid
64,99521,6.5,8,1.5,3,5,12,8,82224,52334,5,3,4,8,9,5,7,7,6,7,4,Male,Tier 1,Store
59,208174,5.1,11,4.4,3,5,21,5,116370,72971,10,9,6,5,8,6,9,6,6,7,1,Female,Tier 1,Store
56,129599,6.5,10,2.1,9,9,24,16,66581,94830,7,4,7,6,9,9,3,8,9,7,3,Other,Tier 2,Hybrid
35,83988,9.2,4,4.1,4,9,46,0,110235,63032,4,5,6,8,8,6,10,6,6,5,2,Male,Tier 3,Online
50,15000,5.7,3,4.8,7,7,23,9,84177,24998,7,8,6,9,3,4,10,6,5,8,10,Female,Tier 3,Store
32,23894,5.4,10,3.2,5,8,28,8,55584,59741,5,6,3,8,5,6,6,5,6,10,8,Male,Tier 3,Hybrid
67,109373,4.9,6,1.5,3,5,18,15,96563,77640,7,6,4,2,9,4,2,6,7,3,2,Male,Tier 2,Store
54,218886,5.9,6,3.2,4,6,33,9,143676,79594,7,1,2,4,3,4,5,7,5,3,4,Other,Tier 2,Store
48,145412,7.3,6,4.3,2,9,24,10,150000,500,6,3,5,1,7,4,10,7,6,8,7,Female,Tier 3,Hybrid
53,104576,9.6,4,4.5,4,4,35,2,70045,10147,8,6,5,5,7,3,4,2,5,7,9,Other,Tier 2,Hybrid
65,119128,4.5,3,1.5,1,3,11,14,64059,49071,4,3,7,4,1,3,3,10,6,2,5,Female,Tier 2,Store
47,87506,5.3,1,3.5,6,6,19,12,34946,38012,4,5,2,8,4,5,10,9,6,10,8,Male,Tier 3,Store
36,121020,6.8,14,5.5,7,8,23,14,94825,98601,6,5,5,4,4,5,10,5,1,7,7,Other,Tier 2,Store
48,49688,4.6,2,1.8,5,6,8,14,20540,22817,7,4,6,6,4,2,6,7,2,5,4,Other,Tier 3,Store
36,180886,7.8,4,4.3,7,10,38,0,104694,65202,6,4,4,6,7,7,7,7,7,8,2,Female,Tier 2,Online
76,145659,2.4,6,0.0,3,1,0,13,39315,91022,4,5,1,7,6,7,3,7,5,3,6,Male,Tier 2,Store
45,168499,7.5,9,2.3,4,7,24,9,52216,26400,7,6,4,6,6,10,2,10,2,9,6,Female,Tier 2,Store
65,125908,2.5,4,0.9,4,5,0,12,51617,80431,10,1,5,4,1,4,4,8,7,6,6,Other,Tier 2,Store
67,140222,9.2,7,4.2,3,9,32,7,99119,59872,6,4,3,6,8,7,9,7,8,5,5,Female,Tier 2,Hybrid
64,97596,5.8,1,1.2,3,8,29,2,97215,48189,8,3,5,5,9,5,8,6,2,7,6,Male,Tier 1,Hybrid
38,129143,9.7,8,3.4,6,7,28,5,72304,55198,6,6,2,4,9,8,7,6,6,7,8,Male,Tier 3,Store
47,33413,8.4,9,5.2,5,7,17,15,82166,54604,5,5,3,4,5,3,10,7,7,3,7,Female,Tier 3,Hybrid
58,177795,5.0,9,3.3,9,10,22,9,83047,59659,6,3,3,8,1,5,9,5,8,3,3,Male,Tier 1,Online
66,78490,6.9,12,1.3,4,8,42,7,130179,53875,6,4,1,8,6,5,2,10,2,9,2,Female,Tier 2,Store
32,103643,10.9,3,3.0,7,10,30,1,70733,26228,8,9,2,7,7,8,8,8,6,7,5,Other,Tier 2,Online
20,129601,9.3,4,5.2,10,10,37,1,73737,30152,1,9,7,8,4,5,10,4,3,6,1,Male,Tier 2,Online
71,76765,2.0,8,0.0,4,8,31,9,150000,64973,8,5,4,5,1,8,2,6,4,4,8,Female,Tier 2,Store
33,118987,9.6,7,3.9,6,10,46,4,96751,29625,6,6,7,8,10,7,6,4,3,9,7,Male,Tier 3,Hybrid
60,146771,6.0,11,2.4,1,3,5,10,61133,96791,6,2,5,7,5,4,6,10,7,3,2,Female,Tier 2,Store
49,56863,6.5,12,3.1,6,9,28,5,65723,39901,6,6,5,6,3,4,6,5,3,8,8,Other,Tier 1,Hybrid
53,54131,8.5,9,4.9,4,5,22,3,66475,15242,5,6,4,9,8,5,7,8,2,8,5,Other,Tier 2,Store
58,118954,7.7,9,4.1,6,9,34,8,75994,63695,6,5,4,6,5,4,8,10,6,6,4,Female,Tier 2,Hybrid
79,88550,8.1,7,3.9,5,6,22,6,75074,26123,9,1,4,7,7,2,6,7,10,6,3,Male,Tier 2,Store
18,156594,12.0,2,3.7,10,10,46,0,87645,28195,5,7,5,9,6,6,8,1,7,8,3,Female,Tier 3,Online
58,208939,7.7,11,4.5,7,7,25,9,120237,52716,5,0,5,5,5,7,5,5,1,7,4,Female,Tier 1,Store
18,112391,7.6,1,5.0,5,9,29,4,9510,17754,8,5,2,7,5,4,8,1,1,8,2,Female,Tier 1,Hybrid
68,91480,4.3,8,0.8,5,3,2,15,8950,51318,5,5,3,6,2,6,2,8,8,10,2,Female,Tier 1,Store
56,86717,5.3,6,3.8,4,7,18,13,59121,69054,8,7,6,9,6,8,3,4,4,7,6,Female,Tier 3,Store
46,108089,7.0,7,2.8,6,8,29,6,91620,35529,4,9,5,5,9,8,7,8,7,10,5,Female,Tier 2,Hybrid
43,166629,7.6,7,2.5,7,9,44,6,150000,126844,5,8,5,6,7,8,8,6,5,9,4,Male,Tier 3,Online
23,53747,9.4,3,3.2,7,10,43,6,95932,500,8,5,3,2,4,10,8,2,6,7,6,Female,Tier 3,Online
66,78943,6.5,6,2.6,5,7,29,11,75455,91291,10,6,2,8,5,5,7,10,8,2,3,Female,Tier 3,Store
37,145823,5.6,14,2.3,5,8,25,1,47658,50398,4,5,3,4,7,7,10,1,7,8,2,Other,Tier 1,Hybrid
31,108759,7.5,5,4.8,4,10,23,10,85067,66988,6,5,6,7,4,2,9,7,5,7,5,Male,Tier 3,Hybrid
32,60420,8.7,14,5.2,8,8,29,7,119883,48052,7,9,4,5,7,7,8,4,3,9,6,Other,Tier 1,Online
37,71647,6.7,8,2.6,5,9,30,5,109552,42085,8,4,4,7,8,7,8,5,4,9,9,Female,Tier 2,Hybrid
44,234152,7.6,13,6.0,9,8,18,15,135899,150000,4,1,2,2,6,6,7,5,6,5,7,Female,Tier 1,Online
56,95770,5.6,11,3.1,3,4,4,11,38570,73389,8,2,4,7,4,6,5,10,5,1,3,Male,Tier 2,Store
49,179388,6.7,4,3.6,7,9,35,9,91018,87163,3,6,5,5,9,6,6,4,7,5,8,Male,Tier 1,Hybrid
36,169619,6.6,14,1.1,6,10,48,0,150000,93067,3,9,3,6,5,8,6,8,6,9,6,Other,Tier 1,Online
73,59163,2.6,2,2.7,5,4,11,13,57565,55832,7,4,4,3,5,5,4,10,4,8,5,Male,Tier 2,Store
66,194507,5.0,5,2.7,4,4,0,14,60607,96628,5,1,4,2,3,3,4,9,7,9,6,Other,Tier 1,Store
59,70707,5.9,12,2.5,7,9,24,8,25192,67004,10,3,7,6,8,6,1,7,4,6,1,Female,Tier 3,Hybrid
44,145401,8.9,3,6.0,6,8,26,3,71186,28067,7,2,3,8,6,7,10,5,5,6,7,Female,Tier 1,Online
18,27114,9.3,4,5.8,7,10,40,7,31347,37839,6,2,4,8,5,9,9,2,5,8,9,Male,Tier 2,Online
54,173903,5.0,5,2.5,6,9,23,8,58073,127290,8,4,6,6,4,6,8,4,8,5,1,Female,Tier 3,Hybrid
53,49000,4.8,9,0.7,8,9,4,11,31199,58929,5,0,4,10,6,8,1,2,2,10,2,Other,Tier 1,Store
52,181458,7.1,12,5.4,8,8,17,12,82151,79301,5,5,4,4,7,7,6,4,7,9,6,Male,Tier 2,Store
35,81237,7.2,4,4.1,4,7,18,19,113793,88006,4,7,6,6,6,8,8,3,5,8,2,Male,Tier 3,Store
77,36608,6.6,7,1.4,5,5,28,14,99870,118620,6,3,3,5,8,5,7,10,8,5,8,Male,Tier 3,Store
42,82508,8.2,5,2.8,8,10,41,11,112251,25719,8,3,5,5,10,6,6,4,4,8,10,Female,Tier 2,Online
20,121103,7.6,9,5.4,9,10,44,3,150000,47293,9,9,2,4,6,8,10,5,5,7,2,Other,Tier 2,Hybrid
31,98508,6.5,12,3.9,8,9,21,6,16600,6080,5,5,4,3,8,3,7,7,4,5,6,Male,Tier 2,Hybrid
45,170806,8.7,11,2.7,7,8,15,8,76127,84911,4,3,5,3,1,6,7,7,6,10,2,Male,Tier 3,Online
26,113187,12.0,8,6.0,7,10,39,7,123241,91934,8,7,5,6,7,8,10,7,2,7,8,Male,Tier 1,Online
41,115370,7.2,7,3.5,8,10,9,15,66601,99000,9,5,3,6,5,3,6,7,8,6,8,Other,Tier 3,Store
31,55018,11.0,6,6.0,6,9,32,0,14111,61641,9,3,1,7,10,5,10,4,3,7,9,Female,Tier 3,Hybrid
64,150954,7.9,2,2.3,4,6,28,6,133267,44866,5,3,6,4,3,5,6,10,6,10,4,Female,Tier 3,Store
32,101573,10.9,12,4.8,4,6,35,3,101849,52795,6,5,4,6,7,6,10,2,2,8,3,Male,Tier 2,Hybrid
79,70860,4.2,2,2.8,2,5,10,10,23759,88017,6,5,3,7,4,3,3,10,8,6,4,Male,Tier 1,Store
58,148821,3.4,8,2.3,5,5,9,11,63123,72957,3,3,6,4,2,8,5,5,2,5,4,Other,Tier 1,Store
43,156704,10.1,12,2.4,5,9,36,9,150000,75328,5,8,5,4,6,7,4,7,6,6,6,Male,Tier 1,Hybrid
72,45677,2.1,8,0.8,5,4,2,10,31251,62928,6,4,6,8,5,7,8,10,5,4,6,Male,Tier 3,Store
58,137307,5.9,8,1.1,4,6,20,8,900,24694,7,6,5,10,7,6,1,8,10,9,6,Female,Tier 3,Store
39,139482,9.9,6,6.0,4,10,46,4,100539,73867,5,9,4,6,6,7,10,7,4,10,6,Female,Tier 2,Hybrid
57,69738,6.7,4,3.4,7,8,34,9,83763,94318,5,2,5,6,4,1,8,2,6,5,1,Other,Tier 3,Hybrid
48,201215,6.0,13,2.9,3,8,25,10,46411,77492,5,5,4,1,8,6,6,6,3,8,7,Female,Tier 2,Hybrid
72,57096,6.3,9,3.4,5,7,16,14,42350,80185,9,5,4,6,6,4,6,8,6,8,1,Other,Tier 2,Store
39,107971,8.1,7,5.1,8,10,42,8,83801,50644,6,6,3,5,7,7,7,8,3,5,7,Male,Tier 2,Hybrid
18,74164,9.3,3,6.0,7,10,34,5,40913,46805,8,4,7,8,8,5,6,3,1,10,7,Male,Tier 3,Hybrid
32,112941,10.1,12,6.0,6,8,37,3,53261,49005,3,7,1,9,7,8,8,8,5,4,7,Male,Tier 2,Online
51,137586,7.0,9,3.9,5,10,34,14,109471,92571,10,7,5,5,5,9,5,10,6,7,7,Female,Tier 2,Store
40,175702,7.8,9,1.6,2,6,1,17,93263,150000,6,2,4,3,4,2,2,8,7,8,10,Male,Tier 1,Store
37,144891,4.6,8,4.0,8,8,34,9,120782,62532,6,4,5,5,7,6,6,4,5,8,6,Female,Tier 2,Store
67,188512,4.9,4,3.2,6,6,11,11,116430,107388,4,2,3,6,4,6,6,8,9,9,3,Female,Tier 2,Store
53,190991,7.0,4,3.6,2,6,27,6,115584,58230,2,2,3,3,8,9,7,8,8,6,10,Female,Tier 2,Store
38,237546,9.2,8,2.6,7,10,22,8,90225,128010,2,7,3,4,7,4,8,6,5,4,6,Female,Tier 1,Hybrid
52,93028,7.1,8,1.6,6,9,39,3,73539,23532,6,8,3,8,4,6,7,5,4,7,8,Male,Tier 1,Online
37,117359,8.9,9,4.0,7,9,29,7,60613,21042,6,2,3,5,9,5,7,3,4,6,8,Male,Tier 2,Hybrid
79,15000,2.4,6,0.6,5,3,0,19,20462,49288,8,3,3,6,7,5,3,10,9,5,4,Other,Tier 2,Store
54,132198,5.1,5,0.9,8,4,21,9,95402,39154,2,5,3,4,3,5,2,6,6,10,9,Other,Tier 1,Store
70,64241,6.2,7,3.5,1,5,26,10,37944,500,9,4,2,3,8,4,10,8,6,8,3,Female,Tier 2,Store
79,70667,6.9,8,2.7,6,7,21,9,70026,73971,4,5,4,5,9,5,9,10,7,6,3,Female,Tier 3,Store
53,83927,7.7,1,2.9,5,6,18,11,67795,65225,5,3,2,2,4,2,6,3,8,3,6,Female,Tier 1,Store
28,158657,6.4,7,4.3,5,10,25,8,106517,25679,7,7,2,5,5,2,4,3,2,8,7,Female,Tier 2,Hybrid
55,117391,5.3,7,1.9,5,7,22,10,93863,99620,2,4,4,6,1,7,5,3,10,10,5,Female,Tier 1,Store
55,186339,5.4,5,2.1,4,6,21,10,64186,45964,3,5,5,6,10,3,4,7,6,5,5,Female,Tier 1,Store
63,173411,4.6,2,2.1,8,7,11,14,66692,16171,4,3,6,6,6,4,4,7,3,5,5,Female,Tier 3,Store
18,36259,7.6,6,5.1,3,6,26,11,80915,60637,4,7,6,2,8,4,10,1,2,7,5,Female,Tier 3,Store
45,66205,8.4,8,3.6,8,10,41,6,124073,20807,6,9,5,1,7,2,7,6,2,5,1,Other,Tier 3,Hybrid
36,122526,8.4,4,4.8,2,8,27,5,102154,78446,5,4,5,8,4,7,6,5,5,6,3,Male,Tier 3,Store
43,250000,8.4,3,4.7,6,7,35,9,134306,91898,5,4,3,4,7,4,4,7,5,9,7,Male,Tier 1,Hybrid
33,92486,11.1,9,5.2,6,10,49,5,147842,45245,3,9,3,7,8,5,7,4,5,6,6,Female,Tier 2,Online
29,171044,8.7,13,2.3,5,6,24,10,139350,84156,10,5,4,6,6,9,6,3,2,4,3,Male,Tier 2,Store
34,70043,6.7,10,1.1,5,7,16,13,52993,65197,4,7,2,7,1,10,3,7,5,7,10,Male,Tier 3,Store
26,87195,12.0,5,3.8,8,10,49,7,103503,2852,3,5,6,5,7,7,4,3,1,9,10,Female,Tier 2,Online
53,84116,4.7,5,4.5,2,6,25,10,38484,92830,6,6,7,9,3,6,10,5,7,7,10,Other,Tier 3,Store
35,179406,7.7,13,5.2,3,8,32,17,83745,86358,6,5,4,5,7,4,7,6,3,3,6,Female,Tier 1,Store
65,123437,5.6,4,2.3,3,5,7,14,36841,105842,4,8,7,5,1,6,4,9,7,9,5,Male,Tier 3,Store
62,90526,5.1,10,1.9,8,7,10,7,900,3181,7,8,4,5,6,8,5,7,4,4,7,Other,Tier 3,Store
29,114646,7.7,13,2.9,5,10,40,0,69202,500,5,5,2,4,10,6,10,3,4,4,5,Female,Tier 1,Online
49,197078,6.5,7,1.3,2,4,35,8,117166,102085,3,7,2,5,7,6,3,5,7,10,7,Female,Tier 1,Store
38,151253,5.3,7,3.1,6,7,27,9,89038,53925,6,2,3,5,6,5,8,7,4,10,5,Female,Tier 2,Store
76,28405,4.7,1,2.3,4,4,0,14,10923,75142,10,0,4,8,4,6,4,7,5,2,4,Male,Tier 3,Store
44,150557,8.3,9,2.2,4,8,29,6,79069,46806,6,5,1,3,9,8,7,8,4,7,6,Male,Tier 1,Store
41,116423,6.4,2,3.1,4,3,0,14,49474,72137,7,3,6,7,3,9,5,5,7,5,4,Female,Tier 3,Store
24,124748,10.4,3,2.7,5,10,39,8,96542,59665,8,6,5,2,7,7,8,5,2,10,3,Other,Tier 2,Online
18,97536,8.4,8,6.0,7,10,36,0,63413,61615,8,3,5,2,6,4,10,2,4,10,2,Other,Tier 3,Online
51,121550,7.8,5,3.9,8,10,31,5,60894,25462,7,2,2,8,4,7,10,8,3,8,7,Other,Tier 2,Hybrid
57,113195,6.8,5,2.4,6,7,23,17,122069,84213,7,7,6,7,6,6,8,6,7,5,3,Male,Tier 2,Store
28,101197,11.0,9,6.0,7,7,41,3,89634,14404,7,3,4,8,8,7,10,6,7,8,4,Male,Tier 2,Hybrid
46,113536,1.6,12,2.1,8,7,0,15,49750,112848,6,0,4,4,3,5,5,7,3,9,10,Female,Tier 3,Store
44,108849,9.3,8,4.0,5,9,38,8,113884,28389,5,6,3,7,8,7,5,7,6,6,2,Female,Tier 3,Store
74,101171,4.7,8,1.5,3,2,2,15,74425,89219,7,7,4,8,1,2,7,9,6,6,3,Female,Tier 2,Store
29,140242,8.6,9,4.1,6,10,44,1,131329,33530,5,7,3,8,10,9,9,3,5,8,5,Male,Tier 2,Online
45,148661,6.8,10,2.7,5,10,27,4,104587,99351,6,9,5,3,6,5,9,6,4,7,4,Female,Tier 3,Store
76,121234,4.2,1,2.2,1,2,9,15,103542,80733,8,1,6,8,6,2,4,9,7,7,3,Female,Tier 2,Store
42,230360,7.9,3,1.6,5,8,41,5,150000,96498,5,9,4,6,8,3,4,7,4,5,9,Other,Tier 1,Hybrid
20,147375,8.4,7,3.6,8,10,43,4,104034,45358,6,5,5,6,8,9,7,3,3,7,3,Other,Tier 1,Online
18,97743,6.2,3,5.4,7,10,18,15,39937,127684,10,4,5,7,6,7,7,4,5,9,3,Female,Tier 2,Hybrid
21,15000,7.4,3,3.9,6,9,30,9,84054,47679,7,0,4,6,6,8,8,4,7,8,1,Female,Tier 3,Store
25,44998,9.7,9,6.0,3,8,45,2,144946,46870,8,9,3,5,10,7,10,2,5,9,9,Male,Tier 1,Online
19,15000,9.8,4,3.7,7,10,44,0,45410,57726,9,9,5,4,6,6,9,3,2,10,7,Other,Tier 3,Online
39,190058,10.4,7,4.4,7,8,43,5,150000,3519,1,9,4,6,6,3,8,6,7,6,5,Other,Tier 2,Hybrid
54,166338,10.0,7,5.5,7,10,31,10,137172,78719,9,7,4,6,10,6,5,5,6,8,8,Male,Tier 1,Hybrid
66,84670,2.1,4,2.0,3,2,4,9,59476,135266,8,2,5,7,1,6,6,8,6,5,5,Female,Tier 2,Store
58,138330,8.6,7,3.1,6,7,20,9,61846,73420,8,0,4,5,3,6,4,8,7,10,4,Male,Tier 2,Store
26,101620,9.4,13,3.7,8,10,43,0,150000,14835,6,9,6,4,10,7,6,5,2,10,5,Female,Tier 3,Online
79,55762,5.8,1,0.5,4,7,27,4,86439,22614,7,6,3,1,8,4,3,9,7,5,2,Female,Tier 2,Store
53,234666,8.5,5,5.2,4,6,30,11,117029,150000,3,2,4,2,4,6,10,4,6,8,10,Other,Tier 1,Store
43,107265,7.6,6,2.7,9,9,29,10,108098,68971,6,6,4,5,9,9,7,8,4,2,5,Other,Tier 2,Online
48,143525,6.0,1,2.0,9,6,29,11,71212,130936,6,5,6,5,9,2,3,6,3,6,5,Male,Tier 2,Hybrid
35,70628,9.6,13,4.4,7,6,18,10,83874,65920,7,7,3,10,3,6,5,4,3,7,4,Female,Tier 1,Hybrid
67,166058,5.0,4,1.1,4,1,0,12,63477,109632,4,0,5,7,1,8,3,2,8,7,1,Male,Tier 2,Store
66,162745,5.4,3,1.1,2,7,10,13,77242,103430,4,5,5,5,5,7,7,10,7,6,2,Female,Tier 2,Store
18,107186,8.4,7,6.0,6,10,29,5,81487,70198,8,4,3,9,6,6,8,4,1,10,2,Male,Tier 2,Hybrid
37,158075,9.6,9,3.8,6,10,32,3,114051,54705,7,3,4,2,8,4,6,5,1,7,8,Female,Tier 1,Hybrid
50,175838,5.9,11,3.7,6,8,28,9,45291,65997,5,9,5,6,8,8,7,6,3,7,7,Female,Tier 1,Store
29,111863,12.0,8,6.0,6,10,35,0,92841,51980,5,8,7,7,10,10,10,3,4,9,9,Female,Tier 3,Online
34,113657,8.0,2,4.7,7,7,30,8,67494,77351,7,6,7,1,10,6,9,5,4,9,7,Other,Tier 3,Hybrid
33,18596,7.2,11,5.5,7,6,39,2,77431,23691,8,7,4,6,3,5,7,2,5,10,7,Other,Tier 2,Online
53,126405,4.7,9,3.3,2,7,18,9,83821,60020,9,8,5,8,9,7,3,9,4,8,10,Male,Tier 2,Store
40,174666,10.9,11,5.3,5,10,39,8,113602,120279,5,7,4,6,7,6,10,6,2,10,3,Male,Tier 3,Hybrid
48,208417,5.6,11,3.9,5,8,28,6,96045,104494,4,6,3,5,5,10,8,7,4,5,9,Male,Tier 2,Hybrid
38,88502,9.4,4,6.0,2,10,31,6,80644,70572,6,4,6,4,7,8,5,6,3,9,5,Female,Tier 3,Hybrid
23,91145,11.1,1,6.0,7,10,49,2,115004,500,7,6,3,7,7,6,10,4,7,10,2,Other,Tier 2,Online
79,104357,3.5,4,0.0,8,6,9,17,42180,123425,5,7,6,7,3,4,5,10,9,10,10,Male,Tier 3,Store
56,128214,3.7,4,3.8,9,8,11,14,101639,124965,9,4,6,7,9,6,8,6,3,7,1,Other,Tier 3,Store
47,176240,7.3,7,4.9,7,8,41,5,127597,51143,3,7,6,8,5,9,10,6,4,8,6,Female,Tier 3,Online
63,63691,4.4,8,3.9,7,10,14,10,15008,500,6,2,4,9,5,6,8,5,5,8,3,Female,Tier 2,Hybrid
51,71205,10.5,7,2.4,9,7,43,9,103340,500,9,8,4,8,10,6,5,9,7,7,6,Female,Tier 3,Hybrid
46,124777,7.7,11,5.1,6,10,25,18,92957,76364,8,9,2,6,7,8,6,8,8,8,4,Other,Tier 2,Store
43,162408,5.4,8,4.2,8,8,18,15,43582,123726,3,2,1,1,3,8,8,7,7,10,4,Female,Tier 1,Store
50,58087,6.6,14,2.0,6,6,15,6,15452,500,9,3,2,4,3,5,5,7,6,10,2,Female,Tier 1,Store
18,78222,7.3,1,5.9,10,8,14,8,18634,55750,9,6,4,8,7,7,8,4,1,6,9,Male,Tier 3,Online
57,92468,5.6,6,4.4,6,7,26,13,56678,109790,3,7,6,1,8,4,9,9,5,4,2,Male,Tier 3,Hybrid
18,175280,10.0,1,2.2,6,9,30,7,87276,108445,7,6,6,5,3,5,6,1,3,8,6,Other,Tier 3,Hybrid
35,121904,10.9,9,4.0,7,7,28,12,54191,74385,9,2,5,3,3,6,10,7,4,7,8,Female,Tier 3,Hybrid
77,97140,5.6,1,1.6,6,7,17,7,84424,84142,4,1,5,7,7,7,5,9,10,4,4,Other,Tier 2,Store
53,149274,7.3,5,3.8,4,8,27,6,52898,4874,5,2,5,5,4,9,6,10,6,10,3,Female,Tier 3,Store
27,106160,12.0,7,6.0,3,10,49,3,150000,27640,4,9,6,6,7,8,8,5,3,10,7,Male,Tier 2,Online
25,131299,10.8,6,4.1,5,10,42,0,144467,44813,9,3,7,4,10,10,8,4,2,4,6,Other,Tier 3,Online
20,101764,6.1,5,4.5,5,10,33,7,124719,88111,6,5,6,5,5,7,8,5,1,8,1,Female,Tier 3,Hybrid
53,37775,6.1,4,2.9,6,10,18,16,25757,88072,7,1,5,9,3,7,7,5,7,4,8,Female,Tier 3,Store
42,162780,5.1,7,4.4,4,5,32,7,81546,12603,10,1,6,6,5,3,9,5,1,5,8,Female,Tier 3,Hybrid
49,116437,7.7,9,3.3,5,8,26,10,96741,46722,8,7,3,6,7,7,8,8,5,4,5,Female,Tier 2,Online
32,184816,8.2,5,6.0,9,8,27,11,142131,99112,6,5,3,8,6,6,8,5,5,6,7,Male,Tier 1,Hybrid
53,157086,8.4,9,5.2,7,9,43,0,52931,49002,6,6,4,5,8,5,9,6,2,5,7,Other,Tier 2,Hybrid
50,108926,9.3,11,3.3,8,8,28,5,68812,44860,9,5,4,6,8,8,6,8,6,1,9,Male,Tier 3,Online
56,148641,2.4,8,1.7,2,3,7,12,67441,42688,9,4,7,6,5,7,4,6,4,6,4,Other,Tier 3,Store
25,83092,9.4,4,6.0,8,7,25,5,86734,85692,6,9,5,6,5,6,9,5,6,10,6,Female,Tier 1,Hybrid
65,15000,6.3,7,1.8,3,7,28,4,29682,34127,5,4,5,7,9,4,9,6,6,8,5,Male,Tier 2,Store
63,114126,2.6,5,2.7,4,5,5,18,36525,95371,8,2,5,5,8,1,5,9,7,9,3,Female,Tier 2,Store
57,78179,8.2,9,2.0,1,3,19,13,33818,125861,10,3,6,4,4,4,8,7,3,4,1,Male,Tier 3,Store
35,153532,11.2,8,4.9,5,10,31,7,72285,95647,7,3,3,10,7,4,7,5,4,6,2,Other,Tier 2,Hybrid
67,105944,4.2,6,2.6,4,8,3,15,7138,58566,6,6,5,6,5,5,2,8,6,10,5,Male,Tier 3,Store
18,67843,7.3,5,6.0,8,10,28,4,72776,17538,3,5,2,9,5,10,9,3,1,10,7,Male,Tier 1,Hybrid
63,217017,9.1,11,4.3,1,3,25,12,146764,82739,5,2,1,2,9,6,5,9,5,6,2,Female,Tier 1,Store
52,208172,6.2,9,4.1,6,7,28,9,83641,78681,1,4,2,6,8,7,6,6,4,6,9,Male,Tier 1,Hybrid
27,81619,9.0,14,4.8,4,10,32,11,128311,29643,5,4,3,9,2,3,7,4,2,2,6,Female,Tier 1,Hybrid
35,180111,8.9,8,6.0,6,8,43,0,116125,26438,5,9,1,3,5,5,10,4,5,1,8,Other,Tier 1,Online
18,168251,9.6,3,6.0,8,10,28,10,51608,94316,5,1,1,4,4,7,10,5,5,6,3,Female,Tier 1,Online
40,170285,6.7,8,4.2,6,10,36,7,101963,39606,9,4,5,2,6,8,10,9,7,8,5,Female,Tier 2,Hybrid
57,136126,4.5,3,2.4,6,5,21,9,13696,73620,8,5,5,6,1,6,2,10,6,10,3,Other,Tier 2,Store
71,62059,7.1,9,0.9,5,5,19,9,59961,34903,7,4,6,6,7,4,4,4,9,7,4,Female,Tier 3,Store
61,30824,6.0,1,3.4,6,9,25,4,12235,30939,9,2,3,4,8,9,9,8,7,4,6,Male,Tier 2,Store
72,47438,6.4,7,4.1,4,5,15,6,9831,36098,7,1,6,7,8,2,5,9,4,7,4,Other,Tier 3,Store
55,180220,7.8,11,4.3,3,7,24,9,79063,73408,2,3,2,4,5,5,3,6,10,6,8,Female,Tier 2,Hybrid
44,137853,9.9,11,3.9,5,7,39,3,100750,32965,6,9,3,5,6,8,7,5,1,3,7,Male,Tier 2,Hybrid
47,141765,6.9,9,3.6,6,10,26,5,96035,38846,5,1,4,8,7,1,6,5,4,3,7,Other,Tier 3,Online
27,74342,10.2,5,6.0,8,8,39,4,72795,79058,7,5,4,7,5,3,10,2,5,8,3,Other,Tier 2,Hybrid
49,69413,9.9,7,4.3,6,8,29,13,115407,40112,6,1,6,4,2,4,6,10,7,5,8,Female,Tier 3,Store
60,38825,4.4,10,3.0,7,6,8,15,65073,118707,7,5,7,5,7,1,8,9,2,3,5,Female,Tier 2,Store
52,118802,7.0,1,2.6,5,6,29,9,51046,61921,8,5,5,6,6,8,2,7,6,10,8,Other,Tier 2,Store
48,78928,4.8,2,1.4,7,5,10,13,27582,78918,4,6,4,8,6,6,8,7,5,5,10,Male,Tier 3,Store
29,163326,5.4,14,2.1,5,10,27,6,86342,65480,6,4,3,4,5,9,6,5,4,10,10,Other,Tier 2,Store
50,107921,6.6,5,4.2,7,8,30,6,44599,64367,6,8,7,3,6,6,6,1,7,5,8,Male,Tier 2,Hybrid
66,51600,3.5,4,3.2,5,4,0,17,15488,150000,9,6,6,7,1,5,1,9,6,5,6,Female,Tier 3,Store
71,145096,5.3,4,2.4,3,6,27,10,123198,36891,6,9,5,5,5,2,8,9,5,6,7,Male,Tier 3,Hybrid
62,107874,3.9,1,3.7,7,6,16,6,46092,75696,6,6,5,5,5,1,6,7,10,5,6,Female,Tier 3,Store
23,65469,5.2,9,4.8,6,7,8,12,46119,36513,7,5,1,7,8,2,10,4,5,10,2,Female,Tier 2,Hybrid
51,132351,6.8,5,4.6,4,7,5,16,72433,108203,6,5,3,6,1,9,4,3,6,5,7,Male,Tier 2,Store
44,119694,10.0,11,3.1,4,9,49,1,128653,78051,7,9,3,7,9,6,6,7,2,6,6,Male,Tier 1,Hybrid
47,96096,7.9,9,4.1,6,8,31,13,80265,77192,8,6,7,7,3,6,5,7,6,4,3,Female,Tier 3,Store
33,38597,5.4,9,4.1,8,7,15,17,18860,33076,6,2,4,7,7,6,7,6,2,2,2,Male,Tier 3,Store
18,115918,7.8,1,4.8,7,10,27,6,69355,37477,6,7,2,8,8,8,10,1,3,6,1,Female,Tier 2,Hybrid
67,113493,4.2,6,1.9,4,6,6,16,56951,69077,5,7,4,2,4,7,4,8,8,7,2,Female,Tier 2,Store
34,77635,10.1,10,5.0,4,9,39,7,54963,32968,7,6,6,4,6,5,6,6,1,8,3,Female,Tier 3,Hybrid
44,123729,5.3,9,4.3,6,10,25,4,65848,66646,1,5,5,5,9,4,9,6,1,10,4,Female,Tier 1,Hybrid
39,154362,6.8,5,4.2,8,7,28,4,91109,33652,9,3,2,6,1,7,7,5,8,5,7,Male,Tier 2,Hybrid
42,76120,8.1,10,1.3,3,9,37,6,102873,57074,6,3,7,8,9,5,7,7,6,6,5,Other,Tier 3,Hybrid
46,167548,8.0,9,1.6,4,7,24,7,83911,97532,5,3,5,7,6,4,3,1,8,8,10,Female,Tier 3,Hybrid
37,150510,4.2,14,4.3,6,8,9,15,98484,69424,7,6,3,2,5,10,5,5,4,7,7,Other,Tier 3,Store
37,135470,9.3,14,6.0,9,10,39,0,78153,41838,7,4,7,5,8,6,10,1,4,6,8,Male,Tier 3,Hybrid
32,112853,8.8,14,5.8,5,8,26,6,71515,112869,6,6,2,6,7,8,8,7,3,5,7,Female,Tier 1,Store
58,117673,4.9,10,2.1,6,9,16,6,31363,500,6,7,5,9,5,10,7,10,7,9,7,Male,Tier 1,Store
19,142801,9.5,1,5.8,6,10,22,8,124376,54593,3,6,3,9,4,6,10,6,2,9,4,Other,Tier 2,Hybrid
50,153243,7.2,10,2.2,10,10,49,7,122470,34732,5,9,4,10,8,7,5,3,6,7,7,Male,Tier 1,Online
47,139532,5.9,5,3.4,8,10,28,13,122206,81219,7,6,6,4,10,10,10,5,3,7,8,Female,Tier 2,Hybrid
31,117231,8.8,14,2.7,8,7,30,9,129175,55560,3,7,4,10,5,6,6,6,3,8,5,Other,Tier 2,Hybrid
65,161966,5.0,11,3.7,5,6,7,16,61320,98482,8,6,5,4,3,2,8,10,5,7,7,Male,Tier 1,Store
38,56774,7.4,5,4.6,7,10,27,6,50308,30529,8,9,4,6,8,5,5,4,4,7,8,Other,Tier 2,Hybrid
59,78180,7.7,5,5.0,6,8,22,7,39011,77379,6,7,3,4,10,3,7,5,9,9,3,Female,Tier 2,Hybrid
32,211617,7.3,13,5.8,7,7,30,11,150000,145925,5,1,1,4,5,7,8,5,5,10,5,Female,Tier 1,Hybrid
23,69904,10.8,6,6.0,8,10,49,1,107944,9076,8,5,4,5,7,7,10,1,4,8,3,Other,Tier 3,Online
49,98632,5.7,12,3.8,5,6,24,9,67807,71746,4,2,3,5,7,3,8,3,6,7,7,Male,Tier 2,Hybrid
52,125644,7.8,1,0.6,4,6,22,8,53580,119371,3,7,4,4,5,8,3,10,8,1,10,Male,Tier 2,Store
26,102060,9.0,11,6.0,8,10,42,3,113906,76743,10,3,5,5,7,5,10,2,1,6,7,Other,Tier 3,Online
42,157145,9.6,9,4.2,8,8,36,6,116176,35393,8,8,1,5,7,6,9,4,6,5,5,Male,Tier 1,Online
36,193015,5.1,7,4.3,10,7,10,19,50134,125130,7,1,4,4,6,9,6,7,5,8,3,Female,Tier 1,Store
50,225089,6.5,11,2.3,6,6,21,13,66686,102373,5,5,3,3,8,6,7,9,7,10,9,Female,Tier 1,Store
66,69804,6.2,1,0.1,3,5,29,14,91723,38676,10,7,5,9,4,8,1,4,5,7,3,Female,Tier 3,Store
30,133357,8.7,8,6.0,7,10,22,12,47027,36575,10,2,5,3,4,5,10,4,4,10,8,Other,Tier 2,Hybrid
75,179503,2.6,5,1.7,6,4,7,18,99841,131467,4,1,4,4,1,2,2,8,6,9,1,Female,Tier 2,Store
55,124957,2.8,6,2.2,3,5,10,8,76063,45495,7,6,7,3,5,5,7,7,4,10,10,Other,Tier 2,Store
34,177889,8.2,5,6.0,3,10,26,11,86131,75720,3,4,2,5,5,6,10,6,4,10,3,Female,Tier 1,Hybrid
39,53096,4.5,4,3.1,6,10,27,2,48181,17564,7,4,3,6,6,6,8,7,5,10,8,Female,Tier 3,Hybrid
31,57560,6.5,12,6.0,8,10,15,19,900,56603,8,5,3,8,5,4,10,8,2,8,2,Female,Tier 2,Store
41,91654,5.9,7,2.5,4,8,29,4,75459,42853,7,4,4,7,2,3,2,3,4,9,7,Female,Tier 3,Store
45,149131,5.5,5,2.0,7,8,23,4,83414,36946,6,4,2,6,6,5,3,5,4,7,10,Other,Tier 1,Hybrid
57,37769,4.8,4,0.1,5,6,4,19,14488,70223,6,0,6,9,2,5,3,8,6,7,1,Female,Tier 3,Store
37,90392,10.2,8,4.2,9,9,30,9,66600,94316,10,4,5,8,10,4,10,6,3,6,8,Male,Tier 3,Online
45,189266,8.4,13,6.0,8,9,41,6,127453,81205,6,4,4,6,9,7,8,5,4,5,8,Other,Tier 1,Hybrid
43,161070,6.0,10,3.1,4,10,24,8,85306,69040,3,4,4,3,6,7,5,6,5,7,3,Female,Tier 1,Hybrid
21,20963,6.1,5,5.5,9,10,38,7,80456,4605,8,8,2,5,6,4,10,2,1,9,3,Female,Tier 2,Online
25,138733,7.2,5,5.5,5,8,37,5,98634,104071,4,3,4,3,10,7,10,2,7,8,2,Female,Tier 1,Hybrid
39,144478,8.8,14,3.9,5,10,30,15,102336,48982,6,2,2,5,8,4,6,5,8,10,4,Other,Tier 1,Online
46,250000,5.7,10,3.4,5,10,34,5,105612,91619,1,6,1,2,10,7,8,6,5,10,5,Female,Tier 1,Online
38,109906,7.1,10,3.4,8,8,11,9,77753,1954,2,3,2,4,8,7,5,5,1,5,6,Other,Tier 2,Hybrid
34,112485,5.5,9,6.0,7,7,21,16,73919,112503,9,0,5,8,1,6,10,7,4,10,7,Female,Tier 3,Hybrid
51,71727,6.6,9,2.6,1,7,18,19,51490,145652,7,4,5,7,9,2,4,5,8,10,3,Other,Tier 3,Store
31,150180,11.7,6,6.0,5,9,33,9,90865,67214,7,9,4,5,10,4,9,3,3,7,7,Female,Tier 3,Online
43,100581,4.5,13,4.0,7,8,35,8,97479,14305,8,7,7,5,6,5,7,7,2,3,6,Male,Tier 2,Store
51,179484,6.4,11,1.0,10,8,11,14,48061,86393,7,4,5,8,5,6,2,10,5,5,5,Male,Tier 3,Store
55,148899,5.4,7,1.2,9,7,32,6,109709,35750,8,9,5,7,9,8,7,8,6,7,1,Female,Tier 2,Hybrid
43,239580,4.8,7,5.3,5,6,14,0,120850,52489,2,3,2,4,7,9,8,4,2,5,7,Male,Tier 1,Store
61,163195,6.5,9,4.2,8,6,27,6,86671,78347,4,3,5,5,7,7,5,5,5,4,3,Female,Tier 2,Hybrid
49,111818,7.1,9,3.1,7,6,24,6,94813,11858,6,6,2,4,4,8,3,9,4,4,5,Male,Tier 2,Store
63,97301,6.2,9,4.9,4,6,17,16,11662,89925,5,4,4,4,4,6,8,7,9,7,2,Female,Tier 3,Store
31,220978,9.9,5,4.1,6,9,38,7,112163,138987,2,8,1,3,9,10,9,5,4,3,5,Female,Tier 1,Store
18,34645,10.1,6,5.2,7,10,39,3,73675,500,7,8,2,2,10,7,10,3,2,4,1,Male,Tier 2,Store
58,87167,4.7,12,2.1,4,6,9,9,39958,29821,6,4,5,9,2,5,6,6,8,8,5,Female,Tier 2,Store
70,106403,6.4,5,2.5,9,7,20,3,81384,500,10,1,4,5,3,4,6,5,8,9,3,Male,Tier 1,Store
50,102946,7.0,11,4.2,5,6,17,12,85389,88515,4,4,7,6,3,4,6,2,8,3,7,Female,Tier 3,Hybrid
18,25838,8.5,5,6.0,8,8,35,2,84708,50430,10,4,5,5,8,5,8,2,2,4,4,Male,Tier 2,Online
74,53852,2.2,1,0.7,3,6,14,1,81761,38625,4,4,6,7,1,5,5,9,2,6,2,Female,Tier 3,Store
39,144638,10.3,12,5.8,6,10,41,0,52410,44548,8,9,2,5,7,9,9,5,2,5,5,Male,Tier 2,Store
50,80290,12.0,2,3.7,7,7,30,12,96288,49423,10,6,5,7,6,8,6,4,9,8,6,Female,Tier 3,Store
49,118732,9.0,11,2.3,5,7,33,0,131901,58017,6,3,4,5,7,4,10,5,6,10,3,Male,Tier 2,Hybrid
18,73514,9.9,1,3.3,6,10,33,4,32342,39565,10,3,3,5,7,7,10,8,3,3,7,Male,Tier 3,Hybrid
29,147957,8.7,8,3.7,7,9,34,7,72034,51741,9,2,3,7,5,6,7,3,3,10,7,Female,Tier 2,Hybrid
34,131752,11.3,8,3.3,7,9,41,1,91819,28895,4,6,1,5,2,3,9,3,1,10,8,Male,Tier 1,Online
50,166342,4.7,11,3.0,3,6,34,7,119138,57927,3,6,7,5,8,4,6,9,7,8,10,Male,Tier 2,Hybrid
27,33084,7.8,6,5.6,7,9,31,8,87950,41469,8,7,4,8,6,4,8,3,4,8,5,Male,Tier 1,Hybrid
59,115617,5.6,3,1.3,6,3,17,14,6072,58853,8,5,5,8,7,1,7,5,6,4,4,Female,Tier 3,Store
27,177369,6.5,9,5.9,4,9,32,10,90293,53367,4,9,4,1,4,9,10,3,3,3,5,Female,Tier 1,Online
55,164801,6.4,7,5.3,9,10,34,14,45342,129594,3,8,7,8,10,7,10,9,9,10,6,Female,Tier 2,Hybrid
49,149129,6.6,7,3.9,4,9,33,6,100579,15947,5,7,2,8,6,3,7,4,2,9,7,Female,Tier 3,Hybrid
66,213018,7.1,9,2.1,9,9,25,12,64989,114655,2,2,2,2,6,7,6,9,10,7,7,Female,Tier 1,Store
40,182302,8.9,5,4.0,6,7,16,16,78777,84639,3,6,5,7,5,6,7,7,5,7,8,Other,Tier 1,Hybrid
34,31516,9.1,9,2.5,5,5,27,8,76267,86385,6,9,7,5,6,4,7,3,5,6,9,Female,Tier 3,Store
58,189218,6.4,8,0.7,8,9,21,12,89545,49714,2,1,6,5,1,4,4,4,5,7,1,Female,Tier 2,Hybrid
18,52840,10.9,6,6.0,6,10,45,5,79425,63282,7,4,3,4,8,5,7,5,6,7,1,Female,Tier 2,Online
23,96645,8.9,3,6.0,6,9,44,4,121683,21135,8,5,4,7,4,9,10,2,2,7,2,Female,Tier 1,Hybrid
38,105223,5.9,12,2.8,9,10,30,18,61874,76620,6,3,7,5,7,3,6,7,6,8,8,Female,Tier 3,Hybrid
33,135465,7.5,6,2.4,6,8,26,10,97007,39185,4,6,4,5,3,5,7,4,4,10,9,Female,Tier 3,Hybrid
39,92461,9.9,7,3.7,2,8,37,2,101518,33293,10,9,6,7,7,7,10,5,1,6,7,Female,Tier 2,Hybrid
40,87526,9.7,5,2.7,8,7,24,5,15115,74052,4,5,6,6,2,3,5,3,4,7,10,Female,Tier 3,Online
54,106484,7.9,6,0.0,6,6,19,6,117956,65947,6,3,5,7,8,3,4,9,4,4,10,Female,Tier 3,Store
28,50517,9.7,7,4.3,9,10,43,7,68138,31519,8,8,3,5,8,7,5,7,6,9,5,Other,Tier 2,Hybrid
24,91575,10.8,5,4.3,10,10,35,2,129814,25650,6,3,4,7,8,2,6,5,1,9,1,Male,Tier 3,Hybrid
37,54317,8.7,12,4.0,7,8,20,9,82805,22368,10,1,6,6,2,4,7,2,5,8,8,Male,Tier 3,Hybrid
34,176194,10.4,10,6.0,4,6,25,3,112164,57997,10,9,4,6,6,8,10,7,5,7,8,Other,Tier 3,Hybrid
48,140081,8.0,1,2.3,5,9,38,6,82476,88179,7,4,4,7,8,6,7,7,3,8,10,Male,Tier 2,Online
34,105346,8.5,6,2.6,3,7,27,17,900,79177,7,7,2,10,3,4,3,6,4,10,5,Male,Tier 1,Store
55,90574,4.9,9,1.9,3,7,21,9,51046,75781,3,8,4,7,5,2,5,6,6,8,10,Other,Tier 2,Store
41,154612,5.4,13,3.4,7,10,38,5,120055,500,3,9,1,4,6,7,4,4,5,5,7,Male,Tier 1,Hybrid
61,39930,6.0,5,1.3,8,6,27,7,118211,39036,4,4,3,6,10,8,1,5,4,7,6,Male,Tier 2,Hybrid
35,146702,6.1,8,3.8,6,10,33,13,127911,116449,7,7,3,5,7,4,4,8,3,6,6,Male,Tier 3,Hybrid
52,157851,4.6,10,1.0,3,6,13,19,68663,87140,7,7,5,4,6,7,1,8,5,6,9,Male,Tier 2,Store
46,144506,6.7,7,3.3,5,7,24,17,81380,31056,6,3,4,5,4,6,6,6,4,9,9,Male,Tier 3,Store
50,211035,10.9,9,2.8,9,6,18,14,20913,41323,4,5,4,6,7,5,3,8,4,7,1,Other,Tier 1,Store
18,16751,6.6,2,4.7,9,10,24,19,29879,30279,6,7,6,7,6,5,10,4,7,10,8,Female,Tier 3,Hybrid
44,85092,5.2,12,4.9,7,10,27,7,29153,64949,4,4,1,3,6,9,7,6,4,10,8,Male,Tier 1,Hybrid
36,108976,8.7,6,3.9,9,7,29,4,134612,82618,10,6,4,6,4,4,8,1,1,9,5,Male,Tier 2,Hybrid
51,120153,9.2,10,4.1,3,9,44,1,150000,40898,6,5,3,4,6,8,8,5,6,5,7,Male,Tier 1,Hybrid
46,65541,7.8,7,4.1,9,4,20,4,82785,62888,6,7,4,5,5,2,8,3,1,9,5,Male,Tier 3,Hybrid
18,92761,7.8,2,5.6,7,10,18,14,70107,83380,6,4,2,7,6,8,8,3,4,6,3,Male,Tier 1,Hybrid
79,66218,5.4,3,3.1,5,5,22,8,64195,74851,5,0,2,6,1,7,8,9,10,8,9,Male,Tier 1,Store
54,118637,1.1,5,0.8,8,6,4,19,50904,48746,9,2,2,9,4,5,4,8,5,5,9,Female,Tier 2,Store
37,200366,6.9,3,5.0,6,9,30,11,119313,100548,8,1,1,5,6,9,10,8,2,5,6,Female,Tier 2,Store
36,118400,12.0,12,3.2,7,8,47,9,122318,31729,5,3,5,5,6,4,6,4,6,5,4,Other,Tier 3,Online
18,36646,9.4,5,5.1,10,10,22,14,52676,28962,9,7,6,7,6,4,6,6,3,7,2,Female,Tier 3,Hybrid
18,164223,10.1,2,6.0,9,10,49,0,150000,27087,8,1,4,5,10,10,10,6,3,10,7,Female,Tier 2,Hybrid
49,147370,5.1,3,5.5,10,8,27,10,83270,60808,6,9,4,7,4,4,5,6,1,4,10,Other,Tier 2,Store
24,79373,8.1,3,2.0,1,10,38,11,108619,47550,5,7,4,6,9,6,5,5,3,9,1,Female,Tier 1,Store
60,128322,3.4,1,3.1,7,7,19,10,86946,77961,7,6,6,6,4,4,6,8,5,5,8,Other,Tier 3,Store
65,123674,3.4,8,0.0,4,8,11,13,61477,85158,6,1,2,5,6,5,3,10,4,7,4,Male,Tier 1,Store
37,75201,10.4,7,3.3,9,8,37,7,77883,16592,6,7,5,10,4,5,8,6,4,10,8,Male,Tier 2,Hybrid
74,94366,1.7,1,0.1,7,4,0,16,45090,78544,5,3,5,7,4,7,6,9,8,6,6,Female,Tier 3,Store
39,148981,9.8,11,3.7,10,10,47,5,150000,59727,5,7,4,5,6,10,10,4,5,4,2,Other,Tier 1,Online
56,107481,10.3,6,2.1,10,9,36,2,131223,56137,6,8,4,10,5,5,6,5,4,6,5,Female,Tier 3,Online
64,44532,1.1,5,0.6,5,6,0,15,27411,46636,6,6,5,4,5,6,3,6,4,8,1,Male,Tier 2,Store
36,114230,7.7,14,3.3,6,10,48,0,127532,43351,3,5,5,1,8,10,6,5,10,7,10,Female,Tier 2,Online
63,138350,1.8,6,1.5,5,7,3,19,94892,47960,3,0,1,6,3,8,5,7,6,3,4,Male,Tier 2,Store
29,163139,8.2,12,0.7,7,6,13,13,89585,68136,5,6,5,7,3,3,7,8,6,10,4,Male,Tier 3,Store
21,107970,10.7,7,5.9,5,9,35,4,37192,51398,6,8,6,6,2,4,10,4,6,6,3,Female,Tier 3,Store
48,226258,5.7,1,1.6,2,5,20,6,121693,150000,8,0,6,7,6,10,9,8,5,5,9,Male,Tier 1,Store
41,89828,3.7,3,4.2,1,5,9,13,16423,92072,4,2,4,3,4,5,9,6,4,7,9,Female,Tier 2,Store
59,97299,5.8,6,1.3,2,6,23,5,150000,42034,4,5,3,7,6,7,4,8,3,6,3,Male,Tier 1,Store
37,155015,10.7,7,5.6,8,10,49,11,150000,33838,5,8,5,5,9,5,7,4,8,10,7,Female,Tier 3,Online
35,82036,8.5,10,5.5,7,10,37,1,51781,500,10,2,7,3,10,6,7,8,4,5,7,Other,Tier 3,Hybrid
49,173703,5.7,11,3.0,8,9,0,9,59079,52292,3,2,2,2,7,6,3,6,6,7,7,Other,Tier 1,Hybrid
18,35237,8.9,4,6.0,8,10,44,7,145016,35569,5,9,2,10,10,6,10,1,6,5,1,Female,Tier 2,Online
69,58859,3.2,4,0.7,2,4,8,12,86048,16747,4,6,6,4,9,4,2,7,8,4,6,Male,Tier 3,Store
33,36037,10.5,14,4.7,5,7,30,4,17446,500,9,3,3,10,10,6,9,2,1,10,10,Female,Tier 3,Hybrid
49,168865,7.4,10,4.6,7,10,49,4,129403,56633,6,2,7,5,4,6,8,7,8,7,6,Male,Tier 2,Hybrid
47,182916,7.1,8,5.2,4,6,17,11,104282,110660,7,4,4,3,3,7,8,8,6,6,6,Other,Tier 2,Store
43,102355,11.1,7,5.1,7,4,12,9,49895,79426,8,2,4,9,4,6,8,5,4,10,9,Male,Tier 2,Store
62,108303,6.0,5,3.4,6,5,18,14,85510,52078,7,4,3,4,4,6,6,10,8,9,6,Female,Tier 1,Store
63,110418,2.0,8,1.8,6,1,8,6,20264,12314,8,5,7,7,5,1,4,7,5,9,5,Female,Tier 3,Store
46,177137,4.2,2,3.3,9,9,18,9,108099,50551,7,4,1,3,10,8,7,5,6,10,6,Female,Tier 1,Store
79,162371,5.6,8,2.1,4,5,14,3,45923,30936,5,4,2,4,7,1,3,8,5,5,2,Female,Tier 1,Store
43,121203,4.8,4,0.9,7,5,19,4,69839,45270,8,8,7,6,6,3,5,7,2,8,9,Other,Tier 3,Store
34,109354,8.2,12,4.3,9,10,38,7,102751,67722,8,0,6,1,6,3,8,10,6,8,8,Female,Tier 3,Online
58,160757,4.9,13,0.0,3,9,32,8,79756,78295,5,3,6,3,4,5,4,9,7,6,4,Female,Tier 3,Hybrid
40,90350,5.4,10,1.3,7,8,26,0,54955,61382,10,2,4,5,3,7,6,6,7,4,7,Other,Tier 3,Hybrid
30,199557,10.4,7,6.0,6,9,42,16,147848,149523,1,4,4,5,6,9,10,9,1,7,7,Male,Tier 2,Hybrid
18,74924,8.4,6,5.1,4,8,21,10,59163,65563,7,6,7,4,10,4,8,4,4,9,1,Male,Tier 3,Store
45,107584,3.6,11,1.9,8,7,15,10,25004,150000,6,2,4,5,3,7,4,8,4,8,5,Female,Tier 3,Store
25,92204,8.2,8,3.2,5,10,32,5,102601,78932,4,5,2,7,4,5,8,2,4,9,7,Female,Tier 1,Online
21,81406,10.6,2,5.7,8,10,49,7,76804,31852,10,7,4,5,10,7,8,3,3,10,2,Other,Tier 3,Online
25,104594,12.0,8,3.2,6,10,49,5,136310,500,7,6,1,4,9,5,9,3,1,8,1,Male,Tier 1,Online
60,135952,6.2,1,1.0,5,5,8,8,75010,44764,7,4,3,9,3,3,3,10,5,8,7,Female,Tier 2,Store
21,101510,10.4,5,2.7,7,6,27,9,29841,89002,7,7,5,7,9,4,6,7,5,6,5,Male,Tier 2,Hybrid
29,136397,9.9,9,6.0,7,10,39,10,127641,106473,8,1,2,5,5,7,7,4,5,4,7,Female,Tier 1,Online
55,111612,3.8,5,4.7,4,6,7,11,111780,67275,3,3,4,3,3,3,3,6,8,7,9,Female,Tier 2,Store
24,104667,12.0,7,6.0,10,10,49,0,94334,29383,7,5,7,7,8,5,9,3,2,7,8,Male,Tier 2,Online
29,133382,9.8,8,5.0,6,8,28,16,100873,108351,8,6,3,9,4,10,10,9,3,6,8,Other,Tier 1,Hybrid
61,89463,7.5,1,4.3,3,7,25,6,55257,48981,10,0,6,8,5,2,4,6,6,9,2,Male,Tier 3,Store
56,111656,3.1,10,3.7,5,7,15,17,93593,60925,4,5,3,7,5,4,9,6,8,8,2,Female,Tier 2,Store
78,54362,4.5,6,1.8,3,7,16,11,27596,35766,6,3,5,6,3,3,5,6,8,7,4,Female,Tier 3,Hybrid
48,218763,6.6,2,1.3,10,10,24,7,80148,20897,6,5,3,2,4,5,6,8,7,10,4,Male,Tier 1,Hybrid
51,113510,6.9,10,2.3,6,8,12,6,27623,101065,7,5,2,5,2,6,7,5,10,9,2,Female,Tier 2,Hybrid
60,135631,5.7,5,2.2,5,5,11,9,54404,43402,8,6,7,6,9,5,5,10,4,10,5,Male,Tier 2,Store
57,148421,5.4,8,0.9,4,3,11,10,79699,84111,5,5,4,7,10,5,6,7,4,7,3,Other,Tier 2,Store
18,69228,7.5,6,3.9,8,9,32,7,117026,28023,7,4,7,6,8,4,5,3,4,8,2,Male,Tier 2,Hybrid
68,81031,4.9,1,3.8,3,6,10,18,21381,119606,7,5,7,10,10,7,9,10,9,6,5,Other,Tier 3,Store
42,209441,5.5,5,5.1,8,10,39,4,150000,65062,5,3,5,6,5,8,10,8,4,4,3,Female,Tier 3,Hybrid
70,60039,3.3,3,3.6,5,5,2,15,11295,100992,4,4,4,7,2,6,6,5,7,9,8,Male,Tier 1,Store
43,204583,7.6,3,2.5,4,9,24,11,107407,113249,6,6,3,5,9,8,8,5,5,7,10,Male,Tier 1,Store
18,90144,11.8,2,4.9,8,10,41,5,80433,39039,8,5,5,4,7,5,6,4,6,10,6,Other,Tier 2,Online
56,38914,6.9,6,3.9,5,8,31,7,73005,29564,10,8,5,6,5,10,7,6,4,2,4,Male,Tier 3,Store
60,154055,4.6,2,0.4,4,7,21,10,114202,92877,8,1,6,5,6,7,7,9,8,6,2,Female,Tier 2,Store
32,80399,9.2,14,3.9,5,10,42,1,136509,500,8,5,3,2,7,1,8,4,5,6,9,Male,Tier 2,Online
53,123058,3.9,6,2.0,5,7,22,3,102408,60370,6,4,5,4,3,5,3,2,5,6,7,Male,Tier 3,Store
39,150067,5.2,11,2.6,5,7,23,18,87379,102029,9,7,3,3,2,7,4,10,7,5,10,Female,Tier 1,Store
31,147656,8.6,7,3.0,5,4,16,15,71570,117603,5,6,3,5,8,4,6,5,6,5,4,Female,Tier 1,Store
73,105253,4.3,1,1.3,1,5,2,12,18799,112724,8,5,6,5,8,4,5,7,8,3,4,Female,Tier 1,Store
52,147870,7.8,10,4.5,6,7,25,9,104824,51068,8,3,2,5,9,9,8,10,7,5,8,Female,Tier 1,Store
36,188329,3.5,13,4.6,5,10,42,5,136000,106761,5,9,5,1,7,5,8,7,8,7,10,Female,Tier 3,Hybrid
38,101488,7.4,10,3.5,7,9,24,4,105683,55390,5,4,5,6,7,9,7,4,5,5,9,Female,Tier 1,Hybrid
28,98805,9.5,7,5.6,5,10,34,0,119866,33165,7,7,4,10,8,4,6,6,1,8,3,Male,Tier 3,Online
18,73956,11.8,4,5.8,10,8,46,6,83271,74444,6,9,3,5,4,7,7,5,6,9,8,Male,Tier 3,Hybrid
26,109103,10.1,7,4.4,9,10,41,4,136438,66512,6,6,3,1,5,5,10,1,7,7,5,Other,Tier 2,Online
32,193655,11.7,12,4.4,8,10,49,0,150000,34292,6,5,6,6,9,1,7,10,5,9,6,Other,Tier 3,Online
30,143538,7.0,10,6.0,8,8,42,9,92718,93358,10,7,5,6,10,5,9,5,6,8,4,Female,Tier 1,Online
54,193866,5.3,10,3.0,8,4,16,4,49410,59404,4,3,5,5,3,5,8,6,6,7,2,Male,Tier 3,Hybrid
45,148056,10.1,11,3.5,10,10,49,4,97650,39204,4,6,6,5,10,9,4,5,7,3,6,Male,Tier 3,Online
55,35761,5.6,4,3.9,1,8,20,8,15656,47847,6,6,3,9,3,8,6,5,5,8,4,Male,Tier 1,Hybrid
32,54708,9.9,13,6.0,7,10,39,14,101152,84116,9,9,5,6,10,4,9,6,7,10,6,Male,Tier 2,Hybrid
77,105350,3.7,8,0.0,2,3,13,6,3314,42795,1,5,5,10,4,1,1,5,9,5,4,Male,Tier 2,Store
56,101325,4.7,7,3.4,4,6,9,6,39720,59834,8,0,3,7,3,7,9,4,5,2,6,Other,Tier 2,Store
43,96191,8.8,12,3.1,4,6,31,5,105861,31616,6,3,4,8,3,5,4,4,4,10,5,Other,Tier 2,Store
65,170201,6.0,14,1.9,5,4,1,13,69469,80592,8,4,3,3,4,4,6,10,7,10,7,Male,Tier 2,Store
32,166171,10.3,9,5.0,4,9,37,11,112079,128831,5,1,4,4,8,5,10,1,6,10,7,Female,Tier 1,Hybrid
24,120525,10.7,4,3.4,10,9,40,4,100210,55266,6,9,2,5,10,10,7,6,6,6,8,Other,Tier 1,Online
67,123384,5.9,10,5.1,4,6,6,15,48647,62133,6,7,3,4,2,4,7,8,7,8,5,Male,Tier 2,Store
40,235294,8.5,9,4.1,5,10,29,10,97852,119280,6,6,4,3,10,3,8,7,3,7,8,Female,Tier 2,Store
36,82747,5.5,3,2.6,7,7,6,15,56135,75546,5,7,4,8,2,7,4,8,4,6,4,Female,Tier 3,Store
37,96701,5.5,5,1.6,7,8,23,8,138276,22579,4,9,3,8,3,5,5,5,5,9,2,Male,Tier 1,Hybrid
57,83249,4.9,8,3.0,5,5,13,9,62109,51847,8,5,4,5,1,4,8,3,6,3,5,Female,Tier 2,Store
32,151482,5.6,11,2.8,5,7,18,3,35036,3938,7,7,3,5,5,8,5,2,3,8,4,Female,Tier 1,Online
48,99708,7.7,3,3.1,7,9,32,5,94291,40865,8,9,4,6,7,6,7,4,3,10,6,Other,Tier 1,Store
45,123734,8.4,7,4.7,3,6,14,13,70591,101227,8,0,7,7,1,8,6,5,9,9,7,Other,Tier 3,Hybrid
48,197527,4.9,5,1.6,6,9,27,8,114039,106395,6,4,4,5,4,3,3,7,4,5,8,Other,Tier 3,Store
36,73854,8.0,9,4.6,7,9,28,14,97900,36750,6,7,3,5,3,3,7,7,5,7,6,Female,Tier 1,Store
52,138606,4.2,7,2.1,7,7,1,18,57008,80289,1,7,6,7,1,5,10,6,5,7,9,Other,Tier 3,Store
36,141222,9.2,9,4.4,7,9,38,1,115394,500,10,1,6,5,10,6,5,9,1,6,7,Male,Tier 2,Hybrid
57,124175,7.0,5,3.0,5,10,43,3,101439,51894,4,8,5,6,9,7,7,4,7,9,5,Female,Tier 2,Online
52,156831,7.4,2,2.5,4,6,20,7,104977,66649,5,1,5,4,4,8,8,4,6,8,5,Male,Tier 1,Hybrid
28,109233,10.4,14,6.0,8,10,44,1,150000,37452,7,9,5,6,5,4,8,5,7,8,8,Male,Tier 2,Hybrid
23,15000,11.2,1,5.6,2,8,32,12,12500,60985,8,6,6,9,7,5,5,6,1,6,4,Other,Tier 2,Hybrid
79,96277,5.3,5,1.1,5,5,6,17,55155,147063,7,4,3,4,8,2,2,10,7,6,4,Male,Tier 1,Store
43,31193,9.0,11,4.3,8,10,35,4,83538,500,6,2,3,8,7,7,6,2,8,9,3,Male,Tier 3,Online
43,195533,9.4,9,4.9,6,8,30,8,117625,68585,1,6,4,6,5,5,5,5,7,10,5,Female,Tier 1,Hybrid
41,184485,9.6,5,3.2,6,9,30,10,56652,102812,7,4,4,6,9,6,8,3,4,9,3,Female,Tier 1,Online
66,130923,5.7,1,2.3,4,6,8,11,57707,43702,2,5,3,7,3,8,4,6,6,9,6,Other,Tier 1,Store
40,120281,8.7,5,5.9,7,9,31,0,64804,39283,5,8,3,8,10,9,8,5,5,10,5,Female,Tier 3,Online
60,177413,8.8,1,0.0,1,8,17,7,133557,108379,6,8,1,1,6,7,5,6,2,7,3,Male,Tier 1,Store
45,214580,6.3,6,3.9,8,9,29,7,106055,82744,9,2,1,1,6,4,8,6,5,10,7,Other,Tier 1,Store
18,71027,6.9,3,5.0,5,7,17,9,900,42266,6,0,6,5,8,4,7,3,4,8,5,Male,Tier 2,Hybrid
71,122345,5.5,3,1.2,6,3,3,10,20089,92058,9,5,4,5,5,3,7,10,3,5,2,Male,Tier 2,Store
42,79825,5.6,3,3.4,6,7,17,10,82569,122280,5,5,7,4,6,2,5,8,5,9,5,Female,Tier 3,Store
38,232527,6.5,10,2.5,7,6,4,14,52429,82258,5,5,4,3,2,6,5,8,6,7,4,Male,Tier 2,Store
69,32373,5.8,5,0.5,3,5,24,4,51798,27407,4,3,7,8,4,7,4,3,5,4,7,Female,Tier 3,Store
42,85640,6.3,8,6.0,6,7,36,4,132864,16111,5,8,3,8,9,4,10,7,2,5,7,Other,Tier 2,Hybrid
52,129063,2.7,6,2.3,7,9,22,18,59661,96529,5,2,3,5,6,6,9,9,4,2,6,Male,Tier 2,Hybrid
56,113399,4.8,12,5.2,7,9,21,14,46873,48338,4,7,1,7,5,8,9,7,7,4,2,Male,Tier 2,Store
56,100724,3.9,10,0.5,4,6,22,9,79215,53037,4,3,5,8,9,6,4,9,5,9,1,Female,Tier 3,Store
36,121826,7.8,5,4.4,7,6,26,7,96301,55823,5,5,5,7,8,6,9,9,3,8,10,Male,Tier 2,Hybrid
53,38576,6.6,5,5.0,4,5,13,14,14846,35877,10,4,7,5,3,6,9,6,4,9,6,Male,Tier 3,Hybrid
32,46316,6.0,10,3.1,5,8,24,5,28662,40577,7,0,4,7,7,5,6,6,5,9,6,Male,Tier 3,Store
56,189777,4.8,2,2.4,1,5,14,13,69856,80650,2,4,5,6,9,3,5,9,6,2,3,Female,Tier 3,Store
79,135613,5.2,6,3.8,6,8,15,17,80205,53473,9,5,6,4,5,6,7,10,9,8,2,Female,Tier 3,Store
47,147114,6.1,9,2.9,7,9,33,12,131742,70064,7,6,3,4,8,10,6,4,6,6,7,Female,Tier 1,Store
44,87799,7.7,2,5.8,7,8,19,12,90472,22455,8,9,6,6,4,8,10,6,5,8,5,Female,Tier 3,Store
46,250000,10.0,8,4.1,7,8,42,0,150000,36364,2,9,4,2,9,8,6,9,6,5,4,Female,Tier 2,Hybrid
38,87920,7.4,8,4.6,5,10,25,13,73151,65762,5,8,4,6,8,6,9,6,3,6,6,Other,Tier 3,Hybrid
42,135551,4.9,4,4.6,6,10,38,4,147854,18197,4,9,6,6,8,6,9,3,2,4,7,Female,Tier 3,Hybrid
33,111000,7.1,5,3.2,6,6,22,16,96002,62734,9,6,4,6,1,9,7,3,7,10,1,Other,Tier 1,Store
55,154167,7.2,6,3.2,5,9,27,7,58376,91759,7,6,6,5,5,5,9,8,6,5,6,Other,Tier 3,Hybrid
29,250000,8.7,12,3.5,8,10,32,7,150000,91315,2,4,4,1,5,9,7,1,7,8,6,Female,Tier 3,Online
29,128294,9.9,12,3.2,7,10,30,9,75063,50735,6,7,7,6,2,8,10,4,1,8,6,Other,Tier 3,Hybrid
18,61661,10.0,4,6.0,8,8,33,5,56411,88221,10,2,7,7,7,10,10,2,4,7,4,Female,Tier 3,Hybrid
75,27774,8.7,6,1.7,4,6,16,2,7982,500,10,5,6,8,3,8,5,6,6,3,8,Female,Tier 3,Store
79,81099,1.5,3,1.9,6,2,0,17,4617,96636,10,1,4,7,4,5,7,9,6,4,8,Other,Tier 3,Store
22,91756,8.4,5,3.5,6,10,32,4,83366,16421,6,2,3,1,8,6,10,5,3,10,2,Female,Tier 2,Hybrid
35,33238,10.3,11,5.2,6,10,44,3,67872,500,6,5,5,6,8,5,10,4,2,9,5,Male,Tier 2,Online
60,176948,3.9,1,4.3,7,6,14,9,72500,35565,6,8,5,7,5,9,10,8,7,7,3,Male,Tier 1,Store
31,113603,8.3,10,3.2,5,10,43,6,118541,500,6,9,5,4,9,7,10,4,4,5,6,Male,Tier 3,Hybrid
18,144280,7.3,5,4.1,9,9,39,6,60202,51438,6,5,1,6,3,5,8,2,6,6,3,Male,Tier 2,Hybrid
51,53006,7.1,8,3.3,4,10,35,11,31666,105298,6,4,5,6,10,8,10,7,2,6,7,Other,Tier 3,Store
37,130956,7.6,13,3.1,8,7,22,8,83160,72006,7,5,6,2,6,5,6,7,4,9,7,Other,Tier 2,Store
33,151504,8.2,12,3.3,5,10,29,11,128792,67678,3,9,2,7,10,8,10,9,2,4,7,Male,Tier 1,Store
18,15000,11.7,8,5.6,9,10,49,1,28193,500,8,7,1,6,4,8,9,1,1,8,3,Male,Tier 2,Online
48,92817,5.4,9,3.2,6,7,23,11,24180,78528,10,9,7,3,10,6,4,9,4,5,10,Male,Tier 2,Store
50,196435,6.5,1,4.8,6,7,30,5,116304,114806,3,4,4,5,6,7,8,6,6,9,7,Female,Tier 1,Store
55,64013,8.2,3,5.1,8,8,42,11,109225,78920,6,9,3,5,10,9,10,7,5,10,7,Other,Tier 1,Hybrid
67,74122,2.4,4,0.4,4,4,5,17,38859,79565,5,4,5,5,6,6,2,10,3,6,4,Male,Tier 3,Store
37,115174,9.6,13,6.0,6,8,31,1,133866,6573,3,8,5,3,3,4,9,1,4,3,5,Male,Tier 2,Online
50,201821,10.6,6,4.7,7,10,41,5,150000,67676,3,7,2,10,9,5,8,6,2,10,4,Female,Tier 1,Online
42,199485,9.3,5,4.9,10,10,31,12,150000,128749,4,6,3,2,7,7,8,6,5,5,9,Male,Tier 3,Online
56,90548,6.9,5,2.7,6,7,17,9,42613,54401,6,8,3,3,8,6,7,8,4,7,3,Other,Tier 2,Store
35,92574,7.0,11,4.6,9,10,20,10,44576,61177,7,5,5,5,4,7,9,2,5,9,8,Male,Tier 3,Online
21,93548,9.0,3,5.2,4,7,31,4,52956,3063,9,8,6,8,7,8,9,6,2,8,1,Female,Tier 1,Hybrid
63,132498,6.4,9,3.6,3,8,25,9,96058,129695,1,3,5,8,10,7,6,6,6,9,6,Female,Tier 1,Store
64,139639,4.3,8,1.8,4,6,16,16,127694,70425,4,2,4,6,4,5,5,10,5,7,6,Female,Tier 2,Store
73,22701,8.3,8,3.3,6,9,36,10,37224,500,10,7,5,7,3,5,10,4,7,4,1,Male,Tier 3,Hybrid
48,163485,9.4,14,3.2,2,6,25,8,114244,84597,5,7,2,3,2,6,8,9,2,7,7,Female,Tier 2,Store
20,151202,9.2,8,4.6,5,10,39,3,150000,911,6,2,5,4,6,7,9,5,3,3,6,Male,Tier 2,Online
19,15000,8.5,6,5.8,7,10,34,6,62312,500,10,4,4,5,5,5,10,5,2,6,1,Female,Tier 3,Hybrid
33,191846,10.7,9,6.0,8,6,40,3,132130,107279,4,6,3,2,10,5,8,4,2,4,7,Female,Tier 1,Hybrid
52,138196,7.5,8,3.2,1,7,33,3,89331,55244,10,7,1,1,3,9,6,4,7,7,8,Male,Tier 2,Store
42,168425,7.0,4,2.7,5,7,21,14,96707,150000,5,1,3,4,6,7,4,6,3,6,5,Other,Tier 1,Store
56,213607,6.3,6,2.5,1,8,29,15,149018,103169,7,8,3,4,6,9,4,8,5,10,5,Male,Tier 2,Store
49,161025,6.3,8,2.9,1,5,18,13,92539,84252,6,6,3,5,9,4,8,9,5,8,10,Other,Tier 1,Store
29,134119,10.2,10,6.0,3,10,28,10,52760,59186,5,5,3,3,5,5,6,4,3,10,6,Other,Tier 2,Hybrid
48,127622,7.8,3,2.1,7,7,12,10,120826,74160,4,4,4,7,10,9,6,7,4,8,5,Female,Tier 2,Hybrid
52,83044,8.0,6,4.2,4,6,23,10,79249,64854,6,7,5,9,5,4,6,10,7,8,7,Other,Tier 1,Store
52,138558,5.1,7,2.3,6,8,5,16,96098,70215,1,1,4,2,8,7,6,9,4,8,9,Female,Tier 2,Store
48,208998,6.2,3,4.7,8,10,33,4,98739,82029,5,2,7,6,4,7,8,5,7,6,9,Male,Tier 2,Hybrid
66,113422,6.4,7,1.5,4,7,29,11,110061,119573,10,4,4,4,5,6,7,10,6,5,1,Male,Tier 2,Store
63,62756,5.1,4,1.6,7,9,20,11,43652,80914,10,3,5,7,4,1,6,7,9,4,3,Female,Tier 3,Store
48,70338,7.2,9,5.4,5,6,17,8,132348,30211,7,1,2,7,2,4,7,6,5,3,4,Male,Tier 1,Store
72,112790,4.2,7,4.1,2,6,16,12,59417,57905,6,1,4,10,8,8,7,10,4,9,4,Other,Tier 1,Store
47,41494,8.5,8,3.9,7,8,33,3,41868,6386,8,9,5,2,7,7,10,4,5,7,6,Other,Tier 3,Hybrid
42,107886,8.9,4,3.0,5,10,36,7,76112,66030,9,8,5,5,6,4,5,6,3,10,7,Female,Tier 3,Hybrid
34,47612,9.3,5,5.1,7,10,27,10,22920,47812,8,2,6,5,5,4,9,4,5,9,6,Female,Tier 3,Hybrid
47,80999,4.0,12,1.7,3,6,11,13,25680,31766,5,0,1,5,8,6,5,10,3,9,8,Other,Tier 1,Store
58,52357,9.9,6,4.8,1,7,24,1,75385,500,7,1,3,1,3,4,7,7,3,5,2,Female,Tier 2,Hybrid
18,67173,10.2,3,6.0,4,10,49,3,125672,49196,6,8,3,7,10,5,8,4,6,4,3,Female,Tier 3,Hybrid
18,15000,6.4,1,5.3,6,8,17,13,17926,71470,8,3,5,7,5,3,9,5,1,4,6,Female,Tier 3,Hybrid
54,75244,6.5,9,3.7,5,6,15,8,72079,38158,4,3,5,2,2,6,7,5,4,1,6,Male,Tier 3,Store
28,181973,9.9,9,6.0,6,9,33,8,150000,63923,4,9,4,2,7,4,10,6,5,4,7,Other,Tier 3,Hybrid
18,125144,8.0,4,6.0,6,7,37,3,150000,40208,6,9,3,2,7,7,10,4,4,9,1,Female,Tier 3,Hybrid
23,49045,9.5,5,6.0,6,8,26,5,123708,21449,8,2,6,8,9,7,10,4,3,8,7,Male,Tier 3,Online
30,95075,10.2,7,5.7,7,10,41,3,101552,76499,6,6,5,5,9,5,10,4,5,7,8,Male,Tier 2,Hybrid
52,186481,9.3,6,0.7,6,7,22,8,90343,95237,5,4,4,5,4,7,6,8,6,7,5,Other,Tier 2,Store
37,156471,6.6,6,4.5,1,5,7,9,34848,55601,6,3,6,6,1,5,10,5,6,6,5,Male,Tier 2,Store
55,220872,6.7,6,3.9,6,10,25,18,103430,150000,5,9,3,4,5,5,8,8,6,10,8,Male,Tier 2,Store
56,81178,5.3,6,2.4,5,5,8,15,42589,72249,4,5,3,3,4,6,6,7,4,4,3,Male,Tier 2,Store
46,174824,5.0,1,3.8,5,6,9,9,69889,100773,6,7,6,6,3,6,6,3,7,7,3,Female,Tier 3,Store
25,94830,8.9,13,3.0,10,7,21,7,62827,64353,7,6,5,6,5,4,10,5,4,6,2,Female,Tier 2,Hybrid
40,140073,6.6,11,3.9,7,5,17,5,49684,98277,5,7,4,4,5,3,6,3,7,10,6,Other,Tier 2,Store
54,69701,9.5,8,3.8,6,7,37,3,40015,500,6,8,5,1,5,4,5,6,6,1,9,Other,Tier 3,Hybrid
18,15000,9.8,3,5.5,10,10,35,8,52760,40159,7,8,4,7,2,8,10,5,1,8,6,Other,Tier 2,Hybrid
18,110015,11.3,2,4.6,5,7,21,15,67153,108217,6,6,6,8,6,3,8,4,4,5,8,Female,Tier 2,Store
51,133576,6.7,12,3.2,6,8,20,6,64273,128895,10,5,2,5,7,8,3,8,4,2,10,Female,Tier 1,Hybrid
20,15000,12.0,4,3.2,10,10,49,3,124525,15855,8,8,4,5,9,4,7,1,2,10,4,Other,Tier 3,Online
33,106946,8.2,11,3.7,10,10,23,8,86568,797,7,0,1,6,3,6,7,5,6,8,1,Other,Tier 1,Hybrid
56,154871,5.7,12,1.5,5,3,7,12,97878,124329,4,5,6,10,8,5,6,8,2,4,6,Female,Tier 2,Store
46,79766,8.8,6,3.4,8,8,37,7,73143,28235,6,4,5,4,8,6,7,5,6,7,10,Female,Tier 3,Online
32,172098,8.3,11,3.8,7,9,33,6,59606,67963,7,8,3,4,6,6,7,6,4,7,9,Male,Tier 1,Hybrid
32,55691,7.1,6,4.7,7,9,24,3,26260,500,9,4,5,7,8,5,8,7,5,7,5,Female,Tier 3,Hybrid
30,17196,8.2,7,4.3,7,9,40,10,42966,21955,9,5,5,9,6,5,7,3,2,7,7,Female,Tier 3,Online
60,154988,8.7,7,3.8,4,10,40,0,54371,500,6,8,3,7,8,5,7,7,2,3,4,Female,Tier 2,Store
28,170274,10.1,7,6.0,6,10,49,0,102500,72889,2,1,6,7,3,7,8,4,4,5,9,Female,Tier 2,Online
49,102075,10.8,6,4.6,8,6,17,14,106028,69032,6,6,4,7,10,3,6,8,6,3,8,Other,Tier 3,Store
41,138463,7.5,11,4.5,6,10,19,13,97111,93592,4,6,4,7,4,7,9,6,3,6,10,Female,Tier 2,Hybrid
57,146359,2.2,9,2.8,6,5,29,6,56160,77806,6,4,4,2,6,8,5,8,3,9,8,Male,Tier 1,Hybrid
64,157961,4.5,8,2.0,5,6,23,7,71687,1155,3,4,4,5,5,5,8,5,5,9,4,Male,Tier 1,Store
55,116716,8.8,2,5.7,4,9,27,3,50202,43526,8,6,3,1,8,7,10,7,6,10,4,Other,Tier 2,Store
26,104783,4.9,11,5.2,10,9,12,19,44918,32670,3,6,2,6,6,7,9,8,3,10,7,Female,Tier 1,Hybrid
36,174757,7.7,12,4.7,3,4,19,7,120977,42859,3,9,5,5,6,3,8,4,5,7,2,Female,Tier 3,Store
40,179695,6.0,6,3.6,6,8,15,6,48870,35934,2,3,4,4,8,6,10,7,6,6,4,Female,Tier 1,Store
40,201581,8.6,4,4.9,4,9,36,18,149199,107529,6,4,3,5,8,5,8,6,6,8,8,Male,Tier 3,Hybrid
51,198668,8.9,7,2.0,2,2,11,5,11660,78865,7,3,3,4,9,5,10,9,10,8,7,Other,Tier 1,Store
36,187229,8.6,8,5.5,7,10,41,7,148858,42641,4,9,2,4,2,4,8,8,7,3,6,Other,Tier 2,Hybrid
39,125021,8.7,8,2.7,5,7,23,9,113449,113367,5,3,3,2,9,10,5,7,4,10,3,Other,Tier 1,Hybrid
36,80928,10.1,5,4.1,5,10,49,7,150000,23384,8,8,1,9,10,9,6,2,4,10,8,Other,Tier 2,Hybrid
25,44756,5.4,7,4.2,9,7,29,8,96612,35118,7,6,6,6,2,5,9,6,4,4,8,Other,Tier 3,Hybrid
62,140177,4.5,3,1.9,7,6,15,8,72848,77485,6,3,1,6,4,5,10,9,7,9,7,Female,Tier 2,Store
26,132691,8.1,12,4.0,8,10,32,2,145841,52363,3,5,2,5,7,7,8,5,2,8,4,Female,Tier 1,Hybrid
69,51811,3.9,6,2.6,4,7,31,7,93558,53525,10,4,1,9,8,5,3,8,4,5,6,Male,Tier 2,Hybrid
63,138539,6.0,10,2.3,6,7,28,17,86625,130908,7,1,4,5,10,6,5,6,2,2,5,Female,Tier 1,Store
48,99757,9.0,11,4.9,8,9,29,4,89928,19622,2,3,6,5,8,4,7,2,4,8,3,Male,Tier 2,Online
27,193489,8.5,6,5.1,6,10,32,5,108445,88502,9,5,6,2,5,7,7,1,7,9,4,Male,Tier 1,Hybrid
40,246531,5.6,6,1.8,5,7,26,8,139919,99079,4,3,5,8,8,6,3,2,5,10,1,Male,Tier 3,Store
33,77668,7.7,5,3.7,6,8,23,19,87127,92562,8,5,1,6,3,6,6,8,6,6,7,Other,Tier 1,Store
42,95288,8.0,9,4.1,5,8,31,8,59748,69425,9,6,5,6,7,7,10,7,6,6,8,Male,Tier 2,Store
35,95577,8.1,14,3.8,8,10,47,8,150000,80548,8,4,2,9,5,8,7,5,5,5,8,Male,Tier 1,Online
71,129429,3.2,7,1.9,1,5,18,13,89812,53841,5,1,1,5,4,6,4,8,9,8,4,Female,Tier 1,Store
49,70344,8.0,6,3.9,7,4,14,10,35442,50572,9,5,1,10,5,5,7,7,5,3,6,Female,Tier 2,Store
65,106600,7.6,6,2.9,5,7,25,10,95666,99135,6,4,1,6,5,7,6,6,10,8,1,Female,Tier 1,Store
38,150396,8.8,14,3.6,10,9,30,5,150000,21998,7,3,4,8,6,6,5,3,6,7,10,Male,Tier 3,Hybrid
49,95687,5.0,8,1.7,3,5,14,11,97578,63657,5,9,7,7,7,3,5,7,1,5,3,Male,Tier 3,Store
29,100971,11.3,9,6.0,10,10,31,10,116196,12253,5,6,2,5,10,8,9,3,4,8,7,Male,Tier 1,Hybrid
60,108463,6.4,13,3.2,4,4,19,10,44978,93561,7,8,6,8,6,1,6,7,8,2,5,Female,Tier 3,Store
39,161202,9.2,6,3.9,6,10,49,3,69295,55648,6,9,3,5,8,4,4,5,4,10,4,Male,Tier 1,Online
29,198506,5.5,2,4.7,4,10,24,8,107683,87420,8,8,1,4,9,8,10,6,1,10,10,Male,Tier 1,Store
36,59289,10.6,5,4.2,9,10,41,0,79602,7461,10,6,5,6,8,7,8,3,1,9,10,Female,Tier 2,Online
41,85403,3.5,9,3.1,7,8,12,13,900,99370,8,2,4,7,7,5,8,7,5,6,4,Other,Tier 3,Hybrid
32,96664,11.4,2,5.5,7,9,37,5,50515,33585,4,3,4,5,8,4,10,5,3,5,10,Other,Tier 2,Online
26,125418,9.3,9,3.1,8,10,34,3,60735,2617,5,6,5,4,7,6,9,6,2,10,7,Female,Tier 2,Hybrid
41,130179,8.5,9,4.1,8,8,32,6,66819,70192,8,9,2,4,5,4,9,1,4,8,3,Male,Tier 3,Online
48,30780,8.1,8,4.1,2,4,20,16,89191,61281,6,6,1,4,5,3,10,8,5,4,6,Male,Tier 2,Store
45,199421,8.8,10,4.3,10,9,42,4,145837,104490,1,4,4,6,10,7,7,5,6,9,5,Male,Tier 1,Online
53,120399,9.3,9,5.3,6,8,29,8,128067,125901,7,6,6,4,8,5,6,7,8,7,5,Male,Tier 3,Hybrid
44,121440,3.1,4,5.7,7,4,9,16,77872,70281,6,5,7,6,2,6,10,6,2,10,5,Male,Tier 3,Store
26,92960,10.7,5,6.0,9,8,29,8,100367,33528,6,5,7,8,7,8,10,6,4,9,5,Female,Tier 3,Store
35,46942,8.0,4,5.4,5,9,21,7,74256,27570,9,4,5,3,6,7,6,4,4,7,9,Other,Tier 3,Store
33,147515,9.5,8,3.9,8,8,34,9,86636,78517,7,6,3,1,7,6,6,5,1,5,10,Female,Tier 3,Online
46,109392,4.8,9,1.9,7,9,31,1,109254,500,8,4,4,5,4,5,2,2,2,8,8,Other,Tier 3,Online
28,128535,4.9,7,6.0,8,6,16,17,50340,119138,2,2,1,4,6,7,6,6,5,9,10,Other,Tier 1,Hybrid
52,83846,6.7,4,2.5,2,7,18,6,77140,53305,6,6,2,8,8,4,8,3,5,5,9,Other,Tier 1,Store
71,86028,4.0,6,0.9,5,5,1,15,30812,90740,9,1,4,4,7,6,4,9,10,3,5,Male,Tier 1,Store
66,174907,5.1,3,3.6,5,4,9,16,99869,44075,3,5,3,5,5,4,2,8,8,7,3,Other,Tier 2,Store
50,172030,8.0,9,2.0,5,9,46,0,138158,82755,9,6,4,7,8,6,6,6,5,5,5,Male,Tier 3,Hybrid
46,172306,7.5,13,6.0,7,8,32,4,129664,74305,4,5,3,7,4,8,7,8,6,4,4,Male,Tier 3,Hybrid
30,78368,10.3,6,4.1,8,10,41,2,69192,500,5,5,4,6,7,9,7,3,1,1,10,Female,Tier 1,Online
67,80014,7.2,4,3.7,4,4,16,9,79679,81392,7,2,4,6,10,4,10,8,3,10,7,Other,Tier 2,Store
33,165151,7.4,7,3.9,8,8,21,1,88753,71914,8,6,3,4,9,7,8,4,2,3,7,Female,Tier 1,Hybrid
58,101158,8.9,11,3.2,6,5,27,9,73921,95561,3,5,4,7,4,7,5,9,10,10,3,Male,Tier 2,Hybrid
52,134194,7.9,5,2.3,2,7,27,15,21978,97919,4,0,5,4,8,5,1,7,5,2,8,Female,Tier 2,Store
45,104384,8.6,4,4.5,10,6,17,10,9490,67598,10,2,5,2,3,5,8,4,5,3,2,Female,Tier 3,Hybrid
38,177292,11.5,7,4.1,8,9,49,3,75165,74609,4,9,3,3,8,7,9,5,7,7,6,Male,Tier 1,Hybrid
79,56588,4.2,10,1.3,1,1,3,10,5776,65668,9,1,4,6,2,5,3,10,8,3,3,Male,Tier 1,Store
53,152000,6.6,3,2.5,5,6,31,0,107019,500,6,6,3,6,8,6,8,4,4,9,3,Male,Tier 1,Hybrid
63,121523,4.7,6,1.3,6,6,19,7,78139,114827,4,2,5,3,6,5,7,7,9,7,3,Female,Tier 2,Store
64,80175,6.3,5,3.1,6,8,29,9,83753,57964,5,4,7,6,4,3,6,7,7,6,4,Male,Tier 2,Hybrid
22,93109,9.9,9,5.8,5,10,31,3,98079,58784,5,4,4,5,8,6,10,6,1,9,3,Female,Tier 1,Hybrid
54,132867,7.5,9,2.8,10,6,19,9,29469,69032,9,9,4,7,9,5,5,6,6,10,6,Male,Tier 1,Store
46,34484,7.5,8,5.2,4,8,26,10,22349,36452,3,0,6,10,10,6,9,7,5,6,3,Female,Tier 3,Store
61,50685,6.9,8,3.6,8,7,25,9,50737,74701,9,2,1,4,2,7,7,6,9,9,6,Female,Tier 3,Hybrid
27,144851,6.6,11,5.8,4,7,28,7,119688,88923,6,3,2,9,9,7,10,3,1,10,9,Male,Tier 1,Hybrid
79,91620,2.8,6,4.0,1,4,18,4,106201,17928,8,8,1,6,2,9,6,7,10,7,3,Male,Tier 1,Store
50,141886,7.7,7,4.0,6,6,22,11,67625,104168,7,5,5,7,8,7,7,7,5,5,4,Male,Tier 2,Store
48,161846,9.0,2,2.9,6,5,28,10,39369,52862,3,4,3,5,5,6,7,6,4,4,1,Male,Tier 2,Hybrid
18,152867,8.6,7,3.5,5,10,33,4,122733,18231,4,8,3,3,7,9,8,4,1,3,8,Male,Tier 2,Online
51,90342,5.1,7,3.1,3,5,18,14,97668,92995,5,3,1,8,1,6,5,8,7,10,8,Other,Tier 1,Store
36,118589,8.0,8,3.8,3,8,35,9,70419,80697,9,7,4,7,10,8,10,3,6,7,7,Male,Tier 1,Hybrid
18,91931,7.9,6,4.3,8,10,40,7,145263,38587,10,4,1,3,8,9,9,6,4,7,5,Female,Tier 1,Online
33,121214,9.7,7,4.8,8,7,37,6,138032,4225,8,9,4,7,10,6,9,6,7,7,10,Female,Tier 1,Store
54,230412,4.5,6,1.7,4,7,18,12,120226,114904,5,6,3,6,9,8,8,10,4,6,6,Female,Tier 2,Store
56,91058,7.1,10,2.2,6,7,19,17,81727,80595,9,0,3,7,2,4,6,10,4,5,8,Female,Tier 1,Store
39,117473,5.6,8,3.5,10,8,28,8,115335,26157,9,6,2,6,3,5,7,4,3,10,10,Other,Tier 1,Hybrid
31,47352,8.9,10,3.9,7,8,24,9,13912,12594,5,3,6,6,5,5,9,5,1,5,5,Male,Tier 3,Hybrid
54,179986,5.7,12,3.1,10,8,22,15,135323,96784,3,8,7,3,9,8,10,6,4,2,10,Male,Tier 3,Store
54,124267,5.8,3,3.2,2,7,21,8,53320,72704,7,9,4,4,7,4,5,4,4,6,8,Other,Tier 2,Hybrid
38,147355,9.1,12,6.0,7,10,22,6,45949,39528,9,5,3,6,10,4,10,7,2,8,6,Male,Tier 2,Hybrid
48,140474,9.4,11,2.3,8,8,26,2,83446,49329,6,4,5,6,6,7,3,5,10,5,7,Female,Tier 2,Online
30,96883,9.9,5,6.0,9,8,35,0,75949,49419,7,3,6,9,4,7,8,2,5,10,3,Male,Tier 2,Hybrid
53,124728,9.3,11,2.7,8,9,49,5,133960,42672,7,6,6,9,7,6,7,7,8,5,10,Male,Tier 1,Online
61,94861,7.7,1,1.1,5,5,20,12,80902,98100,9,4,7,3,5,5,3,6,6,6,1,Male,Tier 3,Store
65,184241,2.1,6,2.0,6,7,20,6,26217,61826,3,8,3,3,1,6,7,5,6,10,6,Female,Tier 2,Store
63,26106,2.1,4,1.4,1,3,0,16,900,118860,7,5,3,6,4,5,6,8,10,7,4,Female,Tier 2,Store
40,34066,3.5,8,3.4,8,6,17,13,13346,92248,6,2,7,7,7,3,7,7,4,7,4,Female,Tier 3,Store
69,64374,1.9,10,0.3,3,6,4,18,16758,87134,6,2,7,7,5,4,4,10,4,3,8,Female,Tier 1,Store
55,113651,3.6,11,2.1,7,7,19,14,104140,109538,7,8,4,10,8,3,4,7,2,9,9,Male,Tier 2,Store
27,161923,9.9,8,5.6,4,8,30,11,150000,48631,8,8,2,6,9,7,8,4,1,10,3,Female,Tier 1,Hybrid
52,112273,7.5,13,3.9,3,8,14,9,45270,83571,4,3,6,7,10,7,4,7,10,7,6,Male,Tier 3,Store
78,45504,7.8,7,3.5,8,3,8,8,900,59567,7,4,3,7,9,6,7,10,7,3,2,Other,Tier 1,Store
46,172538,7.6,13,4.6,2,8,27,11,105186,106015,4,7,2,4,3,4,6,8,6,7,4,Female,Tier 1,Store
46,171690,4.0,7,3.3,5,6,2,13,77774,118255,4,0,4,6,5,5,8,6,3,6,7,Other,Tier 1,Store
58,37396,2.5,8,2.0,3,1,8,11,900,40469,6,7,7,6,2,2,7,9,4,6,3,Male,Tier 3,Store
40,181419,9.3,7,3.4,5,7,25,9,84191,78409,6,9,3,6,9,5,9,8,1,3,9,Female,Tier 2,Store
54,24889,5.3,14,5.5,5,6,21,12,29220,56361,6,5,4,7,10,5,7,6,7,10,8,Female,Tier 3,Store
77,98873,5.4,10,2.8,5,3,8,11,64391,73920,6,3,2,5,10,6,7,9,6,7,3,Female,Tier 1,Store
45,60600,5.3,6,3.5,2,7,17,9,65736,2760,10,5,6,6,6,10,10,7,2,8,5,Female,Tier 3,Store
54,162973,3.9,12,2.8,6,6,21,14,86196,58169,8,9,1,2,5,7,4,9,5,9,9,Male,Tier 1,Store
42,87520,7.5,11,4.6,7,4,25,9,84109,45145,10,1,3,8,8,5,10,3,7,8,6,Male,Tier 2,Store
45,90196,9.9,4,2.9,10,10,31,2,118138,500,5,6,5,2,8,9,7,3,4,8,1,Other,Tier 3,Online
53,179312,1.0,2,2.1,4,3,0,17,116726,113465,3,0,4,8,3,4,7,8,4,7,6,Other,Tier 2,Store
18,77295,9.3,2,6.0,7,10,39,2,52658,500,5,7,5,6,7,4,8,3,3,8,5,Other,Tier 2,Online
49,27438,8.7,10,3.9,5,4,31,9,42852,118185,10,1,4,7,9,4,8,6,6,2,7,Female,Tier 1,Store
26,100482,8.6,6,3.3,6,10,30,11,113307,75851,6,4,6,4,7,4,8,10,3,9,7,Female,Tier 2,Hybrid
37,130798,6.5,12,3.5,8,7,23,8,107534,28163,8,1,3,7,6,5,6,5,5,9,7,Male,Tier 1,Hybrid
28,91572,9.7,11,4.5,8,10,31,6,55458,70578,6,7,3,5,10,8,9,1,8,10,6,Female,Tier 2,Online
64,146082,2.6,7,2.9,5,4,0,12,59557,150000,2,4,5,7,4,7,4,9,6,5,4,Other,Tier 2,Store
38,126006,9.3,11,4.3,6,8,32,6,92939,33500,3,9,1,7,6,10,9,5,4,10,6,Other,Tier 1,Hybrid
53,92137,7.2,6,4.1,9,10,43,5,111148,19527,7,1,3,7,4,7,9,6,6,9,4,Other,Tier 2,Hybrid
48,138585,9.0,6,2.8,8,10,33,2,33199,55555,7,5,5,8,7,7,5,7,7,5,5,Other,Tier 2,Hybrid
28,97595,10.8,10,6.0,5,10,40,0,112393,34216,8,7,3,7,6,4,9,1,5,10,7,Female,Tier 3,Online
45,156224,8.2,2,4.1,7,10,36,0,132764,47073,5,6,3,7,8,8,6,5,7,5,9,Male,Tier 2,Hybrid
60,73947,4.6,14,2.7,4,5,16,9,106529,66424,4,8,5,8,10,5,3,8,7,8,2,Female,Tier 2,Store
36,149588,6.8,11,4.5,6,9,24,5,87237,40283,6,3,7,5,5,3,10,2,5,10,10,Female,Tier 3,Online
39,88240,10.9,9,5.2,5,8,33,3,82877,21538,4,9,2,8,4,7,8,5,7,9,5,Female,Tier 2,Hybrid
57,101147,5.2,8,3.3,4,7,23,8,70389,99006,7,3,1,8,3,8,6,7,8,7,3,Male,Tier 1,Store
54,44196,8.6,3,2.6,4,9,46,0,86621,54400,9,3,7,6,5,5,6,7,5,8,4,Female,Tier 3,Hybrid
53,62904,9.4,10,3.5,5,6,32,8,60368,36259,10,7,2,5,9,6,8,7,8,8,4,Female,Tier 3,Store
46,78974,9.2,5,2.1,8,10,48,1,88858,500,7,5,4,3,9,9,2,4,7,7,5,Male,Tier 2,Online
79,113226,1.7,9,0.3,2,3,9,12,55342,21058,5,0,2,3,4,8,3,10,6,5,2,Male,Tier 2,Store
46,121995,6.9,4,4.2,7,7,36,12,136323,106951,7,5,1,4,10,6,9,8,3,4,8,Other,Tier 1,Hybrid
55,122822,7.5,8,3.5,7,9,28,12,150000,61090,10,4,4,5,5,5,9,5,5,9,6,Male,Tier 2,Hybrid
18,44090,9.2,7,3.8,9,8,46,1,35560,500,7,9,3,7,8,8,9,4,3,8,6,Male,Tier 1,Online
30,142453,9.4,6,5.4,4,5,25,14,150000,87308,8,1,4,7,3,3,10,7,5,10,7,Female,Tier 3,Store
46,110658,6.8,7,2.6,8,8,27,8,77346,48133,7,0,1,5,6,5,4,7,5,6,8,Male,Tier 1,Store
56,146599,4.5,8,2.6,2,2,0,19,59998,133042,3,4,7,6,4,5,10,9,6,4,8,Male,Tier 3,Store
33,126412,7.3,12,3.3,7,10,36,6,131018,78284,10,8,4,8,10,8,10,5,4,7,6,Female,Tier 3,Online
56,173548,6.5,9,3.2,8,8,26,18,107704,83131,9,5,2,5,6,3,7,10,6,7,2,Female,Tier 1,Hybrid
41,121296,10.1,10,5.6,7,10,31,5,93126,22423,8,7,6,4,4,8,9,5,6,4,5,Female,Tier 3,Online
44,139787,7.6,6,4.6,5,9,49,11,121936,116500,6,5,3,6,5,10,6,7,6,10,8,Female,Tier 2,Hybrid
73,106433,2.7,11,1.1,4,8,12,12,55094,38837,6,4,5,5,3,7,5,10,4,10,7,Male,Tier 3,Store
65,71559,8.4,3,3.8,5,8,38,7,58555,46873,10,8,4,7,8,8,7,5,1,10,6,Male,Tier 2,Online
35,109494,8.3,9,3.9,6,10,36,2,86818,49270,4,5,3,5,4,5,8,4,7,3,6,Other,Tier 1,Hybrid
44,160142,8.2,3,4.0,5,9,30,10,63528,50041,3,8,2,3,7,7,7,6,1,6,8,Female,Tier 1,Hybrid
79,125055,7.2,2,1.0,4,6,30,9,71580,66897,8,4,4,8,6,6,3,10,10,8,1,Male,Tier 3,Store
58,171622,8.5,10,2.3,4,6,32,12,79499,136967,6,3,4,4,10,5,4,8,4,7,3,Male,Tier 1,Store
43,151154,8.7,3,2.2,6,7,26,7,132274,113012,4,4,3,2,6,6,3,5,6,9,10,Female,Tier 3,Store
26,41259,10.3,12,5.6,6,5,32,13,96250,15866,9,9,6,10,10,7,6,5,2,8,6,Male,Tier 2,Hybrid
36,119857,7.8,7,4.4,4,8,40,1,130409,41400,4,9,1,6,10,2,7,3,5,7,4,Other,Tier 3,Hybrid
63,81168,4.9,6,2.9,8,7,23,5,105225,77572,5,4,4,4,4,6,6,9,6,3,5,Female,Tier 2,Hybrid
54,100551,2.6,11,0.7,2,4,0,11,34834,19255,4,6,5,7,6,5,3,7,6,9,5,Male,Tier 2,Store
34,74896,8.2,12,5.8,4,8,19,11,27141,96405,7,8,2,3,9,6,10,7,5,7,8,Male,Tier 2,Store
67,15000,4.3,1,0.7,4,5,22,9,65997,500,10,2,4,4,6,1,2,8,6,9,8,Other,Tier 3,Store
39,15943,9.1,10,3.5,7,10,48,0,88656,20693,9,7,4,5,5,8,9,7,4,5,3,Female,Tier 1,Hybrid
58,111153,6.6,8,4.4,5,5,24,10,68208,110497,6,0,3,7,8,5,7,6,3,10,1,Female,Tier 2,Store
45,154249,6.4,7,4.0,6,6,19,9,88579,95104,4,8,3,5,6,8,6,3,7,10,8,Male,Tier 1,Store
30,108254,6.5,4,6.0,7,7,25,14,150000,91436,5,5,4,3,8,2,8,4,3,7,2,Other,Tier 3,Store
29,96372,8.7,14,3.9,7,10,30,2,98978,9698,5,6,4,8,6,7,4,4,2,8,8,Female,Tier 2,Hybrid
18,101740,9.4,4,6.0,8,10,42,0,112730,26131,4,4,3,5,9,9,7,1,3,10,3,Female,Tier 2,Online
24,66082,8.3,4,4.7,7,10,38,14,103496,1755,8,7,4,8,4,6,7,10,3,10,2,Female,Tier 3,Online
30,151854,8.0,6,2.5,6,7,35,12,92843,104698,8,5,6,1,6,7,4,6,5,10,5,Female,Tier 2,Hybrid
35,135250,7.7,10,4.7,2,10,47,0,71114,28772,4,6,6,4,7,4,8,5,7,5,5,Female,Tier 3,Online
50,75634,5.1,3,1.7,8,10,28,7,46088,41652,8,2,1,5,7,9,7,6,5,9,9,Female,Tier 1,Online
44,92889,11.3,8,3.8,9,10,49,6,150000,67577,5,9,4,6,10,6,2,7,5,10,6,Female,Tier 2,Online
67,204186,3.9,4,0.0,5,5,30,12,133820,119459,6,7,3,8,9,6,4,10,7,9,6,Female,Tier 2,Store
21,58856,11.9,7,5.9,8,10,49,5,116629,65535,6,4,3,5,9,6,9,5,3,10,7,Male,Tier 2,Hybrid
56,88440,4.1,3,3.5,6,7,12,5,75124,63939,10,1,4,5,2,7,5,6,4,7,4,Male,Tier 2,Store
37,86331,7.6,8,2.2,9,8,37,2,106787,78800,7,7,7,6,7,7,10,3,4,6,9,Other,Tier 3,Hybrid
24,137363,6.7,4,4.0,5,10,24,7,115773,100949,5,8,4,7,5,8,10,6,4,10,7,Male,Tier 1,Online
60,117928,2.5,3,2.8,1,7,21,13,46108,74743,5,4,3,7,7,6,4,8,6,10,2,Other,Tier 2,Store
43,77837,5.8,9,1.4,7,7,22,7,37857,118034,10,4,6,8,10,7,7,8,3,10,9,Other,Tier 3,Hybrid
55,206954,4.9,14,2.9,7,6,19,14,149194,67185,6,2,2,1,10,5,7,10,7,9,8,Male,Tier 1,Store
33,84671,8.3,9,6.0,7,10,30,8,54232,2466,9,3,2,6,5,6,8,3,3,7,5,Male,Tier 1,Online
26,78009,10.3,13,5.0,7,10,49,12,150000,53181,9,3,3,4,10,8,10,10,2,8,9,Female,Tier 3,Store
58,90504,4.1,7,4.1,5,8,19,3,52671,500,6,3,4,6,8,1,1,8,4,8,1,Male,Tier 3,Store
22,78292,9.4,1,4.4,9,10,32,9,64923,38864,9,5,6,6,6,4,10,3,4,8,3,Male,Tier 2,Online
60,153659,7.3,1,2.9,5,6,26,11,136109,80657,5,4,4,3,7,3,9,5,4,9,3,Other,Tier 1,Store
43,224974,8.2,7,2.2,7,9,28,11,105854,120103,4,8,2,5,3,4,5,7,5,9,10,Male,Tier 1,Store
57,160226,1.0,12,2.5,7,6,8,16,86722,101732,4,7,2,4,5,6,4,6,6,9,6,Female,Tier 1,Store
51,56530,6.5,8,3.8,4,7,20,8,24250,25335,5,4,4,9,5,6,6,7,5,7,8,Female,Tier 2,Store
27,150025,6.9,8,4.4,10,9,25,0,119216,15909,6,8,4,6,10,6,8,3,5,7,8,Male,Tier 3,Online
73,75164,6.6,10,2.1,6,7,18,13,56461,76406,8,6,5,5,8,8,4,10,5,9,3,Female,Tier 3,Store
62,172793,4.3,2,3.2,5,5,9,17,60047,126668,1,4,4,7,2,5,8,10,6,3,4,Male,Tier 1,Store
47,94826,4.2,7,5.4,5,6,10,15,30634,47841,6,2,7,4,4,4,8,7,5,1,6,Other,Tier 3,Store
61,131718,5.7,1,3.2,5,7,14,1,56260,36841,4,1,1,2,7,5,8,4,3,5,8,Female,Tier 1,Store
55,89834,5.2,5,1.5,7,7,30,10,92037,45944,6,7,3,6,5,3,7,5,6,7,2,Other,Tier 3,Store
62,94444,2.7,4,2.7,8,5,22,12,48077,24658,6,6,3,4,2,6,8,6,5,10,1,Male,Tier 1,Store
48,91183,7.6,8,2.6,6,6,23,11,71099,56144,5,4,7,5,7,8,9,5,1,9,3,Female,Tier 3,Store
58,149811,3.7,6,3.2,4,6,7,14,125005,141140,7,2,5,4,8,5,9,8,7,9,10,Female,Tier 1,Store
18,103101,9.1,3,1.9,6,7,26,10,123517,68605,6,9,4,7,8,8,3,6,2,9,5,Male,Tier 2,Store
32,147202,12.0,10,4.6,10,10,46,4,116025,45389,5,8,2,6,9,4,10,5,1,10,10,Female,Tier 2,Online
25,117496,12.0,9,5.9,5,8,49,2,118218,81341,6,6,4,1,6,6,10,1,3,6,4,Male,Tier 2,Online
52,230792,6.1,3,3.8,6,8,21,6,62828,79676,4,7,3,2,5,5,8,6,4,9,6,Other,Tier 2,Hybrid
60,124412,2.2,7,3.5,5,5,18,11,72954,13900,8,2,7,5,4,5,8,7,6,7,7,Male,Tier 3,Store
61,120650,7.2,4,4.2,6,6,7,16,75566,75776,7,0,2,2,2,3,3,10,9,6,4,Female,Tier 1,Store
18,211344,6.0,1,5.6,7,10,25,9,98833,40546,7,5,2,6,4,8,10,4,3,6,4,Female,Tier 2,Online
31,86815,7.8,5,6.0,6,7,22,3,32234,53836,8,6,3,7,8,10,10,2,5,10,7,Female,Tier 2,Store
58,160875,6.9,5,1.8,6,5,33,8,68373,48612,8,5,5,3,5,3,4,9,7,7,5,Female,Tier 2,Store
58,223770,4.6,14,3.8,6,6,21,11,144100,83457,4,3,1,4,6,8,10,4,3,8,4,Other,Tier 1,Hybrid
34,101231,9.0,7,2.8,5,10,45,1,150000,72118,7,4,5,8,5,5,6,6,2,9,8,Male,Tier 2,Online
62,131707,8.4,5,3.0,5,8,37,4,123224,54698,6,3,2,4,10,8,6,4,4,6,3,Male,Tier 1,Hybrid
53,141082,7.4,13,2.5,7,6,30,15,68519,46004,7,0,4,4,5,7,4,9,7,7,8,Female,Tier 1,Store
31,148468,6.7,7,5.6,6,8,23,19,99284,107786,6,1,4,3,6,7,10,4,1,10,6,Male,Tier 1,Store
57,131897,1.0,6,3.5,4,5,12,16,63818,96999,10,5,6,3,9,8,10,8,8,5,5,Male,Tier 1,Store
52,72989,7.7,1,3.1,6,7,29,6,48798,500,6,2,7,7,1,6,6,5,3,6,8,Male,Tier 3,Store
35,113039,7.5,8,3.0,10,8,14,3,79445,1078,6,5,6,6,6,8,8,7,1,8,8,Other,Tier 3,Store
45,107967,9.6,10,4.1,3,8,28,10,133656,91151,5,5,7,7,10,7,8,8,6,6,6,Male,Tier 2,Hybrid
64,133086,2.1,12,0.1,5,3,8,13,51065,106759,7,1,5,6,9,2,1,10,8,9,8,Male,Tier 1,Store
47,157139,7.2,6,3.2,10,10,25,14,88238,97885,7,6,3,5,5,8,3,6,5,7,10,Other,Tier 1,Hybrid
22,204290,10.5,4,4.3,8,10,40,7,150000,78772,5,6,1,8,10,9,9,2,6,10,1,Other,Tier 1,Hybrid
76,15000,5.4,9,2.8,4,4,16,16,41598,30064,6,2,5,8,3,4,6,8,5,4,5,Female,Tier 3,Store
49,78426,6.6,8,1.6,8,9,11,13,109933,500,5,9,4,6,6,6,5,10,2,7,7,Female,Tier 3,Store
43,114759,7.6,8,3.9,8,7,26,4,79384,36553,6,9,3,6,7,5,2,9,2,6,4,Female,Tier 1,Store
18,121067,11.6,3,3.5,5,10,49,1,51682,2113,8,3,4,6,9,5,8,2,2,9,4,Male,Tier 2,Online
35,77338,7.5,11,4.4,8,9,23,5,103284,18487,10,5,7,7,4,7,7,6,3,5,4,Male,Tier 3,Hybrid
28,116920,5.0,12,2.8,9,9,29,11,16501,48761,6,7,5,7,7,7,7,3,5,5,9,Other,Tier 1,Online
71,100408,2.8,1,3.6,1,2,2,16,900,70879,2,3,5,5,7,3,5,9,4,2,6,Other,Tier 3,Store
50,88746,6.7,5,1.8,8,9,16,16,69774,99626,7,1,6,5,2,9,6,10,5,5,8,Female,Tier 3,Hybrid
34,176242,8.1,9,5.1,7,10,43,5,150000,101180,3,6,6,6,2,6,6,7,7,10,4,Male,Tier 3,Online
23,90069,10.3,2,3.5,7,9,32,0,51050,50037,8,9,2,3,7,8,9,1,2,10,1,Other,Tier 3,Online
22,124521,11.0,2,5.9,8,10,34,7,77908,39126,8,4,4,5,8,4,9,5,3,7,3,Other,Tier 3,Hybrid
40,95283,9.9,5,5.5,3,10,35,8,60005,104377,6,1,3,8,4,8,9,6,6,3,7,Female,Tier 3,Hybrid
79,15000,3.2,4,0.7,4,8,15,9,900,40567,5,5,4,7,7,3,2,4,5,2,6,Male,Tier 3,Store
55,113043,5.8,5,2.8,3,9,23,11,57987,84182,5,9,2,7,4,7,7,5,4,1,6,Female,Tier 1,Store
58,230522,5.1,8,1.9,4,8,24,5,122811,49858,4,5,3,4,9,6,4,8,10,3,4,Male,Tier 1,Store
46,131132,7.1,4,5.9,2,6,30,4,135072,56807,10,2,6,6,4,6,4,6,2,8,8,Female,Tier 1,Hybrid
27,125333,9.3,8,5.5,7,8,23,13,41477,53258,5,5,6,5,8,3,5,4,4,6,9,Male,Tier 3,Hybrid
49,73284,8.3,8,4.2,6,9,32,4,57218,92356,10,6,3,7,8,3,5,9,3,5,10,Other,Tier 2,Store
32,102065,7.4,8,4.5,7,8,17,9,22883,88460,9,5,2,3,10,5,6,1,1,9,6,Female,Tier 2,Hybrid
22,110559,9.9,7,5.8,6,10,49,5,140932,3048,6,3,6,2,9,8,8,3,3,6,5,Female,Tier 1,Online
47,165901,7.3,6,2.8,5,4,9,10,84494,44116,8,3,5,4,3,5,7,4,4,6,7,Male,Tier 2,Store
42,119782,7.4,12,3.2,4,10,28,8,65693,101281,6,2,7,6,10,6,2,5,4,8,10,Other,Tier 3,Store
58,138453,8.2,12,3.3,6,9,30,6,93756,100960,8,4,7,8,10,9,6,6,7,4,4,Other,Tier 3,Hybrid
48,140976,9.6,8,1.7,7,10,49,3,150000,47253,4,6,1,4,7,6,4,7,5,5,9,Male,Tier 1,Online
24,81127,8.9,2,5.0,7,10,43,4,105071,66136,6,8,4,3,6,7,2,1,3,8,6,Other,Tier 2,Online
36,39087,6.3,12,3.3,3,6,24,9,59388,29414,9,6,7,5,8,3,8,6,3,7,7,Male,Tier 3,Store
60,135256,4.3,4,0.3,4,7,11,14,82288,77953,7,4,6,4,9,2,4,5,5,6,5,Male,Tier 3,Store
24,44185,10.5,2,3.7,3,7,35,3,121722,22368,6,9,4,9,7,7,7,7,1,6,4,Male,Tier 2,Store
35,138855,5.7,9,3.7,5,9,22,14,102328,125623,6,4,6,6,9,2,7,5,3,7,4,Female,Tier 3,Hybrid
55,163235,7.3,7,4.4,2,8,32,10,114163,76287,4,5,1,4,5,6,8,4,6,5,9,Male,Tier 1,Hybrid
24,140836,11.9,6,4.2,5,10,37,6,107328,126697,6,7,3,1,6,5,9,2,1,8,7,Female,Tier 2,Online
60,123397,6.3,7,2.6,5,6,11,9,64308,79126,6,0,2,6,2,6,3,7,7,10,5,Male,Tier 2,Store
57,88378,7.0,12,1.7,4,8,29,6,52662,37803,6,9,5,9,9,4,5,6,7,7,7,Male,Tier 3,Online
41,139430,8.2,6,2.3,8,9,28,4,93588,20241,6,4,1,9,8,5,4,3,5,6,8,Female,Tier 1,Online
45,48650,7.6,7,2.4,9,7,27,3,137317,28598,8,5,3,7,7,10,8,6,6,9,10,Male,Tier 3,Hybrid
50,139390,8.0,5,5.1,7,9,37,5,147102,65113,7,4,6,5,10,6,8,6,5,4,5,Male,Tier 1,Hybrid
28,93266,7.8,10,4.5,7,10,34,3,150000,75487,8,5,4,6,6,5,8,1,5,5,4,Other,Tier 3,Hybrid
51,150609,5.4,3,5.9,4,8,20,3,125595,54039,8,9,5,9,5,9,7,6,4,9,7,Other,Tier 2,Hybrid
40,17586,6.1,4,4.7,7,10,47,0,33447,27438,5,3,3,6,2,9,8,1,5,5,10,Male,Tier 1,Online
60,90530,9.1,3,2.3,5,10,42,10,117587,82783,8,8,3,5,9,8,4,4,1,8,4,Other,Tier 1,Hybrid
18,15000,10.3,5,3.6,8,8,29,7,81324,53595,6,7,3,7,4,7,7,2,3,6,6,Female,Tier 3,Online
49,69798,8.4,5,4.4,8,7,26,0,89262,36516,5,4,5,6,5,4,4,3,4,6,6,Other,Tier 2,Hybrid
45,113949,9.8,9,3.9,5,8,33,0,55010,23418,6,7,4,7,10,5,8,4,5,2,6,Male,Tier 3,Hybrid
50,15000,7.1,9,3.5,3,6,19,1,25175,39687,6,7,5,5,5,6,8,7,8,10,2,Male,Tier 2,Hybrid
59,127349,4.4,7,2.5,4,9,20,17,74771,66166,5,2,1,9,3,6,7,8,4,10,5,Male,Tier 1,Store
44,57677,6.2,8,3.0,2,3,9,10,13418,51171,6,6,3,5,5,6,8,8,8,5,6,Male,Tier 3,Store
45,89098,10.3,11,3.2,7,7,32,8,69020,81381,8,5,3,6,8,5,4,5,6,10,4,Male,Tier 3,Store
49,195597,7.3,8,3.1,6,4,16,13,107871,120761,3,7,2,9,9,5,4,7,3,9,7,Male,Tier 1,Store
58,62837,3.2,5,3.7,4,7,26,9,83712,28407,7,4,6,7,5,6,10,4,8,8,3,Female,Tier 3,Store
32,137875,10.5,8,5.0,6,6,25,8,122270,19665,3,6,1,4,3,3,8,4,8,10,7,Male,Tier 2,Hybrid
54,76126,9.4,8,3.7,3,6,19,14,71123,92589,7,3,4,5,5,6,10,6,4,7,8,Male,Tier 3,Store
18,114267,8.8,3,3.7,8,10,28,2,89009,66520,7,8,5,4,5,1,9,1,4,3,1,Female,Tier 2,Online
56,34142,2.7,10,0.7,8,9,7,17,10809,150000,7,4,6,7,6,8,3,7,5,1,4,Male,Tier 2,Store
47,32260,7.3,7,2.4,4,5,11,9,900,500,8,5,4,7,4,10,3,7,8,7,3,Other,Tier 3,Store
50,110433,9.0,3,4.4,9,6,27,5,30625,23326,7,5,7,9,8,8,9,5,7,8,6,Female,Tier 3,Hybrid
41,130014,8.0,7,3.8,8,10,35,10,119887,60939,10,7,4,3,8,5,10,10,3,5,4,Female,Tier 2,Hybrid
58,128928,4.7,5,1.1,4,8,30,3,81958,38170,4,4,3,5,7,5,5,4,7,6,4,Female,Tier 1,Hybrid
61,65220,6.4,1,2.6,3,8,24,14,15141,88037,10,8,5,2,2,7,5,9,7,3,5,Female,Tier 2,Hybrid
59,117616,9.6,9,4.3,3,5,30,11,45824,52441,9,0,4,2,9,7,4,8,9,7,2,Male,Tier 1,Store
49,112540,7.0,12,2.6,5,7,10,12,96176,51045,9,6,7,3,6,6,5,6,6,5,5,Male,Tier 2,Store
53,91932,4.5,4,1.7,3,3,3,13,900,91922,9,1,4,5,3,2,5,7,5,8,7,Female,Tier 1,Store
51,135719,4.8,11,2.1,7,5,21,12,64790,65327,5,8,4,4,3,8,7,8,3,9,8,Male,Tier 2,Store
25,145506,6.5,9,4.1,7,10,40,2,119294,150000,6,7,7,6,3,10,5,3,4,10,3,Female,Tier 3,Hybrid
58,76986,6.1,10,1.0,6,7,30,10,82154,59549,6,5,3,8,6,6,6,7,5,4,4,Female,Tier 3,Store
43,67871,9.1,6,3.0,8,10,47,0,128541,500,5,6,4,10,7,5,7,6,6,4,7,Female,Tier 2,Online
57,94558,6.3,4,5.3,2,6,12,6,58263,52980,6,6,5,9,6,4,10,6,6,10,2,Female,Tier 2,Store
63,142285,8.6,5,0.6,7,6,23,7,101281,93278,10,5,7,6,7,6,3,8,5,7,3,Female,Tier 3,Hybrid
31,117365,8.3,14,5.0,5,9,20,9,45159,44826,6,2,5,6,6,7,7,8,2,6,3,Male,Tier 1,Hybrid
29,122353,6.8,10,2.5,5,7,24,11,95317,108934,8,8,5,4,3,4,9,8,3,10,4,Male,Tier 2,Store
43,150312,8.3,8,4.0,5,8,37,12,128261,98114,5,8,3,8,8,7,9,8,4,10,1,Male,Tier 1,Hybrid
63,139946,8.3,10,2.3,3,10,45,2,116335,56323,7,5,4,6,10,6,5,6,6,7,3,Female,Tier 1,Hybrid
26,95194,8.2,13,2.3,3,10,45,2,10928,500,3,8,3,4,10,10,4,6,2,9,6,Male,Tier 1,Online
58,71503,2.8,8,2.3,6,4,1,14,900,73396,6,5,4,3,3,4,5,10,6,5,5,Other,Tier 2,Store
46,108351,6.0,8,2.5,4,8,28,1,117429,46098,4,6,4,1,10,3,7,7,8,10,7,Other,Tier 3,Store
50,124731,5.6,13,2.9,4,4,8,13,41888,126054,7,4,6,6,4,2,9,8,4,7,10,Male,Tier 3,Store
52,176607,7.8,10,3.8,6,7,32,16,97620,98306,4,5,4,8,2,8,5,10,4,9,4,Other,Tier 1,Store
19,133912,6.6,8,6.0,7,10,23,8,47221,48035,6,4,1,2,10,7,10,4,2,10,2,Female,Tier 2,Hybrid
40,149842,9.4,10,4.2,4,10,43,1,150000,4759,8,6,5,4,5,10,9,2,1,9,10,Male,Tier 2,Online
21,143051,10.6,2,6.0,5,8,45,8,121305,84171,10,9,4,7,9,6,10,4,4,9,4,Female,Tier 2,Hybrid
52,95160,6.6,5,2.5,3,7,26,8,72494,68682,6,5,5,6,6,1,6,5,6,6,5,Male,Tier 2,Store
30,105482,8.6,5,3.3,10,9,32,9,103642,31493,4,6,5,6,3,5,6,8,3,7,7,Female,Tier 3,Online
63,194465,2.8,12,3.5,2,4,6,12,25844,73561,6,1,6,3,7,2,6,10,5,9,7,Male,Tier 3,Store
56,147543,8.2,3,0.8,7,7,30,5,104123,75871,4,4,4,4,3,8,7,5,8,4,1,Male,Tier 2,Store
43,144681,3.5,4,3.7,2,8,26,14,117785,137377,6,4,5,8,10,8,7,10,5,7,10,Male,Tier 1,Store
40,85145,8.7,12,6.0,6,10,27,7,76907,121474,5,6,7,6,5,7,9,8,8,6,10,Male,Tier 3,Store
19,72535,8.3,5,6.0,8,6,23,10,70366,45847,6,4,4,6,5,3,10,3,1,7,3,Female,Tier 3,Store
54,138673,6.6,7,4.1,8,9,41,0,109950,62190,6,9,4,2,9,6,8,7,5,5,9,Other,Tier 2,Hybrid
54,140514,7.0,7,4.3,7,7,24,12,147009,70388,8,4,3,5,4,6,7,5,8,7,4,Other,Tier 3,Hybrid
33,94094,9.3,10,5.1,6,7,33,12,74524,63703,5,9,6,4,9,6,10,7,5,10,9,Male,Tier 2,Hybrid
42,140752,7.6,7,3.7,6,10,26,3,84841,21782,5,0,4,4,7,8,6,6,6,7,8,Female,Tier 1,Hybrid
20,118289,6.6,2,4.7,9,7,26,13,68240,121380,9,9,2,5,10,6,7,2,4,10,5,Other,Tier 1,Hybrid
36,72349,7.0,14,3.3,3,9,21,13,65163,44396,7,8,4,8,5,3,5,4,2,8,8,Female,Tier 3,Hybrid
37,171709,8.2,5,4.2,5,7,18,11,75415,73960,2,0,5,6,4,6,10,8,6,6,10,Female,Tier 3,Store
34,56049,8.1,10,4.0,7,5,22,13,42623,53829,5,4,5,7,10,3,6,9,8,8,6,Female,Tier 3,Store
28,72578,8.7,14,5.6,2,8,37,10,79554,2458,10,4,1,4,8,5,9,4,5,10,7,Female,Tier 1,Hybrid
56,141118,6.5,5,5.5,3,5,15,2,120227,30585,10,9,4,4,3,7,7,2,6,9,1,Female,Tier 1,Store
23,99240,12.0,5,5.4,10,7,43,5,67519,66326,6,4,1,9,8,3,7,3,3,4,3,Female,Tier 3,Hybrid
43,131242,8.2,11,5.5,6,8,37,11,106294,44574,7,7,6,5,4,6,10,6,5,5,7,Female,Tier 3,Online
51,136973,6.5,8,3.4,6,9,28,8,132257,108889,5,0,7,3,4,4,10,7,1,9,10,Other,Tier 3,Store
44,162089,5.1,10,5.9,6,9,28,15,143766,89176,8,6,1,3,10,4,8,4,5,8,6,Female,Tier 1,Hybrid
64,198404,5.5,7,2.8,7,6,15,13,150000,105442,5,4,4,5,7,5,5,7,2,10,7,Other,Tier 2,Store
52,108917,7.8,6,1.8,3,7,29,5,97708,50156,10,6,3,5,6,4,6,2,6,5,4,Female,Tier 2,Store
66,15000,2.7,1,2.2,8,5,16,14,51215,500,6,3,5,9,3,5,6,10,6,7,8,Female,Tier 3,Store
51,250000,5.5,5,1.7,9,7,4,10,65341,76564,5,3,4,5,4,5,4,6,4,9,6,Other,Tier 1,Store
55,184821,6.9,5,2.2,6,5,11,19,134167,97312,3,4,2,4,2,5,5,4,4,5,2,Male,Tier 2,Store
77,25608,4.1,10,3.7,1,1,7,19,3069,58700,8,3,5,9,6,3,9,9,4,7,3,Female,Tier 1,Store
64,119698,8.8,4,0.5,4,8,25,4,120149,101260,7,6,1,7,10,8,6,8,8,8,1,Other,Tier 1,Store
52,124156,8.0,8,0.9,4,5,23,12,85187,85260,5,7,7,8,5,6,4,9,6,5,8,Other,Tier 3,Store
47,164868,7.0,3,3.4,7,9,32,15,109229,77535,5,2,5,4,10,5,7,7,1,8,6,Other,Tier 2,Store
63,124694,7.9,4,3.5,6,10,48,5,150000,13412,5,0,6,7,3,6,7,10,8,7,9,Male,Tier 2,Online
48,134459,6.5,12,3.0,6,10,37,7,113484,57508,2,4,1,8,10,5,3,8,5,1,10,Other,Tier 3,Hybrid
41,79078,9.2,9,3.1,9,9,34,9,78954,63034,10,9,2,7,7,5,8,6,4,6,8,Female,Tier 2,Online
69,89556,9.5,1,1.7,6,8,44,6,139201,35985,6,4,7,3,6,5,5,10,7,4,2,Other,Tier 3,Store
51,184672,2.6,4,5.3,9,9,19,11,62152,122112,3,3,5,7,5,5,7,7,4,5,6,Other,Tier 2,Store
79,15000,2.4,2,2.0,4,5,1,8,900,53739,6,3,4,8,5,7,4,10,10,6,1,Female,Tier 3,Store
57,84300,6.5,6,2.9,10,8,39,0,75725,26055,5,1,4,5,10,6,4,3,4,8,1,Other,Tier 3,Online
35,148549,6.4,11,3.3,7,7,17,14,88209,121092,8,2,4,4,5,6,4,9,5,8,9,Female,Tier 2,Hybrid
42,96724,10.0,7,3.9,6,5,30,5,73012,30967,7,9,5,5,3,3,8,8,4,9,10,Male,Tier 3,Online
31,33669,9.1,8,5.5,5,10,35,6,112887,5640,8,8,2,9,8,9,9,5,5,9,7,Female,Tier 2,Hybrid
40,185852,7.6,8,5.1,9,9,25,10,111732,65957,6,3,7,8,6,6,8,5,2,10,6,Female,Tier 3,Hybrid
48,77380,5.2,3,3.5,4,7,27,0,31764,44935,9,1,5,6,6,7,6,4,7,5,5,Female,Tier 2,Store
50,76926,6.0,8,4.3,5,7,33,9,5519,82911,9,8,5,3,8,7,4,6,8,7,6,Female,Tier 2,Store
49,236375,8.3,10,0.8,4,6,17,7,105027,44879,3,6,3,3,5,6,4,4,8,4,6,Other,Tier 1,Store
55,51757,6.3,9,4.7,5,5,7,10,29413,33487,9,5,4,5,4,7,10,9,6,10,5,Other,Tier 2,Store
54,86196,5.2,6,3.8,6,7,20,12,43235,99002,5,5,5,4,4,4,10,7,8,7,2,Male,Tier 3,Store
18,85630,8.8,1,5.2,6,10,29,10,28224,23682,7,8,2,4,3,7,10,4,2,8,5,Male,Tier 1,Hybrid
63,128101,5.1,8,3.0,5,4,0,14,37475,53000,3,0,2,7,6,5,5,10,5,9,4,Male,Tier 1,Store
51,142216,5.8,9,3.6,7,6,21,12,34114,65651,8,4,1,6,5,9,4,4,2,10,6,Male,Tier 1,Store
63,120141,6.6,11,3.5,4,8,31,7,82793,37530,5,5,4,7,7,7,5,6,5,7,2,Female,Tier 2,Hybrid
63,210785,5.8,4,0.0,5,3,3,12,23781,130879,2,3,5,4,3,7,1,6,5,5,1,Male,Tier 1,Store
36,102309,9.7,9,2.8,2,10,33,8,29629,41080,8,7,3,5,4,2,10,6,2,8,7,Female,Tier 1,Hybrid
61,101661,6.0,1,1.8,6,4,15,13,77307,85680,6,4,6,6,1,5,6,6,7,8,5,Female,Tier 2,Store
58,33673,5.3,11,3.0,5,4,16,15,900,34584,7,7,3,6,3,2,5,8,6,5,6,Female,Tier 3,Store
61,60208,3.5,9,0.3,3,7,10,11,91039,72927,10,7,3,9,7,8,1,7,6,8,1,Male,Tier 2,Store
47,102245,7.9,5,3.1,4,8,30,8,71532,46164,7,3,3,7,7,7,7,5,4,7,10,Female,Tier 1,Store
36,144260,7.5,9,5.9,6,8,41,3,97697,74966,7,4,4,6,10,4,10,1,2,8,7,Female,Tier 2,Online
55,109046,6.1,3,3.1,7,7,15,18,44301,106320,4,4,3,3,6,6,2,3,3,8,7,Male,Tier 2,Store
45,87717,9.7,9,3.6,4,10,30,7,64751,63697,9,5,2,5,6,7,9,7,4,8,10,Female,Tier 2,Store
64,88260,4.1,6,1.3,4,4,10,13,59898,62722,6,6,2,5,9,1,9,7,5,6,5,Other,Tier 2,Store
63,203259,6.5,5,1.5,6,8,33,4,150000,56478,3,7,2,2,4,5,5,5,4,7,5,Female,Tier 2,Store
62,132737,5.6,6,4.2,6,6,13,9,9497,53456,8,8,4,6,4,5,7,7,8,7,4,Female,Tier 1,Store
33,157747,5.3,6,5.1,10,9,35,11,68119,49807,7,3,5,8,2,4,5,9,5,8,9,Male,Tier 3,Hybrid
28,171458,12.0,12,6.0,5,10,49,5,150000,76506,6,6,4,2,5,8,5,7,4,10,5,Female,Tier 1,Hybrid
40,177265,8.1,5,6.0,9,7,37,6,126232,49465,4,6,7,4,2,4,10,8,3,6,6,Other,Tier 3,Online
53,105974,9.5,9,1.6,7,8,41,8,85811,40516,9,8,1,2,10,6,5,4,6,5,8,Other,Tier 2,Online
63,148765,3.6,10,2.0,3,4,0,19,11280,133256,4,2,3,7,9,5,3,10,8,1,7,Male,Tier 2,Store
38,65406,6.4,9,4.2,6,8,16,4,24220,35610,6,2,5,3,5,7,8,7,6,9,2,Male,Tier 3,Hybrid
49,248921,6.7,7,4.3,8,7,30,3,95757,121528,1,4,5,5,7,6,9,10,6,5,8,Male,Tier 2,Store
49,168214,5.5,8,4.2,7,9,20,7,68353,67967,8,5,5,4,7,7,5,9,5,9,2,Male,Tier 1,Store
47,65591,4.9,5,0.1,10,10,30,0,53110,27206,6,9,6,7,6,7,1,6,6,7,6,Female,Tier 2,Hybrid
51,118142,10.3,10,3.0,4,9,31,10,127646,41708,4,9,3,8,4,4,3,4,5,6,1,Male,Tier 3,Hybrid
37,165250,7.1,10,5.9,5,9,17,18,54721,142654,6,3,3,5,5,6,10,4,2,7,8,Male,Tier 1,Store
69,15000,2.6,7,3.0,5,7,20,10,71785,2596,10,4,3,8,7,5,5,7,9,4,2,Female,Tier 3,Store
23,105940,11.7,9,4.7,8,8,32,7,81671,66690,5,1,5,6,5,3,7,3,3,8,6,Male,Tier 3,Hybrid
35,148820,10.2,11,4.2,8,8,34,5,123545,53750,5,9,3,6,9,9,8,6,8,10,1,Female,Tier 2,Store
33,15000,8.5,4,4.4,6,9,31,13,58123,67200,8,3,5,6,8,5,9,6,2,9,5,Other,Tier 2,Hybrid
29,70635,7.2,7,4.2,7,8,17,12,49131,72639,8,2,3,9,4,6,6,8,7,10,8,Male,Tier 2,Store
51,123020,5.9,5,3.3,3,3,1,17,53729,78877,5,0,3,5,3,1,4,8,6,4,10,Male,Tier 3,Store
50,122868,6.3,8,3.1,8,7,28,6,32121,90740,4,5,3,3,4,5,7,9,5,10,5,Male,Tier 2,Hybrid
59,82757,4.6,7,2.3,9,5,21,2,44361,10472,10,5,5,1,7,3,10,3,5,10,8,Male,Tier 1,Hybrid
41,140560,8.0,12,6.0,8,8,22,12,49101,94427,9,3,6,6,4,4,7,8,1,5,10,Female,Tier 3,Store
59,63259,5.0,10,4.4,3,5,11,10,51810,87513,7,0,5,5,5,3,8,6,5,9,6,Other,Tier 3,Store
31,126489,8.6,9,5.1,7,9,31,8,79701,43413,8,3,3,5,7,9,7,4,8,10,7,Female,Tier 1,Store
53,87819,9.3,10,3.9,5,7,33,8,100549,43441,5,6,3,3,6,6,7,8,4,7,3,Female,Tier 2,Hybrid
42,166859,7.5,5,6.0,9,10,30,4,64123,73516,7,3,1,1,8,7,10,5,7,5,10,Male,Tier 2,Online
29,78334,8.0,9,4.0,4,9,22,8,39427,44603,8,7,3,6,9,6,8,5,5,8,10,Female,Tier 2,Hybrid
41,140045,5.3,6,3.0,9,9,29,14,92725,83640,4,8,5,6,6,10,6,5,3,5,7,Other,Tier 2,Hybrid
51,84687,7.1,11,2.4,4,6,18,16,76366,96467,10,6,2,7,2,7,4,5,7,5,6,Male,Tier 2,Store
24,118916,7.9,3,4.4,8,10,26,5,87770,51487,9,1,5,6,3,6,10,4,3,10,6,Male,Tier 3,Hybrid
39,98667,9.0,6,5.7,9,10,49,0,129420,500,6,5,2,4,3,7,10,2,7,5,9,Other,Tier 3,Online
79,95640,6.2,3,2.0,2,4,3,18,44456,43820,7,1,3,9,1,4,6,10,8,5,1,Female,Tier 1,Store
61,127239,6.1,1,2.6,5,4,2,19,39497,90967,4,4,6,7,6,2,5,9,7,5,8,Male,Tier 3,Store
27,190205,8.0,11,6.0,5,9,32,0,140094,50565,6,8,4,4,6,8,6,2,5,10,9,Male,Tier 1,Hybrid
48,162043,6.2,2,1.0,7,8,28,13,102396,73802,5,7,7,2,4,4,5,8,1,8,9,Other,Tier 3,Hybrid
23,44176,10.2,5,5.7,10,8,16,11,79969,41276,10,3,3,2,7,4,6,5,3,7,1,Male,Tier 2,Hybrid
56,119724,7.9,5,2.6,3,7,23,5,95379,46568,5,6,5,7,4,5,6,7,4,8,1,Male,Tier 2,Online
55,92987,5.3,8,5.8,5,8,20,17,94294,35271,6,4,4,7,10,5,10,8,2,7,6,Female,Tier 3,Store
50,142604,7.4,10,5.2,4,6,20,5,85597,70041,9,7,2,3,6,5,7,8,7,4,4,Male,Tier 3,Store
30,101111,9.0,10,4.6,8,8,30,11,106197,76940,5,8,5,6,5,5,5,6,4,7,9,Male,Tier 3,Hybrid
37,128273,9.6,9,5.3,7,6,22,10,59695,71048,8,2,3,6,9,3,9,7,4,3,3,Female,Tier 2,Hybrid
35,91753,6.6,12,4.2,6,10,40,0,34547,500,6,6,4,7,4,10,7,3,4,6,7,Female,Tier 1,Hybrid
52,134270,9.4,12,3.7,5,8,31,4,104188,500,4,3,2,5,5,5,6,7,3,6,10,Other,Tier 3,Store
62,48995,4.2,1,3.8,2,6,11,15,54491,84735,10,0,6,6,4,4,6,9,7,4,5,Female,Tier 3,Store
46,83414,6.1,5,2.7,9,9,22,7,86964,36609,5,1,1,5,5,2,6,8,6,6,8,Male,Tier 2,Hybrid
50,104074,5.2,2,4.1,6,10,30,5,100207,39978,3,3,6,6,9,5,5,5,2,7,5,Female,Tier 3,Hybrid
32,20379,7.6,7,4.3,8,10,19,12,43487,75232,7,4,4,5,3,7,10,7,4,1,9,Male,Tier 3,Hybrid
30,218160,6.7,9,3.6,8,10,27,14,59164,143085,1,0,2,9,5,9,4,3,3,9,7,Female,Tier 1,Hybrid
45,139693,4.3,6,3.1,3,3,16,3,49514,23592,4,7,3,5,7,6,5,5,4,8,6,Female,Tier 2,Store
36,170130,8.7,5,6.0,4,8,34,4,150000,71102,5,8,3,5,6,8,9,7,6,5,7,Male,Tier 2,Hybrid
75,102557,1.0,6,1.7,4,3,0,19,38206,53527,7,3,5,6,3,5,3,10,10,3,6,Other,Tier 3,Store
64,107837,6.7,3,4.5,5,6,19,7,39799,56963,10,1,3,9,7,7,5,3,6,8,5,Male,Tier 1,Store
19,108037,9.0,5,3.9,6,9,36,3,131418,37941,5,5,2,5,10,4,5,4,3,9,1,Male,Tier 3,Hybrid
44,147168,4.4,14,3.3,5,7,18,9,129773,71740,5,5,7,8,4,6,3,6,7,5,8,Female,Tier 3,Store
18,110825,9.8,2,6.0,10,10,35,6,78241,69329,7,8,4,4,2,6,10,1,4,7,5,Female,Tier 2,Online
29,62208,7.5,8,5.2,8,10,31,7,58184,26946,5,8,5,6,5,8,8,6,1,10,8,Female,Tier 3,Hybrid
54,153772,6.2,8,2.3,4,10,32,6,111522,31273,6,5,4,3,9,7,2,5,6,9,9,Female,Tier 3,Online
66,164222,4.8,6,2.4,4,4,8,12,41970,68995,5,4,7,6,3,3,4,8,6,6,4,Female,Tier 2,Store
43,180397,4.8,7,3.0,6,6,30,2,97788,57747,6,7,5,5,5,6,6,5,3,7,9,Other,Tier 2,Hybrid
65,180723,5.9,3,1.8,5,8,15,11,59155,77413,7,4,1,6,6,5,9,10,5,8,5,Other,Tier 3,Hybrid
49,119095,9.7,10,3.5,9,10,33,3,147251,500,3,7,5,6,5,5,7,1,9,7,9,Female,Tier 1,Online
26,25252,6.0,11,4.3,5,10,26,13,6564,43488,9,6,3,7,7,6,10,10,4,8,6,Other,Tier 3,Store
77,132844,6.6,4,2.0,3,8,36,6,51360,76279,10,4,5,4,5,4,3,4,10,5,4,Female,Tier 1,Online
36,214464,9.1,14,3.4,7,9,29,9,122617,75947,3,7,1,4,10,5,7,5,3,10,7,Male,Tier 1,Hybrid
18,99195,11.3,2,4.5,7,8,38,1,62297,28143,5,9,4,6,10,4,9,4,4,6,6,Male,Tier 3,Hybrid
41,118362,8.9,7,4.5,2,8,30,6,150000,69575,6,5,4,7,8,6,9,5,3,2,2,Other,Tier 3,Hybrid
48,107969,6.4,6,4.4,4,8,24,9,75904,48603,4,0,2,4,4,4,6,8,6,7,7,Female,Tier 3,Store
52,203760,5.5,7,3.1,5,6,20,14,57180,111160,7,4,3,2,9,8,5,8,8,9,8,Male,Tier 1,Store
57,156316,8.1,12,0.3,3,7,11,8,47180,58848,4,2,4,4,5,6,9,7,6,4,8,Female,Tier 2,Store
59,84188,4.3,10,2.5,6,9,16,10,900,35515,9,8,3,2,4,8,5,5,2,7,4,Male,Tier 3,Store
28,132233,7.6,12,1.5,10,8,38,7,148206,24609,5,5,6,5,2,8,3,2,1,8,8,Male,Tier 2,Hybrid
56,95442,7.9,11,2.2,8,8,49,0,97111,49261,9,3,4,5,10,4,3,5,6,3,6,Male,Tier 3,Hybrid
72,48953,4.2,9,2.0,1,3,8,16,900,92942,9,0,3,8,6,3,5,10,8,5,5,Other,Tier 2,Store
33,18603,4.4,8,3.6,6,8,22,13,71322,67979,7,9,4,10,8,4,6,4,8,9,6,Female,Tier 1,Store
20,55542,7.4,4,6.0,8,10,20,3,65802,17041,4,4,4,9,8,8,10,5,4,6,9,Male,Tier 2,Store
50,127320,7.6,2,3.0,5,3,17,9,136514,47213,6,3,5,3,2,3,4,6,5,7,7,Female,Tier 1,Store
41,141530,7.6,11,3.4,5,8,26,14,106851,61760,4,6,4,8,5,10,8,5,6,5,5,Other,Tier 2,Store
35,29294,6.4,8,3.8,7,7,19,15,33555,22253,8,5,6,6,9,4,8,3,6,6,5,Other,Tier 3,Store
30,84563,9.6,6,5.8,2,10,32,8,78797,500,10,9,4,7,8,8,8,9,6,8,6,Other,Tier 3,Hybrid
34,20628,5.5,14,4.0,6,10,30,6,29795,66607,7,4,6,7,5,4,10,1,6,7,9,Other,Tier 3,Hybrid
31,120545,9.4,10,6.0,9,10,25,5,76603,89848,5,5,3,1,7,7,8,6,4,9,9,Male,Tier 2,Online
27,88129,7.4,14,1.9,7,10,40,0,105655,500,5,6,4,5,7,8,6,8,4,6,6,Male,Tier 2,Online
64,62507,11.4,4,2.0,5,9,24,15,49131,24736,2,5,1,6,10,8,4,10,6,9,6,Male,Tier 1,Store
56,54225,4.2,9,1.4,5,8,9,14,8343,95067,10,6,4,6,6,3,4,3,5,3,3,Female,Tier 3,Store
43,142833,9.0,6,2.9,4,9,25,2,123609,31243,6,3,6,7,8,5,3,6,7,8,7,Female,Tier 2,Online
59,105376,5.7,9,1.3,2,9,23,5,111087,4065,4,3,5,7,7,7,5,9,3,10,7,Male,Tier 2,Hybrid
60,52800,8.5,7,1.8,7,8,30,7,52266,10725,8,4,3,4,10,7,2,8,8,3,3,Other,Tier 3,Store
47,140883,7.8,3,4.4,7,10,24,9,92459,77957,10,6,4,4,6,3,9,7,4,7,7,Female,Tier 3,Hybrid
22,140689,8.5,4,6.0,10,10,34,12,124384,94630,7,9,2,3,9,6,10,4,1,9,1,Female,Tier 3,Online
37,144709,9.1,14,4.9,4,6,27,6,100159,69560,4,2,5,4,5,5,8,3,5,1,6,Female,Tier 2,Store
41,213010,7.2,6,2.7,4,5,26,11,101299,62939,4,1,3,5,10,4,5,6,3,10,6,Other,Tier 2,Hybrid
52,83674,4.8,7,0.0,2,1,10,17,77829,89375,10,7,5,10,1,4,2,8,4,1,7,Female,Tier 3,Store
44,135636,5.3,4,2.5,5,5,30,16,99547,133354,4,1,4,3,7,5,7,7,3,4,10,Male,Tier 2,Store
49,116266,11.7,6,3.9,2,10,39,5,119636,106111,5,5,4,5,4,10,6,7,2,5,7,Female,Tier 3,Hybrid
41,153327,3.5,4,2.2,4,7,27,7,67263,32808,5,4,7,3,2,5,7,8,6,10,6,Female,Tier 1,Store
42,110952,9.3,7,3.4,6,8,37,11,115530,17588,6,4,4,4,2,7,4,6,4,8,8,Male,Tier 2,Hybrid
63,137540,5.5,7,4.4,5,4,23,18,6430,113214,6,0,3,3,6,3,10,8,6,10,4,Male,Tier 2,Store
51,152285,5.3,7,1.1,1,4,0,12,9769,81695,4,2,3,3,7,8,2,7,7,8,8,Female,Tier 1,Store
61,133568,5.3,9,2.9,7,6,16,9,81129,39288,5,3,3,4,6,7,8,6,5,5,6,Male,Tier 2,Store
35,124536,6.9,12,4.1,7,7,24,11,88514,128706,5,1,5,6,5,6,8,6,4,8,6,Other,Tier 2,Hybrid
18,163247,8.1,6,4.3,10,10,43,5,102759,61750,1,8,3,6,6,8,7,4,3,9,9,Male,Tier 3,Online
31,126987,6.6,10,1.8,10,10,32,10,72443,106076,7,9,5,8,9,7,5,6,5,7,7,Female,Tier 2,Hybrid
49,81804,5.5,8,3.4,5,4,6,15,35985,41767,7,2,5,6,8,3,5,10,5,10,10,Other,Tier 3,Store
45,118204,5.5,10,3.8,7,10,41,7,150000,32957,7,6,4,2,6,5,8,6,5,6,8,Male,Tier 2,Online
53,145966,7.5,4,2.8,6,6,11,14,23138,112662,8,1,2,6,1,4,4,8,3,7,10,Other,Tier 1,Store
38,108528,10.2,7,3.9,5,9,49,1,61309,6151,5,7,2,6,7,7,6,5,4,9,10,Male,Tier 1,Online
57,156598,7.3,10,1.3,8,5,11,15,99436,71288,6,0,2,3,4,6,2,6,6,10,7,Male,Tier 2,Store
61,173762,4.8,9,1.4,6,4,0,9,69965,62524,5,4,1,6,7,6,5,8,6,9,2,Female,Tier 1,Store
51,127019,4.6,3,4.0,2,4,11,5,57535,26638,8,0,3,7,2,5,7,4,5,10,10,Female,Tier 2,Store
47,117131,7.1,5,4.6,8,8,39,11,78041,114918,2,9,3,2,5,3,10,8,5,5,5,Female,Tier 3,Hybrid
52,167992,4.9,3,2.9,1,6,30,6,118021,500,7,9,3,4,6,5,9,6,4,9,9,Male,Tier 1,Store
27,109369,6.0,11,3.4,6,9,42,5,120154,94901,4,9,2,4,7,5,8,6,4,8,1,Male,Tier 1,Hybrid
33,133712,8.4,8,3.9,6,9,38,7,120541,71936,3,7,4,8,4,2,7,4,5,9,7,Female,Tier 2,Hybrid
34,173159,8.0,13,5.1,7,10,31,0,123607,49850,4,3,4,4,5,8,9,5,1,7,4,Other,Tier 1,Online
38,129153,6.3,8,2.3,7,10,32,2,104655,29027,8,6,3,7,7,5,4,3,2,7,8,Female,Tier 1,Hybrid
50,96029,8.0,11,4.0,5,8,38,3,107788,500,6,3,3,4,9,6,7,5,2,10,5,Female,Tier 2,Hybrid
50,144222,8.7,10,4.2,1,9,38,3,135260,25653,7,6,3,7,5,6,7,5,6,1,5,Other,Tier 1,Hybrid
45,83358,7.9,4,3.3,7,8,31,8,130166,79411,8,6,5,5,6,3,5,7,3,4,10,Female,Tier 3,Hybrid
21,48364,10.3,7,5.7,7,10,37,6,57310,61250,8,4,4,5,5,7,10,4,4,5,2,Female,Tier 3,Hybrid
42,159495,6.2,6,5.5,3,7,26,10,81865,76488,8,6,3,8,5,9,7,6,7,8,6,Female,Tier 1,Hybrid
46,88881,9.0,4,1.9,8,8,37,9,93974,75089,4,8,4,6,2,7,7,8,6,6,10,Male,Tier 3,Store
45,155957,7.0,3,6.0,6,9,25,9,64108,101411,4,3,4,4,6,8,8,6,3,7,4,Female,Tier 2,Hybrid
25,75753,8.1,14,3.2,5,10,25,13,127521,59249,10,6,7,3,6,4,5,7,3,6,9,Female,Tier 3,Store
48,78892,6.1,12,2.9,5,6,11,10,18408,43903,5,6,4,9,6,9,8,8,4,10,6,Other,Tier 2,Store
57,118465,8.9,4,3.5,7,9,28,13,36864,105752,6,4,4,7,10,9,7,8,6,6,3,Female,Tier 3,Hybrid
18,87296,8.9,5,4.4,6,9,28,11,93730,43056,6,4,6,8,10,7,8,4,1,7,6,Male,Tier 2,Hybrid
18,71756,7.5,1,5.8,7,5,14,16,31183,83014,6,7,4,6,1,5,5,6,1,4,1,Male,Tier 2,Store
56,115241,8.3,5,4.4,4,5,23,5,111842,45025,10,5,4,3,9,10,10,6,5,10,5,Female,Tier 2,Store
51,138712,7.2,5,3.9,3,6,17,11,62363,41186,5,4,1,7,8,6,7,4,5,9,6,Other,Tier 1,Store
50,20776,9.8,6,2.2,7,8,37,5,135844,13822,9,6,6,7,6,6,6,3,5,6,10,Male,Tier 3,Online
49,115832,6.4,6,4.0,7,7,26,7,114067,70877,6,6,3,9,5,7,7,6,2,7,6,Male,Tier 2,Hybrid
34,73335,9.2,7,5.0,10,10,42,5,102963,58810,3,9,4,10,10,7,7,7,6,7,5,Female,Tier 3,Online
39,96990,8.7,10,5.1,5,8,30,9,39624,1192,8,7,6,4,10,7,7,8,5,8,10,Male,Tier 1,Store
73,72119,4.0,4,2.3,5,5,28,8,47798,27737,8,4,3,4,3,5,5,8,6,8,1,Other,Tier 3,Store
68,165487,6.6,9,3.6,9,7,33,9,95625,500,4,5,4,4,8,1,8,9,5,8,4,Male,Tier 1,Hybrid
31,75630,7.2,14,3.4,2,8,26,10,150000,27515,10,0,5,7,4,5,9,6,2,4,5,Female,Tier 3,Hybrid
37,145128,10.6,4,5.4,4,10,37,4,150000,25447,7,7,6,4,4,8,7,5,6,4,4,Female,Tier 3,Store
43,165511,3.5,6,1.9,4,5,5,18,35325,127266,6,4,6,6,6,6,7,9,4,6,1,Other,Tier 1,Store
54,149884,7.3,10,5.7,2,9,39,6,129025,40353,4,9,2,1,9,8,9,7,4,4,4,Male,Tier 1,Online
36,104149,8.7,5,1.9,5,6,42,5,150000,16396,4,7,1,5,10,3,4,6,7,6,8,Female,Tier 1,Store
55,102300,7.9,10,3.4,6,10,37,8,97555,101214,6,2,5,6,10,6,8,10,3,9,7,Female,Tier 2,Store
40,147673,8.9,9,3.0,4,6,23,19,51705,123245,5,6,3,7,2,8,9,9,6,7,4,Male,Tier 2,Store
41,135465,9.4,10,4.6,10,10,36,1,101255,41762,4,8,6,8,3,7,5,4,4,10,4,Male,Tier 2,Online
31,143801,4.6,10,3.1,5,9,27,0,86972,29318,6,2,6,7,3,8,8,6,7,6,10,Female,Tier 3,Store
64,68420,5.6,7,3.3,6,8,27,7,90101,74818,7,4,6,10,8,2,5,10,5,4,3,Female,Tier 3,Store
33,137193,7.3,9,4.1,7,10,32,10,73343,90702,6,7,4,4,4,2,10,3,2,4,5,Female,Tier 3,Store
79,35629,1.4,6,1.9,5,7,19,10,45077,55584,8,6,2,10,4,7,7,6,9,7,7,Male,Tier 1,Store
47,131911,5.7,10,1.7,4,6,4,18,44557,45906,3,5,6,4,4,6,5,6,4,9,2,Female,Tier 3,Store
79,61667,5.1,8,1.8,6,4,14,11,86164,34150,6,3,6,6,2,7,1,10,10,7,6,Other,Tier 3,Store
18,72031,6.4,3,4.2,9,10,35,11,79509,36543,9,3,3,7,7,5,7,4,4,10,6,Female,Tier 1,Online
57,115976,5.0,10,0.5,3,4,14,18,16944,96162,8,3,6,4,5,4,5,9,4,10,3,Male,Tier 2,Store
65,166047,4.2,8,2.8,6,7,25,17,150000,69631,6,3,2,8,10,8,3,9,3,9,5,Male,Tier 1,Store
21,134248,7.5,2,6.0,6,10,35,10,103444,61284,6,5,2,5,10,5,9,2,4,7,4,Female,Tier 1,Store
75,56796,1.9,1,0.0,6,6,0,18,28570,80030,5,1,3,7,3,1,2,10,10,7,4,Male,Tier 2,Store
60,179071,5.8,12,1.3,3,8,31,3,72239,34792,5,8,2,9,5,7,6,7,6,10,1,Male,Tier 2,Hybrid
30,171943,9.6,12,3.5,7,9,31,12,145520,110248,4,6,4,5,8,4,6,7,5,10,10,Female,Tier 1,Hybrid
22,93761,10.3,4,5.8,5,8,29,8,135583,39125,6,6,5,7,6,9,10,3,2,8,2,Male,Tier 1,Hybrid
28,53958,7.4,13,3.6,7,9,46,8,104189,500,6,8,7,7,7,5,7,5,4,9,4,Male,Tier 2,Online
73,165410,4.0,11,0.8,2,8,19,2,91966,58917,5,4,3,5,10,7,2,5,7,8,8,Male,Tier 1,Store
29,93934,9.0,3,4.9,7,8,34,11,88889,54381,5,2,6,5,9,9,8,7,1,9,9,Female,Tier 3,Hybrid
51,159357,6.8,3,3.7,8,9,30,8,59548,65187,7,7,7,7,10,4,9,8,6,10,9,Female,Tier 3,Online
51,131095,7.9,6,3.4,5,8,24,10,58531,26545,9,7,1,5,4,5,7,8,6,8,9,Male,Tier 2,Store
47,129167,5.5,6,4.1,4,7,21,15,74841,93864,6,9,5,3,8,3,6,8,4,7,8,Female,Tier 3,Store
79,56475,3.5,1,0.0,1,2,11,10,28559,500,7,0,7,7,4,4,1,10,8,3,2,Female,Tier 3,Store
52,213521,8.9,8,4.5,6,10,23,7,113544,72304,8,3,3,6,6,9,7,9,4,8,8,Other,Tier 2,Hybrid
68,155194,5.0,2,1.7,7,5,11,10,24272,90806,8,5,3,7,6,5,6,6,6,10,5,Female,Tier 1,Store
36,90915,10.1,14,4.4,7,10,44,10,136830,32901,7,9,4,5,9,8,10,3,7,7,9,Male,Tier 3,Online
33,96663,5.7,2,5.2,6,6,21,12,72807,49479,5,9,3,7,4,6,9,7,5,10,3,Female,Tier 3,Store
60,176487,6.4,11,3.4,2,7,28,6,86853,43943,6,8,4,7,4,9,6,7,7,3,5,Other,Tier 2,Hybrid
60,119433,3.8,7,3.1,5,6,10,13,107282,83443,6,1,6,3,8,4,10,7,9,4,4,Male,Tier 2,Store
33,119652,8.3,14,2.6,4,9,35,6,115133,72229,8,5,3,4,3,9,9,5,6,9,6,Female,Tier 3,Hybrid
44,102582,5.9,7,6.0,8,10,20,7,89290,29641,6,4,4,7,6,6,9,2,2,6,7,Male,Tier 3,Hybrid
50,103280,7.3,13,3.4,4,6,20,12,54356,79802,5,5,4,4,7,6,6,8,4,7,10,Female,Tier 2,Store
41,58952,9.6,9,6.0,4,6,32,2,97569,44880,6,4,3,6,2,1,7,6,4,2,7,Female,Tier 3,Store
63,170818,7.6,6,3.1,3,8,13,5,111358,45038,2,5,1,5,3,7,7,7,3,7,7,Female,Tier 1,Store
56,118971,3.4,12,2.8,6,3,1,12,900,53500,6,5,2,7,4,4,8,6,4,2,1,Male,Tier 2,Store
54,213683,5.3,5,2.1,6,8,19,11,88906,46875,1,3,5,5,4,7,2,7,3,3,7,Male,Tier 1,Store
57,98048,2.7,7,1.0,6,4,6,13,33963,70068,7,4,5,4,5,8,5,10,6,7,5,Female,Tier 3,Store
33,109178,6.3,7,3.1,9,10,27,3,122459,30927,7,5,4,1,7,5,10,8,1,9,7,Female,Tier 2,Hybrid
62,108209,2.9,1,2.3,6,5,0,19,46425,54608,3,9,4,10,4,1,6,9,5,8,1,Female,Tier 2,Store
46,126528,8.5,7,2.5,8,9,38,0,137206,10152,5,6,4,7,4,8,9,4,4,4,10,Male,Tier 1,Hybrid
67,134437,2.8,4,1.4,3,1,0,19,16380,97427,8,5,6,6,4,7,7,7,4,4,1,Male,Tier 3,Store
65,67927,3.7,9,0.0,8,6,21,14,65780,32786,8,8,6,3,6,7,8,8,7,7,4,Male,Tier 3,Store
46,248122,6.9,1,4.0,6,6,0,10,55928,51843,5,0,4,6,2,4,9,6,5,6,7,Female,Tier 3,Store
42,103093,5.2,7,4.5,8,10,31,10,77746,77600,9,8,4,1,7,6,6,5,2,5,5,Male,Tier 3,Online
43,130245,9.0,6,5.0,6,9,17,10,87898,53021,4,3,7,7,4,4,6,9,6,10,1,Female,Tier 3,Store
52,105707,5.5,5,5.4,8,5,4,12,37875,111765,4,2,4,6,4,3,10,5,4,10,6,Male,Tier 3,Store
37,152322,7.8,4,5.1,6,10,47,4,150000,59433,5,9,3,7,6,9,9,6,7,2,10,Other,Tier 2,Hybrid
69,26066,5.8,5,2.5,4,6,23,9,90016,2504,7,7,7,6,5,1,5,9,7,4,5,Female,Tier 3,Store
20,84902,7.0,5,4.9,8,6,16,6,26407,500,8,6,3,10,4,6,10,1,1,5,5,Male,Tier 1,Hybrid
34,37431,10.5,13,3.8,4,7,31,9,51237,36931,8,9,1,10,10,3,6,2,4,7,10,Male,Tier 1,Online
38,61266,8.6,8,5.3,5,8,34,1,150000,57667,10,0,3,7,9,6,4,2,5,5,5,Male,Tier 3,Online
42,44416,9.9,11,5.3,6,8,31,10,73411,13280,4,4,5,3,1,6,9,5,7,5,8,Female,Tier 3,Hybrid
40,141269,8.7,5,3.7,9,10,39,0,101328,28201,6,9,2,4,4,9,5,3,5,9,9,Female,Tier 1,Online
27,51653,10.2,8,6.0,6,9,26,15,101908,129853,10,7,3,8,8,6,8,4,5,5,10,Male,Tier 2,Store
20,87546,7.8,2,4.8,9,7,16,12,19549,42903,9,9,3,5,10,4,7,7,4,10,6,Female,Tier 3,Hybrid
18,81489,10.0,5,5.4,6,8,27,0,86008,28466,8,6,3,7,5,6,8,2,4,6,2,Female,Tier 1,Hybrid
45,92615,4.6,7,3.0,4,5,25,16,83640,93410,5,3,6,2,9,4,2,7,1,6,7,Male,Tier 3,Store
79,124130,1.0,2,3.2,2,5,1,11,4348,97265,6,1,4,6,2,6,5,9,4,8,6,Male,Tier 2,Store
53,89179,2.1,10,4.0,3,7,18,9,81689,80963,8,1,4,8,3,1,6,6,5,5,3,Other,Tier 2,Store
41,145568,3.9,1,1.0,3,10,12,9,91841,109027,5,4,5,5,4,8,7,2,4,10,10,Female,Tier 2,Store
38,121753,8.1,10,5.4,7,8,34,16,133920,29863,7,6,6,9,10,3,8,9,8,8,1,Female,Tier 3,Store
70,50468,2.9,8,2.0,6,5,9,14,52906,56320,10,9,2,9,8,6,5,10,6,6,6,Male,Tier 1,Store
47,161234,5.4,4,4.6,5,7,26,10,124933,44492,2,7,2,5,6,3,8,6,5,5,2,Other,Tier 3,Store
54,208387,7.5,9,2.2,3,4,0,10,59888,133972,8,5,2,4,7,3,1,7,6,2,7,Male,Tier 1,Store
18,126003,5.8,6,3.5,8,10,38,1,133005,85850,5,3,3,5,5,8,9,3,4,8,1,Male,Tier 1,Hybrid
39,144965,10.2,7,2.7,7,5,20,9,71571,44123,6,5,6,6,4,5,4,6,3,9,7,Female,Tier 1,Hybrid
38,194728,9.0,11,4.5,9,9,27,7,122559,94665,4,7,7,6,6,7,5,7,1,4,7,Male,Tier 3,Hybrid
40,105165,8.4,9,5.7,3,8,38,4,46929,49345,5,3,6,3,9,5,10,1,2,10,7,Male,Tier 3,Hybrid
33,131560,8.5,10,4.7,8,10,27,5,78389,46772,4,5,7,6,5,7,9,2,6,4,9,Male,Tier 2,Hybrid
48,165075,3.5,5,3.7,9,7,16,12,39358,111207,4,2,4,9,4,4,10,8,2,6,6,Male,Tier 2,Hybrid
33,213640,9.9,7,5.9,5,10,32,9,146075,84512,3,6,6,4,10,5,10,4,5,10,10,Other,Tier 2,Online
37,144472,6.3,10,3.3,8,10,43,6,114070,500,2,9,3,8,7,4,5,6,5,8,6,Male,Tier 1,Hybrid
49,117073,5.8,2,3.2,3,9,16,14,75346,54638,10,5,6,3,5,5,8,7,2,5,5,Male,Tier 3,Store
36,176465,6.5,14,5.0,5,6,21,4,72792,38967,4,3,3,5,7,7,10,1,5,10,7,Female,Tier 1,Hybrid
24,35358,7.3,6,5.1,8,8,18,13,67362,48778,8,4,3,9,3,4,9,5,7,10,7,Female,Tier 1,Hybrid
46,130336,7.5,9,3.8,5,10,38,8,146373,78954,7,4,3,5,9,6,8,8,5,10,5,Other,Tier 1,Hybrid
57,91364,2.4,10,2.0,5,5,1,15,11695,97336,9,0,7,6,5,4,5,5,6,7,5,Female,Tier 3,Store
45,224507,11.3,2,2.9,8,10,49,9,150000,150000,4,9,6,6,8,8,4,6,4,8,8,Female,Tier 2,Online
72,15000,2.0,1,2.2,4,5,0,4,900,500,7,5,4,6,5,6,7,8,7,3,5,Other,Tier 2,Store
28,136326,8.1,10,6.0,5,7,32,4,114106,62965,5,4,5,8,5,4,8,3,4,8,5,Male,Tier 3,Hybrid
48,175404,6.3,2,4.0,4,6,11,5,79355,55506,4,5,5,7,6,7,10,6,5,8,6,Male,Tier 2,Store
26,187059,7.5,5,6.0,10,10,40,0,140163,28576,5,5,5,5,9,6,9,4,2,7,3,Female,Tier 2,Hybrid
49,138135,8.4,6,3.2,8,8,42,10,96331,63713,4,4,7,7,7,6,8,7,8,9,8,Male,Tier 3,Online
50,102599,4.9,4,5.4,9,8,16,18,900,34373,6,8,4,6,2,8,10,6,5,8,2,Female,Tier 2,Store
73,142998,4.6,6,2.7,5,6,8,12,42133,82641,2,2,3,5,5,7,6,3,5,2,1,Other,Tier 1,Store
18,84626,8.7,3,3.9,7,10,17,11,74618,83011,7,6,4,9,2,7,10,8,5,9,7,Male,Tier 1,Hybrid
46,161422,5.7,6,4.7,8,10,34,5,99393,88334,3,9,4,6,6,5,6,4,2,8,9,Male,Tier 3,Hybrid
27,217865,9.8,3,6.0,8,8,27,10,77536,131607,1,5,1,3,4,5,10,5,2,6,1,Male,Tier 2,Online
47,42648,5.9,5,2.4,3,3,5,15,900,18659,7,4,3,7,5,6,8,8,4,3,6,Male,Tier 1,Store
52,65611,8.2,14,1.7,6,10,33,5,72908,500,6,5,6,6,6,6,5,4,6,5,4,Female,Tier 3,Hybrid
38,160827,8.2,14,4.2,2,7,13,8,26624,80788,10,1,5,7,6,5,7,3,4,8,6,Male,Tier 2,Hybrid
27,121218,8.1,14,6.0,9,9,38,3,150000,77469,7,3,5,4,6,6,9,1,2,10,1,Female,Tier 3,Hybrid
62,49099,5.9,8,4.9,5,9,35,9,106681,49327,10,8,6,6,5,3,6,9,6,4,3,Female,Tier 3,Hybrid
63,100650,1.9,7,3.2,3,3,0,18,94298,72745,10,3,7,3,4,7,5,9,7,4,4,Other,Tier 1,Store
63,168278,6.5,1,1.6,1,7,8,14,92838,80624,3,5,2,2,6,3,7,9,5,9,1,Male,Tier 1,Store
69,175575,3.8,2,0.3,6,9,26,7,88887,7295,5,6,3,2,3,9,2,6,6,8,6,Male,Tier 1,Hybrid
60,118799,7.2,1,3.1,7,9,25,12,90944,111336,7,4,3,3,6,6,6,9,2,6,9,Male,Tier 1,Hybrid
55,198276,5.2,6,2.5,5,8,19,10,102974,104264,3,0,2,4,7,8,7,7,8,7,10,Female,Tier 3,Store
43,118603,7.4,7,1.2,6,7,19,8,24546,63797,5,6,3,8,5,7,7,5,9,4,6,Male,Tier 2,Store
42,87114,11.7,4,5.9,5,10,49,0,117944,34888,6,5,4,6,10,8,10,3,6,10,5,Female,Tier 3,Online
40,88004,7.2,6,3.5,8,8,29,13,93612,85063,5,6,6,7,6,2,9,9,7,9,2,Male,Tier 3,Store
76,69850,5.3,7,2.8,2,5,0,19,69248,114674,5,4,7,5,5,4,4,9,7,7,2,Other,Tier 2,Store
51,190970,4.9,14,3.9,5,7,23,17,120714,100083,5,6,1,4,7,6,7,5,5,10,6,Male,Tier 1,Store
63,114958,7.1,8,1.4,4,4,6,19,49483,68353,9,6,1,3,5,7,4,6,6,4,3,Female,Tier 1,Store
55,60746,6.5,10,2.4,5,4,16,13,62263,49751,3,5,7,2,4,3,6,5,7,6,5,Male,Tier 3,Store
18,37012,9.5,1,5.6,6,10,43,2,71932,500,7,5,3,7,1,2,9,5,2,7,4,Other,Tier 1,Online
27,119298,7.6,12,3.6,7,8,41,11,135222,73927,10,4,3,1,6,5,10,6,3,5,10,Male,Tier 3,Hybrid
23,91730,7.4,5,5.5,8,10,49,6,97367,11459,5,9,2,3,9,4,10,2,6,7,3,Male,Tier 1,Online
38,88408,7.1,14,2.5,2,7,7,4,6419,51116,6,4,3,5,6,4,6,3,2,9,6,Male,Tier 3,Hybrid
46,178114,5.1,7,3.8,3,6,16,12,34385,92828,9,3,6,5,5,2,6,8,5,2,7,Female,Tier 3,Store
65,55149,6.1,1,2.6,3,6,25,4,76067,76758,9,5,4,5,6,5,5,10,10,7,1,Other,Tier 2,Store
60,72695,4.3,3,3.4,4,4,10,3,13724,95102,6,3,5,4,5,8,7,4,6,10,2,Other,Tier 3,Store
57,151584,7.9,13,2.3,3,9,42,5,122508,31514,6,9,3,6,5,7,7,5,4,10,1,Female,Tier 1,Hybrid
24,58099,9.5,5,6.0,5,5,14,10,22807,71344,6,9,5,5,5,4,8,5,3,10,2,Male,Tier 3,Store
68,97158,7.8,6,0.0,6,7,29,7,104081,49576,6,5,3,8,10,2,2,6,7,9,2,Female,Tier 1,Store
40,125380,11.2,10,4.2,5,8,27,0,106516,56019,9,2,5,6,10,6,8,4,8,10,1,Other,Tier 3,Online
18,91332,5.8,2,4.4,6,10,36,8,96919,47123,5,8,3,7,9,5,5,6,7,8,5,Other,Tier 3,Hybrid
22,57848,9.0,1,5.0,9,10,29,6,55595,969,9,5,4,6,6,5,8,1,6,4,7,Male,Tier 2,Hybrid
42,110981,10.1,8,4.3,8,6,28,6,105787,32068,3,3,1,5,1,6,10,4,4,6,9,Female,Tier 1,Hybrid
52,123313,4.6,9,1.8,5,6,10,13,65735,77646,9,6,2,6,5,1,5,8,5,9,6,Female,Tier 3,Store
53,144903,6.0,8,2.8,2,5,14,7,31967,44564,2,2,5,8,7,5,7,9,8,7,5,Other,Tier 3,Store
49,130079,9.0,6,3.0,5,10,29,4,91068,500,6,4,6,3,7,7,6,3,4,8,4,Male,Tier 3,Online
77,99066,5.3,6,2.2,6,3,5,17,25219,47518,9,4,3,7,10,6,2,10,8,9,7,Female,Tier 1,Store
71,84778,3.2,6,0.0,3,2,0,17,29632,50743,6,5,3,7,5,3,1,10,6,9,1,Male,Tier 2,Store
47,189692,4.6,11,1.0,4,7,15,11,150000,83849,3,3,7,1,8,3,3,4,5,2,5,Male,Tier 3,Store
34,101752,10.4,5,5.6,5,9,38,8,147359,39236,7,9,5,5,7,5,7,7,5,3,10,Other,Tier 3,Store
49,122182,7.4,6,3.7,5,8,28,11,68396,89155,8,3,7,4,8,5,3,1,5,8,9,Female,Tier 3,Hybrid
26,121945,10.6,11,4.0,8,10,23,18,95260,103401,5,9,5,7,3,5,5,6,3,7,6,Male,Tier 2,Hybrid
38,118724,9.3,8,2.4,5,6,22,9,58510,122837,8,3,1,5,7,7,5,10,6,8,10,Male,Tier 1,Store
55,155122,4.2,8,3.4,6,5,14,9,31775,76133,6,0,3,3,3,2,4,5,6,10,9,Male,Tier 2,Store
70,50354,5.5,8,0.0,5,8,13,8,95524,17848,9,0,6,7,3,5,4,6,9,8,1,Male,Tier 2,Store
47,152197,3.9,6,3.8,2,3,1,16,57716,50357,6,3,5,6,2,3,7,5,4,9,3,Other,Tier 3,Store
29,101989,6.5,14,3.6,5,10,25,7,56585,20476,4,8,4,5,10,10,9,5,4,9,5,Other,Tier 1,Hybrid
30,112448,8.0,14,5.8,5,10,43,8,101385,64571,5,6,3,9,8,9,7,3,4,10,8,Other,Tier 1,Online
46,205292,9.4,13,4.5,4,8,45,6,136479,77224,3,5,5,6,5,4,10,5,5,8,7,Female,Tier 1,Hybrid
65,73851,5.1,10,0.8,8,4,3,14,35236,72316,8,0,6,1,8,6,5,7,3,5,4,Male,Tier 3,Store
64,87848,5.4,6,3.1,5,2,3,14,24964,89135,10,4,1,5,7,4,7,8,5,7,4,Other,Tier 3,Store
40,130681,7.2,5,4.9,7,6,10,9,52520,110298,1,2,6,4,1,7,8,8,5,5,8,Female,Tier 1,Store
64,126285,5.2,7,3.6,5,7,18,11,85639,66271,6,8,3,4,3,5,5,10,7,8,7,Female,Tier 1,Store
30,114065,6.5,10,4.5,6,10,35,7,54424,46629,3,6,2,8,7,6,10,5,3,10,6,Female,Tier 1,Hybrid
67,45004,3.6,13,0.4,5,7,17,14,86181,86858,9,6,2,7,3,6,2,6,3,6,2,Male,Tier 1,Store
55,133356,10.1,6,6.0,2,8,35,7,56871,57470,5,9,2,2,6,6,7,6,7,10,7,Male,Tier 1,Hybrid
34,83992,6.7,10,2.7,4,7,30,7,64995,35531,10,4,6,6,10,9,8,4,3,7,4,Female,Tier 1,Hybrid
27,135925,10.6,3,6.0,7,7,37,0,68859,30957,7,9,5,8,5,6,7,7,1,8,7,Other,Tier 3,Online
61,198525,3.2,9,0.0,3,7,12,12,150000,150000,5,5,5,5,7,7,4,4,7,5,5,Other,Tier 3,Store
38,155647,7.5,10,1.4,6,9,40,5,84629,73385,4,8,2,6,7,5,9,6,5,9,6,Female,Tier 1,Online
18,15000,7.0,8,4.9,7,10,22,4,67620,33281,8,9,7,7,4,5,9,5,9,10,1,Other,Tier 3,Hybrid
55,124147,8.1,10,3.6,7,8,37,2,129220,75230,4,8,5,6,10,5,5,7,7,3,4,Male,Tier 3,Online
48,99584,10.1,12,4.4,9,10,47,2,125111,5054,4,3,4,8,9,8,8,6,2,10,9,Other,Tier 3,Online
33,105891,8.4,6,2.8,7,10,26,4,71511,41580,8,6,6,6,7,4,8,3,5,5,5,Other,Tier 3,Hybrid
33,81505,9.8,9,5.3,10,7,48,9,100455,35855,7,7,5,5,7,3,5,8,4,8,6,Female,Tier 3,Hybrid
43,138266,9.0,10,5.2,3,7,33,11,125710,33353,7,6,6,5,6,6,8,5,3,6,7,Male,Tier 3,Hybrid
40,137168,8.3,4,2.1,8,10,35,10,103743,89073,6,5,5,1,6,7,7,8,3,7,8,Female,Tier 3,Hybrid
42,142323,4.8,10,4.1,8,8,16,7,15899,111202,9,8,1,3,6,5,5,5,2,5,6,Male,Tier 1,Store
24,70268,9.3,5,5.1,6,8,26,6,59281,40148,8,6,4,6,4,2,10,7,5,8,6,Other,Tier 1,Store
37,95002,3.8,10,4.1,7,5,9,14,900,84600,7,2,5,5,4,4,6,5,4,8,6,Female,Tier 3,Store
18,20092,12.0,5,5.5,10,10,36,8,33404,46539,7,4,5,5,9,6,10,6,1,4,5,Other,Tier 3,Online
38,197215,9.1,8,4.0,5,7,41,14,135257,87698,3,8,4,9,10,5,7,7,3,9,10,Female,Tier 1,Hybrid
42,95600,6.7,13,4.9,3,8,12,8,75395,107119,6,1,2,3,4,5,10,5,1,9,5,Other,Tier 1,Store
79,85480,5.4,6,1.6,4,4,18,17,56554,150000,7,6,6,6,5,6,8,7,6,8,5,Female,Tier 2,Store
30,37865,8.2,12,4.0,7,10,39,6,12584,43661,7,8,4,6,8,7,8,4,6,1,10,Female,Tier 3,Hybrid
18,136332,9.4,4,6.0,6,10,48,7,117839,117377,4,7,3,10,4,8,7,6,2,6,1,Other,Tier 1,Hybrid
35,209534,9.0,13,4.2,7,9,37,3,150000,37536,3,6,5,7,10,5,8,4,5,10,7,Female,Tier 3,Hybrid
35,140421,7.9,9,3.4,5,7,27,2,133083,19371,7,8,4,5,1,8,7,3,6,5,8,Female,Tier 2,Hybrid
52,123560,7.3,4,3.4,7,8,13,11,80437,91706,3,5,6,7,8,5,8,6,4,8,4,Female,Tier 3,Store
39,208123,9.4,10,3.8,4,9,36,13,104611,100615,5,7,4,4,5,6,6,7,7,10,4,Male,Tier 1,Hybrid
28,132783,8.3,10,4.2,2,10,35,9,78440,35894,7,7,5,7,4,7,5,5,6,6,3,Female,Tier 3,Hybrid
23,153692,10.3,4,4.3,8,10,42,6,90311,100035,5,8,5,6,10,6,9,4,1,6,4,Other,Tier 3,Online
28,15000,9.2,7,3.2,9,9,10,9,900,60646,7,0,3,6,4,6,9,5,1,7,10,Female,Tier 3,Store
76,80252,2.1,5,3.8,3,2,0,12,67134,70429,7,3,6,7,6,3,3,7,8,5,4,Other,Tier 3,Store
32,38487,8.4,6,6.0,6,9,24,6,51481,500,9,3,5,7,1,4,9,8,2,6,9,Male,Tier 1,Hybrid
39,131095,7.7,8,2.7,4,4,12,9,57398,66459,7,6,4,5,4,5,6,4,3,7,10,Male,Tier 1,Store
37,151324,9.0,6,4.1,4,10,49,0,150000,26875,7,8,4,6,10,8,8,2,4,7,4,Other,Tier 2,Online
29,48040,7.8,14,4.1,5,10,27,8,50843,31919,6,7,4,7,10,5,8,5,3,6,10,Female,Tier 3,Store
27,194252,9.9,9,3.4,9,10,38,9,148892,96455,4,6,5,9,9,9,7,7,10,7,7,Other,Tier 1,Hybrid
24,72428,8.2,3,4.6,4,9,40,6,62875,29062,10,6,3,9,8,8,7,2,2,7,1,Female,Tier 2,Hybrid
76,70867,4.2,7,1.4,7,3,0,19,15924,77336,6,3,2,9,1,4,3,10,4,2,5,Female,Tier 2,Store
44,39683,6.8,10,2.1,7,7,14,5,63697,9203,8,5,5,5,4,4,3,6,5,9,8,Female,Tier 3,Store
23,87383,8.5,3,2.3,6,10,32,5,49455,86352,8,5,4,9,6,6,3,1,5,8,3,Male,Tier 3,Hybrid
38,121013,4.9,14,4.7,4,7,23,8,41121,77499,4,4,2,4,4,10,6,3,5,9,10,Male,Tier 2,Hybrid
48,127551,5.2,14,2.0,4,8,28,11,58345,7582,8,2,6,6,4,5,4,3,4,10,9,Other,Tier 2,Store
24,108781,10.9,3,4.8,10,9,49,3,139035,57548,5,9,5,5,9,7,8,4,2,8,7,Male,Tier 3,Online
65,141143,5.2,11,3.2,9,10,15,6,5324,120480,8,4,4,7,5,7,8,6,4,8,3,Other,Tier 3,Hybrid
43,206254,6.6,11,3.2,4,6,31,18,138962,122441,5,6,3,5,5,9,8,7,5,9,8,Female,Tier 1,Store
33,175951,7.1,8,4.4,7,9,22,5,84230,34404,3,7,3,5,10,8,8,3,4,8,5,Other,Tier 1,Online
44,140404,7.2,9,4.6,7,10,49,10,87201,53256,9,6,6,6,8,8,10,5,8,10,9,Other,Tier 2,Online
41,157711,11.6,8,4.0,6,10,49,9,144966,63372,7,9,4,1,9,6,6,7,7,5,4,Male,Tier 1,Online
54,122645,6.7,6,4.6,5,6,5,15,38500,120736,8,1,4,7,5,5,6,7,7,8,8,Male,Tier 1,Store
18,115821,9.9,1,4.5,9,8,36,3,101879,97033,5,9,6,7,9,7,8,5,2,10,3,Female,Tier 3,Hybrid
49,210414,6.6,14,1.7,3,5,12,12,94635,83340,6,5,7,3,2,8,5,6,4,1,8,Other,Tier 3,Store
33,29555,8.6,11,4.1,9,10,29,9,88410,82546,2,7,2,8,10,6,10,6,1,7,7,Male,Tier 2,Online
26,39656,9.3,9,6.0,5,9,45,3,108961,56365,6,7,5,4,9,8,10,4,2,10,5,Male,Tier 3,Online
38,175184,9.2,7,3.0,6,10,33,5,136505,90007,3,6,5,5,9,7,8,7,10,5,7,Male,Tier 3,Online
51,120062,8.4,14,3.2,8,10,27,8,138250,46097,6,7,4,6,2,8,10,7,9,8,9,Other,Tier 2,Hybrid
32,179022,6.8,11,5.9,7,9,25,7,95350,44433,7,6,4,4,2,8,9,3,5,8,9,Other,Tier 1,Hybrid
45,90116,7.3,14,3.4,9,8,38,10,124408,58948,6,7,4,6,9,6,5,6,5,6,8,Male,Tier 2,Hybrid
59,205474,4.5,4,2.0,1,4,8,11,94212,95957,6,4,5,5,5,5,4,8,6,4,4,Male,Tier 2,Store
45,73759,5.8,11,3.1,8,10,27,11,56992,500,5,4,3,7,10,5,2,9,4,6,6,Male,Tier 1,Store
54,185659,4.3,2,1.8,2,4,5,18,97279,84358,4,0,5,3,4,5,2,5,10,8,3,Female,Tier 2,Store
42,151151,10.8,11,4.5,7,10,49,1,85885,11167,6,9,3,8,5,5,6,3,6,1,7,Female,Tier 2,Online
51,158267,6.2,4,3.4,2,6,26,3,100773,500,6,3,4,1,1,3,9,8,8,4,7,Male,Tier 3,Store
24,74384,10.1,3,5.4,10,10,49,0,150000,45302,9,8,3,7,9,7,9,2,6,9,3,Male,Tier 1,Online
58,250000,8.2,2,3.9,6,7,13,19,133757,94937,1,1,2,4,5,7,8,10,6,4,6,Male,Tier 1,Store
40,138473,7.0,9,4.2,5,8,28,2,96516,41549,6,6,6,5,10,10,8,2,1,7,7,Female,Tier 2,Hybrid
39,132209,8.4,3,3.9,2,9,21,14,93968,87382,10,4,4,10,5,4,10,6,3,7,5,Female,Tier 2,Store
41,242060,9.0,8,6.0,7,10,37,3,134861,117332,6,4,4,4,6,8,10,1,6,7,5,Male,Tier 1,Online
69,47968,4.5,1,2.1,3,4,8,16,900,53305,4,2,4,6,7,1,3,9,9,9,3,Female,Tier 2,Store
36,50450,7.2,5,5.0,6,10,37,8,104501,30414,8,2,3,9,8,6,8,5,4,10,8,Male,Tier 3,Hybrid
52,152483,6.3,6,2.3,4,5,12,5,70268,62658,6,0,4,6,5,6,5,5,4,8,10,Male,Tier 2,Store
69,114953,6.1,11,2.6,5,5,3,17,45441,72694,9,0,4,4,1,5,5,9,4,6,6,Other,Tier 3,Store
30,167156,6.6,6,6.0,8,10,25,8,84731,53076,8,2,2,4,9,6,6,7,5,10,9,Other,Tier 2,Hybrid
18,15000,7.8,8,3.4,9,10,34,2,64618,500,6,8,5,6,4,5,6,2,3,7,6,Male,Tier 3,Online
79,89318,4.4,8,1.0,8,8,12,8,75413,62514,10,3,7,5,3,4,2,4,9,8,3,Other,Tier 3,Hybrid
37,126983,9.3,1,4.7,6,5,28,8,62990,69946,6,9,6,4,9,1,10,4,4,7,8,Male,Tier 2,Store
53,124387,6.5,6,2.7,5,5,4,7,51278,89627,1,0,6,8,4,2,4,2,7,6,3,Male,Tier 3,Store
41,183482,8.1,8,4.3,5,10,37,6,150000,63707,3,3,7,1,4,7,8,3,6,8,9,Female,Tier 2,Online
34,80354,8.2,12,3.2,9,10,33,7,41578,44419,7,7,6,4,4,4,10,5,3,6,8,Male,Tier 3,Online
77,104160,3.9,5,3.8,5,7,4,19,34545,95765,5,3,4,5,8,7,5,8,3,10,2,Male,Tier 1,Store
41,152216,5.5,5,4.9,8,8,28,6,111022,62908,4,8,3,4,5,9,10,6,6,10,4,Female,Tier 1,Hybrid
50,150626,8.4,6,2.9,5,10,37,3,129612,28848,5,6,7,6,7,3,6,8,7,6,6,Other,Tier 1,Online
37,152812,11.7,9,4.8,6,10,42,4,131117,41758,3,9,3,1,7,7,9,5,3,10,3,Male,Tier 1,Online
26,146983,11.0,7,6.0,7,10,35,5,85897,56480,6,5,1,6,5,4,6,7,7,10,6,Male,Tier 1,Online
43,121527,7.1,10,4.4,7,9,6,12,81988,105449,6,0,5,3,7,5,7,9,6,8,4,Male,Tier 3,Store
55,154107,3.6,5,1.3,6,7,12,19,69955,118141,7,3,3,6,1,7,7,5,5,2,5,Female,Tier 2,Store
53,123149,6.7,6,3.2,3,7,29,14,89809,105451,4,9,6,9,1,5,5,10,4,3,5,Female,Tier 3,Store
56,128802,5.5,5,4.5,6,6,23,9,74839,71957,6,5,1,5,2,8,7,6,4,9,7,Other,Tier 1,Hybrid
65,114934,8.0,4,2.5,9,7,27,7,93361,94375,7,5,3,6,4,5,8,9,8,6,5,Male,Tier 2,Hybrid
23,81157,11.4,3,6.0,6,8,25,17,65485,99588,5,8,3,8,5,4,7,6,1,7,5,Male,Tier 2,Store
57,149656,6.5,9,1.1,6,8,21,4,122850,84604,5,1,4,2,5,8,5,7,5,6,4,Female,Tier 2,Hybrid
37,85283,5.5,2,4.4,7,9,20,7,75982,46760,10,7,3,8,8,7,9,4,8,6,5,Other,Tier 2,Hybrid
51,127164,3.3,12,0.7,4,4,0,14,8037,99576,8,7,6,7,4,3,3,6,2,8,7,Female,Tier 3,Store
56,58690,6.2,4,1.4,6,7,28,4,900,6064,7,2,4,7,1,3,6,6,5,3,5,Female,Tier 3,Hybrid
32,67122,6.0,11,4.8,3,9,35,0,110525,90714,10,3,2,5,3,7,9,1,9,6,10,Other,Tier 1,Hybrid
38,101795,4.8,12,4.2,8,10,47,0,116313,500,2,1,6,7,10,7,8,7,7,10,4,Other,Tier 3,Hybrid
63,88726,6.4,6,4.6,4,4,10,15,4649,66167,7,3,4,6,6,4,8,5,8,5,3,Male,Tier 3,Store
79,99555,4.9,4,3.9,5,4,0,19,9783,90290,7,5,7,6,5,6,6,8,8,3,6,Female,Tier 3,Store
47,144833,5.1,1,3.8,6,10,21,10,146435,85274,5,3,5,4,7,6,10,6,4,8,6,Female,Tier 2,Store
70,162976,3.6,2,0.0,7,7,18,16,37927,98660,5,4,4,1,2,3,2,10,5,10,8,Female,Tier 2,Store
19,146611,9.0,1,5.8,7,10,43,2,69400,112251,8,6,2,2,4,10,10,3,3,9,6,Female,Tier 1,Online
41,156795,7.8,6,4.9,7,5,18,14,75055,125639,4,7,6,5,7,1,10,5,5,10,8,Other,Tier 2,Store
56,105121,7.6,5,5.7,3,5,8,13,65064,138213,5,3,5,9,7,4,7,9,5,6,5,Female,Tier 3,Store
42,125675,11.0,5,4.4,5,6,22,11,86601,74383,1,4,2,5,9,7,6,10,3,7,5,Male,Tier 2,Store
20,75043,11.6,4,3.4,8,10,46,0,61974,19754,9,9,4,3,7,3,8,2,1,10,3,Other,Tier 3,Online
56,50123,6.4,4,1.6,5,5,28,5,41527,91638,10,5,3,6,5,7,1,9,7,4,5,Male,Tier 2,Store
75,75956,4.3,9,3.7,4,5,29,1,53930,500,8,2,4,5,3,7,4,8,9,4,1,Other,Tier 2,Store
30,100905,6.7,10,3.2,7,9,25,7,111010,54050,7,3,3,2,9,6,6,8,5,10,6,Female,Tier 2,Hybrid
21,100229,11.5,1,6.0,6,9,37,7,101214,6169,8,5,4,5,4,6,9,3,2,9,3,Male,Tier 1,Online
61,167705,9.0,6,4.7,5,5,29,5,122374,72314,6,6,5,8,4,6,7,3,6,3,6,Female,Tier 2,Hybrid
45,221153,11.2,2,5.4,7,10,31,9,105303,107442,5,7,2,3,3,6,8,4,4,10,2,Female,Tier 1,Online
52,133909,6.6,9,2.9,2,8,31,7,110172,69701,4,3,2,5,10,8,8,5,1,8,10,Female,Tier 1,Hybrid
32,204486,5.8,14,2.9,5,4,1,16,68990,108413,8,0,3,6,1,4,8,4,5,2,10,Female,Tier 2,Store
31,236895,8.3,8,5.3,8,9,43,0,150000,69746,4,9,4,5,7,5,9,6,5,8,9,Female,Tier 3,Online
40,15000,8.8,6,6.0,6,10,49,3,132617,37576,10,8,3,8,7,5,4,1,6,10,9,Male,Tier 3,Online
66,148465,4.2,5,2.1,2,1,3,15,40455,98233,4,7,5,2,2,3,10,10,6,10,3,Male,Tier 2,Store
51,104319,4.1,9,2.8,4,9,18,19,52890,94918,6,5,6,7,9,8,4,8,4,5,1,Male,Tier 3,Store
67,118014,4.5,2,2.3,5,6,20,10,27719,33902,4,4,5,5,5,5,7,7,6,8,6,Male,Tier 1,Store
56,53913,7.2,4,1.1,8,10,39,1,52091,500,8,7,3,7,2,4,6,9,9,8,1,Other,Tier 1,Hybrid
50,135040,7.2,8,1.4,4,9,34,8,83420,500,6,6,3,4,8,7,9,8,5,8,3,Male,Tier 2,Hybrid
25,165243,8.5,14,5.3,6,10,34,1,133579,52386,3,8,7,4,9,7,6,2,2,9,8,Female,Tier 2,Online
38,177862,4.5,13,3.3,9,7,26,8,93997,49773,7,7,2,5,7,5,7,4,2,5,5,Male,Tier 3,Online
27,100024,8.1,5,4.1,4,10,42,8,109823,96855,6,8,1,7,7,4,10,6,4,5,8,Other,Tier 2,Online
31,85976,9.3,5,3.6,4,9,43,8,75837,92793,8,7,2,7,7,7,10,7,6,6,5,Male,Tier 2,Hybrid
51,101541,4.2,2,1.8,8,8,40,0,92063,37523,5,8,5,7,5,6,7,8,5,10,7,Female,Tier 3,Online
18,43069,7.2,7,4.5,10,10,33,5,81238,33733,10,1,6,8,6,8,5,4,2,10,7,Other,Tier 3,Online
50,47915,5.8,10,0.8,6,4,17,14,29780,64551,8,3,3,10,4,4,8,6,5,10,8,Other,Tier 3,Store
35,191053,7.7,9,2.6,5,8,16,9,120296,86093,2,9,3,8,7,8,8,4,5,10,6,Male,Tier 2,Store
45,143014,3.6,8,3.6,3,3,9,14,65449,101661,4,2,3,7,3,6,8,2,3,5,5,Female,Tier 2,Store
61,214633,7.6,8,2.3,2,9,44,2,150000,79836,8,4,6,3,8,3,6,5,5,8,2,Other,Tier 2,Online
39,137008,7.0,12,3.5,8,10,40,0,81072,71707,8,6,4,8,2,4,7,6,7,9,10,Male,Tier 1,Hybrid
41,178461,3.0,10,1.8,6,6,18,14,65851,139608,3,4,4,1,4,8,7,9,3,6,10,Other,Tier 1,Store
47,94132,4.4,5,4.0,5,7,21,9,52557,142412,7,3,7,2,10,10,4,6,3,10,9,Female,Tier 2,Store
35,113860,8.3,5,6.0,10,10,36,2,88660,55153,7,6,2,9,3,8,7,4,7,9,3,Male,Tier 2,Online
33,88485,11.3,12,5.3,9,9,46,2,109648,2804,5,6,3,5,5,6,8,2,7,9,9,Male,Tier 3,Online
23,138363,9.6,3,4.8,6,9,32,5,137780,500,5,8,1,1,10,8,9,5,7,8,4,Female,Tier 1,Store
58,123232,10.4,5,5.7,3,8,38,4,142176,80659,3,4,3,5,6,7,9,5,3,10,2,Female,Tier 1,Hybrid
28,23063,9.3,8,5.9,8,9,46,0,150000,12640,5,3,4,6,7,10,10,4,2,10,9,Female,Tier 2,Online
70,117048,1.9,7,0.5,4,4,0,17,99021,75357,5,4,7,7,4,5,7,10,8,1,4,Male,Tier 3,Store
51,166740,5.5,10,2.8,6,7,19,9,72626,139303,7,5,5,4,6,5,5,5,5,6,4,Male,Tier 3,Hybrid
23,94646,9.8,2,6.0,5,7,29,15,70873,39178,8,3,5,7,6,5,10,3,8,5,7,Female,Tier 3,Hybrid
21,21735,11.7,1,5.8,9,10,39,7,57506,10716,5,4,3,7,7,6,7,4,6,10,4,Male,Tier 1,Online
40,89718,8.6,10,3.5,4,10,33,0,93617,84307,6,3,7,6,6,5,4,2,8,9,5,Female,Tier 3,Hybrid
56,138029,4.6,5,1.4,5,7,15,4,108323,91423,5,6,5,2,1,5,4,8,6,10,1,Male,Tier 2,Store
72,91637,7.1,10,1.9,5,7,44,11,95203,50540,8,9,2,4,8,5,5,10,5,8,2,Other,Tier 2,Store
68,250000,2.3,1,0.6,5,3,0,14,70548,137041,3,0,4,6,3,2,1,9,9,9,9,Female,Tier 1,Store
59,78989,6.2,7,3.1,4,6,28,14,116992,79964,7,8,4,8,8,4,8,7,8,10,4,Male,Tier 2,Store
26,15000,8.1,7,6.0,9,10,36,8,120996,42702,7,9,7,6,9,4,7,3,5,2,10,Female,Tier 3,Online
31,99388,7.6,13,4.0,6,10,30,6,58870,30806,6,2,5,7,4,10,8,4,2,7,8,Male,Tier 1,Online
51,78762,6.1,8,2.2,8,6,15,15,81455,82301,2,5,4,6,6,5,4,7,8,8,8,Female,Tier 3,Store
23,15000,9.9,7,4.3,7,9,37,4,98097,75458,10,5,4,8,8,6,6,7,6,9,8,Female,Tier 2,Hybrid
48,127187,4.2,6,4.7,5,7,17,8,63461,55466,6,1,4,7,9,2,9,6,4,5,8,Male,Tier 3,Hybrid
66,80352,2.4,2,1.2,2,1,0,17,900,93497,10,1,6,3,1,2,4,8,3,4,8,Male,Tier 3,Store
54,160406,7.2,9,3.8,5,9,28,13,83923,107028,5,5,5,1,7,6,10,8,5,8,9,Male,Tier 3,Store
33,184367,5.7,8,2.9,9,10,32,4,76591,131171,7,4,1,1,10,6,6,1,5,5,10,Male,Tier 1,Online
55,115056,6.3,11,3.9,6,10,23,3,20951,786,5,5,1,6,9,2,8,5,6,6,6,Male,Tier 3,Hybrid
63,211004,2.3,3,2.0,4,4,0,18,71826,92353,8,8,2,6,3,8,6,10,5,4,4,Female,Tier 1,Store
31,114840,7.2,10,3.8,5,10,42,1,130569,51752,5,4,4,4,6,6,6,6,6,5,3,Male,Tier 2,Hybrid
73,162992,4.0,9,0.8,4,7,22,10,51389,103805,6,5,2,4,8,5,6,8,7,1,3,Male,Tier 1,Store
47,110099,7.6,4,4.3,5,7,9,17,91178,113118,7,4,4,3,4,8,7,5,6,9,7,Male,Tier 2,Hybrid
29,15000,10.0,14,4.9,8,10,43,0,98378,12859,10,8,7,7,7,5,7,5,6,6,5,Male,Tier 3,Online
18,36667,6.8,3,4.0,10,10,37,3,83452,54650,8,5,6,5,10,3,9,6,4,9,2,Female,Tier 3,Hybrid
49,45047,9.2,3,4.1,4,7,29,6,129235,28816,10,7,4,5,4,7,6,5,4,4,10,Female,Tier 3,Store
56,130947,3.9,5,4.3,6,3,4,16,57123,20177,5,5,5,3,1,5,5,10,8,7,6,Male,Tier 2,Store
21,93363,11.6,4,6.0,6,10,49,0,123862,76881,5,7,3,9,7,7,10,4,4,8,6,Male,Tier 2,Online
61,46081,4.3,1,0.5,4,6,3,13,42731,10104,10,0,5,6,6,10,2,9,6,6,4,Other,Tier 2,Store
78,93152,6.2,3,2.3,8,8,25,7,51308,64607,3,4,3,7,5,6,2,9,8,2,7,Female,Tier 1,Hybrid
65,99556,8.6,8,4.5,6,4,19,12,64450,15873,7,4,6,7,1,1,6,5,6,1,3,Female,Tier 3,Store
45,135023,6.5,6,2.6,6,10,39,1,123699,53509,6,4,3,5,9,8,6,3,4,6,4,Female,Tier 3,Online
18,88588,10.2,7,5.4,6,10,29,5,55749,8504,6,0,5,7,4,8,10,3,7,10,5,Female,Tier 1,Hybrid
42,126957,6.7,6,5.5,6,10,36,4,91165,24793,5,5,1,6,5,7,9,4,3,10,6,Other,Tier 1,Online
32,62307,12.0,11,5.5,3,7,28,9,123702,60073,7,2,5,4,4,4,7,5,3,5,10,Other,Tier 3,Hybrid
35,170693,6.6,6,4.5,8,7,24,10,118103,55564,6,5,7,6,8,5,10,10,4,9,6,Female,Tier 3,Store
53,110541,9.1,10,2.8,4,8,35,2,96715,36272,10,4,4,4,10,6,6,6,7,4,10,Male,Tier 3,Hybrid
70,117779,1.3,6,5.1,5,6,0,16,24791,69535,8,4,4,5,4,3,6,8,6,9,4,Female,Tier 3,Store
64,97965,4.6,11,1.6,7,8,22,11,68900,22450,6,2,4,4,1,5,6,7,7,7,4,Male,Tier 2,Hybrid
54,158305,8.7,7,5.0,4,10,29,17,88014,72719,5,3,6,5,8,6,6,4,6,3,6,Other,Tier 2,Hybrid
54,82136,8.5,10,2.8,7,8,17,14,25792,500,6,7,4,4,4,5,6,6,6,2,7,Male,Tier 1,Store
21,37139,10.7,6,5.2,5,10,49,2,51548,500,5,8,6,7,8,8,8,9,2,8,2,Male,Tier 3,Hybrid
45,113988,8.6,8,3.4,6,9,24,10,102824,37791,9,4,5,7,8,5,8,8,9,7,8,Male,Tier 3,Store
51,84517,3.8,3,3.0,4,8,20,5,23302,62851,6,5,7,5,6,2,3,8,3,6,10,Other,Tier 3,Hybrid
50,152078,9.2,12,3.2,5,8,45,2,150000,21714,4,8,3,4,4,6,7,4,6,9,4,Other,Tier 1,Hybrid
49,144227,7.2,7,3.4,2,4,24,19,126569,81479,4,6,2,6,7,4,9,7,4,5,7,Female,Tier 2,Store
34,135186,8.4,3,3.0,6,9,48,7,97149,79031,4,7,3,7,10,3,4,6,4,7,7,Male,Tier 1,Online
28,142244,8.8,10,2.8,5,10,29,10,83035,100018,7,5,5,2,9,7,5,6,4,10,7,Female,Tier 2,Hybrid
20,24614,8.7,3,5.6,7,9,46,2,46252,10704,5,5,4,5,4,9,10,5,1,10,5,Female,Tier 3,Online
62,103165,3.0,6,3.5,3,3,10,14,33702,99525,4,6,6,4,5,2,7,10,8,4,2,Female,Tier 3,Store
48,95488,7.7,5,3.1,9,5,29,13,114003,86673,5,8,5,5,8,7,5,8,8,8,7,Male,Tier 3,Store
54,126414,5.8,7,3.3,6,7,25,16,90823,79768,6,3,6,7,8,8,6,5,6,8,3,Male,Tier 2,Hybrid
71,32227,5.3,4,3.2,6,8,32,8,12522,61375,7,7,5,8,3,2,4,5,6,3,6,Female,Tier 3,Hybrid
51,123741,5.9,10,0.0,2,7,27,8,115217,16287,3,2,6,8,6,6,5,7,6,10,6,Female,Tier 2,Hybrid
29,82061,8.6,7,6.0,7,6,19,4,29170,9069,6,3,4,8,3,6,9,9,2,3,7,Male,Tier 2,Hybrid
61,195229,10.2,8,2.0,4,8,21,15,106504,150000,3,1,2,3,9,6,3,10,2,5,10,Female,Tier 1,Store
54,100212,7.5,7,3.2,6,8,31,5,52062,76120,6,7,5,4,6,6,4,9,5,8,9,Male,Tier 3,Hybrid
38,91248,6.9,7,4.8,6,10,38,6,55507,68129,4,8,6,6,2,5,6,7,7,9,5,Female,Tier 2,Hybrid
52,218750,5.5,10,3.6,5,10,35,3,111503,80657,6,5,2,6,5,5,8,4,3,2,6,Female,Tier 1,Hybrid
65,89652,6.7,1,1.6,2,6,18,11,21058,52593,4,8,7,5,2,4,7,5,5,7,1,Female,Tier 3,Store
56,186604,7.3,8,3.4,6,9,37,1,110520,77332,5,5,3,5,4,9,5,4,6,5,5,Male,Tier 2,Online
35,23207,8.1,8,4.7,5,5,25,14,43826,70659,5,5,7,4,10,3,8,6,4,3,10,Other,Tier 2,Hybrid
27,178111,7.7,14,3.5,7,10,36,3,150000,73900,5,5,4,6,9,7,8,4,7,10,7,Female,Tier 1,Online
28,162063,8.5,14,5.6,8,10,45,4,132328,72016,1,7,3,5,9,6,10,4,3,6,10,Female,Tier 1,Hybrid
53,142681,7.3,6,1.9,2,7,15,2,28743,500,6,1,4,4,4,3,6,5,7,9,9,Female,Tier 2,Hybrid
41,102941,11.6,4,5.0,7,7,39,4,91164,60509,5,5,5,6,8,4,7,5,6,7,3,Male,Tier 3,Online
31,63959,7.3,14,3.0,9,10,49,8,150000,94197,8,6,7,3,4,5,7,7,5,10,5,Female,Tier 3,Store
18,107293,9.2,8,3.9,8,7,23,15,52490,47664,7,2,4,3,6,6,8,6,3,4,1,Male,Tier 1,Store
45,83770,8.2,12,3.5,8,7,23,11,15835,58080,8,4,2,4,5,6,10,9,2,4,7,Male,Tier 2,Hybrid
18,126125,8.6,8,6.0,8,10,24,5,106814,90177,8,3,7,6,2,4,10,7,5,10,4,Other,Tier 2,Online
55,180034,4.5,8,0.0,2,6,22,11,69708,103588,5,1,5,5,3,6,1,10,5,8,7,Other,Tier 3,Store
29,15000,8.9,14,5.5,6,7,28,6,57643,43366,9,7,7,9,6,4,8,5,8,6,8,Male,Tier 3,Store
45,147302,8.2,9,3.5,7,10,33,11,120191,106562,5,6,4,3,10,8,8,9,6,9,3,Male,Tier 2,Hybrid
47,16629,6.3,5,2.6,6,7,36,3,87982,500,8,5,4,10,7,3,8,6,3,4,7,Other,Tier 3,Hybrid
52,150563,4.5,10,3.1,4,7,20,13,75501,27263,4,8,5,3,1,10,8,6,8,7,7,Other,Tier 1,Store
47,114890,9.1,13,3.5,2,8,26,1,72846,8178,7,8,3,5,4,5,6,6,9,3,6,Male,Tier 2,Hybrid
53,108317,4.5,8,1.1,5,5,22,6,61664,39892,10,2,2,8,8,2,4,1,7,7,5,Other,Tier 1,Store
68,116302,2.3,6,4.5,3,2,2,16,17108,63370,9,4,5,4,6,6,9,10,4,10,4,Other,Tier 1,Store
32,172966,9.2,5,3.6,3,10,47,0,120756,9879,5,8,6,7,10,5,8,5,1,9,4,Female,Tier 1,Hybrid
57,146336,3.8,7,0.8,5,7,24,11,47983,55823,6,9,3,5,6,6,3,10,4,8,4,Female,Tier 1,Store
32,140172,9.4,4,4.6,7,8,44,1,150000,500,5,9,5,5,10,7,10,6,4,5,4,Male,Tier 2,Online
72,70240,5.2,9,0.6,3,5,18,13,60138,79097,9,5,3,9,2,6,1,7,6,6,10,Female,Tier 3,Store
77,102331,7.1,12,0.9,7,5,8,15,39331,37048,6,4,4,5,8,2,4,8,8,8,6,Female,Tier 2,Store
70,110380,1.9,4,2.1,5,8,14,6,50097,22796,9,2,7,7,8,4,7,9,6,7,1,Male,Tier 3,Store
24,98568,9.7,1,5.4,5,10,48,0,131508,21927,7,8,3,8,9,4,7,6,6,8,2,Other,Tier 2,Online
45,166443,7.9,1,3.1,6,8,29,17,148858,108777,10,4,7,5,8,10,5,10,6,9,8,Female,Tier 3,Store
66,166289,3.9,5,0.0,5,7,23,13,102711,91393,7,5,1,2,8,4,1,10,6,6,3,Other,Tier 2,Store
69,61502,5.6,7,1.8,8,9,40,7,150000,68865,7,5,4,4,7,8,2,7,6,10,2,Male,Tier 2,Store
53,78929,4.4,10,1.7,8,5,0,17,29717,86055,8,3,2,4,4,5,5,6,6,8,8,Other,Tier 2,Store
48,150096,6.3,8,6.0,2,6,25,12,100410,78819,6,3,3,2,6,6,10,8,6,6,9,Female,Tier 1,Store
44,179255,6.2,4,2.9,5,8,40,7,141496,147422,6,7,5,7,1,6,7,4,6,5,10,Female,Tier 1,Hybrid
53,83388,4.8,6,2.0,6,8,20,7,90268,30610,3,6,7,8,8,4,7,7,10,8,8,Female,Tier 3,Store
51,129111,2.9,3,1.9,6,7,14,13,116038,105817,9,6,2,8,4,7,9,6,5,10,9,Male,Tier 1,Store
39,154545,9.3,11,4.8,3,8,44,0,124973,500,3,5,2,9,10,7,7,4,6,10,8,Female,Tier 1,Hybrid
46,129893,4.6,6,2.7,6,9,32,8,113056,81405,8,2,3,5,8,7,6,10,8,9,7,Female,Tier 1,Store
71,73875,3.6,2,0.9,1,2,0,12,900,47015,6,5,3,6,7,3,9,8,8,4,5,Female,Tier 3,Store
21,126272,8.4,1,4.4,10,10,41,1,118111,74710,6,7,2,2,7,7,8,4,2,10,1,Female,Tier 1,Online
67,94632,2.6,6,4.3,8,5,0,19,900,111396,8,0,4,8,7,7,7,10,7,8,6,Female,Tier 1,Store
45,199331,11.2,9,3.4,7,5,25,13,103628,112997,3,2,6,2,3,7,6,5,4,8,4,Female,Tier 3,Hybrid
42,83079,8.6,12,4.2,3,7,28,7,80939,67317,8,5,7,7,7,4,7,5,3,8,9,Female,Tier 2,Store
32,22952,7.2,6,3.8,8,7,26,6,92336,2610,5,5,7,7,9,5,10,7,6,4,9,Female,Tier 3,Online
18,158516,12.0,5,5.4,7,10,44,8,111881,120704,6,5,2,1,5,9,5,4,1,7,6,Female,Tier 3,Online
30,178329,6.5,4,2.6,7,10,30,8,94648,108521,2,8,5,4,6,5,9,2,1,10,4,Male,Tier 2,Hybrid
39,76725,6.4,9,2.1,4,10,21,5,26644,129904,2,6,2,6,5,7,6,5,3,9,8,Male,Tier 1,Store
38,90620,8.0,8,3.3,5,9,26,0,121063,45490,8,9,7,4,9,7,6,4,5,6,5,Male,Tier 3,Store
52,20516,6.9,5,3.2,6,10,32,3,121218,500,4,9,5,8,5,7,9,4,3,10,6,Male,Tier 2,Hybrid
42,94087,6.8,7,1.9,7,10,44,5,91184,39992,7,7,5,3,5,4,5,4,2,7,5,Female,Tier 2,Online
56,127769,7.4,7,5.7,2,5,24,10,60974,500,4,3,3,3,9,4,8,9,3,8,6,Female,Tier 1,Store
56,62904,5.5,6,2.1,6,7,32,4,30940,38766,10,9,5,7,7,5,8,7,5,8,5,Other,Tier 3,Store
53,163780,6.5,6,3.8,7,6,9,12,48785,53660,4,4,4,7,4,5,8,4,5,7,6,Male,Tier 1,Store
54,121353,5.5,6,1.9,4,7,35,9,90779,58964,9,4,4,9,3,4,7,4,5,7,10,Male,Tier 3,Store
39,178653,7.8,5,3.9,3,10,39,11,148345,73253,8,4,2,6,10,7,8,5,6,10,5,Female,Tier 2,Hybrid
68,70709,4.2,8,1.6,5,5,11,14,36520,33899,8,6,6,5,2,2,7,5,7,10,2,Female,Tier 2,Store
32,107017,7.7,12,4.0,5,10,29,6,113614,34894,7,4,7,5,5,5,7,8,1,7,9,Male,Tier 3,Store
48,114013,9.1,10,4.0,5,10,37,7,88942,66414,10,8,4,7,8,7,5,7,4,6,10,Male,Tier 2,Online
42,93769,9.1,11,3.4,4,8,25,12,54532,55848,6,7,5,5,6,2,5,4,3,3,6,Male,Tier 3,Hybrid
59,142236,7.6,5,2.8,7,7,37,11,60381,41153,7,4,2,4,4,8,2,9,9,3,1,Female,Tier 1,Store
69,109648,1.9,4,0.9,6,1,0,19,7352,88034,3,2,5,7,1,4,5,9,3,10,5,Female,Tier 2,Store
45,147032,6.6,5,4.7,6,5,5,18,43219,119258,5,4,2,3,1,6,9,4,1,6,6,Female,Tier 2,Store
50,183008,6.4,5,4.0,6,10,38,0,150000,59316,6,8,2,3,4,7,5,5,2,5,4,Other,Tier 1,Online
45,77880,9.2,3,4.7,4,9,28,16,99831,60617,9,6,2,8,10,9,8,7,2,7,7,Female,Tier 3,Hybrid
65,156212,2.4,10,2.6,3,3,9,18,70103,32737,1,6,2,2,1,4,4,8,8,6,3,Other,Tier 1,Store
18,69626,9.1,3,5.4,8,9,40,1,91325,500,6,3,4,7,6,5,8,4,6,7,4,Female,Tier 1,Online
18,139695,8.7,5,4.9,7,10,49,4,148762,14080,6,5,3,7,7,8,9,7,2,7,1,Female,Tier 1,Hybrid
56,147965,6.9,10,4.7,3,6,25,16,117217,91534,7,7,1,6,7,9,8,7,3,10,4,Male,Tier 1,Store
18,134108,12.0,4,4.9,8,10,49,4,150000,500,6,6,4,4,4,7,10,4,2,10,7,Female,Tier 1,Online
50,75842,9.2,11,1.8,9,6,21,12,87833,40881,8,2,7,7,5,4,9,10,5,9,8,Female,Tier 2,Store
18,123287,8.1,4,2.7,5,10,22,6,92550,43816,7,5,4,7,2,7,7,3,5,9,6,Female,Tier 2,Hybrid
36,100722,9.6,13,4.3,6,10,40,5,106700,70279,5,6,5,5,6,9,10,4,5,9,8,Male,Tier 2,Hybrid
55,123775,5.2,7,2.6,6,9,32,9,132853,64005,5,5,5,5,9,7,5,9,7,9,6,Male,Tier 2,Store
38,143482,8.1,8,4.2,7,9,24,7,114746,73558,9,3,6,4,5,4,6,5,6,6,7,Female,Tier 2,Store
68,154841,6.0,6,3.1,6,9,27,17,150000,71701,7,2,4,3,6,2,5,10,6,2,1,Female,Tier 3,Store
40,131743,7.9,4,3.0,7,5,17,9,48464,34993,3,6,4,1,4,3,3,6,4,7,9,Female,Tier 1,Hybrid
38,183582,10.2,7,5.1,7,7,22,8,97495,32121,9,4,2,4,6,6,9,9,3,10,6,Other,Tier 1,Store
31,105767,10.0,5,4.5,3,10,45,5,120948,58784,4,4,3,7,7,5,7,2,7,6,4,Female,Tier 2,Hybrid
42,80140,9.8,6,4.1,4,8,36,5,108451,27715,5,5,5,4,9,7,10,7,4,7,5,Male,Tier 3,Hybrid
50,101156,6.0,6,2.9,3,7,25,11,50899,82902,8,6,3,5,6,5,7,5,7,8,4,Male,Tier 2,Store
30,243654,12.0,6,6.0,6,10,49,8,150000,71171,9,7,2,6,7,10,9,5,4,10,7,Male,Tier 1,Online
56,15000,8.0,8,3.4,5,4,19,11,30293,43461,6,2,4,6,4,5,2,7,8,8,5,Male,Tier 3,Store
49,113536,6.0,9,3.4,8,8,8,13,43341,56044,4,2,2,9,1,5,7,6,5,3,6,Female,Tier 3,Store
56,110718,5.9,6,2.5,6,6,27,11,139281,113337,2,3,4,7,3,5,5,4,7,9,6,Female,Tier 3,Online
18,64213,8.6,4,3.9,10,10,37,6,88449,54193,7,9,7,7,7,7,8,4,2,8,9,Female,Tier 2,Hybrid
30,157083,3.6,12,2.7,7,8,9,17,44590,84441,7,8,4,6,4,3,7,8,4,5,5,Female,Tier 3,Store
39,111714,10.4,12,4.1,8,6,33,3,98103,33160,2,4,2,9,3,6,7,9,3,7,10,Female,Tier 2,Hybrid
57,136883,5.4,6,4.5,4,9,30,7,123139,89892,5,7,5,4,9,9,7,10,8,5,2,Male,Tier 1,Store
52,115027,1.8,9,0.4,2,2,0,16,73161,51982,6,0,6,3,4,7,7,10,6,7,1,Other,Tier 3,Store
32,185689,7.9,12,4.5,4,10,23,7,83623,31602,3,6,4,7,10,6,7,4,2,7,6,Female,Tier 1,Hybrid
65,80371,6.5,1,1.1,2,2,10,17,36383,91947,7,1,5,7,5,6,5,7,7,4,4,Female,Tier 2,Store
45,141696,8.7,12,3.0,3,5,8,5,31941,87531,10,2,4,6,7,3,10,4,1,10,8,Male,Tier 2,Store
37,72914,9.2,10,2.3,4,10,47,4,106899,22086,4,6,5,1,2,8,4,5,1,10,1,Male,Tier 3,Online
21,150981,8.1,4,5.0,7,7,14,9,33163,73708,3,9,2,7,6,7,9,3,3,9,4,Male,Tier 1,Hybrid
56,111508,4.6,8,1.1,3,6,22,1,145587,7697,5,1,1,5,9,4,3,4,8,10,2,Female,Tier 1,Store
28,156521,10.3,10,4.0,5,10,37,3,99976,44281,6,6,3,7,7,2,7,3,4,5,10,Female,Tier 3,Online
44,71522,10.2,7,2.3,8,9,36,4,123931,71193,6,2,6,7,5,4,9,5,6,8,7,Male,Tier 3,Online
72,26687,3.7,1,1.7,8,5,1,4,2386,16180,10,2,1,8,7,4,10,7,5,7,8,Female,Tier 2,Store
25,42857,11.0,8,6.0,7,9,32,9,900,68476,8,7,6,4,5,4,7,4,2,9,4,Female,Tier 3,Hybrid
38,148837,8.3,14,4.1,3,10,40,3,114849,34287,3,8,3,7,10,7,9,8,7,10,7,Other,Tier 2,Hybrid
51,119106,8.6,12,1.7,5,7,41,4,133718,74228,9,8,4,7,5,4,7,6,5,4,7,Female,Tier 2,Hybrid
25,80907,7.7,13,4.9,8,8,24,10,46583,71748,8,6,4,8,6,8,6,6,4,10,9,Other,Tier 1,Store
58,162026,3.5,9,3.4,4,5,3,9,58781,81573,4,2,3,3,3,5,10,6,8,10,2,Other,Tier 1,Store
32,137598,8.9,5,2.7,8,10,49,3,150000,27977,7,3,2,4,10,4,6,2,7,6,6,Other,Tier 1,Online
57,114300,4.7,12,4.4,5,4,9,15,54002,58098,6,4,3,6,2,6,7,7,6,2,4,Female,Tier 1,Store
70,88375,4.0,1,0.9,4,3,0,9,900,29570,8,7,1,3,5,5,1,9,5,6,6,Male,Tier 2,Store
62,219088,5.9,10,1.5,4,3,0,17,92115,95713,7,1,4,3,2,6,5,7,9,7,4,Other,Tier 1,Store
66,84502,2.4,2,1.6,4,5,0,13,30547,83517,5,4,1,4,1,4,2,5,4,9,3,Other,Tier 1,Store
52,62226,6.8,3,4.7,7,6,12,13,43272,87754,6,7,5,3,6,4,3,7,6,5,9,Male,Tier 3,Store
35,229375,8.4,8,4.4,10,9,26,6,130902,86535,5,2,5,6,5,6,6,5,3,8,6,Other,Tier 2,Hybrid
34,40508,10.4,10,5.9,5,9,49,2,123722,60696,7,8,4,2,8,6,6,6,7,8,9,Female,Tier 2,Online
26,141898,10.2,9,6.0,7,10,46,5,120911,32454,7,6,3,5,6,9,8,1,8,10,7,Male,Tier 1,Online
38,24244,2.7,11,0.1,3,7,27,9,58050,50227,9,6,5,9,1,7,6,4,6,5,5,Female,Tier 2,Hybrid
18,158407,10.2,5,4.4,10,10,42,5,136551,64153,7,9,2,3,5,6,10,3,3,4,6,Female,Tier 2,Hybrid
50,79271,8.3,8,2.1,2,6,17,9,15064,64109,5,6,4,4,4,9,5,4,7,8,5,Male,Tier 2,Store
57,192477,6.0,5,3.8,5,6,1,12,37470,43535,5,0,2,8,4,5,6,9,6,3,2,Male,Tier 2,Store
70,119253,6.6,4,0.9,5,5,19,11,71939,93964,5,1,3,6,4,5,4,8,4,1,4,Female,Tier 2,Store
43,56978,7.4,3,5.4,4,6,20,5,40821,18097,8,0,4,9,4,8,10,6,5,7,9,Female,Tier 3,Hybrid
43,139795,6.9,8,3.7,6,9,29,7,94722,86606,4,8,5,7,9,3,7,3,6,6,4,Other,Tier 2,Hybrid
34,115913,9.2,14,4.8,5,8,27,6,50588,97662,6,6,4,5,8,8,10,9,2,3,7,Female,Tier 2,Store
52,137535,7.4,4,1.5,4,5,29,7,106637,51471,6,3,4,7,7,7,5,5,7,8,7,Female,Tier 3,Hybrid
18,85200,7.6,6,2.7,8,8,34,10,111987,54310,7,6,2,2,8,4,5,5,1,7,4,Other,Tier 1,Hybrid
43,166562,5.4,4,2.2,7,7,12,9,105914,94261,4,3,2,4,2,4,7,3,5,9,8,Female,Tier 2,Store
24,90684,9.2,3,6.0,6,8,49,4,90282,24772,8,5,6,6,4,8,10,3,3,8,7,Female,Tier 2,Hybrid
35,179143,8.0,9,5.0,8,10,49,8,130279,67637,6,6,3,5,1,2,8,5,2,3,8,Male,Tier 3,Online
32,164264,6.4,12,1.1,2,10,49,1,150000,36494,6,8,1,7,10,4,3,5,4,6,10,Other,Tier 2,Hybrid
64,217244,5.7,6,2.5,6,4,0,12,6863,135327,2,2,3,6,5,6,8,8,6,6,7,Male,Tier 1,Store
73,178175,1.0,11,1.9,4,1,0,19,73111,30924,6,5,3,7,3,1,3,9,10,8,2,Male,Tier 1,Store
27,90411,8.7,4,4.7,5,10,40,8,115846,52250,7,4,3,4,4,7,8,5,6,3,9,Other,Tier 2,Online
36,161397,6.9,10,3.4,5,8,21,6,30337,73539,6,3,3,5,5,8,6,4,7,5,7,Other,Tier 2,Store
18,24678,7.1,2,5.3,5,9,26,3,42425,19196,9,4,1,7,3,7,10,7,1,8,3,Male,Tier 1,Hybrid
39,231406,6.5,9,3.6,10,6,15,11,100722,92192,5,3,3,8,9,4,4,3,3,10,6,Other,Tier 3,Store
18,134493,12.0,5,5.4,4,10,49,3,150000,40693,5,5,4,4,3,5,8,6,1,2,5,Other,Tier 2,Online
25,144920,12.0,6,6.0,5,9,39,0,77555,31379,3,3,5,3,8,6,10,3,6,10,6,Female,Tier 2,Hybrid
41,49805,10.3,7,3.7,5,8,26,13,53491,500,8,7,7,8,5,3,8,9,7,7,6,Male,Tier 3,Store
53,127669,3.5,14,2.8,3,5,11,16,10109,56047,7,2,2,10,9,6,4,8,3,4,8,Male,Tier 2,Store
58,149614,6.1,7,2.3,2,6,8,8,66966,64167,7,3,4,6,7,5,7,4,7,5,3,Male,Tier 1,Store
31,95322,8.0,8,5.3,5,9,42,7,106682,85183,5,7,3,4,10,3,7,6,5,1,6,Male,Tier 2,Hybrid
52,112398,10.0,8,5.1,4,10,23,11,111817,43778,6,0,2,8,10,8,9,9,2,6,6,Other,Tier 2,Store
40,97089,9.5,7,3.4,3,10,23,11,105740,25096,9,3,5,8,10,6,10,6,5,3,6,Female,Tier 3,Hybrid
70,15000,6.0,1,1.7,7,5,12,10,63650,28788,9,2,5,4,3,6,5,10,8,10,3,Male,Tier 2,Store
34,111590,8.5,8,6.0,9,10,49,7,150000,43044,6,7,6,7,10,4,5,3,2,6,6,Male,Tier 3,Hybrid
29,127764,6.8,14,4.2,5,7,20,17,30070,39016,6,4,4,5,4,7,9,6,6,4,7,Female,Tier 2,Store
57,94325,3.1,4,1.3,5,9,12,14,43847,40139,5,6,5,8,2,6,5,3,8,8,4,Male,Tier 2,Store
18,71825,7.9,3,6.0,9,10,29,11,85709,66467,5,5,4,10,9,5,10,1,3,10,7,Female,Tier 2,Online
60,163370,8.2,10,4.8,4,9,36,4,83248,57187,5,7,4,7,8,10,7,8,3,10,3,Female,Tier 2,Hybrid
37,121337,6.2,9,4.4,4,10,34,7,85464,12339,7,5,4,6,6,5,9,7,8,5,9,Female,Tier 1,Hybrid
65,52808,6.6,6,1.3,3,5,13,11,51622,110244,10,3,3,7,4,6,4,7,3,5,5,Other,Tier 1,Store
28,85944,10.7,14,5.9,5,7,34,11,96823,107226,10,7,7,6,4,5,8,6,4,6,5,Male,Tier 3,Store
51,129514,6.8,2,3.4,9,5,30,4,114244,500,5,9,6,3,4,5,6,5,8,5,6,Female,Tier 1,Hybrid
31,60096,5.3,8,4.1,7,8,22,14,53740,71351,10,2,2,8,10,8,7,8,3,6,6,Female,Tier 3,Store
62,138099,8.8,3,3.5,7,8,35,2,118988,74762,3,7,7,5,9,9,6,10,8,5,7,Female,Tier 2,Hybrid
40,178291,6.6,8,3.3,7,8,23,5,118221,101182,6,6,2,6,9,6,9,8,6,7,6,Female,Tier 1,Hybrid
42,95732,5.9,1,4.9,6,6,4,16,75528,78336,6,5,3,3,4,6,10,8,5,6,7,Male,Tier 2,Store
55,90396,3.9,6,2.3,4,6,25,5,59916,77567,3,5,5,9,6,3,9,8,5,7,6,Other,Tier 2,Store
39,144567,6.8,14,6.0,4,10,30,8,72962,51250,7,8,5,7,4,7,8,7,5,9,7,Female,Tier 3,Hybrid
49,67434,5.7,3,3.3,9,10,29,4,89211,21870,5,6,5,5,3,3,3,8,7,4,5,Female,Tier 3,Hybrid
53,132342,8.1,8,6.0,8,10,35,5,93369,94563,5,0,3,6,7,7,9,5,8,9,8,Male,Tier 2,Online
57,188864,3.5,8,1.1,8,6,16,9,76248,60798,4,8,4,5,7,6,5,6,9,8,5,Female,Tier 1,Store
45,49054,9.4,14,5.0,6,6,36,6,107631,36542,9,6,5,6,8,5,5,10,6,7,5,Female,Tier 3,Store
46,89005,7.2,8,3.6,5,10,24,14,61861,38189,9,1,7,6,5,8,3,7,4,3,6,Male,Tier 3,Hybrid
20,74088,9.0,4,5.8,8,9,43,5,57317,11570,6,5,3,5,7,5,9,1,4,9,6,Female,Tier 1,Online
18,134409,7.7,4,5.2,6,8,28,2,100836,88648,2,1,5,3,4,5,9,2,1,9,8,Female,Tier 3,Hybrid
31,67130,6.8,8,2.6,4,6,15,7,58905,68920,4,7,2,5,6,7,6,8,6,8,10,Other,Tier 1,Hybrid
41,108685,9.1,8,4.9,4,8,29,11,64620,63647,7,7,3,3,4,5,7,7,5,8,8,Female,Tier 2,Store
37,149047,7.4,8,1.8,10,8,19,13,53719,49990,6,4,7,4,5,3,2,8,4,7,8,Female,Tier 3,Hybrid
23,120057,9.3,1,5.2,3,10,44,0,101709,16801,6,4,4,2,10,1,10,1,2,3,1,Male,Tier 2,Hybrid
51,99293,5.1,2,3.6,3,3,16,14,99776,70225,8,7,2,3,4,2,9,5,4,10,6,Other,Tier 1,Store
49,171408,6.5,6,3.9,4,7,25,11,141484,80394,5,3,2,5,7,3,9,8,5,6,3,Female,Tier 2,Store
45,15000,10.0,13,3.0,4,7,33,4,94173,8344,5,5,2,3,1,4,6,5,4,4,5,Female,Tier 2,Hybrid
18,15000,11.0,6,6.0,7,10,45,4,96868,30441,10,9,6,8,5,4,10,2,5,9,8,Female,Tier 3,Online
56,124919,8.4,13,3.3,5,7,26,15,80441,150000,4,1,4,4,9,10,9,5,4,7,3,Female,Tier 1,Store
33,113096,11.1,9,4.5,7,10,37,3,141070,49164,7,9,5,6,10,6,8,5,2,8,3,Female,Tier 1,Online
31,153986,5.0,14,5.1,4,10,38,5,125432,30417,5,6,6,6,10,6,8,2,1,5,10,Female,Tier 3,Online
60,98520,2.8,4,3.2,6,5,9,12,26286,38501,5,2,4,5,6,6,7,6,8,7,2,Male,Tier 1,Store
41,125923,5.4,11,5.9,6,10,19,2,32407,85331,8,5,5,5,4,7,8,5,3,7,7,Male,Tier 3,Hybrid
64,134816,2.7,12,2.6,2,6,28,5,72023,53955,4,6,3,4,10,4,5,7,10,4,4,Female,Tier 3,Store
36,40377,8.0,5,4.8,6,8,26,0,114109,19996,7,4,4,4,8,6,8,1,6,7,6,Female,Tier 3,Online
22,45330,10.9,2,4.9,6,9,48,4,100770,15527,7,4,5,7,5,5,8,5,4,7,4,Male,Tier 3,Online
32,101220,5.6,14,3.6,7,10,30,7,55725,40988,9,5,1,5,6,3,7,4,7,5,4,Male,Tier 2,Hybrid
27,106366,12.0,14,5.3,5,9,42,5,130274,84703,8,6,5,2,9,4,9,3,5,5,7,Female,Tier 3,Online
30,65585,7.4,8,3.1,8,10,35,9,80917,132409,5,9,5,5,10,8,10,5,7,9,5,Male,Tier 1,Online
42,142550,7.9,7,6.0,1,5,38,4,91724,70487,7,5,7,6,7,4,8,6,4,8,6,Other,Tier 3,Hybrid
64,97590,1.3,7,2.5,3,4,12,11,67265,99816,5,0,5,4,4,2,3,8,4,5,4,Other,Tier 3,Store
24,47885,7.1,5,2.9,10,10,45,2,96835,500,7,9,4,10,6,9,9,1,1,8,7,Female,Tier 3,Online
46,119614,6.9,3,4.5,5,9,28,5,150000,58083,9,7,4,6,9,7,9,4,2,10,9,Other,Tier 2,Store
25,104969,11.9,14,5.5,4,10,37,10,99540,64356,4,8,5,4,3,7,8,4,5,3,7,Female,Tier 2,Hybrid
60,192284,8.0,7,2.9,7,6,28,5,105315,101894,6,3,3,4,10,5,9,7,6,3,5,Female,Tier 1,Hybrid
70,62650,4.8,1,4.1,8,6,11,10,20804,54471,10,4,4,6,6,3,5,8,7,2,4,Other,Tier 3,Store
55,194038,5.3,6,2.5,6,10,18,15,101086,120618,4,5,2,6,8,7,4,10,9,10,2,Male,Tier 2,Store
39,15000,6.2,8,5.2,6,7,29,2,50662,10592,10,4,5,5,7,7,9,4,7,3,3,Male,Tier 2,Store
34,163528,7.0,7,6.0,5,6,23,13,43762,65198,2,4,4,2,2,4,8,6,1,10,6,Male,Tier 3,Store
31,64221,8.7,5,5.6,6,10,34,5,44483,28104,6,4,7,3,2,4,8,3,3,7,10,Female,Tier 3,Hybrid
54,215200,8.2,7,4.4,8,8,24,12,79583,63755,3,5,5,4,4,5,6,4,7,9,6,Other,Tier 2,Store
45,44026,3.0,4,2.3,2,6,7,9,76561,6438,6,1,3,6,5,3,4,5,5,7,5,Male,Tier 3,Store
57,40859,5.4,1,3.5,5,3,9,15,75895,119459,8,3,4,5,4,6,8,6,8,9,4,Female,Tier 1,Store
32,126555,9.2,14,6.0,9,6,39,3,111725,25719,4,7,3,5,5,1,7,7,6,6,7,Other,Tier 2,Online
62,211505,4.7,9,5.1,3,7,17,14,79723,150000,2,5,6,1,5,8,10,7,9,7,6,Other,Tier 1,Hybrid
45,206347,8.8,13,4.9,7,8,19,12,110916,123268,5,3,3,8,4,5,9,2,4,8,10,Female,Tier 1,Hybrid
18,89865,7.6,5,5.3,3,10,34,7,34023,64152,4,8,5,4,8,8,10,3,5,6,3,Other,Tier 2,Store
51,150229,5.9,7,2.3,3,6,19,12,40062,73195,10,3,1,6,3,6,7,6,7,9,10,Male,Tier 1,Store
27,104322,9.5,5,4.1,6,10,32,13,94415,128239,6,9,6,8,1,6,6,3,1,6,7,Male,Tier 2,Online
53,89877,6.4,3,3.4,6,6,11,14,88467,65982,2,5,5,5,7,5,6,9,7,9,7,Other,Tier 3,Store
79,15314,2.7,8,1.4,1,5,12,9,900,37910,8,4,2,5,7,5,6,8,8,8,2,Male,Tier 1,Store
36,15000,8.4,12,5.1,4,3,9,18,52974,40327,8,4,5,6,1,3,10,5,3,6,10,Female,Tier 3,Hybrid
48,114184,6.9,14,4.2,6,10,40,8,98037,74444,6,8,1,4,4,7,9,3,3,10,3,Female,Tier 2,Hybrid
18,75900,7.5,6,4.9,6,9,33,6,97480,22524,7,9,6,10,6,10,9,1,2,10,4,Other,Tier 3,Online
47,119018,5.7,7,3.5,6,10,31,7,58146,63166,8,4,5,7,5,8,5,7,7,5,10,Male,Tier 1,Hybrid
25,52209,10.3,7,5.9,7,10,30,7,59047,24834,8,8,7,7,6,7,9,7,6,10,10,Female,Tier 2,Hybrid
47,128588,11.1,6,6.0,6,10,25,0,98979,101123,6,9,4,7,5,8,10,6,3,4,9,Other,Tier 2,Hybrid
49,182931,4.4,1,4.4,2,6,23,14,44896,114242,6,4,2,10,7,10,9,8,3,10,2,Male,Tier 1,Store
34,57021,10.4,6,4.4,9,10,41,5,40550,500,7,7,3,9,4,5,8,5,5,10,8,Female,Tier 3,Hybrid
68,154512,5.5,13,0.0,1,7,19,11,114301,74099,4,4,4,4,4,9,5,3,10,7,2,Male,Tier 2,Store
41,181067,8.3,8,5.8,6,6,24,13,75139,75723,1,6,4,5,3,6,9,6,2,5,8,Male,Tier 2,Store
36,111133,8.9,14,5.4,6,9,29,13,90502,63536,3,3,6,8,4,8,7,9,6,8,4,Female,Tier 1,Store
49,138902,5.3,13,2.5,9,9,18,11,148747,75377,7,0,2,5,5,7,6,8,4,9,4,Female,Tier 2,Hybrid
62,240292,3.4,9,3.0,6,7,24,8,114494,60944,3,4,4,1,3,8,6,8,6,3,7,Other,Tier 2,Hybrid
39,162175,6.0,4,3.4,4,7,17,13,105225,139173,5,7,1,8,4,8,6,9,2,10,9,Other,Tier 2,Store
47,112940,6.6,1,3.4,8,8,22,10,96754,49155,7,7,6,2,4,6,8,4,4,10,9,Other,Tier 3,Hybrid
35,52991,9.3,5,5.5,5,10,49,3,150000,500,6,6,3,9,7,7,10,1,7,9,10,Female,Tier 2,Online
39,76681,7.0,12,2.6,5,8,31,12,74609,3516,8,6,3,7,4,9,10,9,2,5,5,Other,Tier 2,Hybrid
42,181956,7.7,5,3.5,7,7,8,9,60677,60783,6,3,5,6,4,7,3,6,4,10,2,Female,Tier 2,Hybrid
52,60855,7.0,10,4.1,4,7,23,13,83058,87750,10,1,5,9,1,6,8,3,9,8,2,Female,Tier 3,Store
65,55440,8.0,9,2.4,4,6,25,12,17633,76794,9,9,2,10,9,7,10,5,6,5,6,Male,Tier 1,Store
39,97429,5.5,14,2.5,7,10,25,9,55509,79980,7,6,4,6,7,10,8,5,3,5,7,Male,Tier 2,Hybrid
42,105816,7.2,10,4.5,4,10,29,6,91510,500,7,3,6,7,10,10,6,6,4,6,8,Female,Tier 2,Hybrid
36,71128,6.5,14,4.4,10,8,14,6,60790,27922,3,5,6,7,4,8,8,5,6,6,4,Male,Tier 2,Hybrid
68,121878,5.4,1,2.5,2,3,13,16,32490,82584,5,5,2,9,4,1,6,7,7,3,3,Male,Tier 1,Store
21,145659,8.0,2,5.7,5,7,31,8,102128,9452,8,5,4,8,4,6,9,6,5,7,2,Male,Tier 3,Hybrid
57,151529,6.1,5,0.7,3,5,11,7,110911,90786,6,2,2,4,6,6,9,6,4,6,2,Male,Tier 1,Store
51,129167,10.0,10,3.8,7,10,33,9,89063,83651,7,5,1,5,2,7,5,8,5,9,8,Male,Tier 1,Hybrid
30,114987,6.4,3,4.7,7,9,29,0,30236,50436,10,5,2,7,8,6,6,4,7,8,8,Male,Tier 2,Hybrid
29,135865,11.6,10,6.0,5,10,49,0,124034,33091,10,9,5,6,5,7,9,2,5,8,6,Female,Tier 3,Online
65,112006,7.7,2,3.0,8,4,24,16,91493,150000,6,8,5,3,9,4,6,9,8,6,3,Female,Tier 3,Hybrid
47,124899,6.0,7,3.5,6,5,13,15,30132,96828,10,4,1,6,9,7,7,7,2,4,5,Other,Tier 2,Store
33,126136,8.2,7,3.9,5,7,42,6,132981,36055,3,3,4,7,8,5,7,7,4,3,3,Other,Tier 1,Hybrid
56,212576,11.3,7,5.1,9,9,25,12,84499,104860,3,8,5,6,6,3,9,10,5,5,4,Male,Tier 3,Hybrid
66,126258,7.0,4,2.1,6,10,27,0,97204,33822,6,5,5,5,7,7,6,6,7,5,3,Other,Tier 2,Hybrid
28,98320,10.1,14,4.6,8,10,41,10,146917,64014,6,7,1,3,8,7,8,5,2,5,4,Female,Tier 3,Online
18,71335,5.6,3,3.6,7,9,36,3,117375,38399,7,5,6,6,8,4,4,4,1,5,8,Male,Tier 3,Online
45,97059,9.3,5,4.5,6,10,39,8,42636,68137,6,6,5,7,9,10,6,5,6,7,4,Male,Tier 2,Online
35,167577,7.6,6,5.1,2,5,30,4,141601,42171,3,7,4,7,7,5,10,3,4,10,10,Male,Tier 2,Hybrid
65,112325,5.1,10,2.0,7,7,34,1,105722,76322,10,4,6,6,5,5,8,4,8,8,4,Male,Tier 3,Store
58,119374,8.8,3,3.8,3,7,45,4,101626,14847,5,7,5,7,5,4,7,4,6,6,5,Male,Tier 2,Online
29,160201,11.5,5,6.0,7,10,32,10,132832,57700,6,4,3,5,6,8,10,9,2,10,6,Female,Tier 2,Hybrid
57,169938,3.7,6,1.4,5,7,10,8,106394,78502,7,5,5,3,4,5,7,7,5,9,7,Female,Tier 1,Store
19,69184,8.6,3,5.0,5,10,19,7,52318,81139,6,3,4,9,5,9,10,4,3,10,1,Female,Tier 1,Hybrid
45,104275,8.9,11,4.0,8,6,26,8,81531,1040,9,7,6,6,7,4,9,6,5,5,7,Male,Tier 3,Hybrid
41,90964,7.4,1,2.4,6,6,15,10,30831,64453,5,5,6,3,2,7,10,9,5,8,9,Other,Tier 2,Store
29,173162,8.5,14,4.6,6,8,22,11,75283,48006,8,5,3,4,8,5,10,5,3,10,8,Male,Tier 1,Store
25,150634,7.7,11,4.5,8,6,16,11,105352,78109,4,1,1,8,6,6,6,3,4,7,9,Male,Tier 1,Store
42,139100,9.3,7,2.5,5,9,27,12,900,69901,7,8,4,5,8,4,7,2,4,4,1,Male,Tier 2,Hybrid
53,77842,8.5,7,3.9,4,10,41,5,128975,19003,7,9,6,7,10,9,8,5,6,5,6,Other,Tier 3,Online
33,99574,8.5,11,5.4,7,9,25,7,25978,105123,7,8,5,10,10,2,10,5,7,9,5,Male,Tier 3,Hybrid
53,205947,4.2,6,0.6,6,6,21,9,114021,43860,7,4,4,4,5,9,7,6,4,5,1,Male,Tier 2,Hybrid
39,58129,8.6,8,4.3,5,8,33,6,73182,41600,9,8,5,7,6,5,9,6,3,7,8,Male,Tier 3,Store
37,50992,9.5,12,4.9,6,9,39,5,85862,1086,9,6,5,6,8,6,10,7,4,5,7,Other,Tier 3,Hybrid
45,145673,5.6,13,3.9,4,5,16,9,69146,106741,7,1,2,10,3,8,7,9,5,5,7,Male,Tier 2,Store
61,145145,7.0,8,1.0,7,6,19,15,102385,81113,2,6,7,7,1,5,1,7,3,6,4,Male,Tier 3,Hybrid
51,191017,6.8,9,1.6,6,10,21,18,114313,127071,5,8,2,6,2,8,6,5,6,5,9,Male,Tier 1,Hybrid
18,118599,7.9,7,6.0,6,10,46,5,109854,46002,6,9,4,4,9,7,10,1,4,8,7,Female,Tier 1,Online
35,104673,7.8,13,3.8,7,5,17,14,39212,54706,9,4,3,4,7,6,6,6,2,5,6,Male,Tier 1,Store
30,149065,6.8,14,3.1,8,9,43,8,111500,24412,9,2,5,4,10,5,7,9,4,8,1,Male,Tier 3,Hybrid
34,129113,7.3,14,4.5,7,9,41,6,54475,85105,8,7,4,3,6,7,9,6,8,7,3,Male,Tier 2,Hybrid
43,156559,5.9,9,5.6,8,6,4,12,148062,61752,2,1,4,5,2,5,9,5,5,7,8,Male,Tier 3,Store
32,44909,9.0,9,4.8,4,10,45,9,123659,500,9,7,7,4,10,1,9,6,3,7,5,Female,Tier 3,Hybrid
56,156599,5.4,1,4.0,9,9,23,10,118303,94418,9,3,3,2,5,5,10,8,8,8,7,Female,Tier 2,Hybrid
43,165595,6.5,8,2.6,7,5,3,14,29579,107095,6,5,1,5,7,8,8,5,2,10,10,Other,Tier 1,Store
63,62463,2.9,1,0.7,4,8,8,6,68215,66533,5,1,3,7,8,6,7,4,5,3,2,Female,Tier 1,Store
43,250000,11.6,4,3.1,8,9,43,11,150000,109551,3,9,3,4,6,4,3,4,4,9,4,Male,Tier 1,Hybrid
40,177956,11.7,10,5.7,7,9,44,2,100925,38938,6,3,4,5,10,10,9,1,4,10,7,Male,Tier 1,Online
75,139602,5.3,5,1.7,1,4,16,13,42315,48556,4,3,2,4,3,3,5,9,9,3,7,Male,Tier 1,Store
57,156021,6.5,8,3.2,4,4,8,12,119306,146099,5,5,4,4,1,5,2,8,6,7,8,Female,Tier 2,Store
52,179218,6.1,6,2.7,6,6,25,12,40877,40901,8,4,3,6,8,1,8,6,6,8,5,Female,Tier 1,Store
43,84535,4.4,7,4.3,1,9,16,12,25554,30662,6,8,5,8,7,5,9,8,4,10,9,Male,Tier 2,Store
62,88567,5.1,7,4.2,2,2,2,13,57402,109222,7,0,4,5,3,1,8,8,6,6,8,Female,Tier 3,Store
49,118763,5.0,12,5.0,4,5,19,13,24540,70109,6,3,5,7,1,4,6,7,2,4,8,Female,Tier 3,Store
30,128886,12.0,8,5.5,6,10,43,9,104716,101250,1,7,5,9,9,6,10,8,1,9,4,Female,Tier 1,Online
37,84554,7.6,9,5.6,4,10,32,0,66343,85191,7,7,3,7,5,6,7,4,4,7,6,Female,Tier 3,Hybrid
57,151745,5.8,7,3.4,4,4,0,17,67568,61530,4,0,4,4,3,7,5,5,7,6,2,Female,Tier 2,Store
48,120715,9.7,6,3.0,7,7,38,5,84879,86566,6,3,6,5,6,5,4,8,3,8,8,Female,Tier 2,Hybrid
48,109103,9.2,4,4.0,6,7,14,14,47169,79472,5,2,5,6,8,5,6,6,6,9,8,Male,Tier 3,Store
35,83050,6.7,9,2.9,5,8,21,19,84961,87850,4,6,1,6,7,8,10,6,5,8,3,Male,Tier 2,Hybrid
47,140886,8.9,7,4.9,8,10,28,9,128855,84001,6,5,5,8,3,9,7,5,8,10,2,Male,Tier 1,Store
36,118085,8.3,10,4.9,7,9,31,10,42196,45563,4,4,4,6,2,6,7,6,5,7,6,Male,Tier 3,Hybrid
30,122141,10.3,6,2.3,5,9,35,3,92830,32593,5,8,3,6,6,5,6,7,6,7,6,Female,Tier 2,Hybrid
36,144478,8.9,12,1.3,6,8,30,8,105361,45899,10,6,5,6,7,3,5,7,5,5,8,Female,Tier 3,Store
72,183884,7.9,7,2.1,4,8,23,15,118642,148170,7,4,5,4,5,4,4,6,5,10,2,Female,Tier 1,Hybrid
43,220484,7.8,7,4.4,5,10,33,11,120356,31194,6,4,2,3,5,6,7,6,5,7,9,Male,Tier 2,Hybrid
66,88000,6.0,2,1.2,5,3,3,15,10390,63307,7,1,4,6,4,5,7,6,9,8,2,Male,Tier 1,Store
39,95006,7.6,13,3.2,6,10,49,2,119664,26151,7,4,3,3,10,4,4,3,7,6,6,Female,Tier 1,Hybrid
18,15000,8.7,2,4.4,3,7,28,2,73683,500,4,6,3,6,8,6,8,1,2,9,2,Male,Tier 1,Online
53,203785,6.8,10,5.1,1,8,35,9,74542,79456,4,5,4,3,5,10,8,6,7,10,5,Female,Tier 1,Store
55,136292,6.1,12,1.2,3,5,21,12,43808,72189,10,4,5,1,8,5,5,9,5,6,9,Female,Tier 3,Store
54,194187,6.5,4,2.7,8,6,3,13,58806,74891,6,0,4,1,1,7,4,10,4,8,10,Female,Tier 1,Store
60,101862,6.5,9,2.9,5,7,19,7,86066,66748,7,5,4,5,6,2,10,6,6,8,10,Other,Tier 2,Store
45,127890,10.6,4,3.4,7,10,45,3,119211,33299,5,6,4,6,10,8,8,4,4,7,4,Other,Tier 1,Hybrid
67,56172,3.3,6,2.8,6,6,17,12,29028,38853,8,6,1,5,8,9,8,6,8,6,5,Other,Tier 1,Store
37,120483,9.0,6,5.1,4,10,33,10,100925,82093,3,4,2,6,9,6,9,2,4,6,4,Male,Tier 1,Hybrid
49,128476,5.2,8,2.9,4,10,17,10,71101,41387,7,2,3,8,5,4,3,7,4,5,5,Male,Tier 2,Hybrid
41,167198,7.9,5,5.2,4,8,27,4,150000,57132,5,5,5,2,8,6,8,7,6,5,4,Other,Tier 1,Store
40,67802,8.0,5,4.8,6,10,26,8,58152,115767,7,8,5,5,9,3,10,1,4,5,7,Female,Tier 2,Hybrid
71,95568,5.3,3,1.9,5,4,16,14,96169,91664,5,3,1,4,6,4,4,9,5,7,1,Male,Tier 1,Store
57,103704,5.7,7,3.3,4,7,20,7,74206,21332,5,3,6,5,7,3,3,7,3,9,2,Male,Tier 3,Hybrid
28,117650,12.0,10,4.5,7,9,49,5,149820,5703,6,5,2,7,10,9,8,7,3,8,8,Other,Tier 3,Online
47,109357,6.4,5,3.5,9,10,33,12,83759,142092,9,7,2,4,7,7,4,7,4,6,3,Other,Tier 2,Hybrid
24,104811,7.4,6,4.7,8,10,33,7,73987,31078,5,5,3,6,7,10,4,8,3,7,1,Male,Tier 1,Hybrid
44,169461,5.3,9,3.4,8,6,25,4,106940,46320,6,3,4,5,2,4,6,5,7,5,8,Male,Tier 2,Hybrid
30,15000,9.6,9,3.1,6,8,40,1,121836,8509,10,0,7,6,10,7,10,2,4,5,10,Female,Tier 3,Online
48,137015,8.2,2,4.5,5,6,26,8,96142,56256,6,5,7,6,5,5,9,7,3,10,4,Female,Tier 3,Hybrid
34,15000,8.6,14,4.0,6,6,27,11,51362,21687,7,2,4,7,3,7,8,8,9,7,4,Male,Tier 3,Store
18,86742,6.2,6,5.3,8,10,27,5,77157,81810,5,3,6,6,1,5,10,5,1,3,3,Other,Tier 3,Hybrid
51,65603,10.0,2,4.1,6,6,31,12,116196,74640,7,1,7,9,9,8,6,7,4,9,6,Male,Tier 2,Hybrid
21,121905,8.7,9,6.0,6,7,27,0,103065,43010,2,3,5,5,9,5,9,4,1,10,3,Other,Tier 3,Store
65,15000,5.7,4,2.7,6,4,17,10,39044,34742,8,8,5,9,1,6,9,6,6,10,10,Other,Tier 3,Store
41,94349,10.3,9,3.8,8,10,28,8,64154,38823,10,3,3,6,8,10,9,3,5,6,9,Male,Tier 2,Online
50,150851,4.3,1,3.0,3,5,13,8,45231,80884,6,3,3,8,8,5,6,8,10,5,7,Other,Tier 2,Store
40,175204,8.2,8,4.4,5,6,27,8,133182,48279,7,9,5,6,9,5,8,5,6,10,7,Male,Tier 3,Hybrid
34,148535,3.5,12,3.9,8,8,9,9,78255,82275,7,0,4,7,6,8,8,4,6,3,9,Female,Tier 2,Store
63,149166,3.1,2,1.3,2,5,11,19,83384,150000,2,2,7,4,5,5,5,10,7,6,1,Male,Tier 3,Store
53,162951,5.5,2,3.1,6,8,24,14,57800,94667,8,2,1,5,4,6,7,10,6,5,10,Male,Tier 1,Store
33,193666,9.2,7,4.5,5,9,39,4,79929,71769,4,6,3,2,8,6,8,4,1,8,6,Male,Tier 1,Hybrid
34,129464,9.8,7,6.0,7,10,47,15,140651,124598,7,2,3,5,7,8,10,3,3,6,10,Male,Tier 2,Online
42,68937,8.0,10,5.6,4,9,33,9,118742,58966,4,8,7,4,9,8,7,6,6,7,7,Female,Tier 3,Hybrid
58,74360,6.1,6,3.2,4,6,14,13,17769,89320,6,4,1,6,3,5,6,7,4,5,8,Female,Tier 2,Store
40,156858,9.5,8,3.9,10,10,46,0,83833,48143,4,7,5,5,8,5,4,6,7,6,9,Female,Tier 3,Online
49,48820,8.1,3,5.5,6,9,40,6,99989,56709,10,1,6,8,5,10,7,4,7,5,6,Male,Tier 3,Online
63,138593,4.5,3,3.0,4,6,9,5,114131,95038,2,6,5,5,2,6,6,6,7,7,4,Male,Tier 3,Store
44,198151,9.2,8,5.4,5,7,35,5,114285,78585,4,2,1,3,7,3,10,5,4,9,6,Female,Tier 1,Online
18,62347,8.9,6,5.3,5,9,30,11,10482,57163,5,7,6,6,8,4,9,8,1,4,1,Female,Tier 3,Hybrid
69,110369,1.9,1,1.0,5,5,3,16,72681,64088,5,6,4,4,3,6,4,7,9,7,3,Female,Tier 1,Store
40,61217,6.5,11,4.0,6,9,29,6,115769,26083,5,6,4,6,6,6,8,6,6,8,8,Female,Tier 3,Store
45,127758,11.4,5,5.3,6,10,39,1,108146,54924,5,4,4,7,9,3,5,3,7,9,7,Male,Tier 2,Hybrid
68,90823,3.4,4,1.3,5,4,12,12,30056,55784,8,1,6,9,7,2,5,9,5,9,4,Male,Tier 2,Store
49,45991,9.1,10,1.8,4,7,16,15,38880,40574,7,3,3,8,9,9,8,8,5,8,8,Male,Tier 2,Store
38,176077,8.8,10,2.5,9,5,34,5,116617,66696,4,4,3,1,4,4,6,5,6,10,5,Female,Tier 1,Online
75,114098,5.5,3,1.9,8,7,27,13,60405,63805,9,8,1,7,10,7,5,10,6,10,1,Female,Tier 1,Store
34,111669,6.4,12,5.0,8,10,28,5,74401,52947,3,9,6,6,10,7,8,4,6,9,6,Female,Tier 3,Online
60,193013,4.4,9,3.2,9,6,11,12,48806,67564,4,4,3,7,3,8,4,8,9,6,5,Female,Tier 1,Store
38,119862,9.8,11,5.1,5,10,38,2,83842,41658,6,5,7,3,7,3,5,6,5,7,8,Male,Tier 3,Hybrid
47,250000,7.3,2,3.2,4,7,26,6,101073,95319,1,2,5,4,8,6,3,4,8,7,6,Female,Tier 1,Hybrid
37,100857,7.4,6,4.0,5,6,19,11,63217,64326,7,4,5,5,7,5,8,9,6,5,4,Female,Tier 2,Store
35,121037,10.6,4,6.0,7,10,45,0,128941,16704,9,9,1,7,9,6,10,4,1,5,7,Other,Tier 2,Online
47,137150,3.9,12,4.1,10,7,25,8,113431,60828,5,9,3,4,2,5,4,9,3,4,5,Female,Tier 2,Hybrid
53,138409,11.7,6,3.4,5,10,42,5,150000,80657,5,5,3,3,6,4,10,7,9,4,6,Female,Tier 3,Hybrid
55,152155,7.3,9,1.2,9,10,29,4,46593,21215,6,6,4,3,3,5,5,6,6,8,6,Male,Tier 1,Hybrid
70,30893,3.9,8,0.2,3,1,7,9,66134,4619,9,0,5,9,6,3,1,10,6,3,4,Male,Tier 3,Store
36,93521,5.1,10,1.5,10,10,18,9,61344,45427,7,0,4,6,3,6,3,4,3,8,7,Female,Tier 1,Hybrid
53,41308,7.3,9,5.6,6,4,0,12,900,81258,6,8,2,8,1,3,10,6,4,7,7,Female,Tier 2,Store
53,92776,3.8,1,2.5,1,8,29,9,15100,9823,6,4,2,7,7,5,7,7,6,5,6,Male,Tier 1,Store
48,177502,7.0,8,3.0,8,10,44,0,119000,23388,4,8,5,9,8,3,8,6,3,6,7,Male,Tier 2,Store
41,124970,10.5,6,5.3,6,10,39,5,135492,49534,6,7,2,8,7,9,10,7,2,3,2,Female,Tier 1,Online
50,135632,2.8,7,2.4,7,7,25,10,103557,69971,5,5,7,4,5,4,6,10,4,6,7,Female,Tier 3,Store
26,139392,8.8,8,4.1,2,9,49,1,134197,1667,6,9,4,6,10,5,9,2,2,7,9,Female,Tier 3,Hybrid
62,121559,5.6,12,2.5,3,4,10,14,57033,91909,6,3,4,5,2,5,7,6,7,5,8,Female,Tier 2,Store
51,137266,9.1,7,4.1,7,10,40,8,25282,79018,2,5,1,3,5,2,8,7,3,8,3,Female,Tier 1,Online
68,158247,5.8,11,2.0,1,5,17,12,78315,75593,1,7,4,6,2,8,5,8,6,5,5,Female,Tier 3,Store
35,119530,8.0,14,6.0,4,10,39,2,131256,17508,9,9,3,4,6,6,8,3,6,10,6,Male,Tier 1,Hybrid
44,87840,4.2,8,2.2,2,8,24,12,6454,30915,7,6,3,4,10,7,5,8,7,7,9,Other,Tier 3,Store
31,101221,8.2,7,5.0,3,8,28,9,139680,53606,4,5,1,6,8,6,10,8,3,5,4,Female,Tier 1,Hybrid
35,93768,8.0,7,3.6,6,9,38,13,98872,22688,3,7,6,6,2,10,9,3,5,7,10,Female,Tier 3,Hybrid
37,108224,10.3,11,6.0,5,7,44,13,56585,64018,6,5,4,3,4,3,9,4,6,9,7,Female,Tier 3,Online
20,108390,12.0,4,4.5,5,10,45,15,74391,82076,5,9,3,6,6,9,10,8,3,10,3,Other,Tier 2,Online
37,87360,10.6,9,2.7,7,10,39,8,101810,79652,5,5,5,9,6,7,8,5,3,6,6,Female,Tier 3,Online
18,116105,8.0,3,5.1,10,9,27,9,150000,59801,6,4,6,7,8,6,8,1,3,10,2,Female,Tier 2,Online
50,112856,7.2,11,3.3,5,8,19,12,43037,30993,9,9,6,6,2,5,5,6,5,9,4,Male,Tier 3,Store
63,94157,8.1,6,4.0,9,7,31,10,29557,78702,9,2,2,4,6,4,6,10,6,4,6,Male,Tier 1,Store
40,127138,10.7,9,6.0,8,7,36,7,49181,98492,6,7,4,5,9,4,10,5,6,5,7,Other,Tier 1,Online
50,236393,4.6,3,2.6,5,7,19,8,139578,43175,5,3,1,3,8,5,10,6,8,8,6,Male,Tier 2,Store
45,136586,7.7,4,2.1,10,8,33,12,105108,80391,6,2,3,7,2,7,6,5,2,7,7,Female,Tier 2,Hybrid
76,94693,3.5,10,2.7,3,2,6,18,21122,124339,8,2,5,6,10,4,3,9,6,7,8,Other,Tier 2,Store
61,131204,6.6,5,2.5,3,7,14,13,101844,105095,7,8,3,6,9,9,3,8,4,8,5,Other,Tier 1,Store
67,154367,5.7,4,2.1,3,7,23,5,148549,68696,6,5,5,3,5,5,8,10,8,8,4,Other,Tier 3,Store
36,38934,4.8,9,4.5,8,7,20,10,3105,77246,10,2,3,5,8,6,8,7,7,6,4,Other,Tier 2,Store
40,43114,8.0,9,3.8,5,9,28,2,81715,38027,5,3,5,6,5,8,6,2,2,4,9,Male,Tier 3,Hybrid
52,145500,5.0,6,4.0,8,8,30,11,88155,60680,6,5,3,2,8,5,6,5,4,10,7,Male,Tier 2,Hybrid
63,107149,7.2,7,3.2,1,8,27,12,91572,42994,5,6,2,4,2,6,5,8,4,7,3,Female,Tier 1,Store
22,108901,10.1,4,6.0,7,9,35,6,100151,65465,8,6,2,1,5,4,10,4,1,4,6,Female,Tier 1,Online
60,113172,2.6,2,2.3,7,6,23,6,59699,56276,4,2,2,6,5,4,3,8,6,8,5,Female,Tier 1,Store
69,50519,3.5,2,1.8,4,4,6,15,28937,60978,10,5,3,6,5,6,7,7,4,5,4,Other,Tier 2,Store
31,157688,6.6,12,3.9,6,7,20,10,115827,603,7,3,4,5,8,8,10,6,4,10,9,Male,Tier 2,Store
28,23293,8.7,10,3.1,10,9,36,4,81937,61919,10,8,5,6,10,6,9,3,5,9,9,Female,Tier 3,Online
55,144364,8.8,5,3.7,2,7,27,13,101927,80689,7,6,3,6,3,7,7,8,5,1,2,Female,Tier 1,Store
64,109987,3.9,3,0.6,1,6,13,7,66026,45587,2,6,4,5,2,5,3,7,8,5,5,Other,Tier 2,Store
19,97211,12.0,2,5.7,8,10,40,8,127700,54344,5,6,4,3,10,4,7,8,1,10,5,Male,Tier 2,Hybrid
21,15000,11.3,2,4.5,6,10,38,1,61743,54442,5,7,2,9,10,8,10,3,5,6,1,Male,Tier 1,Online
67,163504,8.1,2,2.6,5,7,27,10,120286,81889,7,1,5,6,5,5,5,6,8,4,9,Male,Tier 3,Store
69,124912,6.4,8,0.0,3,8,26,4,22045,52627,8,9,2,6,5,10,4,5,7,9,5,Male,Tier 1,Hybrid
44,127104,8.2,10,4.5,8,9,23,10,121006,86903,8,3,5,5,6,9,6,6,5,8,6,Other,Tier 1,Hybrid
61,71337,3.8,5,1.8,5,6,0,11,45117,31234,10,3,2,9,3,7,6,10,6,7,5,Female,Tier 1,Store
53,167660,5.7,4,3.0,7,6,26,6,87118,77413,4,4,2,5,2,4,7,6,6,9,4,Other,Tier 1,Hybrid
67,15000,5.5,3,3.9,10,7,8,10,900,11943,10,4,3,1,4,8,7,10,8,3,4,Female,Tier 1,Hybrid
37,165765,9.9,5,5.2,6,5,21,12,63362,76234,2,7,3,2,1,3,7,8,2,8,10,Male,Tier 3,Store
52,116875,8.6,9,3.1,5,8,36,13,107445,84573,6,4,6,8,8,8,7,2,4,4,5,Male,Tier 2,Hybrid
45,101756,8.6,3,3.9,3,8,25,7,75860,106230,10,2,5,5,5,10,9,6,6,8,5,Other,Tier 3,Hybrid
25,46622,9.8,13,5.3,9,10,46,5,63288,25065,6,9,4,1,7,5,10,9,2,9,8,Male,Tier 1,Hybrid
59,54571,4.7,10,3.3,2,5,7,14,21867,49523,8,7,7,3,8,5,5,5,5,6,1,Male,Tier 3,Store
25,105167,10.4,11,3.2,6,10,40,4,85682,14724,8,8,4,2,5,10,6,5,5,5,10,Female,Tier 2,Hybrid
56,195830,7.2,6,1.9,7,6,10,11,67916,116662,7,2,6,5,6,5,7,8,4,7,3,Female,Tier 1,Store
34,97972,7.3,9,4.5,5,9,27,15,66321,10546,10,7,7,3,10,7,10,3,7,8,4,Male,Tier 3,Hybrid
44,194855,5.6,3,4.0,3,7,29,10,53199,102257,6,4,6,2,6,7,6,5,3,5,8,Female,Tier 3,Hybrid
23,102038,11.6,4,4.8,5,8,36,2,126163,40868,2,6,4,6,4,8,10,2,1,8,7,Male,Tier 1,Hybrid
56,192753,5.3,6,1.9,9,8,36,0,115951,63548,6,5,5,2,9,6,4,4,7,6,6,Other,Tier 3,Hybrid
54,189202,8.1,4,0.8,6,8,22,4,105488,77562,6,5,1,5,8,6,3,7,2,8,5,Female,Tier 1,Store
43,177863,7.3,7,4.5,5,6,31,10,83086,61660,5,7,4,8,6,4,7,7,6,9,8,Male,Tier 1,Hybrid
50,98783,4.6,12,4.2,1,4,15,11,87914,83800,2,5,7,10,8,5,7,4,6,4,8,Male,Tier 3,Store
31,114290,6.5,6,4.6,9,10,29,3,106901,55093,2,3,6,6,3,8,10,5,7,7,5,Male,Tier 2,Store
42,87959,6.9,5,3.7,9,9,22,13,63741,119892,6,1,4,2,6,10,6,8,6,10,8,Male,Tier 2,Hybrid
54,192967,6.1,4,1.8,3,8,31,14,125841,98842,4,5,4,1,4,3,4,10,4,9,9,Male,Tier 2,Store
54,204625,7.0,12,3.5,6,8,34,8,135576,67783,2,4,5,5,1,8,7,4,7,9,8,Male,Tier 1,Hybrid
38,137600,5.1,6,4.8,7,9,25,6,95036,36535,8,9,3,7,9,6,10,7,2,10,4,Male,Tier 1,Store
77,64043,4.4,3,2.5,6,8,24,13,44459,126067,7,1,7,6,6,8,5,9,10,7,1,Other,Tier 2,Hybrid
51,38725,6.2,11,4.2,2,5,21,11,47078,49160,6,9,4,4,5,6,7,5,5,9,7,Male,Tier 3,Store
43,195234,8.0,12,4.1,6,8,39,6,133141,46787,4,3,6,6,4,6,9,6,3,8,4,Female,Tier 1,Hybrid
46,111658,6.6,6,4.1,5,5,11,11,67810,36923,7,0,6,8,5,7,8,7,3,8,6,Female,Tier 3,Store
50,148027,8.7,6,4.1,4,8,33,3,93583,98603,3,7,6,6,10,4,9,5,5,8,6,Other,Tier 3,Hybrid
18,84296,9.3,1,6.0,8,9,34,3,28254,57401,4,9,5,4,4,8,10,3,4,8,9,Male,Tier 3,Online
25,15000,11.9,8,4.0,3,10,37,6,100862,500,9,8,6,7,8,3,6,5,2,2,9,Female,Tier 3,Hybrid
57,167838,6.6,3,4.5,9,8,26,12,109631,49600,10,3,6,9,7,6,7,4,8,4,1,Male,Tier 2,Hybrid
48,143336,6.0,10,3.0,5,5,23,11,90229,90853,8,1,4,3,2,4,6,9,2,10,4,Female,Tier 2,Store
41,155073,7.3,6,6.0,5,9,32,11,85332,118447,6,4,5,5,5,8,5,5,6,5,4,Female,Tier 2,Hybrid
47,19759,6.6,12,4.7,6,10,34,5,27798,58140,8,9,5,7,4,6,5,5,6,10,3,Male,Tier 3,Online
53,168276,7.2,5,1.8,4,4,14,4,62409,27721,5,5,4,3,4,1,5,4,4,4,4,Male,Tier 3,Store
65,213373,2.6,2,0.3,6,5,8,14,150000,82370,3,5,1,3,2,6,4,10,9,7,5,Female,Tier 1,Store
56,107658,8.7,8,4.0,3,7,34,6,150000,76394,6,3,3,5,8,5,9,8,8,9,6,Female,Tier 1,Store
24,39741,3.1,6,5.2,6,7,21,9,73221,42807,6,7,5,6,8,9,8,6,4,6,1,Female,Tier 2,Hybrid
57,117306,4.2,5,3.3,6,5,10,11,65015,52334,9,3,5,6,5,7,6,6,10,6,6,Female,Tier 3,Store
33,63550,8.7,10,6.0,4,10,25,10,40931,42936,10,5,3,4,3,4,9,3,3,10,9,Female,Tier 1,Hybrid
49,160542,4.8,9,2.9,9,8,14,7,12249,87397,5,5,2,4,4,7,8,8,4,7,4,Female,Tier 1,Hybrid
60,154326,5.1,11,3.2,4,5,16,8,92683,77684,6,2,1,8,3,2,5,4,4,5,3,Male,Tier 2,Store
46,133243,6.6,5,1.2,6,8,11,12,70461,96735,6,6,1,6,1,6,3,6,4,7,8,Other,Tier 1,Store
36,196511,7.1,7,4.2,6,10,31,8,113213,92281,5,6,3,5,2,10,5,8,4,4,10,Female,Tier 1,Hybrid
69,164085,4.9,7,1.1,2,3,11,14,91104,102224,5,2,5,4,1,1,4,9,7,7,3,Male,Tier 3,Store
43,113130,8.5,6,2.0,5,7,24,6,98530,56357,9,6,4,5,7,1,4,4,5,4,8,Female,Tier 3,Hybrid
38,58492,9.2,14,4.3,5,5,24,3,85597,32450,6,7,7,6,7,6,10,6,6,9,6,Other,Tier 3,Hybrid
41,108750,8.1,9,3.9,9,7,33,10,63105,43429,4,7,4,8,8,4,10,4,2,10,7,Other,Tier 3,Hybrid
53,167596,6.0,4,4.1,6,4,25,14,86929,118316,6,8,5,4,4,6,10,8,8,10,7,Female,Tier 2,Store
34,91215,8.8,9,5.7,7,5,16,0,74992,55019,5,3,3,3,10,3,8,4,4,10,4,Female,Tier 1,Store
18,50719,8.5,2,6.0,7,10,46,4,62154,39314,6,9,4,8,3,5,7,3,1,8,5,Other,Tier 2,Hybrid
43,156422,11.1,10,4.2,2,6,34,2,90392,1620,3,6,2,5,5,7,8,9,3,10,5,Female,Tier 2,Hybrid
61,113811,6.0,3,3.9,6,5,13,9,97162,85671,5,4,4,5,8,10,7,8,2,5,4,Female,Tier 1,Store
56,126535,5.4,5,0.6,2,2,2,10,45894,52000,4,5,6,7,1,2,4,5,3,2,2,Male,Tier 3,Store
60,70264,7.4,5,2.2,8,9,28,14,103967,64215,6,8,6,5,7,8,3,7,7,5,6,Male,Tier 3,Online
22,171208,9.2,6,5.7,8,10,18,8,89950,99805,7,4,5,8,10,5,8,5,2,6,3,Female,Tier 1,Store
63,83835,2.4,6,3.0,4,6,27,5,40731,44080,6,2,5,9,8,3,8,4,6,7,7,Male,Tier 3,Store
49,84716,6.9,6,3.2,5,5,27,14,71610,104457,7,9,3,4,7,4,5,8,5,10,9,Male,Tier 3,Hybrid
79,15000,4.2,11,0.8,1,2,12,4,900,500,10,3,7,6,4,4,3,6,6,7,4,Female,Tier 3,Store
52,69347,7.7,3,5.8,7,8,28,9,91826,81769,6,6,4,7,3,7,9,5,2,10,7,Female,Tier 2,Store
55,139721,5.1,5,3.3,6,7,9,12,126927,55175,2,4,2,7,6,6,7,6,7,8,6,Male,Tier 1,Store
46,141337,5.9,5,5.3,5,6,28,5,78112,86783,1,2,4,2,4,4,8,6,7,4,4,Other,Tier 2,Store
25,56870,10.0,10,5.0,3,8,34,9,76255,94889,9,8,5,7,10,6,9,6,1,8,1,Female,Tier 3,Hybrid
18,34183,6.3,5,3.3,4,5,1,14,29013,86240,6,5,1,8,1,5,5,1,3,9,4,Female,Tier 1,Store
51,148657,4.3,4,2.5,9,10,21,8,114260,68833,6,6,6,4,1,7,6,6,5,8,8,Male,Tier 2,Hybrid
33,142820,8.4,14,5.9,8,10,21,11,126251,69446,9,9,3,6,5,5,10,7,2,6,1,Male,Tier 2,Hybrid
69,87541,2.7,2,2.1,3,7,16,12,60752,46625,2,6,6,5,3,9,5,8,8,5,7,Male,Tier 3,Store
64,155750,5.3,1,3.5,8,9,20,9,67654,44624,7,0,5,9,2,6,4,8,6,5,5,Female,Tier 2,Store
36,55413,6.1,11,3.1,10,8,30,4,16121,57042,7,7,1,6,4,7,10,5,4,8,10,Other,Tier 1,Hybrid
66,176671,2.8,6,1.9,1,3,0,17,73440,118412,5,0,6,6,5,6,6,8,8,7,4,Male,Tier 1,Store
42,154288,7.5,10,5.4,4,7,23,10,55948,97586,9,3,5,10,6,6,6,7,2,7,5,Other,Tier 2,Hybrid
62,20821,7.8,7,1.7,5,9,21,12,35050,79380,6,4,6,3,6,4,4,9,4,6,3,Male,Tier 2,Online
25,144401,12.0,7,5.1,5,9,46,1,108827,108045,8,9,4,3,4,5,7,2,7,10,6,Other,Tier 2,Online
58,99853,8.1,6,4.0,7,9,33,3,107416,23306,6,6,3,8,8,7,10,7,6,5,7,Female,Tier 1,Online
36,213674,7.6,10,6.0,8,10,29,0,101686,64897,5,4,3,4,5,6,10,6,1,7,7,Other,Tier 1,Hybrid
52,165033,7.1,8,1.8,7,10,40,3,103882,29753,5,8,7,9,10,7,9,6,5,4,7,Male,Tier 2,Hybrid
28,111936,9.1,11,5.1,1,8,35,9,121308,101497,5,4,5,5,8,6,8,7,3,9,5,Male,Tier 2,Store
33,126974,6.7,8,3.5,6,9,49,5,92087,84909,5,8,4,4,7,7,8,3,6,5,6,Other,Tier 3,Online
47,92443,7.8,10,3.7,6,10,42,3,115712,15720,7,7,4,7,9,4,9,4,8,3,6,Female,Tier 2,Online
59,152249,8.7,11,3.0,4,9,42,4,142178,79416,7,6,2,8,5,4,9,4,6,4,2,Female,Tier 1,Hybrid
28,159782,10.7,7,4.8,5,10,40,17,106918,95611,5,9,4,9,10,3,10,6,4,9,8,Male,Tier 2,Hybrid
61,117909,5.9,2,0.7,4,7,16,7,127869,26034,6,2,3,5,3,2,6,8,8,6,6,Female,Tier 2,Store
36,92152,7.9,7,3.6,8,9,29,10,34753,50833,8,9,1,5,5,8,7,7,4,7,10,Female,Tier 2,Hybrid
31,90551,10.8,9,4.6,6,9,49,0,136698,39075,7,3,5,8,10,5,10,3,6,10,10,Other,Tier 2,Online
35,132287,8.4,13,3.6,9,10,28,13,38527,112650,5,8,1,4,8,6,5,8,4,10,6,Male,Tier 1,Store
51,75380,7.8,3,2.4,4,7,27,10,93678,79945,10,9,5,5,7,5,9,7,4,10,4,Female,Tier 2,Store
44,188184,5.2,12,2.9,6,8,14,11,93098,36612,8,4,5,4,5,5,8,6,7,10,10,Other,Tier 2,Store
47,150852,8.0,8,2.8,8,8,33,10,140774,41122,3,7,6,4,10,8,6,4,5,6,4,Male,Tier 3,Hybrid
37,151280,9.1,5,5.0,4,9,34,0,124756,64744,8,7,4,1,7,7,7,6,5,9,1,Female,Tier 1,Hybrid
39,182638,9.1,14,5.6,4,4,26,3,65562,25919,5,9,5,3,4,3,8,2,7,5,4,Female,Tier 2,Store
79,15000,5.4,5,1.2,3,5,29,6,39164,37774,10,7,6,9,7,8,5,10,10,8,6,Male,Tier 3,Store
50,126570,9.2,5,4.9,8,10,32,9,65810,108387,6,5,1,4,5,10,9,7,9,8,6,Female,Tier 1,Hybrid
68,96821,5.5,8,1.5,6,7,21,2,76059,34424,5,3,6,3,8,7,4,5,7,9,4,Other,Tier 3,Hybrid
37,150954,5.0,14,3.0,6,9,19,15,54632,68760,3,4,3,7,8,6,5,7,6,7,8,Other,Tier 2,Store
49,54730,7.5,3,4.3,5,7,26,3,71148,500,5,0,6,5,5,6,6,7,7,8,8,Female,Tier 3,Online
72,123367,4.2,7,0.4,5,4,24,1,81393,68166,7,5,3,7,10,5,1,9,7,5,4,Other,Tier 1,Store
41,66863,8.1,10,4.4,9,8,37,0,123542,44584,4,4,3,7,10,4,9,6,3,4,9,Other,Tier 2,Online
59,122722,5.4,12,2.9,3,10,43,5,131422,3179,7,9,2,1,10,5,4,7,1,8,5,Male,Tier 1,Online
50,108269,8.2,4,3.6,4,7,40,6,139297,52123,4,5,4,5,2,8,8,7,2,4,3,Female,Tier 1,Hybrid
44,128442,8.2,10,4.9,5,4,34,0,150000,61497,10,5,4,5,6,3,7,3,5,8,10,Female,Tier 3,Store
55,103069,6.1,7,3.2,4,7,19,14,66222,101226,6,3,4,9,3,8,6,10,6,7,10,Female,Tier 3,Store
25,21622,12.0,13,4.4,7,10,34,10,125718,63172,9,3,4,8,10,4,9,2,7,5,7,Female,Tier 3,Online
34,223406,7.9,8,4.0,9,10,29,3,150000,55136,2,6,6,3,7,7,7,4,6,7,5,Female,Tier 2,Online
36,132110,12.0,9,3.4,6,9,39,15,150000,110460,6,6,6,4,7,9,10,5,2,8,10,Female,Tier 2,Hybrid
18,93615,8.1,3,5.5,10,10,37,9,104464,16988,7,5,5,6,6,7,7,4,2,7,3,Other,Tier 2,Hybrid
56,46108,9.2,7,1.5,3,7,31,13,76277,83218,8,4,7,8,8,6,6,9,4,6,4,Male,Tier 2,Hybrid
61,157204,7.5,7,2.5,7,7,20,14,70140,78559,7,3,5,5,8,5,8,5,4,5,4,Female,Tier 2,Store
69,98441,5.7,2,1.8,5,7,28,6,83396,52894,8,5,2,5,9,6,4,6,5,4,5,Male,Tier 1,Store
41,127091,7.9,14,5.0,9,10,43,7,123142,134765,3,1,5,5,7,9,10,4,7,5,9,Other,Tier 3,Hybrid
24,104166,9.7,3,6.0,9,7,20,11,52930,116778,4,5,3,4,6,6,10,5,2,5,5,Female,Tier 3,Hybrid
53,207412,7.3,12,3.9,4,6,35,10,150000,115196,5,4,3,6,9,6,7,5,8,9,6,Other,Tier 2,Hybrid
69,124181,5.2,1,1.5,6,4,20,8,44426,80920,2,7,1,7,6,6,7,10,6,10,4,Male,Tier 1,Store
47,152645,6.9,9,3.9,7,6,23,14,79179,90703,2,6,4,4,8,3,10,10,5,7,10,Other,Tier 3,Store
61,99168,6.1,9,5.6,6,3,9,10,71418,103149,6,2,7,6,1,4,10,3,4,4,6,Female,Tier 3,Store
53,138668,6.8,10,3.6,5,6,26,9,140026,104250,7,1,5,5,5,3,7,8,7,9,8,Male,Tier 2,Store
59,126465,7.3,12,4.1,6,9,28,6,146725,32409,8,5,3,5,5,6,6,6,8,10,8,Other,Tier 1,Store
49,117899,8.3,2,3.2,6,8,34,7,59294,71881,8,6,4,9,8,7,9,3,5,3,4,Other,Tier 3,Hybrid
54,85958,9.7,1,1.9,7,7,15,11,49793,92142,6,1,3,2,7,10,4,8,8,3,3,Other,Tier 3,Store
71,37755,3.7,5,1.0,3,5,24,8,98663,78929,6,5,3,7,5,3,3,7,7,4,1,Male,Tier 2,Store
35,179907,8.2,14,5.1,6,10,31,0,119534,24170,9,7,5,8,7,9,9,5,4,6,7,Male,Tier 3,Hybrid
42,200313,7.9,5,3.5,9,10,29,6,150000,95214,7,7,4,4,7,9,5,4,3,7,5,Female,Tier 1,Online
46,103664,6.8,6,3.9,10,9,37,4,139919,69501,7,5,4,5,5,4,10,8,2,9,5,Female,Tier 2,Hybrid
53,70832,6.0,10,3.8,5,4,0,18,21625,70599,6,4,3,8,2,4,5,5,10,10,7,Male,Tier 2,Store
48,104386,2.3,1,1.9,5,2,0,16,66776,98430,7,6,5,4,7,8,7,6,8,2,10,Male,Tier 3,Store
41,82850,9.7,8,5.7,6,10,41,11,80955,45454,5,4,5,10,6,5,9,4,4,3,3,Other,Tier 3,Online
55,15000,6.2,2,3.0,8,10,24,17,82978,36928,6,6,6,8,8,9,6,8,5,6,5,Other,Tier 3,Hybrid
50,110260,6.7,6,3.2,7,10,29,5,92781,81166,8,9,5,8,10,7,8,7,3,3,6,Male,Tier 1,Online
35,107506,7.8,7,5.5,5,10,38,2,75951,32020,5,3,2,7,4,8,10,3,5,9,6,Male,Tier 2,Hybrid
60,51071,3.5,8,3.1,6,7,18,9,58839,50040,10,4,5,8,3,2,2,7,4,5,9,Female,Tier 3,Hybrid
38,76024,6.7,5,1.7,4,8,23,13,80427,116307,10,4,4,8,7,5,9,9,4,8,10,Other,Tier 3,Store
58,70414,6.1,9,3.1,3,5,11,11,17941,65772,8,2,6,6,2,6,8,7,7,3,5,Male,Tier 2,Store
32,79769,8.9,4,6.0,6,8,43,0,117185,44265,8,8,4,3,9,5,10,5,5,9,5,Female,Tier 3,Hybrid
61,144046,6.8,5,2.7,1,2,14,6,58488,48904,4,5,5,7,5,1,9,6,3,8,1,Male,Tier 1,Store
56,147691,9.1,7,4.0,4,9,45,1,134057,64550,6,8,6,4,3,6,7,7,2,9,5,Female,Tier 2,Store
41,137678,8.1,6,2.8,8,8,27,11,82685,90901,5,4,6,7,6,8,6,6,2,6,7,Other,Tier 3,Store
53,185561,3.7,7,2.7,3,3,0,11,12670,133985,4,3,5,4,2,9,5,7,6,5,7,Male,Tier 1,Store
27,124674,7.3,9,4.2,7,10,43,5,78394,13849,6,7,3,3,7,5,6,3,3,8,8,Male,Tier 3,Online
47,140178,5.8,6,4.1,7,10,27,6,102595,86310,4,7,2,6,9,2,9,5,4,4,3,Other,Tier 1,Hybrid
68,101970,5.7,10,3.3,4,5,22,13,33932,116165,5,8,3,6,6,6,3,9,3,7,6,Male,Tier 2,Store
51,207752,10.0,4,4.0,8,7,31,12,102276,121096,2,9,6,3,7,6,5,8,9,3,3,Female,Tier 2,Hybrid
44,54291,7.7,1,2.8,5,10,49,4,83822,500,9,7,3,7,6,5,6,7,6,7,6,Female,Tier 2,Hybrid
35,80228,9.5,8,5.4,8,9,33,12,88580,93486,8,3,5,5,10,5,9,7,1,10,6,Other,Tier 2,Hybrid
34,163882,10.7,3,5.6,3,7,18,6,100254,86068,7,7,4,2,1,6,9,6,4,6,5,Male,Tier 3,Hybrid
35,186337,6.9,11,3.8,8,10,30,6,98769,60495,3,2,3,1,4,4,7,7,5,8,6,Male,Tier 1,Online
18,88665,8.2,6,4.2,8,10,41,4,84860,500,6,8,5,6,8,5,10,9,4,10,7,Other,Tier 3,Hybrid
56,82070,7.1,4,1.7,4,4,24,16,44946,79147,5,6,5,7,9,4,7,5,5,2,10,Other,Tier 3,Store
18,129519,9.9,1,4.1,4,9,30,16,78714,91025,8,9,2,5,5,5,9,2,3,6,6,Female,Tier 1,Store
33,133361,9.1,13,5.6,7,10,29,8,96589,67914,5,1,3,3,10,5,9,5,2,5,4,Female,Tier 3,Hybrid
79,118853,6.4,5,2.2,4,3,16,7,55278,42538,6,5,5,7,10,6,7,3,6,6,7,Female,Tier 3,Store
55,109828,5.1,8,2.0,5,5,0,16,34354,45370,5,0,3,4,1,7,6,10,6,7,6,Other,Tier 2,Store
30,99158,9.5,14,3.7,7,10,48,0,120386,40382,8,6,3,6,10,8,6,6,5,6,6,Male,Tier 2,Online
59,111813,7.3,9,3.7,5,6,14,12,35250,134422,4,6,6,8,5,6,7,8,6,8,5,Female,Tier 3,Store
20,15000,9.9,1,6.0,8,10,26,6,64115,26097,8,7,3,9,4,8,8,7,5,8,3,Male,Tier 2,Hybrid
55,177448,5.2,5,2.7,7,8,34,5,150000,85197,4,9,2,6,9,3,9,3,5,3,4,Female,Tier 1,Hybrid
54,129703,5.9,10,5.1,10,9,28,5,60005,35103,6,6,4,4,5,4,5,9,6,7,10,Male,Tier 1,Hybrid
59,99787,4.8,10,3.1,8,8,26,6,45492,79726,6,3,5,4,4,6,6,10,5,4,5,Male,Tier 3,Store
47,104128,6.7,9,3.8,8,9,34,5,135450,25962,5,3,4,8,9,4,6,3,3,4,9,Male,Tier 3,Hybrid
32,188534,9.0,6,6.0,6,7,27,5,96923,74746,4,6,3,4,1,6,10,6,5,10,8,Female,Tier 1,Hybrid
32,139699,7.5,6,4.6,5,10,38,14,150000,90051,9,6,5,7,8,6,5,6,6,4,9,Male,Tier 3,Hybrid
32,116852,6.7,10,5.1,5,6,34,6,129625,62945,8,9,7,4,4,5,10,4,4,9,7,Other,Tier 3,Store
51,115020,8.0,11,4.9,5,6,10,18,33735,131585,5,3,5,7,3,8,7,8,5,4,5,Other,Tier 2,Store
54,84236,6.3,8,1.9,2,10,37,3,900,14786,6,5,3,7,7,10,8,7,7,7,10,Other,Tier 1,Hybrid
52,80172,5.2,7,5.5,4,4,11,15,900,42596,4,3,6,9,6,5,10,4,7,5,7,Other,Tier 3,Store
34,175946,4.5,8,4.7,6,6,23,8,145886,42442,2,5,2,4,6,8,10,3,6,7,6,Male,Tier 1,Store
55,168621,7.0,4,2.0,5,5,14,14,105718,80804,6,7,1,6,5,3,3,7,7,10,10,Female,Tier 2,Store
49,76487,9.2,11,5.9,4,10,35,7,106446,13776,4,7,3,6,10,7,10,5,1,10,7,Other,Tier 1,Online
52,61525,6.1,6,3.1,5,6,10,6,43223,33802,7,6,5,7,5,6,9,6,7,5,4,Other,Tier 3,Store
56,128401,6.0,4,3.9,5,8,26,9,92870,67896,4,7,5,7,4,7,7,7,6,10,4,Male,Tier 2,Store
37,176688,7.5,13,6.0,9,7,22,4,55456,60830,2,6,4,7,6,6,9,4,7,8,7,Male,Tier 2,Hybrid
50,152973,9.6,4,4.3,7,9,45,6,78510,82560,5,7,1,6,9,9,9,8,7,9,8,Female,Tier 1,Hybrid
18,48370,9.1,3,6.0,6,9,32,8,68867,54880,8,7,4,7,5,7,8,4,1,8,1,Female,Tier 2,Store
32,201239,10.4,12,4.4,9,10,34,7,85894,117639,4,5,1,4,5,10,8,7,5,8,9,Male,Tier 1,Hybrid
32,176512,9.0,6,4.8,2,6,14,19,36962,95989,6,5,2,8,4,7,6,8,4,7,7,Female,Tier 1,Store
30,172694,7.7,13,5.4,10,10,46,10,143273,129138,7,6,2,7,9,5,9,2,8,4,4,Male,Tier 1,Online
18,146800,5.9,4,4.7,6,10,28,12,106444,103289,7,5,7,5,7,6,8,8,5,8,1,Male,Tier 3,Store
59,117869,4.5,5,4.1,3,6,15,16,68748,66279,8,0,6,6,1,4,9,9,10,7,7,Other,Tier 3,Store
46,15000,8.7,8,3.2,10,6,23,14,43750,67893,6,5,3,7,5,4,6,8,5,10,7,Female,Tier 2,Store
31,98990,9.4,8,6.0,6,9,32,1,47200,18432,8,2,2,4,6,8,7,3,3,6,7,Female,Tier 1,Online
56,149855,5.5,11,4.4,7,6,7,15,900,150000,4,5,2,5,1,10,8,7,5,5,2,Female,Tier 1,Store
37,151639,6.9,7,3.8,6,10,42,7,110986,44871,4,5,5,7,4,3,5,3,10,8,7,Male,Tier 1,Online
73,147121,5.8,1,1.5,5,6,13,6,36875,500,6,3,1,4,6,6,3,9,10,6,1,Male,Tier 1,Store
66,62755,9.6,8,4.4,4,6,40,5,87523,11465,9,1,3,5,6,5,5,4,5,6,1,Female,Tier 2,Hybrid
70,104496,5.8,8,3.6,5,6,22,4,35623,13608,7,1,4,6,4,4,6,9,7,9,3,Male,Tier 2,Store
49,118271,7.7,14,4.5,6,7,22,9,59240,36548,6,3,4,8,2,7,10,10,4,6,8,Male,Tier 2,Hybrid
52,143370,6.5,1,2.0,5,8,31,11,132064,148205,5,9,6,4,4,6,5,5,5,8,6,Male,Tier 2,Store
51,152754,7.6,11,4.4,4,7,27,7,120800,38067,5,2,2,3,4,3,8,10,4,6,7,Female,Tier 2,Store
32,101720,7.9,12,1.4,6,10,27,6,114222,27858,4,6,4,7,10,9,8,7,3,6,8,Female,Tier 1,Hybrid
49,133063,6.6,10,1.9,4,7,19,12,81094,62924,9,5,7,2,5,9,8,6,5,1,5,Female,Tier 1,Hybrid
32,146232,6.4,9,6.0,5,10,39,9,108909,42230,7,2,6,8,10,5,10,6,3,7,5,Male,Tier 3,Hybrid
44,185836,7.1,7,3.7,9,10,27,9,121216,103538,7,3,3,6,4,8,7,3,6,6,7,Other,Tier 1,Hybrid
53,159744,4.5,11,1.2,7,9,28,3,52117,46837,7,6,5,3,10,7,3,5,8,6,7,Male,Tier 2,Online
33,28205,9.1,10,5.1,5,7,28,10,40322,88319,6,5,7,5,7,5,5,5,2,6,8,Male,Tier 3,Store
47,92099,8.1,9,3.3,5,10,48,7,143701,26461,4,8,5,4,7,6,6,3,6,10,6,Female,Tier 2,Online
69,88185,5.7,6,2.4,7,5,22,3,21172,7270,8,2,3,6,7,9,7,8,6,6,4,Male,Tier 1,Store
58,163856,5.9,11,2.0,4,8,15,16,77673,107854,8,9,2,5,9,4,9,7,7,3,6,Male,Tier 1,Store
50,112372,8.0,11,1.4,4,5,22,11,40405,128010,10,6,5,5,6,4,4,3,7,5,4,Female,Tier 2,Store
46,74653,7.7,7,4.5,8,10,35,12,51292,5965,6,0,6,10,5,5,8,5,7,7,8,Male,Tier 3,Store
18,59196,5.7,6,6.0,6,7,32,9,95742,15032,4,9,7,10,5,3,10,8,5,9,3,Female,Tier 3,Online
18,67989,10.4,3,6.0,10,9,44,0,69606,33460,5,7,3,5,6,5,9,3,1,5,7,Female,Tier 2,Online
67,41457,6.5,6,3.8,6,8,29,8,39086,67830,9,3,5,4,7,7,10,10,5,6,1,Female,Tier 2,Store
58,37811,6.2,9,3.8,4,5,16,16,50374,46510,6,3,7,10,2,8,6,9,6,6,4,Other,Tier 3,Store
59,208836,4.4,7,2.5,4,5,6,18,111777,95182,7,1,4,6,4,4,7,9,5,6,3,Other,Tier 2,Store
24,80920,11.6,6,5.0,8,10,34,0,62277,20584,10,7,5,4,3,6,8,5,4,9,1,Male,Tier 3,Online
54,67290,9.9,10,6.0,3,5,29,12,66189,57905,7,5,4,7,7,6,10,6,8,7,8,Male,Tier 2,Store
52,167238,4.9,5,2.2,4,8,14,10,100016,24465,4,4,5,2,3,7,7,6,3,7,7,Male,Tier 3,Hybrid
45,137056,11.0,5,5.4,5,8,32,11,110936,69873,8,7,4,4,6,3,8,9,4,4,3,Female,Tier 1,Hybrid
45,220790,6.2,7,2.6,5,8,11,9,95193,86565,4,6,2,2,1,10,7,7,6,5,6,Male,Tier 3,Store
39,89390,10.7,9,3.6,5,10,40,3,89532,500,9,4,2,8,5,9,5,10,8,9,9,Male,Tier 1,Store
33,48529,8.6,7,6.0,7,7,10,10,10043,14421,7,2,3,8,9,6,8,3,7,8,7,Male,Tier 2,Store
46,118231,9.7,8,3.5,4,10,34,3,99859,110106,3,7,3,6,7,5,8,4,8,7,7,Other,Tier 1,Online
37,133965,8.9,7,5.3,7,9,49,4,116004,87969,5,7,4,5,10,8,6,7,8,5,7,Male,Tier 1,Online
38,153129,7.8,11,4.5,9,7,32,15,101571,52554,5,6,2,2,5,8,9,6,9,9,6,Male,Tier 1,Hybrid
69,127523,6.6,6,2.4,7,7,17,7,76618,25993,3,5,6,6,7,5,6,9,7,10,1,Male,Tier 2,Hybrid
47,54421,4.9,7,4.5,3,2,0,14,900,89757,7,5,4,4,5,1,10,3,5,3,4,Female,Tier 3,Store
35,101267,7.5,12,4.5,9,10,45,0,41275,500,9,9,3,6,9,7,6,3,4,5,5,Other,Tier 1,Hybrid
23,53204,10.1,9,6.0,4,10,45,8,150000,84940,7,5,3,6,10,5,10,6,3,9,1,Female,Tier 3,Hybrid
40,201617,7.7,14,6.0,4,10,29,4,131007,84809,2,7,6,4,6,10,10,1,1,6,4,Female,Tier 1,Hybrid
18,53265,10.5,3,5.5,7,10,38,9,91986,37478,5,4,6,6,6,6,9,2,5,5,1,Female,Tier 3,Online
78,52136,8.3,8,4.0,3,6,29,5,900,29460,4,7,3,6,3,6,6,10,10,10,4,Male,Tier 2,Hybrid
65,142988,5.9,10,3.1,1,3,17,0,83944,108247,8,4,3,5,5,2,9,10,6,8,5,Female,Tier 3,Store
60,114698,5.6,4,1.7,5,6,26,2,131198,40060,9,6,6,5,4,4,5,9,4,10,1,Female,Tier 3,Store
36,160906,10.3,5,6.0,10,9,36,2,150000,97996,4,5,3,6,5,7,10,4,1,5,6,Female,Tier 1,Online
22,121670,10.4,2,5.7,7,7,20,15,42533,96885,6,2,4,2,5,4,10,3,1,9,5,Male,Tier 3,Hybrid
52,155304,8.2,8,5.4,6,10,41,14,150000,122873,4,5,5,8,5,5,10,7,3,8,9,Male,Tier 1,Online
64,166401,5.1,7,2.1,2,5,9,13,68662,70812,2,7,1,5,5,3,6,6,4,7,4,Male,Tier 1,Store
54,74034,8.8,6,2.6,4,10,37,7,96908,35851,5,8,6,6,9,6,4,8,5,10,7,Female,Tier 3,Hybrid
52,156788,7.5,6,3.3,3,7,23,6,79097,70628,4,6,2,7,7,6,8,6,5,8,5,Female,Tier 1,Hybrid
54,124031,6.4,10,3.4,7,10,35,6,88042,63822,5,5,3,5,4,9,7,10,9,4,8,Male,Tier 2,Hybrid
79,106114,5.4,3,1.6,4,6,29,5,41308,66603,10,5,3,8,5,6,2,6,7,2,4,Male,Tier 1,Store
18,93461,10.2,4,3.6,1,10,38,14,58713,79202,5,7,4,6,9,6,8,7,1,9,1,Female,Tier 3,Store
58,139470,4.8,3,3.7,5,6,16,13,69848,37231,7,0,6,6,1,4,7,8,3,8,5,Other,Tier 3,Store
31,133241,6.6,7,4.7,7,9,13,13,65223,54141,4,4,4,5,2,3,8,3,5,10,8,Female,Tier 2,Hybrid
39,126761,9.1,10,4.9,10,10,39,1,128463,26407,7,6,4,3,7,4,10,6,4,3,5,Other,Tier 1,Online
52,52012,5.1,7,5.9,6,8,23,6,18374,33775,9,3,4,7,9,4,7,7,8,7,4,Female,Tier 3,Store
64,75598,6.5,1,4.3,3,3,15,9,90907,74323,6,3,7,5,4,3,4,10,7,7,1,Male,Tier 3,Store
27,55775,9.4,7,4.9,7,10,38,8,109707,44953,5,7,4,7,8,6,8,5,2,8,9,Male,Tier 3,Hybrid
62,136447,7.2,8,0.0,3,8,19,11,90653,109975,10,3,6,5,5,6,2,10,3,5,1,Male,Tier 3,Store
42,190242,7.6,7,4.5,7,10,41,6,110102,58533,8,9,5,5,10,8,5,5,4,6,2,Female,Tier 1,Hybrid
46,160612,8.7,14,4.6,4,6,24,7,150000,27968,5,5,6,6,6,7,8,8,7,9,2,Female,Tier 2,Store
30,112679,8.9,8,3.8,9,10,36,1,99859,67604,8,6,2,7,8,6,4,1,2,3,8,Female,Tier 2,Hybrid
48,150427,5.5,10,6.0,8,7,22,7,65917,96103,4,8,5,6,7,8,7,6,6,6,8,Female,Tier 1,Store
23,53832,8.1,5,5.6,4,5,26,6,13475,500,9,6,6,9,4,4,6,5,2,10,6,Female,Tier 2,Store
29,128481,8.1,5,3.9,8,8,37,2,150000,25668,9,5,5,7,10,4,5,2,3,5,8,Other,Tier 3,Online
47,63727,6.2,7,1.5,4,9,29,5,35234,46227,8,9,6,9,8,8,6,4,8,10,7,Female,Tier 3,Hybrid
53,24089,7.0,5,2.5,10,9,34,6,66416,4553,9,8,5,5,8,2,4,7,8,6,7,Male,Tier 3,Hybrid
71,98970,4.0,8,0.0,4,7,0,8,58196,26085,8,2,2,8,3,7,2,8,7,9,3,Male,Tier 1,Store
79,84508,4.7,6,2.6,4,4,20,12,10809,68790,8,5,3,9,5,5,5,8,10,7,4,Female,Tier 3,Hybrid
29,153394,8.8,12,5.3,6,7,36,8,146386,67868,6,7,4,8,4,6,10,6,1,8,3,Female,Tier 1,Store
61,61386,6.1,2,1.6,6,7,34,0,30933,500,6,4,7,7,8,7,4,6,5,4,5,Other,Tier 3,Store
52,157665,4.6,7,2.7,5,8,22,11,58668,37349,10,3,4,4,3,10,8,4,9,7,6,Male,Tier 2,Store
71,23024,7.9,4,2.7,6,6,25,10,82924,102145,9,3,5,7,4,6,7,8,7,3,3,Male,Tier 3,Hybrid
62,104109,4.8,3,3.4,5,9,27,13,15842,92573,10,0,2,8,5,10,7,8,3,7,1,Female,Tier 3,Store
36,138004,9.5,6,5.8,9,9,49,0,150000,12405,5,7,4,4,8,10,10,7,7,7,7,Other,Tier 3,Online
46,103693,10.0,12,5.3,5,8,42,6,121531,54932,5,5,1,5,2,5,8,9,6,6,5,Female,Tier 1,Hybrid
68,78928,4.4,2,1.6,5,3,10,6,900,69764,7,5,5,9,4,4,6,6,6,1,3,Other,Tier 3,Store
73,162370,2.0,8,1.6,3,6,3,14,72365,99105,6,2,1,3,5,4,4,4,8,10,4,Male,Tier 1,Store
65,158354,2.7,1,1.8,8,4,0,9,71031,95446,8,0,6,9,3,4,3,8,6,4,5,Male,Tier 3,Store
31,147733,11.4,11,4.8,4,10,49,7,150000,59545,6,7,4,7,7,7,8,4,5,8,10,Other,Tier 3,Online
60,152287,6.0,7,2.3,6,5,13,10,103908,46164,6,2,4,4,6,5,6,9,4,7,1,Other,Tier 1,Store
36,160291,9.4,6,4.9,6,9,32,10,145178,62640,2,6,5,7,5,5,8,4,6,4,5,Female,Tier 2,Store
51,130562,4.8,8,1.8,10,6,16,15,91880,90406,9,7,5,6,6,8,6,9,3,2,9,Other,Tier 2,Store
23,60694,8.0,3,3.5,6,8,45,5,71284,44197,7,7,4,9,8,4,7,5,5,7,1,Female,Tier 3,Hybrid
18,33688,9.9,3,5.3,4,7,29,4,20615,19728,8,7,3,3,6,4,10,5,6,5,1,Other,Tier 3,Store
46,163869,4.7,14,3.8,5,9,23,11,77401,31583,8,8,3,4,5,8,9,4,4,9,4,Male,Tier 2,Hybrid
39,128476,6.4,10,4.1,4,6,41,3,98496,22083,8,6,2,5,7,6,4,4,8,7,10,Male,Tier 1,Hybrid
44,116811,3.4,12,0.7,7,7,0,12,17312,10910,5,2,4,6,3,8,1,6,3,9,9,Female,Tier 1,Store
18,15000,12.0,1,4.5,9,8,38,9,98482,32055,10,6,7,4,6,5,10,3,4,6,1,Female,Tier 3,Online
49,144851,5.4,7,4.0,3,7,11,14,52958,74462,7,4,3,4,6,5,7,5,6,10,9,Other,Tier 1,Store
48,130410,7.8,12,4.3,5,7,22,1,105360,60861,7,4,4,9,5,5,7,4,4,7,10,Male,Tier 2,Hybrid
48,166512,7.2,14,2.2,7,4,17,10,20258,42507,6,4,6,4,4,7,7,7,3,8,6,Female,Tier 3,Store
33,162869,9.3,3,5.4,7,10,40,5,150000,36358,1,8,6,4,6,7,8,6,1,3,4,Male,Tier 2,Hybrid
36,99380,4.1,14,3.8,5,7,15,12,16855,60593,10,1,4,4,6,4,5,5,1,5,9,Female,Tier 2,Store
58,136079,3.6,11,3.4,4,3,0,14,50297,95042,7,6,2,2,1,4,5,7,9,9,4,Female,Tier 1,Store
41,87708,7.3,4,4.0,2,8,40,2,87266,54310,7,7,5,7,8,4,8,5,1,8,8,Female,Tier 1,Hybrid
53,116413,5.4,10,1.6,5,8,12,8,61457,101428,5,5,1,7,9,4,3,4,6,5,9,Other,Tier 1,Store
31,129611,8.0,12,4.4,3,8,9,14,59961,103185,10,4,5,5,1,6,9,7,4,10,6,Female,Tier 1,Store
68,93013,2.5,3,1.4,2,6,18,18,61375,120042,10,5,3,4,6,6,4,9,4,5,1,Female,Tier 3,Store
35,122267,7.1,11,3.5,7,10,33,3,93962,117988,8,6,7,7,6,7,7,6,8,9,3,Female,Tier 3,Hybrid
53,228892,7.4,10,5.4,7,9,22,5,147384,82102,1,5,2,6,6,8,8,8,1,7,9,Male,Tier 1,Online
34,147601,11.3,4,5.0,4,10,31,0,149261,27914,6,3,5,8,7,6,8,1,3,7,4,Other,Tier 2,Hybrid
22,50092,10.1,4,4.9,3,8,41,7,111431,52767,7,9,2,8,8,8,8,5,6,4,2,Male,Tier 3,Hybrid
43,96941,7.4,5,3.0,6,8,34,0,101744,46491,8,5,2,6,5,6,8,3,6,1,10,Female,Tier 1,Online
51,149111,6.1,7,1.5,7,8,26,14,122852,96480,3,2,3,6,5,7,5,8,7,5,5,Female,Tier 1,Store
39,155390,8.4,12,3.0,8,9,38,17,120979,150000,6,8,3,5,6,10,7,5,2,10,2,Male,Tier 1,Hybrid
53,80684,7.6,10,3.6,1,4,34,4,84370,500,7,6,6,8,4,7,6,3,7,7,10,Female,Tier 3,Store
71,47389,5.2,3,0.5,4,4,31,9,5889,28163,6,7,6,5,9,5,2,6,4,1,4,Female,Tier 2,Store
20,207840,10.6,6,5.4,6,10,35,3,98563,58364,2,4,3,3,3,9,7,3,2,10,4,Male,Tier 2,Hybrid
62,93247,1.6,3,0.0,5,5,2,7,900,22146,7,7,7,4,6,4,2,6,5,8,7,Male,Tier 2,Store
47,165526,4.2,6,4.4,6,8,32,5,89967,81545,5,2,1,7,8,8,6,5,4,8,7,Female,Tier 1,Hybrid
39,179017,6.4,13,4.6,7,10,27,2,111271,49145,5,0,3,4,5,10,9,7,4,5,4,Female,Tier 1,Hybrid
64,72747,5.3,10,1.1,4,6,7,4,61640,80356,8,2,5,6,5,3,3,7,4,9,3,Male,Tier 3,Store
38,143525,6.8,12,3.6,6,10,31,11,123430,75339,3,7,5,7,8,9,5,8,1,7,4,Female,Tier 3,Hybrid
49,127647,6.3,7,1.9,7,5,18,11,52099,48214,10,2,4,6,8,5,2,10,7,7,10,Male,Tier 2,Store
26,85544,7.9,7,4.0,6,10,34,3,86246,84879,9,8,3,5,10,4,10,5,1,6,9,Male,Tier 2,Hybrid
48,169747,8.8,4,3.3,7,10,43,10,131695,39997,5,7,4,1,7,3,7,9,6,4,7,Female,Tier 2,Online
57,124436,6.4,11,4.5,1,5,21,13,63743,94508,5,2,6,5,9,7,8,7,5,9,1,Female,Tier 3,Store
32,183135,7.4,14,5.5,5,10,48,0,131540,85314,7,5,4,4,4,10,9,5,3,4,10,Other,Tier 1,Hybrid
69,82124,5.6,1,2.0,1,6,19,7,45956,24975,7,3,6,7,2,3,2,10,4,2,2,Other,Tier 3,Store
37,173595,7.3,8,5.1,6,10,26,8,141438,500,5,8,6,3,7,6,8,6,4,8,9,Male,Tier 3,Hybrid
44,29586,6.0,6,5.7,7,9,36,2,69595,500,10,4,5,7,6,6,9,4,2,7,5,Other,Tier 2,Online
47,124414,9.8,10,5.8,4,10,35,3,104177,500,7,6,5,7,10,6,9,6,4,6,5,Other,Tier 2,Hybrid
33,174960,5.3,7,2.1,5,7,23,10,106395,73481,5,4,2,3,8,7,8,4,3,6,7,Female,Tier 1,Store
40,67191,4.2,11,0.9,5,10,13,8,3480,4027,10,5,6,8,5,8,4,7,7,9,6,Male,Tier 2,Hybrid
49,197342,6.3,9,3.8,6,5,1,14,136627,117580,5,0,3,8,3,5,8,8,6,7,7,Other,Tier 2,Store
41,203836,7.2,11,3.0,10,9,22,9,113975,43755,5,4,1,7,3,6,9,5,4,10,6,Male,Tier 1,Hybrid
21,83972,10.8,7,5.3,10,10,48,0,119410,500,6,9,3,7,5,7,10,3,4,8,4,Male,Tier 2,Online
34,88939,12.0,9,6.0,6,10,49,0,118416,69352,6,6,3,6,10,7,10,3,7,4,1,Female,Tier 1,Hybrid
49,105938,7.4,12,3.1,5,5,20,7,122977,500,8,2,2,4,4,7,6,7,4,5,5,Other,Tier 1,Store
32,183529,5.4,10,3.8,3,8,31,12,150000,140659,10,7,3,7,8,7,5,10,7,9,8,Female,Tier 3,Store
30,98097,7.7,10,2.9,8,7,30,5,72980,28845,6,9,3,9,6,8,6,4,2,8,10,Female,Tier 2,Hybrid
51,161334,2.4,9,0.5,6,7,24,4,104883,11044,5,6,4,5,10,6,3,6,9,7,10,Female,Tier 1,Store
56,49654,6.9,10,4.9,8,5,3,14,900,80500,7,2,4,8,6,2,9,3,8,6,8,Other,Tier 3,Hybrid
47,133239,4.9,8,4.4,3,8,15,13,36144,98756,5,5,2,5,3,6,10,8,5,10,6,Female,Tier 1,Store
72,153841,4.4,3,0.6,1,7,9,9,900,127747,9,7,4,5,6,3,3,10,5,5,8,Female,Tier 2,Store
36,115814,7.5,5,4.6,3,8,31,6,113578,13948,3,5,4,4,7,7,10,5,4,4,3,Female,Tier 1,Hybrid
18,83516,11.1,7,5.1,9,10,25,11,80522,26500,5,4,2,7,7,6,7,3,6,10,4,Female,Tier 1,Hybrid
69,164572,2.0,9,0.8,3,6,18,9,94074,37460,5,1,4,6,5,10,4,9,4,6,8,Other,Tier 1,Store
39,181445,6.9,12,2.8,7,8,24,14,81516,106673,7,9,5,9,5,2,4,9,6,10,8,Male,Tier 2,Store
32,132588,11.2,7,3.4,9,10,49,4,136728,7570,7,7,3,5,9,7,6,3,1,4,5,Other,Tier 1,Online
30,48689,8.1,14,5.4,7,7,23,9,41054,500,5,7,5,6,3,6,9,6,4,4,5,Female,Tier 3,Store
73,91522,2.2,2,2.3,6,4,8,10,32927,73912,4,0,3,4,5,5,2,6,7,4,7,Female,Tier 1,Store
46,151932,5.3,5,5.0,5,7,15,17,61845,114924,7,0,3,4,2,2,8,8,6,4,4,Male,Tier 2,Hybrid
26,138925,10.6,8,5.6,7,7,33,13,102955,53743,4,1,3,4,2,4,7,4,4,10,9,Other,Tier 2,Hybrid
25,102071,11.4,11,3.4,4,10,37,10,134708,42439,10,5,3,7,10,3,8,6,7,6,8,Other,Tier 1,Hybrid
31,127060,8.6,6,5.2,10,10,37,5,138183,77284,10,8,2,1,8,10,9,5,6,6,4,Female,Tier 2,Hybrid
54,214538,3.4,9,3.4,3,8,26,6,86673,116728,3,5,2,2,8,9,5,6,4,2,7,Male,Tier 2,Hybrid
65,66593,9.1,1,1.5,4,8,30,5,83569,63355,4,7,5,1,8,2,7,7,6,5,4,Female,Tier 3,Store
40,71945,9.3,5,4.5,8,10,36,6,149559,99337,9,6,4,3,2,9,8,5,6,8,8,Female,Tier 3,Hybrid
37,105462,5.4,14,5.3,3,9,25,3,72418,43921,9,2,5,7,8,4,9,9,3,8,7,Male,Tier 2,Store
49,180568,8.7,11,2.4,3,7,25,10,111867,74691,6,5,5,2,7,7,5,6,7,9,6,Female,Tier 3,Hybrid
19,82882,12.0,6,6.0,5,10,43,4,72829,51191,6,7,4,5,10,5,10,6,1,7,6,Female,Tier 3,Online
73,101940,5.3,5,5.1,4,6,13,5,39299,500,6,0,2,7,6,4,8,6,7,5,5,Female,Tier 3,Store
49,143243,4.2,7,3.7,4,4,8,9,54491,75656,7,3,5,7,5,3,8,9,2,7,7,Female,Tier 2,Store
33,126456,9.4,14,6.0,5,7,21,7,114315,18151,4,4,5,7,8,4,8,5,3,8,3,Female,Tier 2,Store
41,149774,7.3,7,4.5,2,7,43,2,110935,34582,5,4,5,4,6,4,5,4,4,7,3,Other,Tier 2,Hybrid
73,57166,4.0,3,0.1,6,7,18,12,58869,112826,5,5,5,7,10,6,4,8,6,4,6,Male,Tier 3,Store
79,15000,7.2,6,2.2,5,5,27,7,51455,15420,6,4,5,5,6,3,1,8,6,4,5,Female,Tier 2,Hybrid
53,85581,4.8,9,0.8,3,7,18,10,32327,29482,7,4,5,3,3,7,6,8,9,6,7,Male,Tier 3,Store
51,99568,5.0,6,4.5,4,8,16,10,900,52005,4,5,2,4,7,4,7,10,3,7,9,Female,Tier 3,Store
18,54311,6.9,3,3.8,5,9,33,0,81229,500,7,4,5,6,7,3,10,2,2,10,4,Other,Tier 1,Online
65,101528,4.6,1,1.1,2,3,12,12,26180,83722,8,6,7,6,2,2,5,6,6,7,1,Other,Tier 2,Store
41,45874,7.5,4,3.9,3,7,26,4,81520,500,7,4,3,5,9,6,8,3,4,6,5,Female,Tier 2,Online
60,98359,7.7,8,1.2,7,8,44,11,86384,32214,7,9,7,6,9,3,7,10,5,6,7,Female,Tier 3,Hybrid
25,61332,12.0,9,5.2,4,10,43,0,89593,46296,4,9,6,5,6,9,10,2,3,9,9,Other,Tier 3,Online
61,60066,8.4,9,2.9,5,7,29,10,111521,79740,6,5,4,7,4,5,4,8,5,6,5,Other,Tier 2,Store
18,73672,7.3,1,5.9,9,10,7,13,42972,70373,7,4,7,6,6,6,8,4,1,7,3,Other,Tier 2,Store
35,15000,5.8,9,3.6,7,10,29,12,31403,57087,7,9,6,4,7,7,7,4,3,7,8,Male,Tier 1,Hybrid
46,165615,3.7,3,5.2,4,4,6,10,103147,75576,8,1,6,2,1,3,7,7,5,7,4,Female,Tier 2,Store
54,201529,6.2,6,3.5,9,6,29,10,102774,34339,5,3,6,4,7,6,5,7,4,7,8,Female,Tier 2,Store
49,175840,6.2,5,2.4,7,7,18,14,24917,65939,8,6,4,6,1,7,5,8,3,8,10,Female,Tier 2,Store
48,104757,6.5,7,3.7,7,6,20,6,73760,27407,9,4,3,8,4,6,4,5,5,4,5,Female,Tier 2,Hybrid
49,214513,6.6,14,2.4,4,7,23,12,68884,110693,1,4,3,6,7,6,6,4,5,4,8,Female,Tier 1,Store
24,99447,9.5,2,4.6,9,8,31,5,62672,37854,2,5,4,5,5,4,6,6,2,10,1,Female,Tier 2,Hybrid
44,220638,6.5,8,3.5,6,10,31,2,91859,64595,3,7,2,5,2,6,6,5,2,7,10,Other,Tier 1,Online
43,34150,7.4,7,3.0,3,8,18,19,16462,94377,8,6,4,5,4,5,8,9,4,6,9,Other,Tier 3,Store
47,85149,5.5,8,1.9,7,7,21,13,96531,73510,5,6,7,9,8,6,4,10,7,6,9,Other,Tier 3,Store
77,66210,5.7,6,2.0,6,9,20,8,64288,34200,4,6,7,6,10,4,4,6,10,2,3,Other,Tier 3,Online
35,190444,8.2,12,5.2,8,8,30,0,73517,37710,3,4,4,5,8,5,8,5,7,8,7,Other,Tier 2,Store
58,96689,3.5,12,1.9,5,7,1,13,24144,500,5,3,3,6,7,6,7,8,6,8,2,Male,Tier 1,Store
47,193397,10.1,11,1.9,7,9,37,5,138532,43516,3,8,5,6,8,3,5,6,7,7,5,Female,Tier 1,Online
75,73546,3.6,3,0.3,2,3,2,14,25129,58397,7,1,1,8,1,4,1,8,7,7,2,Female,Tier 3,Store
59,46051,2.2,10,3.8,3,4,2,18,63141,129988,7,1,2,8,9,3,8,5,9,8,7,Female,Tier 2,Store
45,132944,11.1,9,5.7,6,8,49,2,88351,18918,8,9,4,7,9,4,7,3,6,8,7,Male,Tier 1,Online
30,101357,10.3,10,5.7,6,10,33,3,107069,9099,10,8,5,2,10,4,10,3,7,10,5,Female,Tier 3,Hybrid
38,116651,5.1,8,4.2,6,7,30,9,68387,58835,5,7,3,4,4,6,3,7,6,9,9,Male,Tier 1,Hybrid
49,126014,7.5,11,2.9,6,7,13,14,87012,45217,10,4,4,4,5,7,5,8,7,9,3,Male,Tier 1,Store
43,146882,6.0,5,2.6,9,7,18,8,59391,113208,4,5,2,6,6,4,8,5,8,9,6,Male,Tier 2,Store
50,102975,7.1,10,2.9,7,7,36,9,89716,42431,6,9,2,4,5,7,3,6,9,6,4,Male,Tier 2,Hybrid
56,77508,6.0,5,1.7,8,10,30,5,9660,57215,2,4,5,9,10,5,4,9,4,5,6,Female,Tier 3,Online
28,15000,5.4,8,4.6,6,10,25,10,900,29188,7,4,3,10,9,7,9,4,5,5,4,Female,Tier 3,Store
36,87448,8.2,10,2.8,8,9,28,8,91266,40804,10,8,1,5,3,7,9,5,2,8,6,Female,Tier 3,Hybrid
57,83676,4.0,7,4.1,9,10,32,6,71802,50236,9,7,7,7,6,5,4,6,7,3,5,Female,Tier 3,Online
44,180990,7.2,3,4.2,7,9,32,9,130291,64791,5,4,4,2,10,1,5,7,6,8,5,Other,Tier 3,Hybrid
34,36284,10.4,9,4.4,3,9,49,5,109518,98767,3,9,3,7,10,4,7,2,4,8,7,Male,Tier 1,Online
47,195234,7.3,4,3.1,6,9,31,6,148943,49997,1,2,3,6,3,8,4,1,6,7,5,Female,Tier 1,Online
55,185867,4.8,9,4.9,1,5,8,17,66198,147887,1,4,2,6,5,6,7,9,3,3,1,Male,Tier 1,Store
33,49524,6.7,12,4.4,5,8,37,8,121538,43734,10,8,5,8,10,6,8,5,7,8,9,Female,Tier 2,Hybrid
51,82352,9.0,7,4.1,7,7,29,15,46088,110814,6,5,6,8,7,4,9,7,6,7,8,Male,Tier 3,Store
66,101349,2.6,8,2.2,7,5,0,11,39551,98997,9,5,4,5,3,1,4,6,8,2,4,Male,Tier 2,Store
54,49775,3.9,8,2.1,7,5,11,19,900,102023,9,5,5,7,2,7,3,8,4,6,9,Other,Tier 3,Store
32,101785,8.0,11,2.9,8,10,41,10,89101,38041,5,9,2,8,10,6,10,10,3,6,9,Male,Tier 3,Online
60,163308,9.1,2,5.4,3,10,42,2,116406,39444,5,5,2,6,10,5,10,1,2,9,5,Female,Tier 2,Online
27,39297,10.1,6,6.0,7,10,41,6,71580,17817,9,9,1,6,6,3,7,5,5,2,10,Female,Tier 1,Hybrid
31,130291,6.9,12,3.6,8,8,23,10,76547,72445,9,1,4,3,7,3,8,4,1,9,8,Other,Tier 3,Hybrid
42,170878,8.6,7,4.3,7,9,28,4,110686,72613,5,7,4,2,5,5,8,6,5,4,4,Male,Tier 3,Online
46,145916,6.4,9,2.8,6,7,12,15,77068,81953,1,2,3,5,7,9,4,3,1,10,5,Male,Tier 1,Store
56,178336,6.5,1,3.7,5,8,41,1,150000,22546,7,9,3,4,6,3,4,2,3,4,6,Other,Tier 2,Online
57,148784,3.4,9,3.4,4,8,3,5,24703,34616,9,6,3,3,4,5,7,9,6,7,7,Male,Tier 3,Store
37,86983,5.3,10,4.6,5,9,8,14,75552,79523,4,3,7,6,6,6,5,6,4,7,10,Male,Tier 1,Store
43,118388,7.0,5,1.5,3,5,5,8,26157,73150,6,1,3,3,7,10,1,5,2,6,3,Other,Tier 2,Store
68,158243,2.6,5,1.5,2,3,1,6,74896,54703,6,5,5,6,4,5,4,7,5,8,4,Male,Tier 1,Store
67,74321,4.2,7,0.9,5,5,14,16,74445,132137,3,8,4,6,4,6,5,9,4,3,1,Female,Tier 1,Store
53,164362,3.1,7,0.9,3,3,11,10,55085,101531,4,0,5,4,6,5,5,9,6,8,4,Female,Tier 2,Store
21,74962,12.0,3,5.8,4,10,49,1,122212,500,8,7,4,6,7,10,9,1,3,7,3,Male,Tier 2,Online
37,48697,9.8,13,3.9,7,10,32,7,92625,61195,9,9,3,6,5,7,8,2,5,4,8,Male,Tier 2,Hybrid
50,186768,7.7,10,3.3,8,8,26,10,30934,120448,2,3,3,6,3,8,6,6,4,4,4,Male,Tier 2,Hybrid
34,182976,11.6,8,5.1,10,10,49,5,150000,68314,2,6,4,3,6,7,7,5,3,6,10,Male,Tier 2,Online
69,28739,3.3,7,0.0,5,5,9,19,7137,108794,6,2,7,5,4,7,4,8,6,9,7,Other,Tier 3,Store
73,100099,1.0,1,0.0,2,3,0,19,35717,97579,10,3,6,3,1,4,4,9,9,9,4,Other,Tier 3,Store
42,125288,7.5,5,2.7,6,8,31,5,135688,2319,9,5,4,6,4,4,3,4,4,9,9,Male,Tier 1,Store
52,67881,7.0,5,5.2,8,10,21,7,70105,45362,10,4,6,5,10,6,6,8,2,5,3,Female,Tier 3,Online
71,103115,1.2,11,2.0,1,4,4,12,20020,85023,7,1,6,4,5,1,8,5,6,6,6,Female,Tier 2,Store
44,178110,7.5,3,1.9,10,10,41,0,141458,28733,6,7,2,1,9,5,5,5,9,9,10,Female,Tier 1,Online
47,122254,9.5,11,4.4,5,10,49,0,130030,43253,4,4,6,9,3,9,6,4,2,9,9,Female,Tier 1,Hybrid
41,95233,8.0,8,4.6,8,8,28,8,124496,21733,7,6,2,5,5,8,8,7,5,5,3,Male,Tier 2,Hybrid
40,173668,8.3,8,4.4,5,7,16,9,104761,33846,5,5,1,6,3,7,8,5,4,9,9,Female,Tier 1,Hybrid
43,138664,9.0,7,3.1,6,10,37,0,109019,51845,5,9,6,7,4,6,6,1,4,7,10,Female,Tier 3,Hybrid
42,140979,8.9,3,5.7,6,9,34,6,92320,25088,2,2,6,8,6,5,9,5,9,10,8,Female,Tier 2,Hybrid
52,94853,4.4,5,3.0,2,6,11,11,64791,108925,8,5,5,6,1,2,10,6,4,10,7,Female,Tier 3,Store
27,49503,9.2,12,5.2,7,9,31,3,53991,25958,7,9,5,3,3,10,10,5,2,8,6,Male,Tier 2,Online
47,163804,7.5,11,4.1,4,7,40,10,150000,71374,5,8,4,6,7,9,9,6,2,6,8,Male,Tier 2,Hybrid
45,103735,5.0,12,4.6,7,8,15,18,900,89093,10,0,5,7,6,6,6,8,4,6,10,Female,Tier 3,Store
47,52721,10.8,7,4.3,5,7,39,4,73938,34229,6,6,7,5,3,8,5,6,7,5,7,Other,Tier 3,Hybrid
24,83145,10.4,8,5.2,2,10,39,1,42114,2087,5,9,4,8,6,4,8,4,1,9,7,Other,Tier 3,Online
62,105763,4.4,5,4.0,3,4,0,9,57505,30416,5,3,2,9,1,4,5,8,2,7,4,Female,Tier 2,Store
51,176928,9.2,8,3.9,4,6,7,13,80523,70980,6,0,4,5,5,6,4,6,7,7,4,Male,Tier 3,Store
57,36283,4.0,5,1.7,3,4,18,15,28245,66996,8,4,5,5,5,8,7,9,1,9,5,Other,Tier 2,Store
18,81034,10.1,8,4.7,8,10,42,4,88633,41146,7,5,7,8,5,6,10,4,3,8,3,Male,Tier 3,Online
18,81789,9.0,3,3.4,8,8,41,4,132400,500,6,8,5,9,6,5,9,5,2,7,5,Male,Tier 3,Online
56,71327,7.2,6,4.2,4,9,33,4,101110,26415,7,2,7,5,10,5,7,9,9,6,2,Female,Tier 3,Hybrid
18,30982,11.9,3,5.9,10,9,43,3,114036,62243,8,7,7,6,6,7,9,3,2,4,1,Other,Tier 2,Online
35,123842,9.1,13,4.1,7,9,30,9,88713,26212,5,5,2,6,8,7,6,5,3,8,9,Male,Tier 1,Hybrid
42,104923,4.2,7,3.5,4,8,27,11,130822,84092,7,6,6,4,9,4,7,6,2,7,6,Male,Tier 3,Store
62,135188,7.7,10,2.7,6,8,33,8,131859,108466,6,4,6,6,7,6,3,7,7,1,5,Male,Tier 3,Hybrid
50,174711,5.6,9,2.6,6,5,11,9,89730,97864,6,5,2,5,5,6,8,2,7,7,5,Male,Tier 3,Hybrid
45,128268,7.1,10,4.1,6,8,20,7,34064,30184,7,2,4,6,4,7,9,7,5,10,10,Other,Tier 2,Store
67,133981,6.0,5,0.9,6,6,38,0,81795,95425,6,9,6,5,6,6,1,6,4,4,3,Female,Tier 1,Hybrid
41,114809,4.7,7,1.6,4,9,38,7,150000,63540,6,6,6,3,6,6,6,3,1,9,4,Other,Tier 3,Store
35,124098,10.2,8,3.5,5,10,41,2,94053,55940,4,9,4,9,9,5,10,5,1,10,2,Male,Tier 2,Online
77,121062,2.4,5,0.0,5,5,6,14,45658,91813,7,3,1,3,3,5,3,9,6,8,4,Male,Tier 1,Store
59,199718,5.9,5,3.6,5,6,20,6,111176,85763,4,0,1,6,6,3,5,6,3,9,2,Male,Tier 1,Store
79,83254,7.5,8,3.4,2,4,15,12,124646,68628,4,1,4,6,3,3,8,8,9,5,6,Female,Tier 2,Store
43,134027,7.7,3,4.0,3,3,7,9,49548,10515,3,4,4,3,5,4,9,9,4,2,8,Male,Tier 2,Store
71,119031,4.5,3,2.1,5,8,20,7,49481,142070,4,0,7,8,3,5,4,8,8,2,3,Other,Tier 3,Store
28,150492,10.8,7,5.2,6,8,32,7,81437,61979,6,9,5,6,7,5,10,7,4,8,10,Female,Tier 3,Store
65,137433,9.1,1,5.3,4,3,16,5,65039,51397,6,4,4,7,6,2,10,3,3,10,3,Female,Tier 3,Hybrid
60,109550,6.2,8,1.8,3,5,17,8,59738,98320,8,0,4,7,8,1,7,5,10,6,7,Female,Tier 2,Hybrid
61,189601,5.4,7,2.4,6,2,10,12,65390,61467,2,2,2,1,4,1,5,8,4,8,5,Female,Tier 2,Store
41,83891,8.4,5,3.4,3,8,32,3,83301,59308,7,8,5,4,10,8,6,3,1,9,4,Other,Tier 3,Hybrid
38,139539,11.3,5,5.1,7,9,49,2,150000,71442,7,3,6,6,5,7,10,7,6,10,5,Male,Tier 2,Hybrid
42,134595,10.2,14,4.3,7,10,35,9,149990,31968,7,9,4,6,8,8,9,4,5,4,5,Male,Tier 1,Hybrid
69,111255,4.3,9,1.4,7,7,13,12,91737,96162,6,4,4,7,2,1,5,8,4,6,1,Other,Tier 2,Store
34,108176,5.8,5,3.9,5,10,37,2,85130,4234,4,8,5,8,5,7,7,5,7,4,10,Male,Tier 2,Online
30,127493,8.6,7,4.8,9,9,40,1,87750,43806,7,3,3,5,6,6,2,3,1,4,8,Male,Tier 2,Online
53,241032,4.9,14,2.8,5,9,27,12,93370,140666,7,6,2,1,6,7,3,7,3,10,5,Male,Tier 1,Store
49,136404,4.6,10,2.6,6,6,21,14,140019,70331,5,2,1,3,5,8,7,9,8,10,10,Male,Tier 1,Store
51,112575,5.3,8,2.9,3,5,17,5,111716,73361,8,3,2,5,5,8,10,5,5,10,4,Female,Tier 2,Store
37,188140,9.1,12,3.1,7,8,28,0,113563,89121,1,3,7,5,2,8,6,4,5,7,7,Male,Tier 3,Online
39,233425,7.2,12,6.0,3,8,29,12,108840,114695,5,5,5,1,6,10,7,5,3,7,8,Female,Tier 1,Store
60,111469,5.6,7,1.7,10,7,4,13,49960,83506,8,1,2,7,5,6,6,7,4,4,3,Male,Tier 1,Store
36,86388,9.0,10,5.2,5,7,27,7,85414,60483,9,8,4,6,3,1,10,8,4,6,9,Male,Tier 2,Store
18,93211,9.8,3,2.6,7,10,31,1,99256,56240,1,3,7,6,6,6,10,2,3,6,4,Female,Tier 3,Online
52,142506,3.4,5,2.7,6,6,3,15,58291,126179,8,2,3,3,3,4,7,9,8,7,6,Female,Tier 3,Store
61,113089,4.0,7,1.5,1,3,0,12,71885,46832,9,5,6,6,1,2,4,10,6,2,1,Male,Tier 3,Store
40,133208,6.7,3,2.6,6,7,28,12,96058,83668,9,8,3,5,5,6,6,7,4,9,7,Female,Tier 3,Store
45,161928,4.0,8,1.5,5,7,25,3,79773,2737,9,7,7,5,5,8,6,3,3,8,3,Female,Tier 3,Store
33,135068,6.2,9,6.0,5,9,24,16,66887,118360,4,4,3,4,7,6,8,5,5,10,8,Male,Tier 2,Store
29,82525,8.0,14,4.0,6,8,22,10,54213,81525,2,6,4,8,8,7,6,6,2,2,3,Female,Tier 3,Store
45,161530,7.7,7,3.9,5,5,24,6,113869,68919,4,7,5,7,10,4,9,3,2,7,4,Female,Tier 2,Store
45,113139,8.7,2,4.2,7,10,31,4,85629,28612,7,4,3,4,5,9,6,6,8,4,7,Male,Tier 1,Hybrid
43,131423,8.2,7,3.6,8,8,25,11,113995,83440,5,5,4,3,4,4,8,7,5,6,5,Other,Tier 2,Hybrid
42,106620,9.7,13,4.5,5,7,24,6,67823,500,8,7,5,6,2,4,7,7,5,9,2,Male,Tier 2,Hybrid
41,161550,8.8,5,3.6,8,8,27,7,89469,72528,3,3,4,6,6,2,8,5,6,8,4,Other,Tier 2,Hybrid
29,30603,5.2,4,3.4,9,9,26,6,77800,7070,4,4,5,6,10,5,8,1,5,6,9,Female,Tier 3,Online
43,187921,7.5,6,3.5,7,7,28,7,95976,51613,5,4,4,5,7,6,8,7,6,3,8,Female,Tier 2,Hybrid
32,139827,11.3,4,4.6,7,10,38,5,100448,32516,4,9,3,4,1,7,8,3,3,10,4,Female,Tier 1,Hybrid
34,95612,7.1,9,4.3,9,8,41,4,86939,35753,8,5,4,6,10,6,9,6,4,4,8,Female,Tier 2,Hybrid
62,122088,6.2,6,1.9,6,6,16,13,107727,35393,3,1,4,7,8,4,8,10,4,3,3,Female,Tier 2,Store
21,119476,10.0,7,5.7,8,10,38,3,109913,46033,8,6,2,6,7,7,10,4,1,5,3,Female,Tier 3,Hybrid
43,110798,6.8,8,4.9,4,6,26,6,22661,2876,7,6,4,7,4,8,5,9,5,5,6,Other,Tier 2,Store
31,139616,10.1,13,5.7,6,10,35,3,46295,18129,7,5,4,9,9,10,10,7,5,7,6,Male,Tier 3,Hybrid
29,153902,7.6,8,4.7,7,10,46,2,141997,500,7,7,2,6,4,4,10,2,7,10,10,Female,Tier 1,Online
79,124500,4.5,4,2.4,1,6,2,19,76825,102912,8,2,5,6,8,5,4,10,8,10,8,Male,Tier 2,Store
28,97933,8.2,10,4.5,4,10,35,14,123773,68417,5,4,4,6,10,5,7,7,3,8,9,Male,Tier 2,Hybrid
50,91641,6.1,8,2.6,3,4,14,12,25233,84125,8,2,5,8,9,7,6,8,10,6,9,Male,Tier 3,Store
23,241422,9.0,8,4.5,8,8,29,10,115980,85320,6,7,4,1,6,8,7,7,5,8,6,Female,Tier 2,Hybrid
39,121161,11.4,11,5.2,6,8,40,4,114262,34269,6,6,7,7,7,6,5,7,6,7,8,Male,Tier 2,Online
31,184062,9.1,10,2.5,6,10,30,9,108715,76800,3,7,3,6,8,5,6,6,2,10,8,Other,Tier 1,Hybrid
57,134759,5.7,4,3.9,6,8,16,7,126633,137860,3,0,1,5,3,7,10,7,8,7,2,Female,Tier 2,Store
56,138678,1.2,7,0.9,3,6,12,10,110101,150000,3,3,4,5,4,8,2,6,3,6,3,Female,Tier 2,Store
45,200902,9.8,7,4.5,5,9,40,1,78084,10863,5,8,5,1,5,5,6,5,4,5,9,Male,Tier 2,Hybrid
44,116162,7.3,10,3.5,7,7,24,6,121852,58761,6,5,2,8,6,5,6,6,8,10,6,Female,Tier 3,Hybrid
71,156727,3.5,10,2.0,5,3,6,12,39368,85069,4,0,7,6,4,2,3,5,7,8,4,Female,Tier 2,Store
45,132990,6.2,3,3.5,5,9,25,5,65257,31526,5,5,2,9,4,9,7,7,4,10,3,Female,Tier 2,Hybrid
65,138737,5.0,9,4.0,3,6,17,9,31266,59450,8,2,7,10,4,5,6,9,9,5,4,Female,Tier 3,Store
54,86074,4.9,7,1.8,5,6,25,12,60308,29892,7,5,5,2,9,6,7,9,10,8,4,Male,Tier 3,Store
26,163080,7.2,9,2.4,5,10,38,11,150000,93504,4,8,5,2,9,3,10,5,4,8,9,Female,Tier 3,Hybrid
69,112708,4.4,3,2.0,10,3,7,12,23945,74100,4,1,5,10,3,2,5,8,7,2,5,Female,Tier 2,Store
33,98323,7.4,11,4.3,6,10,32,15,73694,83498,2,3,4,7,8,5,10,7,1,5,6,Male,Tier 2,Store
32,154466,11.1,13,5.8,6,9,38,5,118976,93897,3,4,5,5,6,8,10,6,3,7,4,Female,Tier 3,Online
73,60467,6.9,7,0.1,5,7,4,16,57258,40844,5,1,1,7,6,4,1,10,5,5,4,Female,Tier 2,Store
18,79035,10.4,3,5.1,9,10,36,0,67689,44384,7,4,4,10,5,4,10,3,4,8,3,Male,Tier 3,Online
29,127810,9.8,5,6.0,10,9,37,6,134112,63548,6,4,3,5,3,6,10,8,5,8,7,Female,Tier 2,Online
50,104457,5.1,6,3.7,6,6,15,13,44810,81340,7,4,3,10,10,8,6,9,7,8,10,Female,Tier 2,Store
51,150647,10.6,5,4.5,4,10,35,5,57035,56457,4,2,3,4,10,9,8,6,3,7,6,Male,Tier 1,Online
55,103114,4.3,8,2.8,7,10,20,9,72839,85285,9,7,5,6,7,4,5,6,7,9,6,Female,Tier 1,Store
19,109097,7.7,5,6.0,9,10,49,3,150000,45874,9,3,4,7,10,8,9,5,1,5,3,Other,Tier 1,Online
43,105194,9.7,12,3.0,5,10,40,0,148566,22895,7,8,2,1,6,4,9,7,8,6,3,Male,Tier 3,Online
36,107351,9.4,11,4.5,8,8,30,11,110858,54431,9,9,4,6,8,5,8,3,3,9,8,Female,Tier 2,Online
53,178717,7.9,10,4.0,5,6,23,3,85885,81145,4,4,4,5,10,7,7,4,4,7,8,Female,Tier 1,Store
54,156974,7.9,8,4.5,4,9,27,9,138289,109153,9,4,6,4,5,1,8,4,4,5,10,Female,Tier 2,Hybrid
38,112332,8.9,12,5.4,9,8,40,2,125635,500,5,7,4,6,7,8,6,2,2,5,8,Female,Tier 1,Online
66,75217,2.5,10,1.5,7,7,12,7,12063,68556,7,7,7,7,5,6,3,8,6,8,4,Female,Tier 3,Store
53,136164,4.7,4,2.6,2,10,25,12,107995,140663,7,9,3,6,8,6,3,10,7,9,6,Female,Tier 1,Store
57,229126,5.2,4,5.3,5,8,30,15,84819,150000,2,5,6,1,4,6,10,8,6,8,5,Male,Tier 3,Store
70,78679,6.9,6,3.9,3,7,29,7,18589,50335,9,6,4,9,5,4,5,7,5,7,6,Male,Tier 3,Store
52,117258,6.5,9,3.5,5,7,26,13,70199,96992,6,0,3,10,9,2,5,10,3,6,7,Male,Tier 1,Store
30,101184,11.3,5,5.5,6,10,33,9,61854,93364,6,8,6,10,6,5,8,5,5,8,10,Female,Tier 2,Online
45,97897,7.8,3,3.8,8,7,35,12,78689,74627,4,2,1,8,5,6,10,9,2,7,8,Female,Tier 1,Store
34,149193,8.7,9,4.9,8,8,36,8,101749,77377,6,3,3,5,10,6,8,6,4,10,4,Female,Tier 1,Online
26,76946,7.4,10,2.4,7,8,32,11,65345,63604,7,4,5,7,8,7,9,5,4,1,5,Other,Tier 3,Store
49,183324,10.3,8,5.7,3,8,47,4,150000,96439,5,7,4,2,9,6,8,7,4,9,1,Other,Tier 2,Hybrid
74,127827,7.1,7,3.2,6,5,27,2,63783,22622,3,8,1,4,8,8,1,7,4,7,3,Female,Tier 1,Store
34,165033,10.6,11,6.0,7,10,49,0,150000,41447,2,6,4,7,7,5,8,5,3,8,1,Male,Tier 2,Online
44,151499,3.5,6,3.6,6,8,18,7,33661,57917,8,4,4,5,8,5,6,2,4,6,7,Male,Tier 1,Hybrid
36,127838,10.5,12,6.0,9,7,33,8,96091,78726,5,9,5,6,3,7,10,3,6,10,7,Other,Tier 2,Hybrid
20,44443,9.3,1,3.8,6,10,38,0,95612,500,7,5,4,6,8,9,10,7,2,8,6,Female,Tier 3,Hybrid
31,15000,8.3,12,4.5,6,10,43,7,128191,36506,10,9,6,10,10,7,6,4,6,10,7,Male,Tier 2,Hybrid
25,101181,10.6,12,4.6,8,9,39,0,53915,500,5,6,3,5,9,5,10,4,3,9,5,Male,Tier 2,Online
59,131057,5.3,11,1.1,4,9,46,3,77404,36603,10,7,2,6,10,6,1,3,6,7,6,Male,Tier 1,Hybrid
30,50975,7.5,7,4.1,2,10,46,7,101498,86816,6,6,5,8,8,8,10,3,1,9,8,Male,Tier 3,Hybrid
28,71984,6.9,12,6.0,7,10,34,5,84853,500,5,7,5,2,10,1,7,7,4,10,7,Female,Tier 3,Hybrid
41,130476,8.2,4,2.6,8,10,48,0,139397,102806,7,6,4,7,10,9,6,2,5,7,10,Male,Tier 2,Online
50,85998,4.5,6,0.7,5,4,8,17,61311,76362,7,4,1,9,5,5,3,7,4,6,7,Male,Tier 2,Store
47,116212,8.5,9,4.2,2,6,23,14,26726,96399,6,6,4,4,8,3,10,5,3,8,7,Female,Tier 3,Store
34,89762,10.6,13,4.7,6,5,25,8,53285,43219,6,4,3,6,10,5,8,6,5,9,8,Male,Tier 1,Store
43,122448,12.0,12,3.4,5,7,32,5,38949,63391,2,6,6,8,4,8,6,10,6,3,4,Other,Tier 3,Hybrid
43,158884,11.3,3,5.1,3,8,39,4,103819,56343,8,7,5,10,8,5,10,7,2,2,8,Male,Tier 2,Online
43,43717,5.9,6,5.1,8,10,30,12,59175,93461,7,5,5,4,7,7,8,7,3,10,7,Female,Tier 3,Store
19,83521,7.5,8,5.0,3,10,29,12,87329,126546,7,3,5,3,5,9,7,8,6,10,6,Female,Tier 2,Store
47,107603,7.9,14,3.1,10,9,36,2,84199,32500,7,6,4,7,8,7,8,10,7,6,10,Other,Tier 2,Hybrid
35,177062,8.6,9,6.0,7,8,24,6,85922,76436,5,0,4,7,10,6,9,5,6,8,9,Male,Tier 2,Hybrid
18,15000,10.2,5,6.0,5,9,49,0,58423,500,9,4,7,10,8,5,9,2,1,9,5,Female,Tier 3,Online
40,15000,8.4,10,2.8,5,5,17,13,25561,13836,9,8,3,9,7,5,9,6,6,8,7,Male,Tier 3,Store
31,114231,10.2,12,4.2,10,10,34,6,150000,8761,10,4,3,6,10,6,10,2,4,8,5,Male,Tier 2,Online
43,67943,5.5,13,5.6,8,8,21,5,23229,44271,9,5,4,9,4,4,9,6,8,6,7,Male,Tier 2,Hybrid
31,110290,9.5,14,2.3,8,10,41,7,123319,55960,4,7,1,4,2,7,5,3,5,9,8,Female,Tier 1,Online
52,202413,2.1,4,4.7,3,5,20,6,124035,118315,4,5,1,7,4,4,8,4,5,7,5,Other,Tier 1,Hybrid
18,15000,7.8,7,5.7,7,10,38,9,81333,500,6,3,5,5,6,7,10,5,2,2,6,Female,Tier 3,Online
41,124477,10.0,7,3.7,5,8,28,11,133921,109767,10,7,4,2,10,6,8,7,1,8,7,Other,Tier 1,Store
52,218666,9.8,5,3.3,7,8,36,11,150000,106574,5,7,3,4,8,8,6,6,5,5,8,Male,Tier 1,Store
45,100880,5.5,8,4.1,8,5,18,9,106127,82307,8,9,4,7,8,7,8,8,7,3,6,Female,Tier 2,Store
37,73196,8.4,7,3.2,8,10,33,16,106937,49941,8,4,5,7,10,9,7,7,3,9,6,Other,Tier 1,Hybrid
29,107181,11.7,12,5.4,7,7,47,4,82277,71584,5,5,4,5,7,4,4,5,5,7,5,Male,Tier 1,Hybrid
30,94120,9.5,6,4.2,6,10,33,7,114784,72362,6,6,4,4,6,5,8,6,3,5,8,Female,Tier 2,Store
58,165921,7.0,4,2.5,4,6,16,10,55064,98489,6,0,4,7,5,8,10,4,1,7,7,Female,Tier 3,Store
54,179543,1.8,7,1.1,3,5,24,3,107691,76914,5,2,4,4,8,5,8,2,3,9,6,Other,Tier 1,Store
43,176123,8.1,5,6.0,5,8,24,12,91278,144379,4,4,5,3,4,5,9,7,8,6,6,Male,Tier 2,Store
43,150631,8.5,12,5.0,4,7,28,10,140995,86027,5,7,2,7,7,4,8,10,3,8,3,Male,Tier 2,Store
46,157502,5.5,12,2.3,4,9,37,10,127905,74481,3,6,6,3,9,8,6,7,2,9,6,Male,Tier 3,Store
65,135837,6.3,1,1.1,4,8,5,15,31705,130365,5,3,4,7,3,7,3,4,4,7,3,Other,Tier 1,Store
33,128941,9.6,9,6.0,6,10,42,7,82950,70848,10,7,4,6,5,7,7,6,4,9,3,Male,Tier 2,Hybrid
29,70661,8.8,8,4.9,8,7,42,0,37296,500,8,9,1,8,6,3,7,3,4,5,9,Male,Tier 2,Online
60,97486,4.3,3,2.7,6,6,11,17,38701,91226,10,6,5,10,4,4,4,7,6,6,3,Male,Tier 3,Store
36,60525,9.8,13,3.8,8,10,30,8,58481,75757,7,0,4,7,3,7,10,4,5,4,10,Male,Tier 2,Hybrid
66,44966,3.4,4,2.0,2,4,1,11,17349,62569,8,0,3,10,2,4,4,7,8,8,3,Female,Tier 1,Store
37,89540,5.7,5,4.2,7,9,19,6,28407,89000,6,3,4,8,6,4,9,6,7,6,5,Female,Tier 2,Store
47,209014,7.8,8,4.0,1,8,28,11,55442,136225,2,4,3,5,10,6,6,6,7,10,7,Female,Tier 1,Store
28,79639,11.8,12,3.0,9,10,49,4,63635,23666,8,3,6,9,7,7,3,6,4,10,4,Female,Tier 1,Online
45,128833,6.2,12,3.9,5,8,24,2,115807,500,10,2,4,3,8,8,6,5,4,10,4,Male,Tier 1,Hybrid
51,173899,8.5,11,3.3,6,8,30,11,136071,124026,6,2,4,6,10,7,8,7,8,4,10,Male,Tier 1,Hybrid
56,201176,6.6,13,4.4,7,8,16,14,117788,85249,2,7,2,3,1,4,6,10,2,10,7,Male,Tier 1,Store
19,89187,12.0,1,6.0,8,10,48,3,150000,56482,7,2,7,7,4,2,9,4,4,6,4,Female,Tier 3,Online
65,165719,5.9,5,3.1,3,8,34,0,98219,20963,6,9,1,4,9,6,6,3,6,7,4,Male,Tier 2,Hybrid
46,185468,5.9,9,2.6,5,4,22,9,108919,84696,6,2,3,3,7,6,4,9,5,8,5,Female,Tier 2,Store
18,26541,12.0,6,2.7,6,10,49,9,111001,19773,10,9,5,7,8,3,10,5,1,10,4,Male,Tier 2,Online
38,166894,5.6,8,6.0,6,10,31,0,99826,25156,10,6,3,7,4,5,10,4,5,5,5,Female,Tier 1,Online
34,121321,3.9,11,4.7,7,8,24,9,108683,69344,6,4,3,9,4,3,7,6,3,6,8,Male,Tier 2,Hybrid
62,96944,7.9,3,4.9,6,9,40,10,90747,104717,4,6,3,7,1,4,8,8,7,9,5,Female,Tier 1,Store
35,118173,11.7,14,5.4,8,10,48,6,113892,45460,8,5,7,7,5,8,10,4,5,10,4,Male,Tier 2,Online
49,130640,5.5,6,1.4,4,5,28,14,89064,63619,5,8,4,6,5,1,4,8,7,8,7,Female,Tier 1,Store
43,119091,7.0,8,4.8,10,10,31,10,76298,130954,6,8,6,5,10,10,9,5,3,9,5,Male,Tier 2,Hybrid
51,111527,6.3,9,3.5,7,7,23,6,65269,27577,5,3,3,7,10,8,8,8,6,8,3,Female,Tier 1,Hybrid
46,152660,6.4,5,5.0,5,5,0,10,57795,101634,10,6,5,6,7,6,9,5,6,7,5,Female,Tier 2,Store
71,92892,5.6,11,1.4,5,4,16,11,48653,72716,5,6,5,4,7,5,4,10,8,3,1,Male,Tier 2,Store
43,19221,6.2,8,4.7,5,8,24,6,900,42569,6,4,6,7,2,7,10,6,5,9,10,Female,Tier 3,Store
36,139088,8.3,8,6.0,5,6,25,6,84297,89355,3,9,5,1,7,6,10,5,4,6,8,Female,Tier 3,Store
42,177143,6.1,7,4.7,5,8,28,14,70395,133564,5,6,1,5,8,9,8,5,5,6,8,Female,Tier 1,Hybrid
18,45789,10.1,4,6.0,8,10,44,5,76047,1580,6,9,4,1,9,7,10,1,1,6,2,Female,Tier 2,Online
67,79966,2.9,8,1.9,3,5,0,1,7304,2947,6,0,5,8,6,6,4,9,3,4,1,Male,Tier 3,Store
70,122795,3.0,6,0.0,4,3,0,12,11998,80717,6,1,6,6,5,5,4,10,6,9,3,Female,Tier 3,Store
61,37264,5.7,3,1.6,3,8,42,2,42959,500,9,2,5,7,6,5,4,8,4,10,4,Female,Tier 2,Store
41,73473,6.0,8,4.7,8,9,39,0,140356,500,4,4,3,4,10,9,5,6,4,6,1,Other,Tier 2,Online
53,153847,7.2,7,1.8,7,9,14,10,102273,121350,3,4,5,9,5,9,8,10,8,7,5,Other,Tier 2,Store
25,76410,10.5,14,6.0,6,9,29,5,34909,7146,10,3,2,8,4,7,10,6,4,7,4,Female,Tier 1,Hybrid
41,106419,9.2,3,6.0,8,10,27,2,57078,4850,8,6,7,10,10,5,9,2,6,10,8,Female,Tier 3,Online
21,40863,12.0,1,5.8,3,9,42,6,43123,20671,7,5,7,9,6,3,10,2,1,7,7,Female,Tier 3,Hybrid
41,109269,8.0,13,4.5,7,7,26,9,86177,500,9,3,6,4,4,3,9,5,6,9,5,Female,Tier 3,Store
41,131895,11.3,9,2.8,7,10,49,8,138121,24718,6,7,3,7,10,9,7,7,1,7,10,Female,Tier 2,Hybrid
46,205134,5.0,4,2.3,6,8,27,12,123313,92578,7,4,6,6,5,6,3,9,5,7,9,Other,Tier 1,Store
57,93543,4.2,3,2.3,5,6,16,13,83194,49252,8,7,2,4,2,5,9,6,7,8,5,Female,Tier 2,Store
62,88342,5.6,6,2.5,3,8,25,11,116875,49343,6,8,5,5,3,3,6,5,6,9,3,Male,Tier 3,Hybrid
44,89911,6.9,9,5.9,7,6,43,0,116987,8027,6,5,3,6,7,5,9,7,2,2,4,Other,Tier 3,Store
31,184967,5.1,14,4.3,3,7,29,14,114783,35605,4,3,6,6,7,5,7,6,7,10,7,Other,Tier 2,Store
56,124802,5.7,9,1.9,6,7,12,15,97402,121208,8,1,5,3,5,3,6,7,3,10,3,Female,Tier 1,Store
67,149109,4.5,7,1.4,4,8,23,11,116391,105920,2,9,5,5,9,4,4,10,6,10,2,Other,Tier 2,Store
24,168001,6.3,2,2.7,7,6,28,5,73892,107927,5,9,3,7,7,5,7,5,1,9,3,Other,Tier 1,Store
53,178850,4.0,5,1.9,8,4,15,14,79421,102260,4,0,3,5,8,4,10,8,8,9,9,Male,Tier 1,Store
31,151293,8.7,3,4.8,7,10,25,12,107998,99303,10,4,2,6,9,10,10,6,8,8,8,Male,Tier 1,Store
35,101946,12.0,14,4.8,9,10,49,0,84966,1686,2,8,3,9,10,4,6,3,3,5,6,Other,Tier 1,Online
28,88623,8.9,10,6.0,7,10,27,8,61834,61627,3,5,4,4,5,7,9,5,3,8,8,Male,Tier 3,Hybrid
37,141810,9.0,7,3.1,9,8,28,6,116707,38958,3,8,2,5,5,7,7,4,4,8,8,Female,Tier 2,Online
39,109306,10.4,5,3.4,10,10,49,8,133104,18993,10,4,3,5,5,4,10,6,1,7,3,Male,Tier 2,Online
35,173656,9.2,8,4.8,3,8,47,0,144918,65532,7,9,7,3,5,7,9,4,1,7,9,Male,Tier 3,Online
52,53003,6.3,5,3.4,3,7,43,2,83994,22927,8,4,3,6,7,8,6,3,3,7,8,Male,Tier 2,Store
49,193121,7.6,9,3.1,7,10,41,6,98195,39952,4,8,2,3,6,6,8,9,4,8,10,Female,Tier 3,Hybrid
75,105650,4.8,10,1.7,3,4,16,7,68458,44554,5,7,4,7,7,4,6,8,5,5,2,Female,Tier 1,Store
29,202361,6.6,9,4.0,9,9,18,12,99259,55843,4,9,3,4,4,6,7,7,2,10,9,Female,Tier 1,Store
79,71104,2.6,8,3.3,4,3,7,11,65289,42977,10,6,4,9,10,5,7,10,5,3,3,Other,Tier 3,Store
50,160218,9.8,10,4.7,6,9,28,11,150000,56999,6,4,6,6,10,4,8,5,7,4,7,Other,Tier 3,Hybrid
47,139937,6.5,9,2.9,9,4,22,5,34375,500,6,9,2,2,10,5,6,7,2,3,6,Male,Tier 2,Store
79,90678,2.7,6,1.7,3,3,0,12,900,84542,7,4,7,6,1,3,3,5,5,4,1,Female,Tier 3,Store
69,72087,4.1,4,0.8,5,8,25,11,83116,82337,6,1,2,8,8,4,2,7,8,5,4,Male,Tier 2,Hybrid
25,99122,8.2,8,2.5,7,8,31,4,50311,500,5,3,4,6,5,3,8,3,3,10,8,Male,Tier 2,Hybrid
35,127278,10.4,8,4.4,6,7,27,13,103839,122223,9,7,3,7,6,5,5,5,6,10,7,Female,Tier 2,Hybrid
39,29768,7.8,9,5.7,9,10,42,5,38377,26981,10,9,3,5,9,8,9,5,5,4,7,Female,Tier 3,Online
41,161029,5.6,9,2.8,5,7,29,5,150000,44849,8,5,5,5,5,7,8,4,6,4,5,Other,Tier 3,Store
39,160924,12.0,3,5.6,3,10,43,10,146155,75573,7,8,5,8,4,7,8,6,5,7,6,Male,Tier 2,Hybrid
36,170234,9.1,9,5.0,6,10,35,10,129495,95265,5,4,3,3,8,4,7,9,4,9,4,Female,Tier 1,Store
44,84221,7.8,8,3.1,5,10,25,7,89312,53706,5,5,1,6,5,8,9,10,7,10,5,Male,Tier 1,Hybrid
53,116620,7.2,10,2.9,2,7,26,4,109683,54629,5,3,5,7,7,8,7,8,5,6,9,Other,Tier 3,Hybrid
27,51619,8.9,6,6.0,7,8,25,11,87274,63716,9,5,4,4,7,6,10,3,3,5,1,Male,Tier 1,Hybrid
49,175548,9.0,12,2.7,7,9,30,5,139043,24443,5,0,5,3,4,4,9,5,7,6,5,Male,Tier 2,Hybrid
29,151694,8.1,7,6.0,4,7,30,9,113237,81200,10,9,4,9,7,7,9,1,4,5,6,Other,Tier 1,Hybrid
40,129202,7.9,7,4.2,9,10,28,13,66902,70275,4,2,6,3,10,8,6,3,5,7,3,Female,Tier 2,Hybrid
18,15000,11.6,1,6.0,9,10,47,0,107005,500,7,9,3,6,10,9,9,4,7,3,4,Female,Tier 1,Online
77,163378,7.3,2,2.9,3,6,24,6,48548,94308,5,4,5,8,5,6,7,9,9,3,7,Other,Tier 1,Store
46,62609,5.5,1,3.9,3,10,15,11,28781,32162,8,6,6,7,5,8,8,8,6,4,9,Male,Tier 2,Store
39,65228,5.2,7,3.7,5,10,27,10,34379,99439,5,7,7,7,7,3,9,6,1,5,8,Female,Tier 3,Hybrid
22,66987,9.2,3,3.7,9,10,33,6,85371,500,5,4,6,3,7,7,8,3,3,8,1,Male,Tier 2,Online
62,85876,1.0,10,1.7,3,5,0,16,73347,127415,4,0,6,7,3,8,2,6,8,10,3,Female,Tier 2,Store
44,50043,5.0,9,5.4,4,8,11,16,94476,68243,5,6,5,6,7,6,6,9,6,10,5,Female,Tier 2,Store
55,124579,6.9,6,6.0,5,7,35,6,137713,34839,10,4,6,6,8,6,10,5,7,8,5,Female,Tier 2,Store
48,101147,4.8,11,4.5,6,7,9,17,73120,141664,7,2,7,5,8,5,8,5,2,9,9,Male,Tier 2,Store
18,114362,10.7,6,6.0,5,10,35,0,150000,52161,5,7,4,4,7,6,10,2,1,10,4,Male,Tier 3,Hybrid
54,186493,5.0,9,3.5,1,7,7,9,26865,136208,5,2,3,4,1,5,8,8,4,8,4,Male,Tier 1,Store
61,101229,4.2,8,2.1,4,5,0,18,26287,57814,5,2,2,6,2,3,2,5,7,4,6,Other,Tier 1,Store
71,124461,8.5,2,1.9,3,7,24,13,63957,99309,5,5,3,7,6,5,5,10,7,9,8,Other,Tier 1,Store
22,47033,9.8,1,4.5,10,9,37,2,86952,1219,3,9,6,5,3,3,10,8,3,8,7,Female,Tier 1,Hybrid
61,82423,7.4,5,4.2,5,1,5,9,31716,38880,7,7,4,5,6,5,8,8,9,3,7,Female,Tier 3,Store
44,142941,3.1,3,1.4,6,5,7,10,900,89154,9,1,5,8,10,6,5,5,8,4,8,Other,Tier 2,Store
43,105473,7.0,3,4.1,9,9,27,3,93044,34860,5,3,3,3,9,5,6,5,8,5,5,Female,Tier 3,Online
29,174530,9.4,11,5.6,8,8,31,7,139470,76318,3,8,4,3,6,6,10,9,3,7,8,Female,Tier 2,Hybrid
34,138010,6.7,14,2.2,5,10,38,8,122012,66622,8,7,2,8,10,6,7,3,6,5,3,Other,Tier 1,Store
34,135791,8.4,8,6.0,3,8,31,9,70926,41639,7,3,3,9,3,8,10,6,3,4,9,Female,Tier 2,Store
41,97502,5.3,10,2.3,4,4,5,14,12624,57125,8,1,4,4,1,8,4,9,4,7,8,Other,Tier 2,Store
33,115411,7.8,6,5.5,4,6,15,16,900,110677,3,5,1,8,3,4,10,8,7,8,8,Male,Tier 2,Store
52,83084,4.8,9,4.1,5,9,21,16,65076,97645,10,4,1,5,10,6,9,9,9,3,5,Female,Tier 1,Store
45,37312,5.5,6,4.4,6,5,16,14,3743,32204,4,3,7,7,7,5,6,5,7,4,6,Other,Tier 3,Store
51,107458,2.3,11,3.0,8,6,10,15,56444,37797,8,1,7,8,1,1,5,8,3,8,10,Male,Tier 2,Store
18,139641,9.3,9,5.2,5,7,20,7,100987,128189,6,6,4,3,5,6,7,1,1,9,1,Male,Tier 2,Hybrid
59,137750,4.0,7,2.4,5,6,7,12,17070,56289,4,5,6,7,2,5,4,10,6,7,3,Other,Tier 3,Store
34,104600,8.8,8,3.7,9,10,36,0,83719,500,3,3,3,5,6,7,7,7,4,10,9,Male,Tier 1,Online
62,143293,10.2,6,1.9,4,6,30,12,128241,89006,7,6,2,8,7,8,3,7,4,8,2,Male,Tier 1,Hybrid
42,107285,6.6,9,3.1,6,7,27,7,70146,23120,5,5,3,8,4,6,3,6,3,9,8,Male,Tier 2,Store
44,29778,10.1,9,3.1,5,8,17,10,58951,39868,5,3,6,7,4,7,6,5,4,7,9,Male,Tier 3,Hybrid
22,39203,9.3,4,5.5,7,10,34,4,150000,16906,7,9,4,5,9,5,10,2,3,10,4,Other,Tier 1,Online
56,100704,4.5,6,5.3,4,6,0,7,60255,69237,8,1,6,6,3,5,8,2,6,3,1,Male,Tier 3,Store
47,92019,7.9,5,6.0,6,10,42,1,67959,40745,8,2,7,6,8,5,6,8,1,3,6,Male,Tier 3,Online
71,86258,5.9,12,1.1,7,7,24,13,104320,67176,8,3,5,6,6,4,4,7,6,4,5,Female,Tier 2,Store
29,71299,8.6,8,6.0,6,7,29,0,117975,14601,7,3,2,5,6,5,9,1,2,4,8,Male,Tier 2,Online
64,88786,4.4,5,2.3,5,6,12,15,13166,104304,7,2,5,4,9,4,4,10,4,9,7,Female,Tier 2,Store
60,96649,6.6,7,3.1,2,10,39,0,76041,500,5,6,4,4,5,7,3,3,4,2,4,Male,Tier 3,Hybrid
30,129782,7.4,9,4.3,7,10,36,7,68170,65414,5,5,1,5,6,5,6,4,5,10,5,Other,Tier 2,Online
42,159835,2.4,5,2.1,4,9,26,8,40825,55200,10,0,2,4,7,9,6,6,6,9,5,Female,Tier 2,Store
56,93532,11.8,6,3.9,8,8,33,5,149545,21807,7,9,1,6,1,7,7,8,6,5,1,Male,Tier 1,Hybrid
55,133996,8.4,4,3.8,4,10,47,6,50303,28333,7,8,5,3,9,5,5,4,6,3,8,Other,Tier 3,Hybrid
49,185286,6.0,7,3.2,2,10,34,5,146721,23937,5,5,1,4,10,9,9,8,4,7,5,Female,Tier 1,Hybrid
54,98482,9.0,5,6.0,7,7,40,5,102056,500,7,5,6,5,8,7,9,9,4,3,8,Female,Tier 3,Store
39,189610,6.7,8,1.7,3,6,12,17,114249,132198,6,4,2,5,5,4,6,7,5,10,3,Male,Tier 1,Store
54,121009,6.6,6,2.8,10,8,43,6,139758,11206,5,5,4,5,6,5,5,6,6,6,7,Female,Tier 3,Online
36,179191,6.2,8,4.0,3,9,22,7,143252,75435,6,2,1,4,4,7,8,5,3,7,9,Female,Tier 1,Store
62,90083,4.4,7,2.9,8,6,14,19,95906,88586,8,2,3,8,7,9,7,6,10,3,6,Male,Tier 2,Store
66,79846,4.7,6,2.3,8,8,25,13,78125,9998,10,5,3,6,3,10,7,8,7,4,3,Male,Tier 1,Hybrid
59,137113,7.7,9,2.1,5,4,16,16,122109,37836,7,5,6,4,6,1,6,5,5,10,5,Male,Tier 3,Store
48,104498,6.2,10,6.0,5,8,24,6,146084,71551,6,2,5,5,9,9,10,4,7,5,3,Other,Tier 1,Hybrid
37,88503,9.0,14,6.0,4,7,41,12,116876,21703,3,5,4,4,10,5,8,8,4,10,7,Female,Tier 3,Hybrid
72,145196,2.6,7,1.0,2,5,1,19,24951,133626,4,4,5,5,8,3,3,10,7,10,6,Female,Tier 1,Store
60,41415,5.7,4,2.6,3,5,14,8,9194,50278,6,0,5,4,8,7,4,9,7,10,7,Male,Tier 2,Store
54,130492,5.7,2,1.4,5,9,36,2,83776,54231,8,9,5,7,10,4,9,2,5,8,4,Female,Tier 3,Online
67,170428,6.5,5,1.4,6,8,26,7,78942,14206,1,7,4,6,9,5,3,7,7,10,6,Male,Tier 1,Hybrid
33,130334,9.2,8,5.2,7,10,24,9,93452,55559,5,6,6,4,9,3,7,4,2,10,1,Female,Tier 2,Hybrid
49,143943,6.9,6,4.4,3,9,36,8,103840,70571,6,4,3,2,7,9,10,3,6,10,10,Female,Tier 1,Hybrid
47,167718,5.7,9,2.7,4,10,34,4,98775,123891,6,7,3,4,3,7,7,6,7,5,4,Male,Tier 1,Store
21,55090,6.3,7,3.9,6,9,37,12,90733,500,8,8,3,5,10,10,5,6,3,8,5,Female,Tier 2,Store
65,102743,6.9,5,2.1,5,7,33,5,140476,31936,8,5,6,3,3,5,2,4,7,4,3,Female,Tier 3,Store
42,179800,7.2,9,4.7,6,7,29,11,81815,47933,4,9,3,3,8,5,4,8,1,8,10,Female,Tier 2,Hybrid
39,143660,7.2,8,4.4,3,6,33,3,93444,500,3,9,4,8,6,5,6,3,6,6,8,Male,Tier 2,Hybrid
45,184772,5.2,13,4.4,6,8,24,4,142062,58387,6,3,3,7,9,5,8,4,6,9,10,Male,Tier 1,Store
51,127373,7.1,6,3.1,9,9,34,2,113302,28004,5,6,6,8,4,8,5,9,5,2,10,Other,Tier 1,Hybrid
30,102098,7.1,11,3.6,9,8,18,9,37736,13672,6,6,3,6,3,5,8,4,4,7,5,Female,Tier 2,Hybrid
57,49502,4.2,8,2.2,3,3,10,15,9051,81761,9,3,5,3,7,3,3,9,5,3,3,Female,Tier 3,Store
30,137493,9.0,3,3.7,8,10,39,8,114546,49104,6,5,6,5,7,7,9,2,2,9,7,Female,Tier 3,Online
35,141590,10.7,12,6.0,4,10,49,8,125746,56411,8,7,3,2,6,6,10,3,1,10,5,Other,Tier 2,Online
48,128811,8.3,1,3.3,5,9,36,5,145385,46909,5,6,6,7,8,5,7,4,4,5,10,Male,Tier 3,Online
35,173591,8.2,13,5.4,6,10,37,9,138677,87449,7,8,4,5,8,5,10,8,2,8,10,Other,Tier 1,Store
23,87739,9.7,4,4.8,8,10,37,0,108170,61733,6,8,3,5,7,8,8,1,4,5,3,Female,Tier 2,Online
31,78534,11.5,14,5.1,4,10,45,0,127221,30674,10,9,2,5,9,10,10,5,4,5,2,Female,Tier 3,Online
41,169618,8.4,6,2.6,6,9,31,7,105497,79459,8,3,4,3,3,5,6,4,7,5,8,Male,Tier 2,Store
40,188632,6.7,6,3.6,4,10,39,0,99303,73113,7,8,1,7,9,6,6,6,1,10,6,Female,Tier 1,Hybrid
48,147672,4.0,13,4.2,3,6,14,11,110823,79414,4,2,5,5,3,8,10,5,5,6,8,Male,Tier 1,Store
72,131516,4.8,1,1.0,1,3,14,14,45572,72576,4,6,4,6,6,5,3,10,6,7,7,Male,Tier 2,Store
49,193691,8.3,9,1.8,4,8,35,7,88939,51968,2,4,5,6,9,7,5,6,8,10,8,Male,Tier 2,Hybrid
42,79558,8.7,9,4.7,5,8,27,13,120053,59525,4,4,3,7,2,6,9,6,6,10,4,Other,Tier 2,Store
36,79710,6.7,5,4.6,10,7,19,15,64048,52711,3,3,4,6,8,5,8,6,3,9,7,Female,Tier 2,Store
54,15000,6.6,5,4.7,7,5,21,5,54574,39098,7,6,6,8,8,6,3,7,6,10,5,Male,Tier 3,Hybrid
62,18801,6.6,10,3.7,10,7,41,0,126943,500,10,8,5,5,6,4,7,4,5,3,7,Female,Tier 3,Store
49,244817,7.3,9,4.2,3,8,28,10,102575,150000,2,9,4,5,1,5,7,9,8,8,1,Male,Tier 1,Store
38,108705,7.0,9,2.9,6,7,5,15,63657,45935,6,6,3,3,3,6,9,4,3,6,7,Male,Tier 2,Store
51,150293,6.4,4,2.6,4,6,16,7,53070,28278,7,2,3,7,10,4,10,5,5,8,5,Other,Tier 2,Store
60,114166,7.8,2,3.4,8,8,34,3,54463,63872,6,9,5,5,4,4,8,7,5,7,6,Other,Tier 3,Online
22,17584,12.0,6,5.4,9,10,42,5,97922,12917,8,9,3,10,6,8,10,4,4,7,5,Male,Tier 1,Online
48,113174,7.2,10,4.0,9,10,44,10,135345,79954,7,6,7,6,9,5,8,8,6,5,9,Female,Tier 3,Hybrid
33,135320,11.4,5,5.6,10,10,49,4,124587,30936,6,6,4,6,10,8,6,6,7,10,6,Male,Tier 1,Online
65,181430,7.8,9,2.5,4,8,27,14,77155,103403,5,2,5,9,7,8,4,7,6,4,4,Male,Tier 1,Store
50,200150,4.5,8,0.9,5,9,23,5,150000,83127,4,4,2,5,2,7,5,5,8,1,7,Female,Tier 3,Hybrid
49,85247,4.5,6,1.0,9,7,16,12,135161,39214,4,0,2,6,5,8,4,3,7,10,7,Male,Tier 1,Store
53,60165,7.2,13,1.9,4,8,32,1,71498,500,9,3,5,9,3,7,7,7,5,9,5,Male,Tier 2,Hybrid
72,92759,1.2,3,0.0,2,9,22,12,94944,23672,7,9,6,1,10,6,5,10,3,2,4,Female,Tier 3,Store
74,133492,7.1,3,1.9,6,8,16,13,89693,95940,7,0,7,7,4,5,6,9,8,8,1,Female,Tier 2,Store
45,209948,5.3,11,6.0,5,5,5,16,51456,123561,5,4,1,5,1,5,9,5,7,9,9,Other,Tier 1,Store
23,135091,9.8,1,5.1,3,10,31,11,128828,57988,5,6,6,5,10,8,6,6,6,8,2,Female,Tier 2,Store
51,66414,7.5,6,2.4,4,7,22,3,62887,500,7,5,5,2,5,3,6,5,8,5,6,Other,Tier 2,Store
31,128169,8.2,9,5.4,7,9,36,3,73538,47676,6,7,1,3,7,8,10,4,4,3,7,Male,Tier 1,Online
44,195497,9.6,10,4.0,3,9,24,15,89014,106245,3,7,4,4,3,9,4,8,5,6,3,Male,Tier 1,Store
31,149131,5.8,7,3.9,7,9,19,5,23026,92274,5,5,1,6,8,7,10,1,6,8,8,Male,Tier 1,Hybrid
44,122612,8.3,11,4.8,5,10,37,6,143918,69563,6,6,2,3,10,9,10,8,7,4,6,Male,Tier 2,Online
28,115553,7.8,8,4.8,10,9,23,7,113497,62054,9,6,4,4,6,5,8,4,7,7,3,Male,Tier 3,Hybrid
39,185455,7.9,14,6.0,6,9,24,10,90942,90641,4,2,2,5,8,5,8,6,6,8,7,Male,Tier 1,Hybrid
38,159062,9.4,12,4.0,2,6,30,9,52236,48427,1,5,4,6,10,6,8,6,5,1,10,Male,Tier 2,Store
18,182689,8.0,5,4.0,6,7,36,12,131403,111507,5,6,7,10,10,5,8,7,2,9,8,Other,Tier 3,Hybrid
51,115542,4.4,10,2.1,4,7,17,9,76664,77986,8,4,7,4,3,3,4,8,4,8,5,Male,Tier 3,Store
52,218948,6.4,12,2.8,5,7,32,0,121809,71826,4,5,5,6,6,3,6,4,4,8,4,Male,Tier 2,Hybrid
79,153813,3.6,9,3.9,1,6,13,16,6826,136555,6,3,3,4,4,4,6,6,9,6,5,Male,Tier 1,Store
18,129813,12.0,3,5.9,4,8,43,13,150000,66421,4,7,5,4,4,2,9,7,7,6,10,Other,Tier 3,Hybrid
42,58162,7.2,11,2.9,4,5,26,10,111005,103790,8,4,3,5,3,7,10,9,4,10,5,Male,Tier 1,Store
22,88752,9.2,4,3.5,3,9,24,6,87795,114973,10,6,5,6,8,10,8,6,4,6,4,Female,Tier 2,Store
44,169867,7.3,14,3.2,7,10,28,4,119737,62648,3,8,7,5,8,6,7,4,5,6,4,Other,Tier 3,Online
68,100445,3.6,9,2.6,4,6,0,13,17717,65909,9,5,5,9,1,6,9,10,8,5,8,Female,Tier 3,Store
20,152760,10.7,4,5.6,7,8,47,5,150000,75778,5,7,3,3,9,3,7,5,7,7,1,Female,Tier 1,Hybrid
74,81627,5.4,5,2.2,4,7,30,9,61929,500,8,3,6,4,10,9,4,6,6,5,5,Male,Tier 2,Hybrid
72,90186,5.3,3,2.4,6,6,26,9,60212,47758,2,3,7,7,7,8,7,7,7,3,6,Other,Tier 3,Store
29,69706,10.6,8,6.0,6,10,48,2,117654,64759,9,8,1,7,6,9,5,2,7,9,10,Male,Tier 1,Online
24,114711,8.5,3,3.8,7,10,47,8,124684,39826,5,9,5,1,9,7,10,8,1,7,3,Other,Tier 3,Online
27,152516,9.9,10,5.0,5,9,49,1,126951,53954,7,7,5,6,6,5,9,5,1,4,3,Female,Tier 2,Online
40,15000,6.8,3,4.9,4,6,27,10,17902,61905,8,0,7,9,9,5,10,6,4,7,6,Other,Tier 3,Store
47,76187,9.0,5,4.1,6,9,16,10,79701,52280,6,8,4,3,8,4,9,8,5,9,4,Male,Tier 3,Store
28,196386,9.4,11,3.4,5,10,49,5,150000,64975,4,5,1,4,9,6,7,5,4,6,7,Other,Tier 1,Hybrid
50,223087,3.5,6,3.1,9,9,28,5,107105,81456,5,2,6,4,6,7,10,6,5,3,10,Male,Tier 1,Hybrid
42,172385,5.9,13,5.1,3,3,7,12,84789,79786,3,4,4,6,5,3,9,5,8,6,9,Male,Tier 1,Store
18,105331,11.1,7,5.3,6,8,29,9,121998,22410,10,5,3,4,5,8,10,5,6,6,10,Other,Tier 1,Hybrid
27,34449,10.4,9,3.1,5,7,28,7,9014,83295,10,4,4,4,8,4,7,4,3,8,7,Male,Tier 2,Hybrid
59,83907,3.5,10,2.0,6,7,21,15,92261,61333,7,6,6,9,4,5,3,10,5,2,2,Other,Tier 3,Store
39,92167,7.0,9,3.5,9,10,38,0,97597,36925,6,8,3,7,9,6,9,4,4,4,2,Female,Tier 2,Online
55,100921,6.8,10,2.9,3,6,20,5,123699,64272,6,6,3,4,4,3,7,4,3,4,8,Male,Tier 3,Hybrid
45,144005,9.3,7,1.6,4,7,41,11,115803,85528,4,6,2,3,8,10,4,4,5,10,4,Female,Tier 2,Hybrid
42,150233,6.0,6,3.2,7,9,29,5,89178,32068,1,0,7,6,5,6,5,2,3,7,10,Male,Tier 3,Hybrid
52,108327,7.6,8,3.3,6,10,30,8,82331,500,10,8,6,5,3,5,9,7,4,9,4,Male,Tier 3,Store
70,141792,2.7,4,1.0,5,7,10,17,15935,53392,5,3,5,5,1,6,1,7,6,5,5,Female,Tier 2,Store
52,120719,4.1,7,1.5,7,8,14,11,16668,41694,4,5,3,2,5,6,2,8,6,9,10,Other,Tier 2,Store
30,123095,11.6,12,2.9,3,8,39,13,125235,129750,8,4,2,5,5,7,10,6,1,10,9,Male,Tier 1,Store
29,124913,10.6,11,4.9,7,10,34,6,52321,26323,9,6,4,8,10,7,7,5,5,9,9,Female,Tier 2,Hybrid
34,98613,8.6,11,4.7,1,8,37,3,74777,14909,6,7,5,4,9,4,7,5,6,8,6,Male,Tier 2,Hybrid
41,50609,7.4,11,6.0,7,7,26,5,121600,14695,10,3,4,9,10,4,7,6,5,5,7,Male,Tier 3,Hybrid
54,154336,6.6,10,4.7,6,5,11,8,114465,60325,3,6,4,7,8,7,5,5,6,9,4,Male,Tier 1,Store
59,149546,7.9,9,4.3,5,10,42,3,108820,4079,4,6,2,9,6,7,8,6,5,3,2,Male,Tier 1,Store
31,65449,8.0,13,6.0,3,6,13,9,17717,45628,9,0,5,8,7,5,5,5,7,5,3,Male,Tier 3,Store
39,122521,7.5,11,6.0,3,5,24,11,90536,47925,8,1,1,3,5,8,9,6,4,3,10,Female,Tier 1,Store
26,55868,8.7,7,6.0,8,10,46,3,96907,48731,6,3,5,6,7,6,6,5,2,5,2,Male,Tier 3,Online
32,15000,7.5,11,5.2,8,6,17,9,51693,47456,6,2,4,5,2,4,9,6,5,8,4,Male,Tier 3,Hybrid
76,15000,5.3,4,1.1,7,8,19,6,84405,47150,8,9,3,4,6,6,8,8,7,6,5,Female,Tier 3,Store
50,94166,10.1,11,4.1,6,7,28,7,72945,54433,6,6,7,6,8,6,7,7,5,6,9,Female,Tier 3,Hybrid
54,137842,7.3,4,2.9,8,8,29,10,83658,101570,6,5,1,6,7,6,5,7,4,7,4,Female,Tier 1,Store
23,123101,6.2,3,3.2,6,9,14,12,53149,125309,10,2,5,5,1,3,4,5,4,5,2,Female,Tier 3,Hybrid
47,116362,6.7,14,1.9,5,9,33,6,79960,80428,4,8,5,9,4,4,1,8,5,9,5,Other,Tier 2,Hybrid
36,121971,7.2,3,2.8,6,10,31,15,64203,104535,8,8,2,8,3,9,8,5,5,10,4,Male,Tier 1,Hybrid
36,114468,10.3,13,4.9,4,8,7,15,4052,32328,9,5,5,7,3,6,9,4,4,8,4,Female,Tier 2,Store
60,91607,5.1,2,2.5,7,8,31,0,139320,25883,7,4,6,3,3,3,8,6,5,5,9,Female,Tier 3,Hybrid
65,174887,6.8,9,5.9,6,6,16,6,41602,50330,3,4,4,3,5,4,8,7,4,7,7,Male,Tier 1,Hybrid
46,76996,3.5,6,2.5,4,7,19,15,107772,61250,8,7,3,5,6,3,3,9,7,7,6,Female,Tier 2,Store
41,193537,7.6,13,4.2,4,6,28,11,96379,113778,4,5,5,4,10,10,6,4,6,9,7,Female,Tier 1,Store
34,137592,10.5,12,4.1,3,10,17,5,32272,46774,5,2,7,9,6,2,7,8,4,5,7,Male,Tier 3,Hybrid
45,95835,4.7,4,1.8,10,6,3,19,62977,67211,9,5,4,7,7,5,6,7,7,8,5,Other,Tier 1,Store
27,140528,7.3,14,5.5,3,10,31,6,150000,26180,3,2,3,8,7,6,7,3,5,7,7,Female,Tier 1,Hybrid
65,75269,6.0,10,2.9,7,8,32,5,83438,47147,5,1,3,7,6,6,7,7,5,8,5,Male,Tier 3,Hybrid
25,68770,10.3,10,6.0,6,10,43,0,65782,36526,6,7,3,6,10,8,6,2,5,10,4,Male,Tier 1,Online
56,230595,6.1,10,1.4,8,7,23,11,105561,150000,5,4,4,2,5,6,2,9,8,10,10,Male,Tier 1,Store
44,141868,6.4,7,1.5,4,9,40,0,144574,63726,7,7,3,7,5,2,3,8,5,7,1,Male,Tier 2,Hybrid
44,195762,4.6,8,4.9,10,9,16,12,64398,105814,5,6,5,4,6,4,8,7,4,3,7,Other,Tier 2,Store
38,77485,7.0,14,5.8,7,7,13,16,77990,112097,8,3,6,5,6,2,8,8,1,8,7,Female,Tier 2,Store
56,119295,5.1,7,1.7,5,6,3,15,42568,138789,7,5,6,1,1,1,1,5,7,8,3,Other,Tier 3,Store
26,164167,9.2,11,6.0,8,10,30,3,34705,35239,9,8,7,6,2,4,10,6,4,10,2,Female,Tier 2,Hybrid
37,111030,7.0,9,4.9,3,7,19,7,86723,60640,5,2,2,4,3,5,6,3,4,10,5,Female,Tier 1,Store
49,239422,8.5,6,3.4,10,9,15,10,86955,98727,3,4,5,3,4,6,7,5,4,10,5,Male,Tier 1,Hybrid
63,139438,8.8,7,2.8,7,10,33,10,150000,109475,2,7,5,4,6,7,5,10,4,6,4,Male,Tier 3,Hybrid
35,129538,7.5,6,6.0,7,8,32,2,58475,81884,6,4,6,7,10,6,10,5,3,7,4,Female,Tier 3,Hybrid
46,122580,6.2,6,4.1,4,7,12,19,80804,50869,9,5,2,6,5,6,8,9,5,6,5,Female,Tier 1,Store
60,43316,5.1,2,0.9,4,5,25,5,132701,90837,6,4,4,4,3,9,5,8,7,10,3,Female,Tier 2,Store
28,129275,10.3,4,4.6,7,10,43,5,150000,14553,7,4,3,5,10,7,10,4,4,8,10,Female,Tier 1,Hybrid
44,141568,7.8,6,4.8,3,6,22,10,106840,55546,7,6,3,5,7,7,8,4,7,10,10,Other,Tier 1,Store
40,106994,7.7,8,4.5,3,9,32,0,65652,11020,5,6,4,6,7,8,8,7,4,6,9,Male,Tier 1,Hybrid
37,90117,9.2,12,3.8,9,9,44,6,81098,8096,9,4,4,6,10,7,6,5,4,4,1,Female,Tier 2,Hybrid
42,121180,9.0,11,2.9,4,10,22,9,89786,84979,5,2,1,4,5,4,8,6,1,6,1,Male,Tier 2,Store
46,139195,6.6,7,2.6,5,6,25,9,46076,30169,5,4,7,6,6,4,5,7,4,6,7,Male,Tier 3,Store
18,208831,11.9,3,5.4,9,10,41,0,119013,74513,4,9,3,6,4,8,9,4,3,8,10,Female,Tier 1,Online
52,142655,8.0,4,3.8,5,9,30,7,93008,59083,9,1,3,7,4,7,8,5,5,10,8,Male,Tier 3,Hybrid
33,120798,6.7,12,3.8,6,9,42,0,121700,76300,5,9,2,8,4,7,2,3,8,6,8,Male,Tier 3,Hybrid
39,24871,6.8,6,2.8,5,7,18,9,20513,40548,5,6,3,8,8,6,8,8,2,9,7,Male,Tier 2,Store
18,129689,7.7,4,5.1,3,10,32,5,127257,54498,5,4,5,6,8,6,9,1,3,10,2,Male,Tier 3,Hybrid
52,24747,7.1,9,2.8,4,5,13,7,48661,22076,10,5,5,7,3,4,6,5,5,8,4,Male,Tier 2,Store
21,119100,8.0,1,4.0,7,10,43,9,124569,78409,8,6,2,6,8,5,6,3,2,10,1,Female,Tier 1,Hybrid
61,170292,3.4,1,2.0,7,5,2,19,57066,113033,4,2,6,3,6,3,8,7,6,5,1,Female,Tier 3,Store
28,149324,8.2,9,4.6,4,7,35,10,150000,78751,9,4,3,7,8,8,10,4,5,6,9,Female,Tier 1,Online
49,150379,9.7,4,4.2,6,4,22,13,84909,72567,5,4,7,4,1,4,8,2,6,10,5,Other,Tier 3,Hybrid
61,179029,5.0,5,1.9,5,9,24,11,97663,65605,4,3,3,3,5,8,4,7,5,10,6,Other,Tier 1,Hybrid
59,122810,2.4,10,0.0,9,6,2,16,38175,72253,2,3,5,5,5,3,5,10,8,4,6,Female,Tier 2,Store
50,101589,5.1,3,3.0,4,3,0,13,46891,55208,5,6,6,5,1,5,7,7,1,7,8,Male,Tier 3,Store
38,182489,11.2,9,3.7,7,10,49,0,138790,24104,10,7,2,6,10,7,8,2,5,5,9,Female,Tier 2,Online
30,138379,8.2,14,6.0,9,10,32,1,74343,6700,6,4,5,7,7,6,10,4,5,5,10,Male,Tier 2,Hybrid
26,44821,9.2,9,4.4,6,6,22,8,31863,3815,5,4,2,4,10,4,10,3,1,7,1,Male,Tier 1,Hybrid
52,222930,9.6,1,2.8,4,6,20,6,136225,3151,2,2,4,5,5,6,3,7,3,5,5,Female,Tier 1,Store
51,127087,6.9,2,3.8,3,9,22,9,65474,50533,6,2,5,6,10,5,7,7,7,7,6,Female,Tier 2,Store
53,111604,5.6,12,2.4,4,7,9,9,2381,99238,5,3,7,4,4,10,8,8,3,5,8,Female,Tier 2,Store
30,113177,8.1,7,3.1,4,5,15,14,42212,68582,9,8,4,8,4,7,6,6,4,5,1,Male,Tier 1,Store
55,109260,8.4,5,3.1,1,3,10,14,900,105571,4,6,3,5,9,4,4,4,5,7,9,Male,Tier 3,Store
49,119044,6.0,5,1.8,6,9,22,11,61409,42183,5,5,7,9,4,2,3,4,5,4,9,Other,Tier 3,Hybrid
39,144923,8.3,10,5.2,4,10,27,8,77032,118853,8,5,2,10,4,4,6,9,3,6,7,Male,Tier 1,Store
60,144192,8.5,5,3.2,4,8,19,6,105366,43935,4,6,4,6,4,9,3,10,4,10,2,Male,Tier 1,Store
57,94381,7.3,10,3.5,2,6,16,7,56444,71414,7,9,3,8,4,6,5,5,3,9,3,Male,Tier 3,Store
43,102041,7.1,7,2.8,4,5,14,11,38237,102592,5,2,5,6,2,6,6,10,5,5,9,Other,Tier 2,Store
63,155462,5.6,7,2.0,4,6,24,3,83126,4126,5,3,3,3,6,8,5,5,4,7,4,Male,Tier 1,Store
30,132328,9.5,12,3.2,7,10,46,6,114715,51812,4,4,5,4,7,6,10,7,2,10,5,Male,Tier 2,Online
36,101263,6.5,14,3.8,9,10,44,0,142407,27710,10,9,6,7,4,8,9,5,6,10,7,Male,Tier 2,Online
19,46823,9.8,6,4.3,3,10,44,2,102019,58357,10,3,3,3,5,6,10,2,5,8,1,Other,Tier 1,Online
45,99010,7.3,5,3.7,1,6,21,16,95986,72701,6,5,4,6,9,9,7,5,1,10,7,Other,Tier 2,Store
37,119459,9.7,5,6.0,5,10,36,3,61713,25110,8,4,2,6,4,6,7,6,6,9,7,Male,Tier 1,Online
58,110864,7.2,10,3.0,8,7,11,4,54817,22952,6,6,5,5,2,1,7,7,4,3,2,Male,Tier 3,Store
70,110010,1.6,5,0.0,3,9,27,9,108374,52738,7,8,4,8,7,6,2,8,7,7,5,Other,Tier 1,Store
49,143638,9.1,8,4.4,6,9,36,4,118074,43744,7,3,1,7,5,4,7,8,7,7,8,Male,Tier 1,Online
32,54125,8.1,10,3.7,5,10,41,6,30778,36773,6,6,6,9,10,5,7,8,3,10,6,Female,Tier 3,Hybrid
48,130989,5.3,10,3.7,8,7,23,1,85225,56132,5,4,4,3,10,3,6,7,7,7,7,Female,Tier 1,Store
58,85577,5.4,6,3.0,1,10,34,3,45368,15569,8,1,2,3,8,4,4,7,4,2,9,Female,Tier 3,Store
37,125863,8.4,5,3.7,4,8,39,0,74010,15845,8,8,6,6,5,7,9,5,2,7,6,Female,Tier 3,Online
79,109935,2.4,1,0.0,2,7,3,6,36614,119297,9,1,6,7,5,8,2,8,5,8,5,Female,Tier 2,Store
51,102485,7.2,10,1.9,5,5,6,16,72396,69663,6,5,3,6,1,4,4,4,3,8,6,Female,Tier 2,Store
43,88109,6.5,7,2.7,7,7,25,19,82039,122798,5,8,4,6,4,8,10,9,3,4,10,Female,Tier 3,Store
39,164726,9.4,11,4.5,9,8,27,2,103247,109690,8,9,3,4,9,3,7,3,3,8,6,Male,Tier 2,Online
31,148695,9.6,10,5.9,9,10,34,0,98170,53357,8,7,4,8,8,6,6,2,6,4,6,Male,Tier 2,Online
55,165728,7.4,7,5.4,6,5,17,18,100476,108978,3,4,4,3,4,5,7,8,4,3,4,Female,Tier 3,Store
45,203483,8.3,7,2.2,8,10,34,1,127691,500,1,8,2,9,5,10,6,9,2,7,6,Female,Tier 1,Hybrid
49,67389,9.4,10,4.5,4,9,33,8,99694,45036,7,4,5,8,5,5,9,6,4,7,5,Female,Tier 3,Hybrid
53,137076,7.2,12,1.9,5,7,19,7,86134,56852,5,6,1,10,7,8,3,5,7,10,10,Female,Tier 1,Store
47,136047,7.5,6,3.4,3,7,17,11,2507,76061,2,6,2,1,2,7,8,7,6,3,7,Male,Tier 2,Store
39,107837,10.4,6,4.0,6,10,38,7,126403,86394,8,8,4,9,10,6,4,7,4,8,6,Male,Tier 3,Hybrid
35,97316,12.0,5,5.9,8,9,48,5,104272,101706,5,6,2,7,10,6,9,6,3,8,9,Other,Tier 2,Online
20,53035,9.1,2,3.6,6,9,32,10,59426,19248,7,6,2,7,6,7,4,6,1,10,5,Other,Tier 3,Store
38,136534,4.0,5,3.7,4,9,36,7,111385,119591,5,5,3,4,7,4,6,1,7,8,6,Male,Tier 2,Store
79,98810,1.0,4,0.9,5,8,12,12,76937,71486,8,2,3,8,3,7,4,9,8,7,5,Female,Tier 1,Store
32,111470,6.9,8,4.6,9,10,44,0,132501,500,8,2,2,6,5,3,7,5,4,6,9,Female,Tier 1,Online
29,64175,8.6,9,4.9,5,10,47,1,79106,75759,7,6,3,9,4,5,6,5,2,10,5,Male,Tier 1,Online
22,159675,9.9,3,4.2,6,10,40,0,127949,500,8,9,3,4,10,10,8,7,3,5,10,Female,Tier 2,Online
49,77353,7.8,12,3.1,8,8,28,11,96479,80034,7,9,7,6,7,7,7,9,6,9,8,Male,Tier 3,Store
62,117287,4.7,2,2.2,5,9,14,13,69834,75303,8,4,3,1,10,4,9,8,3,8,2,Male,Tier 3,Store
61,126949,1.0,12,2.3,4,3,0,11,15525,69967,5,4,2,6,4,5,6,6,7,7,4,Male,Tier 2,Store
40,38883,9.6,10,4.2,6,10,31,4,147112,23168,6,2,6,3,5,5,10,4,3,1,5,Male,Tier 3,Hybrid
51,164449,6.5,12,2.4,5,5,22,13,136169,143624,10,3,4,7,5,1,7,9,5,7,3,Female,Tier 3,Store
38,152564,5.7,9,4.5,5,6,16,14,55005,100113,7,6,4,1,1,8,9,7,5,10,6,Other,Tier 2,Store
56,96765,6.6,10,3.5,6,9,24,8,100549,500,4,7,4,3,1,10,5,7,7,5,4,Female,Tier 1,Hybrid
79,59864,6.2,11,1.7,2,3,0,15,21374,80403,9,3,5,3,4,7,4,9,5,4,5,Female,Tier 1,Store
51,104941,6.9,6,3.4,5,7,23,13,95372,72625,8,1,1,10,5,7,5,2,5,2,2,Male,Tier 2,Store
54,158348,5.9,8,3.0,4,6,17,14,39846,58999,7,5,2,4,7,5,5,5,3,3,7,Other,Tier 3,Store
75,53511,1.5,6,0.0,3,8,12,11,93227,67441,9,7,2,5,4,3,3,6,10,9,5,Female,Tier 2,Store
39,148128,9.0,6,4.7,3,9,41,10,150000,66594,6,2,4,4,6,5,8,3,5,6,5,Male,Tier 1,Hybrid
49,162736,7.0,10,3.4,7,9,16,4,113341,72605,7,1,2,6,4,8,7,7,1,1,3,Male,Tier 2,Hybrid
43,107233,8.2,5,3.6,5,10,42,3,66521,78816,7,4,3,7,5,7,10,3,3,8,8,Male,Tier 3,Online
67,60809,5.6,8,3.1,5,10,31,1,67692,500,6,6,4,8,9,3,3,2,3,5,4,Female,Tier 3,Hybrid
29,112912,9.1,14,6.0,7,9,27,6,105140,44093,5,9,4,4,10,9,10,4,6,5,7,Female,Tier 2,Hybrid
43,65582,6.0,11,6.0,5,5,15,19,900,50339,10,7,4,5,2,8,10,8,3,9,4,Other,Tier 2,Store
19,61009,6.7,3,6.0,9,10,18,11,69778,93618,8,3,7,5,9,9,10,5,1,4,2,Male,Tier 3,Hybrid
48,87221,7.3,8,5.1,6,5,29,7,129936,27833,6,8,2,5,6,2,10,7,5,10,7,Female,Tier 2,Store
54,157382,6.5,5,1.6,7,8,28,9,40203,67949,8,7,4,6,7,8,4,6,6,7,6,Other,Tier 2,Store
79,76056,6.1,3,0.8,5,5,9,10,57528,72602,2,3,4,3,3,2,2,7,9,9,8,Other,Tier 2,Store
40,91323,8.8,7,1.4,6,7,34,0,50887,34033,6,3,6,4,6,3,5,2,5,6,9,Male,Tier 3,Hybrid
36,48690,4.1,9,2.8,8,5,1,19,47106,73295,7,5,5,3,4,5,5,8,3,10,4,Female,Tier 3,Store
56,82307,8.2,4,4.4,9,5,12,5,36789,34090,6,0,1,8,4,8,10,10,3,6,5,Male,Tier 1,Store
38,86328,6.3,14,3.3,9,8,20,10,27445,69233,5,4,6,6,7,5,9,3,3,4,9,Other,Tier 2,Store
44,68583,4.7,6,5.7,6,8,11,13,88188,83237,9,4,5,9,5,6,9,4,5,4,10,Female,Tier 3,Hybrid
66,108368,4.9,7,2.3,2,4,12,15,36342,82382,9,5,3,4,3,3,8,8,5,4,1,Male,Tier 3,Store
50,66227,7.9,9,2.2,7,8,41,0,51688,10023,4,5,3,6,7,4,7,9,3,6,4,Female,Tier 3,Store
50,150924,9.1,11,3.6,4,10,30,8,92321,95921,4,8,6,7,4,8,6,7,6,6,5,Female,Tier 3,Store
31,103899,12.0,8,6.0,7,10,48,6,91620,500,7,6,4,5,10,7,9,3,4,10,9,Female,Tier 2,Online
54,176392,7.5,5,4.3,7,10,31,6,95961,52309,2,3,2,5,1,8,9,2,6,8,8,Other,Tier 1,Hybrid
28,172518,10.3,4,4.4,6,10,36,7,80315,93745,6,6,5,4,8,9,8,3,5,9,7,Female,Tier 1,Online
18,59106,7.4,1,3.8,3,10,33,2,60262,47770,5,4,7,4,9,6,10,1,1,8,6,Female,Tier 3,Online
21,116659,10.7,1,4.9,6,10,32,3,124983,88897,8,2,6,7,8,10,10,2,4,10,3,Other,Tier 1,Hybrid
55,98346,4.5,9,2.1,1,7,20,8,105681,63275,7,8,3,3,8,6,8,7,2,6,7,Female,Tier 2,Hybrid
40,168605,7.5,6,4.0,10,10,49,3,113309,32089,8,6,4,7,6,8,6,7,8,5,8,Female,Tier 1,Online
60,160974,6.1,9,3.1,1,2,10,11,43506,64828,7,1,1,5,6,5,6,6,8,10,1,Female,Tier 1,Store
18,21627,10.3,5,3.8,6,5,28,11,55872,63263,9,4,6,6,7,5,9,3,2,7,7,Female,Tier 3,Online
43,188903,7.7,12,5.4,8,10,32,0,121753,500,5,7,3,5,4,10,9,5,3,10,5,Other,Tier 1,Hybrid
57,97006,6.3,11,1.7,5,7,23,15,80485,45832,6,7,3,4,4,1,7,7,8,10,5,Female,Tier 3,Store
43,174471,7.2,11,3.4,6,10,39,4,148916,37025,3,9,6,6,5,1,8,7,3,3,10,Female,Tier 3,Hybrid
45,78016,7.0,12,4.9,8,7,28,9,76844,44766,6,9,7,7,9,6,3,7,3,10,6,Male,Tier 3,Store
45,134358,8.3,14,5.4,7,10,42,7,124814,49102,6,4,4,7,2,6,9,6,4,6,4,Male,Tier 1,Hybrid
52,155181,8.8,7,2.2,4,7,31,8,101626,71250,8,3,5,2,8,5,6,9,6,6,9,Other,Tier 3,Store
47,144510,7.7,4,6.0,8,7,12,19,55241,129291,10,1,5,10,5,5,10,9,2,3,5,Female,Tier 1,Store
49,194954,8.1,4,3.0,2,7,27,9,117374,97561,7,4,7,1,9,3,7,6,6,8,10,Other,Tier 3,Hybrid
70,115090,4.7,12,0.7,6,5,11,19,80396,91704,4,4,3,7,6,3,3,10,5,5,1,Female,Tier 3,Store
30,76062,10.1,3,4.9,4,7,37,2,83901,69923,5,6,1,7,4,4,7,1,6,9,6,Male,Tier 2,Hybrid
29,147243,11.1,10,5.7,5,9,42,13,119271,122399,4,8,5,4,7,7,10,5,1,3,9,Male,Tier 2,Hybrid
33,89362,9.8,14,5.4,8,10,44,3,86400,5029,6,6,4,6,8,5,8,7,7,5,5,Other,Tier 3,Online
67,19980,4.7,7,0.7,4,4,8,14,39517,90159,7,0,5,7,4,2,1,9,10,5,2,Other,Tier 3,Store
47,179793,7.1,9,1.7,6,8,35,2,133317,93366,4,9,3,4,4,4,3,5,5,10,7,Female,Tier 1,Hybrid
18,64122,12.0,1,6.0,6,9,45,0,71824,46064,7,7,6,7,9,6,6,4,2,4,3,Female,Tier 3,Online
74,37817,4.7,7,2.5,3,6,14,17,61143,32182,6,4,7,10,3,3,2,9,4,8,9,Male,Tier 2,Store
30,62240,8.2,14,4.2,9,8,11,2,24451,80882,7,0,4,6,6,6,6,6,1,8,8,Female,Tier 2,Hybrid
28,77921,8.6,11,6.0,7,10,19,15,109603,54861,8,5,5,4,5,6,8,2,6,7,9,Male,Tier 3,Online
52,192474,4.1,11,0.8,3,7,25,7,91950,37777,6,4,4,4,5,3,1,7,3,8,7,Male,Tier 2,Store
76,15000,2.4,9,1.1,8,6,9,19,17702,73428,10,8,7,8,7,4,3,9,9,2,6,Female,Tier 3,Store
18,130429,10.6,7,5.2,9,10,31,4,48543,22970,6,4,2,3,7,4,7,2,2,7,5,Male,Tier 2,Hybrid
31,212431,5.8,8,4.7,6,8,22,13,97535,125196,6,6,4,3,6,5,3,5,5,10,9,Female,Tier 1,Store
74,119920,8.0,5,1.8,6,4,12,14,4801,133454,7,3,4,4,2,8,4,8,6,4,4,Female,Tier 3,Store
32,51372,9.7,8,4.5,6,10,49,2,113097,44017,4,8,3,7,4,7,10,6,6,10,10,Female,Tier 2,Hybrid
18,72221,9.0,1,6.0,6,10,27,9,84509,51906,6,7,5,4,2,9,10,6,5,8,8,Female,Tier 1,Hybrid
22,121766,11.5,1,4.4,6,9,37,7,16587,20843,10,7,3,5,5,5,6,4,5,10,7,Male,Tier 1,Online
41,53312,8.3,13,5.0,8,9,34,3,56254,60600,10,5,4,5,7,7,10,4,8,9,6,Other,Tier 3,Hybrid
21,124350,6.7,1,4.5,7,10,42,8,111910,92467,6,7,6,8,10,6,8,5,5,3,7,Male,Tier 3,Hybrid
59,107198,6.1,10,1.8,7,6,2,19,27953,123840,4,2,3,7,4,5,8,10,4,9,5,Male,Tier 2,Store
48,205200,8.3,4,4.0,8,10,49,8,137504,61996,8,6,3,4,9,7,5,5,5,8,5,Female,Tier 2,Hybrid
56,207500,7.4,10,2.9,3,7,24,10,103127,120769,6,7,1,3,10,4,1,10,5,9,1,Other,Tier 1,Store
37,144704,7.0,3,4.0,6,7,6,13,17089,49020,3,5,3,1,1,6,7,7,5,6,10,Female,Tier 2,Store
70,67673,4.6,8,2.7,1,1,10,17,15790,66523,7,2,4,8,6,3,5,10,6,7,3,Other,Tier 3,Store
51,61321,5.5,8,1.1,9,7,42,3,67988,14340,10,7,4,6,6,5,4,6,8,2,6,Male,Tier 3,Hybrid
56,178385,6.6,13,2.9,8,10,35,4,108042,12197,2,8,7,8,9,6,8,4,5,8,1,Female,Tier 2,Online
51,100534,8.0,9,4.5,3,8,45,0,150000,52066,6,9,4,5,10,7,9,5,2,8,8,Male,Tier 1,Hybrid
56,149872,7.1,8,1.9,9,8,26,13,60746,62386,7,8,3,4,6,9,5,8,4,5,4,Male,Tier 1,Hybrid
69,113869,5.3,1,1.2,1,3,0,9,900,6519,8,5,3,1,4,5,4,5,5,6,4,Male,Tier 3,Store
54,250000,10.7,10,1.4,8,9,32,9,88638,113698,2,4,1,3,6,9,6,6,7,4,8,Other,Tier 1,Hybrid
42,150123,8.2,3,4.3,7,10,31,5,102721,54611,4,1,4,2,7,8,9,5,6,10,8,Female,Tier 2,Hybrid
59,120941,4.9,10,4.1,3,4,16,16,35725,60381,5,5,3,2,8,5,8,10,9,8,6,Female,Tier 3,Store
49,148229,8.6,4,5.3,7,10,31,2,150000,30078,5,3,6,5,10,7,8,6,8,6,5,Male,Tier 3,Hybrid
36,162150,8.1,4,2.9,7,10,45,1,150000,8956,1,7,2,9,6,7,7,4,6,10,8,Female,Tier 2,Hybrid
41,188276,4.2,13,4.0,4,5,11,19,112758,109777,7,5,4,8,2,7,5,10,7,7,6,Female,Tier 1,Store
32,27227,8.3,12,3.1,5,10,38,8,34650,35254,10,6,5,6,6,10,9,1,5,5,4,Female,Tier 2,Online
37,212211,10.2,9,5.8,5,9,35,6,133460,89463,6,9,7,1,10,8,8,2,7,10,10,Female,Tier 2,Hybrid
38,142931,9.5,4,4.3,6,8,28,0,70363,44039,8,6,3,8,2,4,7,4,1,6,5,Other,Tier 3,Hybrid
23,169575,12.0,7,5.5,10,10,43,2,118162,11771,3,5,7,7,5,7,8,1,5,5,3,Other,Tier 3,Online
18,115611,10.2,6,6.0,8,9,37,6,114774,51798,3,4,2,2,9,9,8,5,3,7,3,Female,Tier 1,Hybrid
51,151994,7.6,11,1.9,4,7,27,13,141876,65945,3,5,4,9,6,7,8,10,2,6,1,Other,Tier 1,Store
18,88669,8.0,1,4.8,8,10,31,2,88787,66692,7,3,3,5,1,4,7,3,4,10,4,Male,Tier 1,Online
77,160294,3.5,4,2.1,6,4,0,17,40968,143381,6,3,4,10,5,5,6,7,7,5,8,Other,Tier 2,Store
39,104586,6.6,11,4.4,1,4,8,9,42429,49682,9,0,5,4,5,8,10,5,5,6,3,Female,Tier 3,Store
44,145807,8.2,11,2.0,5,8,30,11,50441,71730,4,2,3,6,6,6,8,7,3,6,7,Male,Tier 1,Hybrid
45,184955,7.6,4,3.0,9,8,24,10,71249,51522,4,3,1,5,4,1,10,9,6,9,5,Male,Tier 1,Hybrid
65,146962,3.5,11,3.3,2,2,7,16,36388,104027,5,3,4,3,3,6,7,10,6,4,3,Other,Tier 3,Store
50,133912,4.6,10,4.0,6,7,23,9,76262,91503,5,7,3,8,8,6,6,9,8,3,4,Female,Tier 2,Store
57,83325,7.6,11,3.2,6,5,31,5,52565,36639,4,5,4,4,5,3,8,9,7,7,9,Female,Tier 2,Store
49,207843,4.6,10,4.7,3,9,21,5,92395,10525,4,6,3,6,5,6,9,4,5,6,10,Other,Tier 1,Hybrid
48,166268,7.0,10,4.6,6,10,43,3,93658,38187,4,5,5,5,5,7,10,1,4,7,9,Male,Tier 3,Online
69,150848,6.3,7,2.4,4,7,14,15,76355,91817,7,5,4,1,9,7,5,7,7,3,6,Male,Tier 2,Store
47,98160,6.1,4,4.4,7,5,1,14,68473,41085,5,1,6,4,4,1,3,7,4,8,10,Female,Tier 3,Store
40,65881,11.2,9,4.4,10,9,43,2,52721,55096,4,8,6,8,10,8,6,5,3,8,9,Other,Tier 3,Online
57,78549,6.0,5,2.4,5,5,8,15,57806,71464,7,0,6,10,4,4,8,6,2,10,8,Male,Tier 3,Store
48,177760,6.8,7,2.4,7,9,29,12,64268,144390,7,4,3,4,6,7,10,6,4,1,8,Female,Tier 1,Hybrid
64,185936,2.0,13,0.0,5,6,23,4,105355,94252,4,8,6,8,8,4,1,6,6,4,6,Other,Tier 3,Store
51,111539,6.5,5,5.7,3,6,27,5,134994,10078,9,8,3,5,9,5,7,4,9,1,7,Male,Tier 3,Store
41,162513,5.4,7,4.8,7,6,24,19,76911,106152,7,8,6,6,6,10,7,8,1,6,5,Other,Tier 2,Hybrid
29,162686,9.1,8,5.2,7,9,30,5,141483,73470,4,9,3,2,6,8,9,6,3,8,5,Female,Tier 1,Hybrid
63,149773,4.8,7,2.5,5,6,8,19,54188,89324,6,2,3,6,5,6,2,7,10,5,6,Other,Tier 3,Store
34,20641,9.1,9,5.1,6,9,15,16,14513,76373,6,6,7,3,8,6,9,10,2,8,9,Male,Tier 3,Store
52,110450,5.9,8,3.9,7,10,38,0,109692,87897,7,9,4,7,7,5,9,7,8,6,9,Male,Tier 2,Online
46,64609,7.6,10,3.5,7,9,24,10,93504,87472,6,3,6,9,4,9,6,5,4,5,7,Male,Tier 3,Store
47,137193,6.7,10,2.6,10,7,20,12,62299,133066,5,6,2,10,4,4,6,5,5,8,5,Male,Tier 1,Store
47,167152,6.6,6,3.4,5,3,7,14,69063,102672,3,6,3,6,7,5,6,5,8,7,9,Female,Tier 1,Store
36,132518,8.6,5,4.4,4,9,33,8,126509,16864,7,5,2,7,10,7,9,5,7,3,4,Female,Tier 2,Hybrid
58,184366,3.9,9,2.3,4,6,20,11,53767,79885,2,8,2,4,10,7,5,4,7,5,1,Other,Tier 1,Hybrid
61,168472,6.2,1,2.2,5,3,8,6,111735,64147,5,4,5,5,7,7,6,6,5,9,7,Other,Tier 1,Store
42,100026,7.7,12,5.1,6,10,23,12,36348,116815,5,5,4,7,7,3,5,5,6,4,4,Male,Tier 3,Hybrid
37,124020,11.1,7,6.0,1,8,40,0,138157,41019,2,5,2,6,4,6,10,8,5,8,7,Female,Tier 3,Store
57,15000,6.8,1,2.6,3,8,37,9,30322,44324,10,5,4,10,7,6,5,7,5,4,8,Male,Tier 3,Hybrid
39,43781,9.9,7,2.3,3,6,29,12,21883,79329,9,9,6,6,4,6,5,6,2,6,1,Other,Tier 3,Store
28,148376,6.9,12,4.5,6,9,33,8,97036,80072,4,6,6,6,4,2,3,4,5,5,10,Male,Tier 2,Hybrid
49,62340,5.8,5,3.0,5,6,22,14,89905,52014,6,5,1,5,7,3,7,10,5,5,2,Other,Tier 1,Store
32,39803,6.7,9,5.4,6,8,23,10,42856,77392,5,2,6,10,4,8,8,2,4,8,9,Female,Tier 3,Store
58,138967,2.8,14,1.2,5,5,12,19,49736,121439,7,3,3,2,2,6,1,8,7,10,8,Other,Tier 2,Store
42,116187,8.3,13,3.2,4,7,35,8,137087,49810,7,8,4,8,7,5,6,9,3,5,10,Male,Tier 1,Online
18,142348,8.0,1,5.8,6,9,23,7,4067,38591,8,8,3,4,7,6,10,5,4,6,3,Male,Tier 1,Hybrid
68,89937,3.7,9,0.0,6,6,17,15,34592,36874,6,0,2,4,9,4,5,9,4,8,1,Male,Tier 2,Store
36,106695,5.7,8,5.0,6,9,23,4,47376,84818,6,8,1,4,4,3,7,5,6,9,6,Other,Tier 1,Store
40,122198,7.1,10,3.3,9,8,46,1,108385,47493,9,7,6,4,8,2,8,5,5,7,6,Male,Tier 3,Online
34,133608,9.7,12,6.0,2,10,49,0,90576,1666,5,8,5,4,7,10,8,4,5,9,8,Female,Tier 1,Online
20,66873,11.5,8,6.0,9,9,20,8,47882,53843,6,4,1,9,8,10,10,2,4,10,1,Female,Tier 1,Online
41,99119,9.8,6,6.0,3,10,40,5,51519,68747,10,9,4,6,7,3,8,4,3,10,7,Other,Tier 2,Online
19,118249,7.2,1,2.8,3,10,43,8,53722,63244,8,8,3,5,6,6,7,1,1,8,4,Other,Tier 2,Hybrid
51,123470,4.9,11,4.7,5,6,4,5,28777,41906,5,8,5,7,3,6,3,4,5,6,9,Male,Tier 3,Store
69,150641,3.1,12,0.2,2,1,0,16,29245,103481,7,2,7,9,4,5,4,10,9,10,4,Male,Tier 3,Store
54,124253,8.9,11,0.4,5,6,29,6,83843,2190,7,6,3,6,6,8,3,7,7,10,5,Other,Tier 1,Store
79,50681,5.4,6,1.0,6,5,7,9,900,60995,8,3,5,4,10,4,1,7,4,10,3,Female,Tier 3,Store
60,44786,4.3,8,1.6,4,9,22,9,19132,16951,7,7,6,3,7,6,5,7,6,7,1,Male,Tier 3,Store
39,213396,7.2,5,3.8,5,9,30,14,143416,28235,4,1,4,1,8,8,8,7,8,9,9,Female,Tier 1,Store
44,44943,7.9,13,2.5,5,5,21,12,55920,25280,8,7,3,7,5,9,7,5,4,5,8,Male,Tier 1,Store
29,168510,7.6,14,4.7,2,8,21,15,89762,101253,3,8,6,3,7,5,9,6,7,6,6,Male,Tier 3,Store
27,159159,8.4,9,5.3,6,9,33,6,131876,59905,6,7,5,4,8,4,9,3,6,6,3,Male,Tier 2,Online
65,116392,5.2,2,1.5,5,7,1,9,31402,23486,8,5,2,5,1,7,6,6,5,6,5,Male,Tier 1,Store
37,139547,9.9,8,4.1,8,9,36,9,92883,83776,6,9,6,5,8,8,7,9,4,6,8,Other,Tier 2,Hybrid
45,130388,8.9,11,6.0,7,9,22,12,35393,90920,1,0,4,5,6,10,9,7,5,9,2,Male,Tier 1,Store
45,82830,6.7,9,4.3,5,4,9,9,36716,24219,9,6,4,7,5,6,7,6,7,8,9,Other,Tier 3,Store
47,110235,5.2,1,5.0,7,6,29,11,91830,73546,4,7,5,5,5,5,6,10,8,7,10,Female,Tier 2,Store
32,171597,10.1,8,6.0,9,7,22,0,59332,39659,4,2,2,10,5,5,10,4,2,7,9,Male,Tier 3,Hybrid
67,55509,6.2,12,2.5,2,3,0,18,900,28019,6,0,6,7,1,3,9,9,6,2,9,Female,Tier 3,Store
68,151268,4.2,6,2.4,5,6,14,17,67759,98043,3,4,5,7,7,7,4,9,5,4,8,Female,Tier 3,Store
36,118708,7.3,13,3.9,7,6,14,9,57670,62087,6,9,5,6,7,6,4,6,5,8,9,Male,Tier 1,Store
18,142242,5.7,2,6.0,9,9,26,14,66573,33131,6,8,5,4,10,6,8,4,4,8,6,Female,Tier 3,Hybrid
18,175069,12.0,6,6.0,3,9,49,7,150000,33366,7,6,1,6,8,8,9,1,3,10,6,Other,Tier 1,Online
58,47315,4.1,7,0.7,5,5,18,12,100530,10172,5,9,4,4,6,4,2,8,7,5,3,Male,Tier 1,Store
49,163430,5.2,9,3.9,6,7,20,16,49582,104420,2,1,6,2,6,3,6,8,3,9,7,Female,Tier 3,Store
39,96257,6.2,12,5.2,10,10,24,6,29748,35513,2,3,2,4,7,10,8,4,5,5,4,Other,Tier 1,Online
71,91778,5.9,11,4.1,2,6,8,19,74960,58629,7,3,1,4,6,5,7,10,10,4,3,Female,Tier 1,Store
42,133360,9.2,10,2.3,4,10,31,4,116627,36307,8,7,2,5,10,10,9,5,5,8,5,Female,Tier 1,Online
36,94488,7.6,9,4.0,10,10,38,8,99043,66924,5,6,5,3,7,8,6,4,5,3,5,Male,Tier 3,Online
60,82585,2.8,2,2.2,7,5,0,13,7663,95229,5,5,2,6,3,5,5,5,7,9,2,Male,Tier 2,Store
58,70702,4.0,11,3.1,9,9,28,10,47288,84937,8,4,5,3,9,4,4,8,5,9,9,Male,Tier 3,Hybrid
52,78459,4.5,4,1.6,5,7,20,4,31172,500,4,6,5,6,9,10,5,6,7,10,3,Other,Tier 1,Store
55,99190,3.0,5,3.9,3,8,22,13,80319,97028,7,2,6,6,4,6,7,5,3,7,3,Male,Tier 3,Store
38,89798,8.1,6,3.9,7,10,49,2,100036,37506,5,9,3,6,9,10,7,6,5,7,9,Female,Tier 3,Online
51,121245,7.4,3,3.0,4,10,38,8,72718,72011,9,7,1,6,7,4,6,7,4,6,6,Other,Tier 2,Hybrid
58,147200,7.4,12,1.6,5,6,22,10,113964,58419,3,4,5,1,4,5,4,7,8,5,1,Male,Tier 1,Store
45,157590,7.4,3,1.7,7,10,25,12,77452,116928,6,4,4,6,9,8,5,7,5,10,9,Female,Tier 2,Store
54,93232,7.1,5,4.7,6,10,39,9,83359,66496,5,5,1,9,7,7,9,8,4,10,3,Male,Tier 1,Hybrid
51,88187,8.2,11,1.4,6,8,24,15,111201,24073,9,4,6,4,7,6,6,10,6,6,8,Male,Tier 2,Store
53,167443,6.5,7,2.7,7,8,31,5,74322,52504,6,6,2,5,10,7,6,5,8,5,7,Female,Tier 1,Store
37,116347,11.1,9,3.1,5,10,38,8,86732,110006,6,1,4,6,7,4,4,8,4,7,9,Male,Tier 1,Hybrid
34,65460,7.5,12,3.9,9,10,36,8,95431,50721,8,6,4,7,8,6,7,5,3,9,3,Male,Tier 3,Hybrid
61,100327,4.5,6,2.7,2,7,28,8,82185,53552,7,6,4,4,4,2,4,8,5,9,5,Male,Tier 3,Hybrid
53,93065,5.8,8,3.3,4,5,13,7,23254,34496,10,3,5,3,6,3,7,5,6,5,4,Female,Tier 3,Store
40,88297,6.4,5,5.9,5,6,14,7,56416,11832,4,4,6,7,9,4,7,5,1,3,2,Female,Tier 3,Store
33,129811,9.7,13,5.6,6,9,37,0,75831,500,6,8,6,5,10,4,10,2,3,8,7,Other,Tier 3,Online
55,179346,5.5,5,3.8,6,8,30,8,132655,126250,4,9,1,6,4,5,4,6,5,8,10,Male,Tier 1,Store
42,130341,9.6,14,3.6,10,10,49,0,127788,39825,7,1,4,9,4,7,8,5,2,9,2,Female,Tier 1,Online
38,129124,10.0,4,3.8,7,10,39,2,94152,73414,2,2,2,2,8,5,6,5,5,5,8,Female,Tier 2,Online
79,150099,3.4,4,1.5,2,3,0,17,72356,43727,1,4,6,3,5,2,5,7,6,7,3,Male,Tier 2,Store
42,103043,5.1,6,4.5,6,10,25,14,67637,136810,8,1,5,8,6,6,5,8,7,6,4,Male,Tier 3,Store
30,145999,11.4,13,5.2,8,10,49,0,150000,63386,9,9,7,6,8,8,8,3,3,7,6,Male,Tier 3,Hybrid
58,55130,9.7,9,6.0,3,5,5,14,900,119742,5,3,6,6,3,7,10,8,7,7,7,Female,Tier 3,Store
28,165105,10.6,12,5.3,3,8,31,4,150000,43959,7,7,2,2,8,5,10,8,3,5,8,Female,Tier 2,Store
66,65112,3.2,5,2.0,8,6,11,13,900,101239,5,6,2,5,9,5,8,9,5,6,2,Female,Tier 3,Store
69,157944,8.1,2,1.6,3,6,19,13,101327,86269,6,3,3,7,8,7,5,8,5,8,1,Female,Tier 1,Store
62,153956,6.1,5,3.9,3,1,0,18,76051,135559,7,0,3,6,4,5,4,10,10,5,5,Male,Tier 2,Store
62,111640,6.1,1,1.2,4,4,6,19,20680,56727,2,3,4,7,7,5,5,10,9,8,2,Female,Tier 2,Store
68,36865,5.8,3,0.1,3,5,12,17,52866,120713,6,3,2,7,2,4,3,3,8,6,3,Female,Tier 2,Store
58,171164,5.2,11,1.5,6,10,31,0,121310,2014,4,7,3,7,10,10,8,4,3,9,3,Male,Tier 1,Online
69,179160,1.0,5,0.0,6,4,0,19,27679,87098,1,3,4,6,1,7,4,9,7,8,8,Male,Tier 1,Store
36,138006,9.3,5,3.6,6,9,30,9,128784,49024,8,4,4,6,5,7,4,7,1,10,7,Female,Tier 1,Hybrid
52,202918,7.5,10,4.2,5,8,25,2,71231,53895,2,8,5,7,4,6,7,10,7,4,4,Female,Tier 2,Hybrid
40,161035,5.6,13,4.4,7,10,24,10,126294,103494,6,5,2,3,4,7,8,4,5,10,7,Female,Tier 1,Hybrid
33,98178,9.7,6,4.8,8,10,49,8,108606,88351,3,9,6,9,6,6,10,5,3,5,8,Other,Tier 3,Hybrid
24,132456,7.5,7,5.4,7,10,29,3,150000,13478,9,8,3,3,8,4,9,3,6,7,3,Female,Tier 3,Online
53,153428,4.3,8,3.3,6,4,0,19,113588,99960,9,4,3,6,7,5,5,10,4,6,10,Male,Tier 2,Store
38,188940,10.9,13,6.0,6,10,44,7,108942,77787,4,7,6,4,7,8,10,5,1,5,2,Other,Tier 1,Online
49,179955,7.8,12,2.3,4,6,23,9,138933,115417,7,6,3,3,6,5,7,7,4,2,4,Female,Tier 1,Store
21,45834,10.8,8,6.0,5,10,40,5,125614,56037,7,5,5,8,9,6,10,5,4,6,1,Male,Tier 3,Hybrid
31,139120,12.0,14,3.2,7,10,44,5,127655,77208,5,5,7,4,10,2,9,5,3,7,9,Other,Tier 3,Hybrid
42,67935,8.0,4,4.6,3,10,35,5,26523,62647,7,4,4,8,9,9,10,5,7,7,7,Male,Tier 2,Online
40,187183,5.5,7,3.3,6,7,19,18,144501,85674,8,4,6,6,4,6,9,6,5,7,7,Other,Tier 1,Store
18,121733,8.5,3,6.0,9,10,38,8,72870,63841,3,7,6,8,10,7,10,2,4,6,2,Male,Tier 3,Hybrid
63,100109,7.7,9,3.3,7,7,10,9,85665,44600,10,7,3,6,2,5,4,7,6,8,3,Male,Tier 2,Store
79,109562,2.5,7,0.9,4,2,6,10,132143,91856,2,4,4,8,4,2,2,7,9,9,10,Female,Tier 1,Store
41,118406,11.4,8,2.5,4,8,33,5,111641,21181,4,7,2,8,3,10,5,6,1,9,3,Male,Tier 1,Hybrid
50,39858,5.3,4,3.1,7,8,33,11,96495,53771,8,2,7,6,10,6,8,7,6,5,7,Other,Tier 3,Hybrid
27,70297,8.5,3,5.1,8,9,36,7,63004,95362,9,7,2,4,5,7,9,3,5,10,5,Male,Tier 1,Hybrid
41,222358,9.7,6,4.5,8,8,34,5,124197,49708,4,8,4,4,5,3,6,6,4,4,9,Male,Tier 3,Hybrid
41,139893,3.1,14,5.7,6,7,15,10,95671,105041,7,6,4,7,3,7,5,6,3,7,7,Female,Tier 1,Store
29,89931,7.8,14,2.9,3,9,27,8,38742,103416,10,6,7,7,5,7,10,7,2,6,7,Female,Tier 3,Store
38,130948,6.9,11,5.9,7,7,33,0,58683,102235,6,4,3,10,9,5,10,6,5,6,7,Male,Tier 1,Online
19,126918,8.5,1,2.4,4,9,49,10,91703,99821,8,7,5,4,8,7,7,5,4,8,5,Male,Tier 2,Hybrid
23,58832,6.7,3,3.9,4,7,44,1,92527,23850,10,8,3,8,10,6,8,4,3,7,4,Other,Tier 3,Hybrid
30,126239,10.6,13,4.1,9,8,43,8,109640,65701,7,4,5,9,7,4,8,5,6,4,7,Other,Tier 2,Online
50,108083,9.7,7,4.1,4,10,33,8,118598,79778,3,5,6,5,1,9,4,7,6,5,10,Male,Tier 3,Hybrid
42,123617,7.7,6,4.1,6,10,27,14,126221,69305,10,2,4,6,10,6,6,9,3,5,1,Male,Tier 3,Store
31,15000,6.6,10,3.1,10,7,27,10,71442,17055,7,4,6,8,7,4,6,6,5,9,7,Female,Tier 3,Hybrid
33,180784,5.0,12,2.2,6,8,21,12,82662,136880,4,9,1,6,1,5,6,2,3,10,9,Male,Tier 1,Hybrid
34,103875,12.0,6,4.8,8,6,30,8,90459,49423,6,5,4,5,6,6,6,9,1,9,8,Female,Tier 3,Hybrid
42,109193,8.9,5,3.7,8,10,43,5,146260,56267,6,8,3,3,6,10,3,7,5,10,8,Other,Tier 1,Hybrid
59,102894,5.6,5,1.5,5,7,16,8,32435,42022,7,6,6,4,8,5,2,7,5,9,1,Male,Tier 3,Store
35,111820,7.7,14,2.5,4,5,25,18,118037,49505,8,1,4,4,10,6,4,8,8,5,5,Other,Tier 2,Store
40,137738,3.8,2,1.3,2,2,0,18,65096,66643,8,6,7,6,7,2,3,9,4,9,5,Male,Tier 2,Store
37,101461,9.3,11,4.0,2,10,46,8,116382,87467,6,8,4,6,10,7,9,1,3,10,8,Male,Tier 2,Online
65,173257,3.0,3,2.4,5,5,11,18,84453,144816,4,3,5,5,4,6,4,7,5,5,3,Male,Tier 2,Store
39,186077,9.4,7,3.3,8,10,28,11,92439,69776,3,0,2,5,7,9,4,10,1,10,6,Female,Tier 1,Store
45,169390,8.1,3,5.9,6,7,28,11,111903,68868,4,8,3,3,8,5,8,8,5,10,5,Male,Tier 1,Store
31,120892,11.7,7,4.3,1,6,38,5,59519,93806,4,8,7,4,9,6,3,7,7,5,7,Male,Tier 3,Hybrid
49,177631,6.4,12,3.5,8,6,13,13,85023,70992,8,4,3,5,4,5,5,5,3,3,6,Male,Tier 2,Store
79,93848,7.0,6,2.1,4,4,30,7,38687,62427,6,6,2,4,9,6,4,9,8,8,7,Male,Tier 1,Store
61,150523,6.0,7,2.2,5,3,6,13,150000,130562,5,6,5,5,7,2,6,6,10,6,7,Other,Tier 3,Store
33,190753,9.4,14,6.0,7,10,49,1,150000,71593,5,5,3,4,8,5,9,4,6,7,9,Male,Tier 2,Online
56,84261,7.8,10,2.7,2,8,26,13,97928,34603,9,8,6,7,6,7,5,6,7,7,1,Other,Tier 3,Hybrid
64,133558,6.3,5,2.8,6,7,28,10,114430,68721,7,0,5,4,4,7,7,6,8,7,7,Female,Tier 3,Hybrid
41,185427,2.8,12,1.8,3,5,22,9,102303,95346,7,3,2,6,7,3,4,4,5,7,5,Other,Tier 1,Store
55,103998,7.0,10,4.4,4,6,8,19,57653,96175,5,3,5,6,4,4,6,8,4,3,10,Male,Tier 3,Store
50,147837,6.0,8,2.6,5,8,26,9,36915,68415,2,5,6,6,7,3,6,7,6,8,4,Female,Tier 2,Store
48,148934,7.5,7,3.8,7,9,17,10,49064,44646,4,3,3,5,1,5,8,3,9,10,8,Other,Tier 1,Store
48,80751,5.0,9,2.6,5,7,20,5,28587,18411,6,9,6,5,6,3,5,5,1,8,2,Female,Tier 3,Store
36,189665,6.6,8,2.7,3,5,19,12,110977,92338,7,6,4,3,10,4,9,3,5,10,5,Male,Tier 1,Hybrid
42,122863,8.7,8,3.1,8,10,38,4,125254,43378,5,8,3,7,6,6,8,5,5,4,6,Male,Tier 3,Hybrid
18,66188,9.3,1,5.0,5,10,35,4,99338,35357,7,9,4,6,8,8,8,5,4,7,2,Female,Tier 3,Hybrid
57,144197,5.6,8,4.2,3,5,14,15,82409,130389,9,2,5,2,2,3,8,6,3,9,5,Female,Tier 2,Store
45,246810,1.8,7,3.5,6,5,5,17,150000,150000,4,4,3,3,2,4,6,8,4,6,5,Female,Tier 1,Store
48,250000,8.7,5,3.6,3,8,16,12,101515,90132,2,4,4,3,8,10,4,5,8,3,6,Other,Tier 2,Store
37,107083,8.5,6,4.6,7,10,39,8,38862,81068,9,4,5,3,4,4,7,4,5,7,7,Female,Tier 3,Hybrid
45,164595,7.1,2,2.1,5,8,7,16,63015,100099,9,2,4,4,2,7,6,6,5,7,3,Other,Tier 3,Hybrid
30,73287,9.8,10,6.0,6,10,42,5,107616,34628,5,4,3,7,10,7,8,1,4,6,7,Male,Tier 2,Hybrid
50,85837,8.3,6,2.5,7,8,35,4,99808,52338,7,0,3,6,7,10,6,6,4,6,7,Female,Tier 3,Store
37,138258,8.1,10,2.8,5,9,20,6,61878,500,5,4,2,5,7,6,9,2,6,4,6,Female,Tier 1,Hybrid
56,87173,5.1,12,2.7,8,8,19,10,52492,109497,7,7,5,6,9,7,2,10,9,3,5,Female,Tier 3,Hybrid
63,135700,3.4,4,1.9,5,5,4,11,46507,102514,8,9,3,5,3,3,1,9,2,6,7,Female,Tier 3,Store
62,53108,10.2,3,4.4,1,7,34,6,60841,31869,4,7,7,9,8,6,6,6,4,9,4,Female,Tier 3,Store
22,167839,8.8,2,3.0,7,10,44,4,139847,117464,3,5,6,5,10,9,5,1,3,6,7,Male,Tier 3,Hybrid
21,68106,6.5,5,6.0,6,7,25,7,37567,60812,9,5,6,6,7,7,10,7,3,7,3,Male,Tier 3,Store
43,92610,7.3,7,3.4,3,10,20,7,68629,74450,8,3,6,8,6,5,9,5,5,2,9,Female,Tier 3,Hybrid
34,190356,8.5,3,5.7,10,10,48,6,150000,64721,7,9,6,6,7,7,4,1,7,6,9,Other,Tier 3,Online
51,135208,7.0,11,5.3,6,5,25,18,92801,51610,6,7,7,6,6,3,10,8,8,8,6,Other,Tier 3,Store
34,130995,4.8,6,4.2,6,9,36,9,135218,500,5,6,3,5,8,6,8,7,7,9,6,Female,Tier 1,Hybrid
62,120842,2.5,1,2.8,4,6,0,19,57892,101368,5,2,6,5,1,5,6,10,6,3,3,Female,Tier 3,Store
40,147661,7.1,4,4.3,2,5,30,10,96530,71428,7,8,3,3,4,6,9,3,5,2,9,Female,Tier 1,Store
64,169090,6.8,9,5.0,6,3,10,13,85889,79433,7,4,3,4,3,2,6,5,6,8,7,Female,Tier 2,Store
47,30367,3.8,13,3.2,6,7,22,9,59381,500,8,0,3,6,10,6,6,6,4,7,5,Male,Tier 2,Store
39,78836,8.6,7,4.7,6,9,33,8,108963,101214,7,6,5,7,7,8,10,6,6,8,7,Female,Tier 1,Store
19,27201,9.4,4,3.9,7,8,39,7,78250,500,6,5,3,5,6,4,9,2,3,7,6,Male,Tier 1,Online
55,124806,10.8,5,3.0,5,8,43,10,131933,52356,6,3,3,7,9,4,10,6,5,9,2,Male,Tier 1,Hybrid
64,131451,6.6,7,3.0,6,3,12,12,69678,108011,8,6,1,7,8,6,6,10,5,9,2,Male,Tier 1,Store
18,93570,7.8,5,4.9,5,7,30,0,76330,32496,8,3,4,6,8,5,10,2,1,8,1,Female,Tier 3,Hybrid
72,32014,6.3,5,4.3,6,6,24,7,12038,98409,8,2,7,10,6,3,5,10,5,5,3,Other,Tier 3,Store
67,124065,3.6,1,1.1,4,5,7,13,48532,99232,10,6,7,4,3,8,3,8,9,5,1,Male,Tier 3,Store
52,119664,7.3,5,4.0,5,8,22,10,98367,78527,2,5,4,6,1,6,6,5,3,10,8,Female,Tier 2,Store
52,191145,6.4,6,3.5,4,9,33,3,60846,500,3,6,4,5,6,6,8,6,2,9,4,Female,Tier 2,Hybrid
50,188505,5.8,6,2.9,2,3,6,9,126493,46682,7,5,4,5,6,6,5,4,7,10,9,Female,Tier 1,Store
50,166408,6.7,11,4.4,9,8,21,12,48359,53755,4,0,2,1,4,4,10,6,8,10,5,Female,Tier 1,Store
34,117758,10.4,14,6.0,6,9,39,7,76310,48347,6,6,6,8,9,7,6,3,2,8,8,Male,Tier 1,Hybrid
36,104752,6.0,12,5.4,6,7,22,10,107777,59312,8,5,3,6,7,6,10,5,5,9,5,Female,Tier 1,Store
32,130854,7.3,7,6.0,7,10,34,14,56048,113881,5,8,4,7,8,8,10,5,5,4,10,Male,Tier 2,Hybrid
43,119984,7.1,4,2.4,6,9,36,4,84827,43933,8,9,1,7,8,5,8,7,6,10,5,Other,Tier 2,Online
36,146756,8.5,3,4.6,6,10,37,3,118898,92521,7,3,2,6,6,9,7,6,7,8,10,Other,Tier 1,Online
59,151342,5.3,8,0.3,4,8,29,10,139545,92364,9,7,4,2,6,5,4,9,5,10,5,Female,Tier 2,Store
39,102309,8.0,11,3.5,5,10,44,4,134686,17253,10,9,2,1,9,6,8,2,9,6,1,Male,Tier 2,Hybrid
39,15000,8.3,4,3.9,3,5,20,13,41329,103945,8,4,4,7,6,1,8,5,5,6,8,Female,Tier 3,Store
65,104189,4.0,6,0.7,4,3,19,8,61986,41645,4,6,6,5,5,3,3,7,5,1,4,Male,Tier 3,Store
31,95442,8.7,12,5.5,7,10,48,3,121946,43346,7,7,7,6,10,4,8,5,4,7,8,Female,Tier 3,Online
66,53866,7.6,8,3.1,8,7,25,6,98124,42667,8,6,5,8,5,6,5,8,2,2,3,Other,Tier 3,Hybrid
44,115047,9.9,8,5.3,6,7,20,18,64898,139296,5,3,4,5,7,4,10,6,1,4,4,Male,Tier 3,Store
79,97430,5.1,1,1.6,4,5,11,15,51602,9272,5,5,3,8,6,3,5,10,6,2,5,Female,Tier 1,Store
32,164245,12.0,13,5.3,6,10,49,0,87704,84271,6,9,2,3,10,5,4,3,3,8,9,Female,Tier 1,Online
51,162897,5.6,10,4.8,5,5,22,5,126498,28625,8,4,4,6,5,4,9,3,7,10,8,Other,Tier 2,Store
57,164846,9.3,3,3.5,8,10,40,4,140907,62752,8,6,5,7,6,10,6,9,7,4,3,Male,Tier 1,Online
68,140402,2.7,11,1.5,6,8,24,7,95599,62823,10,4,3,9,10,9,4,10,8,10,5,Male,Tier 2,Store
33,172602,8.0,14,3.1,4,8,28,6,140729,62361,2,8,5,7,7,8,6,4,4,8,8,Male,Tier 3,Store
54,159789,3.9,10,2.1,7,4,23,10,62822,116754,8,1,3,9,6,5,2,8,5,5,6,Other,Tier 2,Store
30,56242,9.9,13,2.7,4,10,49,0,88414,35508,6,8,6,7,10,5,7,2,3,7,6,Other,Tier 2,Hybrid
48,163737,6.3,6,2.6,7,10,26,8,85098,69067,6,4,3,4,2,8,6,5,4,5,4,Male,Tier 2,Hybrid
47,228867,9.0,6,4.6,4,9,38,6,132652,70534,6,8,2,5,9,7,9,4,4,7,9,Other,Tier 1,Hybrid
42,72084,5.6,10,3.5,8,10,30,3,80480,24148,4,5,4,9,6,5,9,3,6,10,7,Female,Tier 2,Hybrid
50,132005,8.4,7,6.0,7,8,31,8,119441,34106,1,6,3,4,5,8,10,5,7,3,6,Male,Tier 2,Hybrid
26,162963,10.5,7,6.0,3,10,49,14,150000,146604,8,6,2,8,10,9,10,7,3,9,9,Other,Tier 2,Online
32,139964,9.7,7,5.8,5,10,32,2,121033,32562,8,4,4,6,5,9,10,5,1,2,8,Other,Tier 1,Online
43,151207,7.9,11,4.3,4,8,18,7,109168,63801,4,3,3,4,8,7,6,6,4,8,7,Male,Tier 2,Hybrid
41,135459,6.3,5,3.9,3,7,15,7,52286,93004,4,6,5,6,8,6,7,7,2,5,5,Other,Tier 2,Store
26,108320,7.0,8,4.5,5,8,16,19,102090,94446,4,6,3,5,4,5,8,10,8,8,8,Female,Tier 2,Store
47,121489,6.0,4,4.1,3,5,15,9,69967,39182,6,7,4,3,5,9,5,9,5,10,7,Female,Tier 1,Store
38,143916,7.0,12,1.6,8,10,25,10,78055,89186,8,4,4,5,1,7,5,8,6,6,6,Female,Tier 3,Hybrid
41,137134,5.8,10,4.9,5,9,14,13,78174,87277,9,0,7,6,1,4,5,7,1,5,8,Male,Tier 2,Store
30,188575,7.5,9,2.8,8,9,47,0,123639,33186,5,8,3,5,10,8,9,5,1,10,8,Male,Tier 1,Hybrid
18,42680,11.7,4,6.0,8,10,49,1,86327,4709,5,9,7,6,10,3,9,4,4,8,7,Female,Tier 3,Online
53,198424,4.4,11,0.0,4,8,25,8,72626,101842,3,9,5,2,7,10,4,7,5,5,3,Female,Tier 2,Store
60,94281,1.0,8,0.0,6,4,5,17,27183,51707,4,3,3,4,4,1,4,10,7,8,8,Female,Tier 1,Store
46,24988,6.2,13,3.8,4,6,17,6,57849,72693,7,9,6,10,6,1,9,4,6,7,7,Male,Tier 1,Store
18,108249,7.3,2,3.9,3,7,27,11,81759,41126,7,4,3,4,6,4,8,3,5,8,10,Male,Tier 3,Store
70,81922,1.2,14,1.0,2,4,0,19,53375,104979,8,2,6,5,4,6,5,10,7,7,4,Other,Tier 3,Store
24,64405,10.4,7,5.7,7,10,49,3,86642,66418,6,8,4,5,5,4,10,2,5,10,4,Other,Tier 2,Online
47,161460,6.0,11,2.6,3,7,21,11,102138,61293,6,2,5,6,8,3,6,4,4,6,8,Other,Tier 3,Store
39,138923,6.6,8,3.2,3,8,19,19,75841,67378,6,7,6,5,3,7,6,6,1,9,8,Male,Tier 3,Store
44,209560,8.6,2,4.6,5,8,31,8,123559,90247,2,7,3,4,10,6,10,6,5,3,7,Male,Tier 1,Hybrid
44,174665,7.6,10,4.9,3,7,24,9,128097,126264,3,8,2,7,4,4,7,7,5,6,10,Male,Tier 1,Store
18,106325,10.0,4,4.3,7,9,43,4,102064,65258,7,5,6,5,9,8,8,4,6,10,4,Other,Tier 3,Online
60,27684,6.3,5,3.7,8,6,34,10,72154,4519,4,8,5,8,6,7,5,9,5,2,1,Female,Tier 2,Store
57,107865,7.2,11,5.4,8,6,15,13,900,120674,6,8,2,4,1,9,9,6,4,10,3,Other,Tier 1,Store
34,75328,10.2,10,4.3,6,9,33,11,87820,34081,9,9,5,5,2,5,9,3,4,6,6,Male,Tier 3,Hybrid
54,220489,3.6,1,3.0,5,7,14,10,43962,142821,7,5,6,5,6,7,9,8,5,7,6,Male,Tier 2,Store
75,79079,6.2,4,3.2,1,5,26,14,63326,63895,5,0,4,7,5,8,6,10,5,7,4,Female,Tier 1,Store
33,88346,8.1,11,3.9,6,10,36,6,117116,34264,9,6,4,5,5,5,5,3,5,5,2,Male,Tier 3,Hybrid
20,69601,9.3,7,4.6,8,7,34,9,88459,52827,10,9,1,6,10,9,10,8,5,3,4,Male,Tier 1,Hybrid
40,71853,7.8,5,4.0,5,10,30,7,75794,34956,10,7,3,4,7,10,9,8,6,9,10,Male,Tier 3,Store
53,29678,8.4,8,1.7,6,10,34,7,56548,59931,8,5,4,7,7,7,6,6,6,10,7,Male,Tier 3,Hybrid
46,222499,9.8,7,4.7,6,10,44,9,127023,69784,3,6,3,5,8,7,7,8,4,4,4,Female,Tier 1,Hybrid
45,189065,6.0,1,3.2,6,10,18,10,68972,62119,5,2,3,9,6,7,5,6,5,6,5,Other,Tier 1,Store
43,72715,7.7,9,4.5,6,9,32,4,107478,67736,8,9,6,3,5,5,4,5,3,6,4,Female,Tier 3,Online
39,164870,8.3,12,3.6,4,5,30,15,104416,134297,6,4,5,5,10,6,8,5,6,8,8,Male,Tier 2,Store
52,133109,3.0,6,3.0,8,7,6,17,48741,92409,3,7,4,5,4,5,5,10,6,7,10,Female,Tier 3,Store
47,173775,7.8,10,3.7,5,8,20,16,105567,78676,6,7,5,3,5,10,7,5,5,5,8,Female,Tier 3,Hybrid
46,42950,2.9,5,0.2,7,7,16,8,29656,74431,7,5,4,10,3,7,3,6,7,7,6,Male,Tier 2,Store
26,52054,11.5,14,6.0,6,7,25,4,66072,24768,5,7,6,3,5,10,10,2,5,7,10,Female,Tier 3,Store
58,173524,5.5,5,3.4,5,6,7,15,3724,115804,8,7,1,3,6,6,6,10,6,10,5,Male,Tier 1,Store
30,15000,8.8,10,4.9,7,8,27,12,8907,65072,9,5,3,7,2,10,5,9,5,10,10,Other,Tier 1,Hybrid
71,18276,4.1,1,2.5,5,6,16,14,37372,98866,8,7,6,6,6,4,5,8,9,6,2,Male,Tier 3,Store
40,149015,5.6,5,3.4,6,6,8,19,80939,109601,10,1,1,5,7,6,7,6,2,10,10,Male,Tier 1,Store
79,15000,3.9,4,1.6,6,8,22,10,23510,87047,7,7,4,6,7,4,5,10,10,3,5,Other,Tier 3,Store
60,180649,6.0,7,2.7,2,1,0,14,83076,111795,3,3,5,8,4,4,3,5,7,2,2,Female,Tier 3,Store
22,121195,9.9,2,5.9,6,10,42,5,84815,44676,9,2,3,9,8,8,10,1,1,10,7,Male,Tier 1,Online
48,102998,5.2,11,3.9,4,6,20,13,29806,105862,9,2,4,8,9,5,8,8,5,9,10,Other,Tier 1,Store
20,55319,9.0,2,6.0,7,10,31,10,30959,69643,6,3,3,2,9,7,10,5,6,8,4,Other,Tier 1,Hybrid
38,93260,7.5,14,3.6,10,10,38,2,77045,5066,6,8,2,8,7,9,9,6,4,6,9,Male,Tier 2,Online
55,189896,4.8,5,2.9,2,4,21,7,130712,46054,4,7,3,7,2,5,7,9,7,7,9,Female,Tier 2,Store
22,86262,8.3,8,2.4,7,10,34,4,68177,19265,7,5,4,1,7,4,8,5,5,9,3,Male,Tier 3,Hybrid
43,129967,5.2,9,5.6,6,7,22,10,121163,62752,6,6,4,5,4,7,7,8,2,10,6,Female,Tier 2,Store
43,91852,6.5,7,3.4,6,8,28,5,93524,7334,8,8,6,6,4,10,9,4,7,8,3,Male,Tier 2,Hybrid
24,67250,11.3,5,5.4,8,10,49,0,90331,11695,6,6,5,7,10,8,10,5,1,1,10,Male,Tier 3,Online
35,142493,11.7,8,2.6,10,10,37,0,71012,78258,7,8,6,4,7,5,8,6,7,8,8,Male,Tier 2,Online
41,85645,5.4,10,3.8,7,7,18,13,46160,60769,7,3,5,7,7,5,5,4,4,9,7,Male,Tier 3,Store
43,136537,5.2,5,2.5,7,10,49,0,106885,63945,1,9,4,5,5,6,8,7,3,7,3,Female,Tier 2,Hybrid
47,93792,8.6,7,3.6,3,8,40,4,149050,9414,4,4,2,8,6,5,7,6,2,6,7,Female,Tier 1,Online
66,145621,5.2,12,2.2,4,7,27,9,70834,72226,6,6,1,5,5,9,5,5,7,5,2,Male,Tier 2,Hybrid
70,146913,5.8,10,0.7,4,6,10,14,38646,72985,6,1,6,4,3,1,3,8,7,7,5,Female,Tier 3,Store
44,53729,6.0,4,4.0,8,8,28,14,900,40984,9,1,6,6,6,6,7,8,1,9,5,Male,Tier 2,Store
18,99482,7.9,9,2.8,9,9,43,3,70200,103078,10,6,3,2,9,7,6,4,4,10,4,Male,Tier 3,Online
31,90870,7.8,6,4.0,6,8,20,3,67587,55392,7,3,4,6,9,6,8,6,5,2,4,Female,Tier 1,Store
57,117948,8.4,9,3.5,2,8,28,11,138387,97727,5,5,5,6,7,7,5,6,4,9,4,Female,Tier 1,Store
40,62156,5.7,5,4.6,7,7,21,7,25313,42586,6,5,4,9,7,3,8,5,6,7,3,Female,Tier 3,Store
59,116961,4.8,9,3.1,5,4,2,19,49334,130187,7,1,3,6,1,1,8,10,5,4,4,Female,Tier 1,Store
31,110748,5.1,13,2.2,5,8,16,13,52758,8698,9,4,3,2,5,5,8,6,6,8,7,Female,Tier 2,Store
18,93894,12.0,3,6.0,10,10,44,4,104949,49700,10,8,3,5,9,6,10,6,2,6,1,Female,Tier 3,Hybrid
41,64288,7.9,12,5.9,1,5,18,18,47990,43984,10,5,5,10,3,3,6,9,7,8,9,Other,Tier 3,Store
37,27814,9.6,11,4.9,10,10,33,1,51921,21305,10,6,7,6,7,5,9,3,8,9,9,Other,Tier 3,Online
55,174000,4.8,11,2.9,4,8,26,1,88358,74510,6,5,3,3,5,6,9,4,7,9,9,Female,Tier 1,Hybrid
30,170414,8.8,5,5.3,8,10,40,0,80747,57908,3,8,5,3,5,8,9,3,4,10,7,Male,Tier 1,Hybrid
39,99099,9.2,12,3.2,8,10,33,8,47089,34364,6,7,2,6,4,7,6,9,3,6,8,Female,Tier 1,Online
48,119395,6.9,9,3.0,4,6,21,10,113896,61373,6,4,6,6,6,3,6,6,3,7,7,Female,Tier 3,Store
51,174358,2.6,8,3.6,6,5,0,12,60611,65949,4,6,5,2,5,4,10,5,4,7,8,Female,Tier 2,Store
34,155911,6.6,14,5.4,3,10,36,9,128076,34786,4,9,3,3,1,6,7,7,4,8,6,Male,Tier 2,Hybrid
38,84082,12.0,14,6.0,8,8,47,8,127098,27818,8,5,4,4,9,9,10,6,6,10,4,Other,Tier 1,Online
51,112550,5.5,11,4.0,9,2,5,10,19368,91570,8,2,4,4,5,4,8,4,6,9,10,Female,Tier 2,Store
43,77964,4.9,7,5.3,3,9,24,15,107944,23015,5,8,4,8,5,3,8,7,7,9,9,Female,Tier 3,Hybrid
25,132603,6.7,11,5.5,3,7,25,7,76255,46364,9,5,4,7,1,9,7,8,4,10,5,Female,Tier 2,Store
18,74829,11.1,1,5.4,6,10,36,0,105418,56387,6,5,1,7,7,4,10,2,5,10,1,Male,Tier 1,Online
24,44804,7.2,4,5.6,3,10,25,8,7018,500,8,2,6,10,7,5,10,3,2,10,5,Other,Tier 3,Store
59,117487,7.6,3,1.6,6,9,18,12,143073,51450,8,2,3,4,5,6,4,5,10,3,5,Female,Tier 3,Hybrid
42,106165,11.2,9,6.0,9,8,41,0,133422,7924,5,5,6,7,10,4,8,6,2,6,8,Male,Tier 3,Online
57,114871,7.6,10,1.9,3,7,12,12,85825,95571,9,2,1,6,5,6,1,6,7,4,7,Other,Tier 1,Store
22,125531,10.5,8,6.0,10,10,41,1,75205,99272,7,5,6,6,8,5,10,2,2,5,6,Female,Tier 3,Hybrid
65,84900,3.9,10,2.8,1,5,10,13,23084,71844,7,0,6,7,5,4,4,3,7,6,4,Female,Tier 2,Store
51,160489,2.7,6,2.4,4,6,12,15,111087,104337,8,5,6,6,4,4,1,8,6,7,4,Other,Tier 2,Store
36,101964,4.6,13,4.5,6,6,19,11,120684,37946,9,0,6,9,7,6,6,4,8,6,3,Female,Tier 3,Store
44,138617,8.2,3,4.3,2,7,16,14,76741,79108,3,7,3,4,7,7,5,4,8,7,4,Female,Tier 2,Store
29,180855,8.0,9,4.4,8,9,21,12,144149,103622,5,5,2,7,9,8,9,5,4,5,8,Male,Tier 2,Store
79,81660,8.1,6,6.0,6,6,28,6,70755,49392,6,9,2,8,6,7,9,10,3,6,6,Male,Tier 2,Store
39,148416,6.5,12,3.5,1,6,23,8,61137,84450,4,5,2,2,3,5,8,5,3,6,5,Male,Tier 1,Store
44,142771,7.4,12,3.8,4,10,36,5,131158,25193,6,6,6,5,9,7,7,7,5,4,5,Male,Tier 2,Online
47,205254,9.2,3,4.9,7,9,36,10,120282,75633,3,7,4,6,7,1,10,5,7,6,7,Other,Tier 2,Online
34,205888,7.2,9,5.6,6,10,35,9,150000,57898,3,5,2,6,3,9,10,4,7,7,9,Male,Tier 1,Online
50,136712,4.6,11,3.4,3,4,9,13,63137,81568,6,6,4,1,9,4,8,10,5,5,9,Other,Tier 3,Store
29,77256,10.1,8,4.7,7,10,42,4,150000,59948,8,8,5,9,8,5,6,4,5,7,7,Other,Tier 3,Online
65,20415,6.3,7,0.9,4,5,21,9,23856,33377,8,2,4,9,6,3,6,6,5,8,8,Female,Tier 2,Store
46,109966,4.5,1,3.1,3,7,7,12,35966,10456,7,5,6,7,3,6,6,5,5,10,6,Male,Tier 3,Store
21,52682,8.1,6,3.5,5,10,33,11,107440,30833,7,8,5,3,9,8,8,6,9,4,1,Male,Tier 2,Hybrid
72,58444,7.9,8,2.7,6,7,23,8,36142,80163,8,3,3,6,6,5,5,7,9,4,1,Female,Tier 2,Hybrid
53,105849,6.3,5,1.3,7,6,1,15,2794,52941,6,1,4,4,3,7,6,9,6,9,7,Male,Tier 2,Store
31,101281,7.3,9,3.1,5,10,38,5,108678,48931,10,4,7,7,9,7,5,5,2,8,4,Male,Tier 2,Hybrid
27,59698,8.0,9,5.7,9,8,15,13,93346,94290,6,3,2,8,9,7,8,1,4,10,5,Male,Tier 1,Store
40,182239,6.8,8,6.0,7,8,22,11,120308,138812,7,5,4,3,8,7,8,10,3,5,9,Male,Tier 2,Store
38,192192,6.2,11,4.0,5,8,8,6,81146,59855,4,6,3,4,7,6,5,8,8,7,5,Other,Tier 1,Store
26,123776,6.9,10,3.4,4,9,31,0,70424,500,2,8,6,7,2,5,7,5,7,8,7,Other,Tier 3,Hybrid
24,128579,8.3,5,6.0,8,10,43,12,82740,62945,10,6,5,5,10,8,7,4,4,10,3,Male,Tier 1,Hybrid
50,181161,6.2,9,3.2,7,7,29,8,124364,99260,5,8,3,6,3,6,5,8,4,9,4,Other,Tier 1,Hybrid
64,79160,6.1,9,1.3,6,6,26,5,65739,500,10,8,3,10,8,7,5,7,8,10,7,Male,Tier 1,Store
30,82259,12.0,8,5.3,4,10,45,3,94017,72536,3,7,3,5,9,3,9,8,6,6,9,Female,Tier 3,Hybrid
31,157390,8.3,11,3.2,4,5,26,4,51309,62177,5,8,7,4,1,8,10,7,2,10,4,Male,Tier 3,Store
18,150259,9.8,7,5.3,5,8,42,2,121501,78322,5,5,1,2,7,8,10,4,8,10,5,Female,Tier 1,Online
57,107064,6.2,2,4.1,6,6,28,11,82223,64104,7,3,5,9,4,2,10,7,6,8,7,Female,Tier 3,Store
40,169067,4.6,10,4.2,1,6,5,19,48363,126793,4,6,5,3,4,4,4,6,5,8,5,Male,Tier 1,Store
51,25121,3.7,6,4.1,7,9,29,15,900,32888,8,4,4,7,10,7,7,6,6,3,8,Female,Tier 3,Store
50,22713,5.3,10,4.5,7,7,23,7,97742,19716,10,8,6,8,6,3,5,6,7,7,6,Other,Tier 3,Hybrid
35,88094,10.3,10,5.4,8,10,44,9,113719,75301,5,4,4,5,8,5,7,4,3,9,6,Male,Tier 3,Online
18,91168,8.9,4,5.5,8,9,39,6,108207,38085,5,3,4,6,5,6,9,5,4,7,5,Other,Tier 2,Hybrid
29,120687,6.9,8,5.1,7,8,28,10,86715,117956,8,6,1,6,6,3,9,7,8,10,10,Male,Tier 2,Hybrid
64,136771,5.3,8,1.5,3,5,7,17,59276,38454,6,5,2,6,4,6,5,10,5,5,5,Other,Tier 1,Store
41,120374,7.5,12,3.7,4,9,40,10,127433,92792,9,3,2,6,8,6,9,4,6,10,5,Female,Tier 1,Hybrid
33,70339,8.7,7,1.8,7,10,48,4,61971,29821,8,7,4,9,6,7,5,8,1,2,6,Female,Tier 3,Hybrid
46,79817,7.9,3,3.0,5,6,28,19,90909,114466,5,6,5,6,5,4,4,10,7,5,8,Other,Tier 3,Store
32,91379,9.6,9,4.2,8,10,35,7,106326,18466,4,6,7,4,8,5,7,2,3,9,9,Male,Tier 3,Online
53,127515,4.1,6,1.3,5,5,18,11,53887,100475,3,0,6,9,3,8,5,5,9,6,10,Male,Tier 3,Hybrid
44,82598,10.2,4,4.8,8,9,49,3,70680,67592,5,8,6,7,3,3,7,10,5,4,3,Female,Tier 3,Online
71,134854,5.3,8,1.7,7,9,25,8,36390,61547,4,1,4,3,8,9,3,10,6,7,7,Female,Tier 3,Store
70,116987,6.5,5,3.5,4,7,26,12,70861,69536,4,6,5,7,4,5,7,10,8,8,2,Other,Tier 2,Hybrid
51,112668,6.8,8,2.6,8,6,17,5,92880,34983,6,6,5,7,8,4,6,7,4,6,9,Other,Tier 2,Hybrid
18,52596,7.4,6,4.7,8,9,23,4,63504,500,3,5,5,8,9,9,10,4,3,8,6,Female,Tier 1,Hybrid
28,100611,11.2,11,1.2,7,10,45,3,117207,500,8,7,4,5,10,8,7,7,4,10,5,Other,Tier 1,Hybrid
51,119867,10.2,9,4.4,7,7,26,7,147523,23476,7,2,6,5,7,3,9,4,10,7,3,Other,Tier 2,Online
27,98692,8.0,11,4.1,4,9,22,12,74017,54352,6,3,6,8,6,6,10,5,4,5,6,Female,Tier 3,Store
51,18584,6.3,13,4.7,6,5,19,7,25420,22539,10,2,4,6,6,2,6,7,8,3,5,Other,Tier 3,Store
53,121211,1.8,10,3.6,1,6,13,9,50541,43620,6,4,4,8,3,6,5,7,4,6,10,Male,Tier 2,Store
24,193503,10.6,3,5.2,10,9,44,2,150000,84052,9,6,6,4,9,7,6,4,1,5,7,Other,Tier 2,Online
47,163737,6.7,6,4.6,8,9,42,2,129238,71556,4,5,4,3,10,6,6,7,5,7,3,Male,Tier 1,Hybrid
61,89098,3.8,7,1.8,4,3,0,17,52534,99885,9,7,7,5,8,4,3,8,7,5,4,Other,Tier 2,Store
62,93607,4.3,9,4.5,8,6,10,9,62772,39418,8,0,4,7,1,7,7,4,6,5,2,Male,Tier 2,Store
71,86716,5.3,1,0.9,4,6,19,12,78909,98595,4,5,6,7,7,7,6,7,3,7,4,Other,Tier 3,Hybrid
18,98689,6.6,4,3.9,7,10,31,8,28450,66891,9,6,4,7,3,8,10,7,1,7,2,Female,Tier 3,Store
43,191876,10.0,2,5.6,5,10,24,19,113212,148055,7,8,5,7,9,6,7,7,1,9,2,Other,Tier 3,Store
21,160483,11.4,5,6.0,9,10,44,10,55171,50245,7,4,3,6,10,7,8,4,5,10,3,Male,Tier 1,Online
65,16629,10.4,4,2.5,5,10,47,1,93724,7856,8,9,3,7,7,3,6,5,6,5,2,Male,Tier 3,Store
47,175481,7.7,7,3.3,6,8,31,5,102910,9812,5,5,2,8,5,6,7,8,3,10,7,Male,Tier 2,Hybrid
73,120450,6.6,5,0.6,3,6,18,12,97536,65174,5,6,2,7,6,6,1,8,3,6,8,Other,Tier 1,Store
68,58637,4.4,10,1.5,3,6,13,12,45226,23065,5,5,5,8,2,6,5,7,4,7,2,Male,Tier 2,Store
32,174549,8.8,8,6.0,6,10,47,0,88922,27869,3,9,3,7,10,7,9,7,6,7,2,Female,Tier 2,Hybrid
54,103093,4.2,7,2.1,9,6,20,14,33226,55707,5,5,4,7,3,8,6,5,4,10,7,Other,Tier 1,Hybrid
55,70502,8.2,1,5.0,1,9,24,6,51477,12118,8,5,2,10,9,8,9,6,6,4,5,Female,Tier 3,Store
60,31228,1.7,10,3.2,1,4,4,16,27577,122213,10,4,3,6,6,5,7,7,6,2,5,Female,Tier 2,Store
29,62696,9.5,6,5.7,7,10,47,7,97974,66043,10,3,7,7,7,8,8,5,1,5,7,Female,Tier 3,Hybrid
38,98642,7.5,9,4.4,9,5,13,18,19728,111145,6,1,4,6,2,2,8,8,1,8,9,Other,Tier 2,Store
42,212312,6.7,11,3.4,3,7,16,15,84946,88645,5,7,4,9,9,8,7,8,8,4,8,Other,Tier 1,Store
52,130731,7.1,8,4.3,10,9,38,1,99569,36242,6,7,4,8,7,9,10,6,4,5,6,Other,Tier 2,Hybrid
38,76194,6.1,9,4.8,4,6,13,14,45638,130427,8,0,3,4,6,6,10,9,3,7,7,Male,Tier 1,Store
39,120396,9.3,5,5.0,6,7,12,5,60960,50060,5,9,2,2,2,8,7,6,2,9,7,Female,Tier 1,Hybrid
33,97963,7.7,10,4.3,4,6,28,5,65363,25512,5,4,7,5,6,4,10,4,5,9,7,Male,Tier 3,Hybrid
50,39388,5.7,6,4.3,5,8,6,12,43421,51368,8,4,3,7,4,3,10,8,7,4,8,Female,Tier 3,Store
53,105602,9.8,2,5.1,4,9,36,9,150000,91964,3,8,4,3,9,8,7,6,1,5,8,Female,Tier 1,Hybrid
59,69066,2.2,3,0.6,5,3,7,19,15897,96635,8,5,6,7,10,4,4,10,7,7,3,Female,Tier 3,Store
38,206050,7.6,8,3.5,5,9,28,10,81007,81000,4,7,5,3,7,7,10,5,4,4,2,Female,Tier 3,Hybrid
44,169505,10.2,11,2.9,2,4,15,10,52581,76116,5,3,5,8,7,6,4,8,2,3,10,Male,Tier 1,Store
57,60400,4.7,10,1.7,4,5,16,9,53340,36301,5,4,5,7,9,5,5,5,6,8,2,Male,Tier 2,Store
56,57893,5.9,10,2.8,6,8,26,13,71871,57741,7,1,7,8,3,9,4,9,5,2,7,Other,Tier 3,Hybrid
24,82299,6.6,7,5.1,5,10,40,1,122199,21786,7,3,4,7,7,4,7,7,4,7,5,Male,Tier 3,Hybrid
59,88183,6.7,10,3.4,5,6,19,13,76011,40351,3,1,6,5,3,6,10,8,8,7,4,Male,Tier 2,Store
37,59178,7.8,13,4.2,3,7,24,3,76074,39162,10,6,2,9,8,1,10,3,4,9,6,Other,Tier 3,Store
51,137245,8.6,11,2.8,6,7,17,8,103405,57683,7,0,2,10,10,6,2,9,5,10,3,Female,Tier 2,Hybrid
35,57119,8.7,11,4.9,9,9,35,6,89221,19822,8,3,5,5,4,5,6,5,1,10,7,Male,Tier 1,Online
51,125326,6.7,7,5.1,6,4,8,19,42742,123877,4,6,5,5,1,2,6,8,5,7,6,Female,Tier 3,Store
63,117446,3.1,8,2.1,1,6,28,6,99378,62265,6,4,4,6,8,6,4,8,3,4,5,Female,Tier 1,Store
54,146777,9.3,14,4.1,5,8,34,14,74294,76284,6,8,3,3,4,1,8,10,6,6,6,Male,Tier 3,Hybrid
50,31764,8.4,5,5.0,6,7,36,8,95600,24387,6,8,7,8,9,5,10,7,3,9,5,Female,Tier 3,Hybrid
29,86793,11.3,8,6.0,6,10,42,3,105274,11974,5,6,4,6,7,6,8,7,5,8,8,Male,Tier 3,Online
49,95336,6.8,7,0.8,5,9,15,13,71005,114990,7,0,7,5,2,5,5,7,3,8,7,Other,Tier 1,Store
35,81461,9.0,10,3.6,6,9,47,2,100553,71710,8,9,6,7,7,5,7,4,1,10,5,Female,Tier 2,Online
40,201242,6.8,5,5.5,4,7,40,5,104429,98077,5,6,5,3,10,7,10,7,5,10,8,Female,Tier 1,Store
71,120189,4.5,10,1.6,3,5,16,19,29842,141763,6,5,1,4,5,7,3,10,5,4,6,Other,Tier 1,Store
48,179532,9.5,7,3.7,5,9,40,6,131790,27367,5,8,6,6,10,6,7,6,2,10,9,Male,Tier 2,Online
59,172892,3.9,3,2.4,6,9,13,7,70111,29030,7,0,5,4,3,9,5,9,5,9,3,Other,Tier 2,Store
28,157257,8.9,7,2.7,4,9,43,1,92197,43271,4,5,4,5,7,6,7,4,5,8,7,Female,Tier 2,Hybrid
26,66171,10.2,4,5.0,5,9,49,4,91178,22412,10,7,3,6,9,7,10,4,3,5,4,Male,Tier 2,Hybrid
48,131538,9.6,2,4.1,6,10,40,10,141230,59872,5,6,3,5,4,8,7,8,2,3,10,Male,Tier 3,Hybrid
18,106585,8.8,8,5.5,7,10,32,8,97162,28012,8,4,7,5,7,7,9,4,3,10,2,Male,Tier 3,Store
45,147088,6.5,3,4.0,4,5,24,6,10335,44442,5,4,1,3,9,3,10,5,5,9,6,Female,Tier 1,Store
40,58127,10.9,7,5.0,6,10,46,1,133638,19322,10,9,5,4,5,6,10,6,2,9,9,Male,Tier 3,Hybrid
62,24240,4.3,8,1.1,3,3,0,13,900,38282,4,3,5,7,4,2,5,6,7,4,4,Female,Tier 3,Store
46,173690,9.3,6,2.8,6,6,33,3,96734,99199,3,6,2,6,9,4,5,4,7,9,4,Other,Tier 2,Hybrid
32,179876,9.6,12,4.4,4,10,49,6,140704,112119,5,0,3,5,9,8,9,7,1,7,5,Male,Tier 1,Online
36,125160,11.2,6,5.0,8,9,36,5,65285,67976,1,9,4,7,8,6,7,9,2,6,7,Male,Tier 3,Hybrid
26,67706,8.3,10,5.2,6,9,25,3,28476,36666,9,3,5,4,9,6,10,1,5,4,4,Male,Tier 3,Online
33,114680,8.7,14,4.8,10,10,49,12,150000,77225,7,6,5,3,5,3,9,6,2,10,9,Other,Tier 3,Hybrid
65,70583,4.7,7,0.4,3,7,20,14,19477,62590,10,7,3,10,7,7,2,8,9,3,9,Female,Tier 2,Store
23,43198,9.4,4,4.1,2,8,42,5,120110,25428,5,6,5,5,5,5,10,2,4,8,6,Female,Tier 3,Online
18,199661,9.2,5,5.7,8,10,36,7,150000,105524,3,6,3,3,10,9,10,3,5,5,10,Other,Tier 3,Online
43,61300,9.3,1,3.4,5,8,25,12,129313,69922,7,4,5,6,4,8,6,7,5,7,5,Male,Tier 1,Store
61,160353,4.1,2,2.8,5,8,21,6,150000,84736,9,5,7,6,8,8,5,6,4,10,4,Female,Tier 1,Store
44,197834,7.2,7,2.1,7,8,35,0,80333,34018,1,7,5,3,5,9,5,1,6,8,4,Other,Tier 1,Online
38,91016,5.1,2,4.0,7,6,8,19,32571,96868,10,0,3,7,8,5,6,5,4,10,10,Male,Tier 1,Store
49,65488,7.7,4,4.4,5,7,19,17,55574,39526,9,7,5,6,6,5,7,8,5,4,2,Female,Tier 3,Store
63,119142,5.2,7,1.2,6,9,33,0,87445,20915,5,5,4,4,5,4,7,7,6,3,5,Female,Tier 2,Hybrid
65,128140,4.8,5,2.1,4,6,3,19,97536,70940,6,3,3,6,4,9,3,7,6,1,4,Female,Tier 1,Store
54,119430,7.6,12,5.1,3,9,40,5,120412,9808,6,6,3,3,5,4,9,6,5,6,5,Female,Tier 3,Store
35,86255,6.2,14,4.8,6,10,27,6,51864,49929,8,0,5,1,6,7,7,3,7,9,4,Male,Tier 2,Hybrid
36,155622,6.2,11,4.2,6,7,17,11,108658,55593,4,5,5,3,4,8,8,7,6,9,8,Female,Tier 2,Store
28,136235,8.1,10,6.0,5,10,43,8,114265,9542,4,1,3,8,10,7,8,4,2,10,10,Male,Tier 1,Online
47,15000,4.5,14,5.0,8,7,22,11,59371,67898,8,8,5,5,6,7,10,6,7,9,6,Male,Tier 3,Hybrid
52,134680,7.3,10,4.1,6,8,29,6,71913,61669,2,3,5,3,8,8,9,7,3,7,4,Female,Tier 2,Store
48,118313,7.3,7,3.7,6,6,15,17,63988,122565,10,5,3,3,7,5,7,7,5,6,6,Male,Tier 1,Store
51,173266,9.8,6,4.9,5,9,35,4,123153,51857,9,7,4,8,8,7,8,6,2,5,7,Male,Tier 3,Hybrid
54,218426,6.4,5,4.9,7,6,13,12,82226,78601,4,5,6,6,4,7,10,7,9,3,7,Other,Tier 2,Store
38,76783,4.6,10,4.7,6,6,23,8,133457,31470,10,5,4,7,6,4,9,7,6,10,6,Other,Tier 2,Store
22,118321,7.3,6,3.4,5,10,44,4,38458,500,5,5,1,7,8,8,7,3,6,6,7,Male,Tier 1,Online
51,90684,7.1,6,4.7,7,5,21,17,74212,85098,7,2,2,6,5,9,6,6,9,10,7,Male,Tier 2,Store
18,129422,12.0,10,5.3,1,9,45,10,139334,37901,8,5,2,6,3,10,8,7,1,6,6,Female,Tier 1,Online
20,134936,4.1,6,4.5,5,10,28,5,66616,52427,3,6,3,4,8,10,9,3,2,7,5,Other,Tier 2,Store
61,29495,4.0,3,2.3,3,9,23,11,19995,52703,7,9,6,6,10,9,9,8,7,7,6,Female,Tier 2,Store
54,159494,4.0,4,2.9,3,7,15,8,36594,114837,5,7,6,5,6,6,4,6,5,7,4,Other,Tier 1,Store
44,87656,6.9,10,1.1,6,6,20,11,58044,90934,8,4,5,3,3,6,8,7,4,9,10,Other,Tier 1,Store
51,74449,5.7,11,3.3,3,7,34,8,45246,52000,10,3,1,8,4,5,9,8,8,5,5,Other,Tier 1,Store
56,134123,4.8,6,2.0,8,7,20,3,31614,61659,6,8,3,3,7,7,9,5,1,10,2,Male,Tier 1,Store
45,111526,7.9,2,2.6,4,10,20,9,17949,55575,7,5,3,3,4,7,4,5,4,10,8,Male,Tier 2,Hybrid
26,118402,9.5,10,5.3,7,6,33,10,90042,54413,7,7,5,5,6,3,9,5,1,6,9,Female,Tier 3,Hybrid
53,178095,5.6,14,2.1,4,3,13,8,99973,62342,6,6,4,7,6,6,9,7,5,9,8,Other,Tier 1,Store
53,192195,6.3,10,3.4,2,7,23,15,94011,145166,6,4,5,3,10,6,9,10,4,10,3,Other,Tier 1,Store
18,44143,7.2,1,5.7,10,10,15,10,65565,75123,10,5,3,7,2,9,10,6,3,10,8,Female,Tier 1,Online
27,92263,10.7,14,3.5,9,8,36,0,87808,37761,8,9,6,8,7,6,5,4,6,2,4,Male,Tier 2,Online
39,138730,9.2,10,5.3,4,10,42,7,69133,124358,5,2,2,3,9,8,10,4,4,10,8,Female,Tier 1,Hybrid
30,164052,5.9,11,1.5,8,10,23,14,96955,108118,2,4,4,6,6,3,7,5,5,8,7,Other,Tier 3,Hybrid
49,172209,6.5,5,2.0,8,9,18,5,147602,64681,4,1,1,3,1,3,4,3,7,6,4,Female,Tier 1,Hybrid
39,220901,7.0,8,4.2,8,9,27,12,125250,66490,8,9,3,5,6,4,8,3,5,8,1,Male,Tier 1,Hybrid
23,32895,10.8,8,4.9,4,10,48,4,113189,500,10,7,5,9,7,5,10,9,5,7,7,Male,Tier 3,Hybrid
66,174120,3.8,6,0.0,7,4,13,16,53622,119928,6,7,2,2,1,5,5,8,6,9,5,Female,Tier 1,Store
53,147057,5.4,9,1.9,1,2,12,13,18847,91132,6,1,6,6,5,5,2,9,4,4,3,Female,Tier 3,Store
52,172472,6.0,2,2.8,6,6,10,9,76659,64021,7,2,4,7,7,4,7,4,5,5,5,Female,Tier 3,Hybrid
34,84960,6.4,7,3.4,6,7,27,12,87346,28527,8,9,2,6,5,5,6,6,4,8,10,Female,Tier 3,Hybrid
32,169693,5.4,6,4.5,7,6,28,7,86255,80401,6,5,5,3,6,3,4,2,4,10,7,Female,Tier 1,Store
47,83245,7.0,8,4.4,5,8,26,12,91045,45406,5,1,3,6,7,6,5,10,7,8,3,Male,Tier 2,Hybrid
48,117488,7.2,8,3.2,7,8,30,0,104082,19255,7,9,7,6,9,6,9,6,1,8,6,Male,Tier 3,Hybrid
28,145466,6.4,14,4.4,7,8,19,7,56238,46049,3,5,4,5,4,5,10,2,8,7,6,Female,Tier 3,Hybrid
41,106726,7.2,6,2.8,7,10,40,7,117078,46264,5,7,4,6,9,5,9,4,6,8,10,Female,Tier 3,Hybrid
58,60252,7.8,11,1.6,5,10,49,7,126017,77544,10,4,4,4,4,5,4,9,10,6,4,Male,Tier 3,Hybrid
42,79528,10.0,8,3.6,4,6,26,4,74045,19501,10,4,3,1,10,6,8,5,4,8,7,Female,Tier 1,Hybrid
58,154718,9.5,14,2.5,4,7,36,12,108664,70668,6,4,1,7,6,4,8,7,4,4,1,Female,Tier 1,Store
44,84544,8.3,4,5.3,5,9,30,10,53927,44854,6,5,1,6,8,5,10,5,6,6,7,Male,Tier 2,Hybrid
56,189917,3.3,7,2.5,6,6,19,16,41185,118673,4,3,3,2,3,3,7,6,5,6,4,Female,Tier 1,Store
30,150440,7.6,10,4.5,7,10,39,4,134631,66657,5,2,6,3,8,5,10,3,3,5,7,Male,Tier 3,Online
18,155341,6.5,2,3.9,6,9,26,4,62556,57762,7,5,2,7,6,6,7,2,3,9,4,Female,Tier 3,Store
34,154191,9.1,7,5.1,4,7,19,10,121328,57360,7,2,3,6,9,5,10,5,5,9,6,Male,Tier 1,Store
79,72138,3.7,5,0.1,2,6,24,8,133059,73099,8,3,7,6,5,8,4,6,5,1,3,Male,Tier 2,Store
39,160326,9.3,8,5.4,7,10,45,3,109066,89552,7,7,3,5,7,9,9,6,6,8,5,Female,Tier 1,Hybrid
18,121715,9.0,1,5.9,8,10,35,3,106483,43620,5,6,2,6,10,4,10,3,4,8,4,Female,Tier 2,Online
39,67438,8.4,11,3.3,8,8,37,14,135963,13548,4,9,3,7,2,3,5,3,6,9,9,Male,Tier 2,Hybrid
49,103571,9.3,12,5.2,3,10,47,3,115243,50881,4,7,5,4,7,10,9,10,5,3,4,Male,Tier 3,Hybrid
64,37159,3.7,6,0.0,5,7,19,10,100243,34412,7,4,5,4,7,4,1,8,8,9,4,Female,Tier 3,Store
25,61123,8.8,8,4.2,8,8,27,6,89689,12826,3,9,3,6,6,8,9,4,2,8,6,Female,Tier 3,Store
30,166865,7.1,8,4.5,9,10,29,5,89209,62007,4,4,4,6,6,7,9,6,3,7,8,Female,Tier 1,Hybrid
18,105246,12.0,1,5.1,8,10,48,5,102325,94371,10,3,7,4,10,5,8,3,1,8,5,Other,Tier 3,Hybrid
40,62986,6.9,5,4.5,5,5,15,7,900,16931,7,2,4,5,6,5,10,2,6,10,6,Male,Tier 2,Store
42,155870,8.7,4,4.3,9,8,36,9,150000,80290,5,6,3,2,10,6,7,6,5,7,8,Female,Tier 3,Hybrid
53,165220,7.5,6,2.6,6,8,14,13,62814,41668,4,3,1,4,7,9,6,9,4,5,10,Male,Tier 1,Hybrid
58,37195,8.2,11,4.5,7,10,29,14,73858,101785,3,6,5,8,3,7,10,5,3,9,2,Female,Tier 3,Hybrid
33,43681,9.4,9,5.5,8,10,49,0,89985,500,7,5,5,3,10,8,6,5,4,5,1,Female,Tier 2,Online
62,107747,4.3,9,2.7,2,7,16,19,48471,111618,7,4,3,4,2,9,3,10,4,6,9,Other,Tier 1,Store
75,61089,4.5,6,3.0,5,5,11,19,80398,59253,9,2,5,4,1,4,4,7,5,8,5,Male,Tier 1,Store
39,150273,7.6,11,2.8,7,7,31,10,122979,67788,3,4,5,6,6,5,10,3,6,6,6,Male,Tier 1,Hybrid
24,183709,11.4,4,6.0,10,10,46,9,144415,118142,1,7,6,5,4,5,10,4,6,6,4,Male,Tier 2,Online
45,185738,8.3,7,5.7,8,7,28,0,124844,72817,2,5,6,10,4,4,6,5,3,8,2,Female,Tier 3,Hybrid
51,119283,9.0,5,3.0,7,7,29,7,76123,96023,10,2,2,4,5,6,8,6,5,5,10,Male,Tier 1,Online
52,144742,6.5,6,2.7,5,8,29,10,101820,93182,6,4,3,4,2,5,6,4,4,10,10,Female,Tier 1,Store
55,130789,7.8,12,4.8,8,8,33,9,62687,83029,5,6,5,7,3,6,9,9,5,6,1,Male,Tier 2,Hybrid
55,167856,4.4,11,3.2,5,3,12,9,88867,71688,7,4,3,3,3,4,8,9,3,9,10,Male,Tier 1,Store
56,42391,4.3,8,2.1,6,9,29,7,47691,44888,9,5,3,4,7,7,6,2,5,9,4,Male,Tier 3,Hybrid
18,187422,8.5,9,6.0,8,10,35,3,106706,70025,8,8,3,2,7,7,10,3,3,10,5,Male,Tier 1,Online
30,107786,9.6,13,6.0,8,9,32,9,86346,25033,7,3,7,4,8,6,8,5,1,8,8,Female,Tier 2,Online
69,111276,4.7,6,1.0,6,8,19,7,39057,42492,4,8,4,2,4,2,2,9,7,6,3,Male,Tier 3,Store
43,173721,8.1,11,4.0,7,7,17,11,84386,55867,7,4,5,6,5,6,10,4,7,7,10,Male,Tier 3,Store
44,107581,9.0,3,5.3,3,7,18,11,87618,82329,1,3,1,7,6,6,10,4,2,9,5,Male,Tier 1,Store
51,118405,6.3,10,4.4,5,6,4,18,3582,127880,5,6,2,6,6,7,10,7,8,7,7,Female,Tier 1,Store
53,89896,9.9,4,3.9,6,6,27,5,120181,500,4,9,4,6,5,3,5,9,4,4,7,Other,Tier 3,Hybrid
63,181752,6.4,1,1.3,5,6,12,11,63922,88285,4,7,3,1,5,5,2,7,4,4,5,Other,Tier 2,Hybrid
21,187718,5.6,6,2.4,7,10,29,7,86949,53902,5,9,3,6,7,6,9,5,2,9,6,Male,Tier 1,Hybrid
48,55503,8.8,5,2.2,3,9,20,9,39253,29059,10,6,5,4,10,7,10,4,4,10,7,Male,Tier 2,Hybrid
18,68495,9.1,5,3.3,7,10,37,11,115294,14982,7,4,7,8,5,5,5,7,2,7,10,Male,Tier 3,Hybrid
43,160087,10.7,13,5.3,9,8,22,12,97536,95256,1,7,2,3,5,8,7,5,7,10,2,Male,Tier 2,Hybrid
44,131034,9.8,8,5.5,2,8,17,18,91954,107338,8,7,2,7,8,4,7,8,3,5,10,Male,Tier 2,Hybrid
42,61241,8.3,8,4.9,6,10,30,2,20120,34982,5,9,4,9,4,5,8,6,3,8,6,Other,Tier 3,Hybrid
54,210824,6.9,5,1.1,1,5,18,7,104405,54777,6,5,3,1,5,6,3,8,7,4,7,Male,Tier 2,Store
55,78944,4.9,11,4.3,3,3,0,19,38994,72061,7,0,4,5,5,2,8,10,3,5,7,Male,Tier 2,Store
50,144242,9.6,13,1.5,9,10,41,4,92872,56021,2,9,3,4,10,5,2,4,6,10,10,Male,Tier 1,Online
38,194501,8.3,9,5.8,5,9,31,11,138230,107820,2,5,1,2,8,7,7,6,3,7,7,Male,Tier 1,Hybrid
42,120219,6.6,6,2.3,6,4,1,19,12645,99170,9,2,6,7,6,3,6,5,6,8,6,Male,Tier 3,Store
27,97803,9.6,6,5.1,3,9,31,4,107826,43461,10,4,6,6,10,7,7,2,5,8,5,Male,Tier 3,Hybrid
55,98496,5.2,12,2.1,8,6,16,19,40557,79284,5,8,3,6,4,5,2,8,3,7,6,Male,Tier 2,Store
57,79279,5.3,6,1.1,2,7,23,9,63320,45954,6,3,3,7,9,7,2,7,10,5,5,Female,Tier 2,Store
69,88781,2.6,7,3.9,3,5,0,19,23507,83795,9,3,3,4,2,5,4,7,6,2,10,Male,Tier 3,Store
28,40478,9.7,8,5.3,5,10,49,3,95369,15200,7,7,2,4,10,5,6,7,6,6,4,Female,Tier 2,Hybrid
51,58192,6.9,5,2.9,7,8,24,12,21812,500,6,2,2,4,4,4,7,9,5,8,2,Male,Tier 2,Hybrid
43,138347,7.9,8,3.6,4,9,43,9,150000,75395,6,7,1,6,2,5,8,5,6,6,9,Female,Tier 1,Hybrid
18,136024,10.7,2,4.7,7,10,48,5,145389,111253,6,6,2,3,10,5,9,3,4,10,4,Other,Tier 1,Hybrid
41,105816,4.5,4,2.5,8,7,6,10,900,28748,6,5,4,7,9,7,5,10,5,10,10,Male,Tier 3,Store
24,110221,8.3,4,4.9,5,10,29,4,58278,15772,5,8,3,6,9,7,9,1,2,3,4,Male,Tier 2,Hybrid
44,62524,9.6,6,3.6,7,6,30,12,94879,74713,9,6,4,7,6,3,4,8,5,7,7,Male,Tier 3,Store
20,15000,11.3,4,6.0,10,10,49,6,66097,500,8,9,3,8,9,4,10,4,1,8,7,Other,Tier 2,Online
53,93542,5.1,12,1.2,8,6,22,8,88267,12982,10,6,6,9,8,7,4,2,5,7,8,Male,Tier 3,Hybrid
22,33177,7.1,1,2.7,5,9,16,13,46586,81577,9,1,6,7,6,3,7,6,1,9,4,Male,Tier 3,Store
35,48942,9.0,13,5.6,3,6,27,6,83961,69694,9,1,5,8,3,6,10,4,3,5,6,Other,Tier 2,Hybrid
54,130197,3.6,6,3.3,3,8,13,10,26518,110171,8,3,6,1,5,8,8,6,4,7,5,Male,Tier 3,Store
42,150321,6.9,11,3.0,2,6,15,14,8994,93412,10,6,5,5,7,6,9,3,2,10,7,Male,Tier 2,Store
18,45411,5.5,3,5.0,6,9,24,12,30872,500,7,2,4,9,5,4,8,1,4,7,4,Female,Tier 1,Hybrid
46,113937,7.8,6,2.7,9,8,39,8,140422,48428,6,5,3,4,7,3,2,9,4,6,8,Female,Tier 1,Hybrid
20,76737,9.1,5,3.3,3,8,28,6,42113,57819,8,7,5,6,4,7,8,6,2,9,3,Male,Tier 2,Hybrid
50,85366,7.6,1,5.5,4,9,26,8,70868,93316,10,1,5,7,3,5,9,7,6,9,6,Female,Tier 2,Store
47,94676,7.3,7,4.3,5,10,38,9,136555,46684,10,8,6,5,9,6,6,9,6,1,3,Other,Tier 3,Hybrid
64,99398,5.3,4,1.6,10,5,13,1,64250,28366,6,2,1,6,5,10,5,2,5,3,6,Other,Tier 1,Store
34,86745,6.7,10,4.4,5,8,26,6,99749,42840,6,9,5,6,4,6,5,4,4,7,2,Male,Tier 3,Hybrid
31,139698,9.0,8,4.5,10,9,32,4,102340,33238,5,1,1,4,9,8,3,8,1,9,5,Female,Tier 1,Hybrid
36,128667,4.6,12,5.1,9,8,22,7,124022,82505,7,5,3,5,4,7,9,9,4,7,8,Male,Tier 1,Online
51,112344,9.2,4,3.6,5,9,47,0,101847,45562,7,9,3,6,7,7,7,3,5,6,3,Female,Tier 3,Online
30,127251,7.0,12,6.0,7,9,36,6,78430,23535,6,3,4,7,7,7,7,5,3,8,6,Other,Tier 2,Online
54,150558,6.9,6,2.8,6,9,28,8,150000,88686,4,5,1,3,8,5,5,7,9,7,4,Female,Tier 1,Hybrid
46,82420,6.2,6,4.0,7,10,32,2,84100,15702,5,3,4,6,9,6,6,5,5,4,5,Female,Tier 2,Online
36,176421,6.1,12,3.4,2,6,16,13,65063,95052,6,6,5,6,5,8,7,9,1,9,10,Other,Tier 2,Store
50,138593,7.4,11,2.7,5,10,25,9,60436,48586,1,4,1,6,7,7,8,8,6,5,8,Other,Tier 1,Hybrid
42,146314,6.4,14,2.8,4,7,21,16,81295,105105,3,1,5,3,1,5,6,5,1,10,5,Male,Tier 2,Store
79,23413,5.6,10,1.7,1,2,3,19,900,150000,5,2,5,6,9,4,6,10,6,1,1,Female,Tier 2,Store
43,128498,10.8,11,4.0,8,9,45,6,101261,82670,9,4,2,5,8,5,7,4,1,10,10,Female,Tier 2,Online
35,37464,7.0,7,3.7,7,8,27,6,50480,62844,10,4,3,8,8,6,7,4,5,8,4,Other,Tier 3,Hybrid
59,34795,8.9,13,3.0,6,7,23,16,118917,47354,6,5,6,6,9,5,5,7,4,7,6,Female,Tier 3,Store
53,112986,7.9,10,4.3,6,10,40,7,150000,77561,3,6,3,3,8,9,6,6,3,8,7,Female,Tier 1,Online
70,110763,2.4,11,1.0,1,3,0,19,63595,39210,9,0,2,7,6,3,7,10,5,3,4,Female,Tier 2,Store
50,149109,6.2,7,2.1,2,4,14,10,94868,83174,9,6,5,7,3,5,8,7,1,6,7,Male,Tier 3,Store
20,85724,8.9,5,5.1,7,10,35,8,145231,52836,10,4,3,10,10,8,10,5,6,4,4,Female,Tier 1,Hybrid
37,130703,8.7,9,6.0,5,7,31,7,57935,106935,7,6,2,7,3,3,8,9,5,8,9,Male,Tier 1,Store
70,82821,4.0,8,1.5,4,5,8,9,55085,54576,8,1,2,6,6,3,6,9,7,2,6,Male,Tier 3,Store
30,193864,9.2,12,5.5,6,10,32,11,150000,88648,5,7,3,3,7,4,9,7,7,4,9,Female,Tier 2,Hybrid
25,92277,8.3,4,4.9,7,10,32,4,99902,15610,6,6,5,4,7,6,5,1,3,5,5,Female,Tier 3,Online
22,48704,9.0,2,2.9,7,10,27,5,33832,54257,3,4,6,10,2,9,9,5,2,10,7,Male,Tier 3,Online
24,168023,8.6,7,2.4,4,7,30,8,106432,73154,4,0,4,3,2,7,7,7,7,5,2,Male,Tier 2,Store
36,86646,7.8,14,4.9,7,6,39,0,103865,40690,8,6,6,4,8,3,10,4,6,3,7,Female,Tier 3,Online
50,122819,8.4,5,2.1,6,7,30,7,123342,87548,9,8,4,4,8,4,10,7,5,9,1,Female,Tier 1,Online
46,138716,8.4,9,3.2,8,8,26,11,59533,74648,7,5,5,6,6,4,7,7,5,2,5,Other,Tier 2,Store
36,75828,5.4,14,1.3,4,6,10,10,3477,7868,3,6,7,6,1,8,7,5,2,6,6,Male,Tier 2,Store
31,117192,10.2,6,3.6,9,10,43,1,39869,37442,5,9,3,3,6,9,7,6,4,10,6,Female,Tier 2,Online
48,151628,6.4,5,3.2,7,9,43,0,149985,7993,5,5,5,2,10,8,7,6,2,9,7,Male,Tier 2,Hybrid
50,115708,6.6,3,3.5,4,6,32,8,78462,500,3,8,2,1,8,3,7,8,4,4,9,Male,Tier 2,Store
60,113778,7.7,11,4.9,2,7,23,3,60713,37254,7,1,5,8,1,6,7,8,7,8,2,Female,Tier 2,Store
35,129616,10.7,13,2.8,5,8,35,13,85940,43231,9,7,4,5,8,8,1,4,6,3,5,Female,Tier 3,Hybrid
27,171318,9.4,12,4.5,4,10,29,6,56643,27433,7,7,3,4,7,8,7,6,5,1,7,Male,Tier 2,Hybrid
50,53907,5.4,1,2.6,7,8,42,5,109133,17679,4,7,6,5,9,5,4,6,4,10,8,Other,Tier 3,Hybrid
28,147859,8.3,13,4.9,6,8,41,9,150000,26251,2,6,3,8,7,8,7,6,4,10,4,Male,Tier 1,Online
22,86295,7.2,8,5.9,10,10,35,9,96479,40053,2,5,3,4,6,6,9,7,6,9,3,Female,Tier 2,Hybrid
44,91137,9.0,13,5.0,7,10,16,12,37523,104544,6,3,3,8,7,9,5,8,9,10,4,Other,Tier 1,Store
53,145511,5.0,10,2.5,1,3,0,11,29595,118844,6,0,1,6,2,6,6,6,3,7,4,Male,Tier 1,Store
22,124447,12.0,10,4.0,8,9,44,2,113055,64847,4,6,5,5,6,8,9,5,5,7,1,Female,Tier 2,Online
46,142143,8.4,11,5.6,3,4,7,10,2276,102196,8,9,7,3,7,3,10,8,4,9,7,Other,Tier 2,Store
35,50307,7.3,4,5.2,7,8,29,8,76918,31600,8,7,4,3,9,7,10,7,1,8,6,Other,Tier 3,Store
36,118101,7.2,10,2.9,4,7,18,16,56652,150000,8,3,5,6,7,5,10,6,4,9,5,Female,Tier 3,Hybrid
71,127161,3.5,2,0.0,4,4,6,17,41822,71674,4,5,6,3,10,3,5,7,8,5,4,Male,Tier 3,Store
35,157929,10.5,13,6.0,7,10,30,0,65651,48514,6,6,4,6,5,9,10,6,4,7,6,Male,Tier 2,Online
62,152419,5.7,4,2.3,4,7,30,7,139268,66128,8,2,5,5,1,3,5,8,4,5,5,Male,Tier 2,Store
55,127958,7.3,12,2.7,3,5,19,10,81865,70955,6,6,5,7,7,5,3,6,1,3,3,Other,Tier 2,Hybrid
36,119547,7.6,12,6.0,6,9,34,8,58538,32410,4,4,5,6,9,9,9,5,1,5,10,Female,Tier 1,Online
46,183935,7.3,5,4.3,7,7,24,11,150000,77098,6,1,5,5,6,6,8,4,7,10,6,Male,Tier 1,Hybrid
42,80667,9.0,13,2.7,2,10,37,9,134131,42033,8,9,3,5,6,6,4,6,6,10,7,Male,Tier 2,Hybrid
50,128174,7.8,3,1.4,5,9,33,3,77058,45684,8,7,3,5,7,7,5,4,5,8,7,Other,Tier 1,Online
53,143540,8.5,10,2.1,5,8,19,12,85981,49563,4,4,3,3,4,6,5,10,7,10,3,Male,Tier 1,Store
44,96934,5.6,10,4.4,7,10,37,6,144316,92046,6,4,5,6,5,6,5,9,7,10,9,Other,Tier 2,Hybrid
73,106853,6.6,2,3.4,4,7,14,15,75465,74485,7,1,4,6,5,2,10,10,7,6,3,Male,Tier 3,Store
33,113042,8.8,12,3.0,3,10,37,1,128912,35407,2,8,7,4,7,5,9,4,5,7,4,Male,Tier 3,Hybrid
79,52172,3.0,6,1.2,2,4,7,18,900,84828,10,5,2,9,1,1,3,10,8,6,8,Other,Tier 3,Store
45,113827,7.2,9,5.3,2,6,33,9,81053,98356,3,6,1,1,10,3,7,7,4,7,9,Female,Tier 1,Store
70,202233,3.9,7,1.3,1,7,16,6,115443,48645,4,6,2,4,3,5,4,10,6,9,7,Female,Tier 1,Store
18,93006,11.0,7,4.6,7,10,38,9,69051,13806,9,9,4,5,10,3,10,8,2,6,5,Male,Tier 3,Hybrid
36,155959,5.2,7,4.4,5,10,26,9,100798,64499,7,6,1,5,7,6,5,5,5,10,4,Female,Tier 1,Online
31,132918,6.8,12,4.5,8,10,48,5,125368,60155,7,8,5,5,7,6,6,6,1,10,4,Other,Tier 3,Online
18,52376,11.7,8,6.0,7,10,36,7,102563,24091,9,5,4,6,10,5,9,2,4,7,4,Male,Tier 3,Online
25,71389,8.0,13,6.0,6,7,29,6,40332,49474,6,4,4,8,7,5,10,6,3,10,2,Female,Tier 2,Store
51,69117,8.0,8,3.1,4,10,48,5,101306,87254,8,7,4,7,5,4,3,6,2,5,7,Other,Tier 3,Hybrid
44,122862,7.6,6,4.8,7,9,45,4,108077,82455,10,3,4,5,8,3,10,3,4,7,10,Female,Tier 2,Online
38,73239,9.0,5,3.4,7,10,25,6,42841,81934,8,0,5,7,7,7,6,6,6,7,3,Female,Tier 3,Store
49,112618,3.7,4,3.0,5,8,18,18,48259,74770,6,8,5,2,5,5,8,9,6,5,6,Other,Tier 3,Store
44,116361,7.9,3,4.3,4,10,47,0,150000,47010,8,9,2,6,6,6,6,3,4,4,3,Male,Tier 1,Hybrid
35,85514,11.0,14,4.5,5,10,33,9,54417,500,10,4,7,6,7,3,6,2,4,8,10,Male,Tier 3,Hybrid
43,112382,7.7,8,5.6,7,6,34,5,103249,31030,5,8,3,7,5,4,9,3,5,7,5,Male,Tier 3,Hybrid
48,120161,6.7,1,1.8,10,8,38,3,150000,33496,4,6,4,1,7,4,4,5,6,7,10,Other,Tier 3,Hybrid
29,51880,10.8,12,5.7,9,10,47,2,71538,500,6,9,4,6,9,5,8,2,2,4,7,Male,Tier 3,Online
48,137154,7.8,4,3.4,5,7,35,12,91641,117649,7,2,6,3,10,9,8,9,4,6,5,Female,Tier 3,Store
34,106487,11.3,12,3.7,7,10,47,0,150000,32657,10,8,4,8,7,5,4,1,5,7,10,Male,Tier 2,Online
25,99533,9.1,7,6.0,9,10,41,1,92968,500,10,7,3,7,5,6,9,6,5,7,7,Female,Tier 2,Online
30,96088,11.3,10,5.0,4,10,43,2,131183,27247,6,9,2,6,10,8,4,5,4,8,4,Female,Tier 1,Online
57,108188,8.0,3,2.2,3,6,28,8,82086,64732,8,3,3,9,4,8,3,9,9,8,3,Female,Tier 1,Store
65,140342,2.7,6,3.5,5,7,8,14,17124,55291,5,0,2,5,3,6,8,7,8,8,2,Other,Tier 2,Store
44,126243,5.8,10,1.6,8,8,20,14,87068,51945,8,7,4,4,8,8,2,10,5,9,6,Male,Tier 3,Store
65,80362,6.1,1,2.7,3,7,20,5,23166,14041,10,8,6,6,4,6,6,8,8,9,3,Other,Tier 3,Store
64,68070,8.5,1,3.4,5,5,22,11,50066,69791,7,3,5,5,5,5,6,5,5,4,3,Female,Tier 2,Store
22,151253,10.3,3,4.7,7,10,40,9,97487,38624,7,9,5,2,10,5,10,7,5,9,8,Male,Tier 2,Online
42,158381,8.0,8,1.7,5,10,40,2,126287,68773,8,4,2,4,9,5,7,2,3,9,3,Male,Tier 3,Hybrid
63,112176,7.9,9,1.3,6,9,19,9,103113,24956,5,3,6,4,10,5,3,9,5,8,2,Other,Tier 3,Store
38,114692,9.1,9,5.7,9,10,35,5,98939,59990,7,5,7,8,7,5,10,6,2,8,7,Female,Tier 3,Hybrid
53,186900,7.3,14,3.0,5,9,30,11,75518,64087,3,6,1,5,4,10,9,6,7,7,2,Other,Tier 1,Hybrid
50,111335,7.9,14,1.5,4,8,37,1,88503,8030,7,5,5,8,3,5,4,5,8,10,5,Male,Tier 1,Hybrid
56,137968,3.7,6,2.9,8,7,18,16,118635,81413,8,1,4,5,10,6,8,6,7,8,2,Male,Tier 1,Store
73,116980,8.1,7,3.1,4,6,28,12,121966,95896,6,2,3,3,5,4,7,8,6,4,5,Female,Tier 2,Store
64,135086,5.9,6,1.7,1,1,2,15,20094,75980,7,2,6,6,1,3,4,10,4,5,5,Female,Tier 3,Store
70,37473,4.0,6,0.0,3,4,20,8,59583,30924,8,7,1,4,6,6,4,8,10,8,4,Female,Tier 2,Store
47,118722,8.9,5,2.8,9,7,23,10,78980,65991,4,5,4,3,6,5,4,9,5,6,6,Female,Tier 3,Store
33,182978,10.1,13,6.0,5,10,49,7,150000,45722,6,9,6,5,10,7,8,4,3,6,4,Female,Tier 3,Hybrid
33,174778,9.4,13,5.3,8,10,38,5,87114,45622,6,8,1,6,7,6,9,7,5,9,5,Other,Tier 1,Online
54,174433,6.1,11,5.8,3,5,8,16,62353,95944,4,3,3,3,3,6,10,3,6,8,7,Other,Tier 1,Store
44,80123,9.0,2,5.6,7,6,27,2,49683,74562,5,5,2,6,7,4,9,6,3,8,10,Male,Tier 2,Store
45,111417,6.1,8,6.0,5,8,10,5,44064,64161,7,3,4,1,7,6,9,5,3,6,10,Other,Tier 1,Store
41,142245,11.5,3,5.9,8,6,32,1,67021,35310,4,7,2,10,8,3,9,7,7,5,7,Male,Tier 2,Hybrid
64,120606,6.0,4,1.6,6,3,12,10,70941,10826,8,4,2,4,7,4,4,5,5,4,2,Other,Tier 1,Store
45,60599,7.0,7,5.7,2,6,15,9,34864,500,10,9,3,8,6,5,8,4,4,6,4,Female,Tier 2,Store
21,15000,6.8,7,3.7,7,10,39,1,103159,3805,4,5,5,5,5,5,7,3,2,10,4,Male,Tier 2,Online
40,160834,8.9,6,5.3,5,6,33,8,98573,62541,6,4,4,4,9,5,9,6,3,7,6,Male,Tier 3,Store
52,250000,4.6,8,2.4,4,7,6,19,68394,150000,5,7,5,1,2,8,10,8,3,10,9,Female,Tier 3,Store
47,81407,5.7,6,0.6,8,9,28,11,57089,55022,5,9,6,10,1,1,3,3,5,7,1,Male,Tier 3,Hybrid
37,122759,5.4,12,4.9,4,7,12,13,59024,42754,3,5,6,1,8,4,10,9,1,7,10,Female,Tier 3,Store
54,85020,8.0,9,2.7,5,7,20,4,51841,40830,7,2,3,7,5,6,5,7,7,10,6,Female,Tier 1,Hybrid
44,41911,10.0,9,3.9,5,9,31,12,50027,40151,8,5,3,3,5,8,9,5,4,9,2,Female,Tier 2,Hybrid
44,113862,7.9,8,3.9,10,10,33,14,82429,25985,7,7,4,7,6,6,8,8,4,7,4,Male,Tier 2,Hybrid
34,107313,11.0,13,5.8,8,10,33,0,144501,67877,6,4,2,6,6,5,8,5,2,10,6,Female,Tier 1,Hybrid
28,64579,10.3,9,3.6,5,10,35,13,135574,41436,6,9,6,7,9,5,10,7,6,4,6,Female,Tier 3,Hybrid
61,102793,8.6,1,2.5,6,9,38,3,76363,44448,6,8,2,7,5,10,7,6,4,7,2,Male,Tier 1,Store
64,104762,5.1,9,5.9,5,7,5,11,37551,115006,7,4,7,10,4,6,5,10,2,5,5,Male,Tier 3,Store
77,71420,4.6,3,3.0,4,5,13,6,5412,10979,8,4,4,10,7,4,6,9,6,10,3,Other,Tier 1,Store
54,127917,6.6,3,2.7,4,9,29,10,89059,70260,7,4,7,5,5,2,6,7,1,10,9,Female,Tier 3,Hybrid
72,102274,2.3,5,0.2,3,6,0,14,21527,97335,10,4,2,10,2,4,6,9,6,5,4,Female,Tier 1,Store
54,180277,6.0,7,0.0,4,5,19,11,85238,79017,5,4,5,4,7,5,4,4,8,9,6,Other,Tier 3,Store
23,75675,12.0,1,5.5,7,10,49,3,132676,53397,6,8,2,7,7,8,7,4,8,10,3,Male,Tier 1,Online
51,113702,5.9,14,3.8,4,10,33,9,55227,25821,10,8,2,6,8,7,4,9,6,9,8,Female,Tier 1,Store
39,125361,10.7,5,5.7,7,6,30,8,111920,36230,9,6,5,6,8,8,10,7,2,10,1,Male,Tier 2,Store
51,128544,6.5,11,3.3,5,8,36,2,103066,21436,6,3,2,6,4,4,8,8,5,7,6,Female,Tier 1,Hybrid
18,130825,9.1,6,5.7,5,10,35,7,66335,49782,4,8,7,5,7,2,9,2,1,3,3,Male,Tier 3,Online
31,40960,10.1,12,6.0,3,6,17,14,50280,70901,7,4,1,4,1,2,7,5,3,8,3,Female,Tier 3,Store
21,15000,7.1,2,2.7,6,9,38,1,83076,500,4,5,4,10,8,4,7,2,1,8,5,Male,Tier 3,Hybrid
67,135639,7.2,1,2.0,7,8,23,13,49201,75132,9,7,7,6,7,8,9,6,5,6,5,Female,Tier 3,Store
55,125248,5.7,4,3.2,7,9,26,14,86260,128713,4,2,4,6,6,7,6,7,8,7,10,Female,Tier 3,Store
69,111768,4.6,11,2.7,3,7,4,15,80144,92478,9,6,3,7,5,6,8,6,10,6,5,Male,Tier 1,Hybrid
35,113837,7.6,10,4.2,5,7,31,3,84780,36411,4,6,2,6,4,4,7,4,9,10,10,Male,Tier 1,Hybrid
28,51500,9.8,4,6.0,9,10,46,7,129178,51912,10,4,4,4,8,9,10,4,4,10,5,Other,Tier 1,Online
34,119298,8.8,14,4.6,3,10,41,3,76824,6285,4,8,5,6,10,4,9,4,4,2,5,Male,Tier 3,Hybrid
61,114437,4.3,5,3.1,5,7,11,18,31984,140582,9,4,5,5,6,5,9,4,6,3,5,Other,Tier 3,Store
41,164835,6.2,12,5.3,6,8,41,1,110503,500,5,9,3,7,8,2,10,5,5,10,8,Female,Tier 2,Hybrid
63,111315,7.1,9,4.2,7,10,36,5,91567,79925,5,8,4,7,10,6,7,4,8,7,1,Female,Tier 2,Hybrid
40,136116,6.9,11,4.1,9,9,18,12,67313,67317,1,4,4,7,7,3,9,10,6,9,6,Male,Tier 1,Hybrid
50,249436,4.5,2,1.7,5,6,9,10,88499,143190,4,2,3,1,9,4,6,10,8,9,6,Female,Tier 1,Store
32,137760,4.5,7,2.6,9,9,20,4,7631,46113,8,7,5,2,5,6,10,6,3,10,10,Male,Tier 3,Online
46,142361,10.6,4,5.2,4,9,43,8,91913,48205,5,8,5,8,7,6,6,6,5,9,4,Female,Tier 1,Hybrid
42,99039,9.1,10,4.5,5,10,43,5,101939,7043,7,8,3,3,10,6,7,6,3,6,6,Male,Tier 2,Hybrid
22,15000,11.4,6,4.8,8,9,35,1,56921,36128,8,6,2,8,7,5,7,1,4,10,4,Male,Tier 1,Hybrid
48,63892,6.8,14,2.9,2,5,25,3,12026,48796,9,1,5,1,4,4,8,6,3,3,7,Female,Tier 3,Store
43,113480,8.4,9,4.9,8,10,34,4,56052,58122,6,6,3,7,3,9,10,2,3,7,9,Female,Tier 2,Hybrid
18,102110,7.3,4,5.0,5,10,32,8,101767,49618,8,9,5,8,7,6,9,6,6,10,4,Male,Tier 3,Hybrid
26,152768,9.6,10,6.0,8,10,39,7,124537,75433,4,1,3,5,9,7,10,7,1,6,6,Male,Tier 2,Hybrid
46,182328,6.8,5,2.9,6,9,38,3,111882,74668,6,5,5,3,7,2,10,6,3,7,7,Female,Tier 3,Hybrid
69,63175,5.2,9,2.3,1,6,13,9,62268,31548,10,4,6,8,6,4,9,9,4,6,6,Female,Tier 2,Store
20,15000,9.6,4,6.0,5,10,30,1,34405,31000,6,7,2,6,5,5,10,1,7,10,5,Female,Tier 2,Hybrid
68,118739,7.0,4,2.4,9,8,18,3,135930,94614,8,3,3,4,6,6,1,5,5,8,1,Male,Tier 2,Online
26,147606,12.0,6,5.8,10,10,49,0,137533,44221,6,9,6,5,10,5,4,2,7,7,5,Male,Tier 3,Online
25,54990,8.3,9,6.0,8,10,45,4,79849,32054,5,9,6,7,8,9,10,7,8,8,8,Male,Tier 3,Online
29,17821,10.8,9,6.0,10,10,49,0,88511,47058,9,6,2,8,9,4,10,4,5,5,9,Female,Tier 1,Online
34,141729,11.0,12,4.3,6,8,45,3,146782,65961,5,9,4,4,7,4,3,6,5,7,9,Female,Tier 3,Online
43,40184,5.7,8,1.8,4,7,10,11,81533,35089,8,2,4,8,2,6,6,7,4,10,7,Male,Tier 3,Store
34,130017,6.7,5,4.7,4,5,21,11,114248,34055,4,7,6,5,10,4,5,8,4,7,9,Male,Tier 3,Store
33,108268,8.3,2,6.0,5,10,30,16,74913,112008,7,4,1,7,10,7,9,5,5,6,5,Male,Tier 2,Store
50,120693,8.2,8,4.8,4,8,19,6,131222,84173,7,1,6,7,2,5,9,2,6,4,3,Male,Tier 3,Hybrid
35,106624,11.6,13,1.4,7,9,43,7,87284,91251,7,8,4,7,10,3,7,4,5,10,5,Female,Tier 3,Online
51,73661,6.6,5,4.5,5,5,5,17,38288,95040,7,5,6,7,3,7,8,10,3,10,2,Male,Tier 3,Store
32,177334,7.1,12,3.6,4,9,27,9,129238,76267,6,8,5,4,5,7,7,6,4,8,7,Female,Tier 2,Store
34,96925,8.1,10,4.6,7,6,21,11,83893,15001,10,6,4,8,6,6,10,9,3,7,7,Male,Tier 3,Store
18,15000,9.9,4,5.2,9,10,39,2,82742,500,4,6,7,4,4,6,10,4,4,6,7,Male,Tier 3,Hybrid
44,103017,8.4,2,3.9,6,9,33,2,114673,23662,8,7,4,5,1,7,7,3,5,4,5,Other,Tier 3,Hybrid
31,106415,9.2,5,3.9,7,10,35,12,93857,72727,8,4,3,7,5,10,6,5,4,7,7,Male,Tier 1,Store
65,62525,3.5,9,0.0,7,4,0,17,33631,70855,9,0,7,4,5,4,2,9,9,3,1,Male,Tier 3,Store
38,168832,7.0,10,4.6,10,10,27,12,111484,53845,4,9,1,6,4,7,8,3,3,5,6,Female,Tier 1,Hybrid
52,88320,5.8,7,4.5,6,7,21,7,47434,64439,6,4,6,9,6,8,5,2,2,7,1,Female,Tier 2,Hybrid
32,221676,8.2,6,4.2,4,9,21,1,113514,46704,4,4,1,5,7,10,9,8,7,5,5,Male,Tier 1,Hybrid
51,221513,4.8,10,2.1,7,6,9,19,94804,114360,6,4,7,4,4,7,5,10,4,8,10,Female,Tier 2,Store
61,163426,7.7,2,1.8,7,8,26,12,103069,118912,4,7,3,5,7,9,5,10,5,6,4,Female,Tier 1,Store
53,110833,7.7,11,5.3,6,7,24,7,104642,73506,6,6,4,5,1,5,7,9,4,2,7,Other,Tier 3,Hybrid
46,71348,6.7,2,5.1,5,6,24,11,48052,500,4,9,3,4,6,7,9,6,6,6,8,Male,Tier 3,Store
79,79263,5.9,2,1.3,3,4,4,11,900,36554,8,3,3,6,6,4,6,7,6,9,4,Female,Tier 1,Store
53,103985,6.1,6,1.5,3,6,6,14,91665,76857,8,7,3,7,5,5,3,8,6,7,3,Female,Tier 3,Store
32,89591,7.9,11,4.0,3,6,25,7,124102,34129,10,6,3,9,8,4,9,3,5,8,7,Female,Tier 2,Store
26,38220,10.3,14,4.6,10,10,49,8,66594,53778,7,4,2,6,9,8,4,7,3,10,5,Male,Tier 1,Online
55,167404,4.6,9,4.4,3,5,8,9,112899,72203,7,6,3,4,6,3,6,7,8,3,8,Male,Tier 1,Store
79,15000,2.6,5,0.2,1,3,3,15,20089,49625,7,3,5,4,3,3,3,10,5,3,5,Male,Tier 3,Store
32,128759,7.8,9,5.6,7,10,16,8,65815,53133,7,1,1,8,7,4,6,4,5,8,8,Male,Tier 1,Hybrid
32,60335,7.4,9,3.5,3,9,29,4,107241,21663,9,8,7,5,2,6,5,1,4,8,4,Female,Tier 2,Store
56,62749,7.8,4,3.4,6,8,29,12,72671,69736,8,6,5,5,7,8,6,8,4,6,3,Female,Tier 1,Hybrid
66,15000,3.9,3,1.0,5,8,12,8,18208,72226,8,1,6,5,6,3,6,9,9,3,1,Male,Tier 3,Store
43,86036,7.5,6,5.5,5,6,22,8,70066,71478,6,5,7,6,4,6,10,8,4,10,5,Female,Tier 3,Store
36,76824,7.5,4,4.2,5,6,26,3,9296,33927,7,6,3,4,7,5,10,6,4,8,10,Female,Tier 2,Store
42,65696,11.3,5,4.4,4,8,45,7,78332,1813,7,7,4,5,10,7,7,5,1,1,10,Other,Tier 2,Online
49,73083,7.0,6,4.7,10,8,32,9,43536,48143,6,7,7,7,10,6,3,6,9,7,9,Female,Tier 3,Hybrid
61,184851,4.6,11,2.1,6,5,29,7,118927,82868,4,6,1,3,8,6,8,7,6,5,4,Male,Tier 1,Store
36,197778,8.7,11,4.8,5,8,44,2,138656,2538,7,5,1,7,8,7,7,4,7,10,5,Other,Tier 1,Hybrid
78,53573,4.0,1,1.6,5,5,20,17,57856,42706,9,3,3,8,5,4,2,8,7,8,4,Female,Tier 1,Store
51,186513,6.3,6,2.7,7,10,15,16,105782,124229,5,2,4,8,3,6,5,10,5,10,6,Female,Tier 2,Hybrid
36,15829,6.4,6,6.0,7,8,46,0,68315,500,10,5,6,8,7,7,9,2,4,5,7,Other,Tier 3,Hybrid
49,167818,8.1,5,5.7,8,7,20,10,51933,93130,7,9,4,7,6,4,8,9,4,6,6,Female,Tier 1,Store
38,134522,4.8,4,4.9,5,8,24,2,92785,79694,7,5,3,7,8,6,6,4,5,8,9,Female,Tier 2,Online
51,160091,7.2,7,1.8,5,8,26,15,136613,43898,5,3,7,4,10,3,5,5,7,7,5,Other,Tier 3,Store
60,201218,3.8,6,5.1,3,6,0,14,88879,116196,2,5,4,5,6,6,6,7,7,8,3,Other,Tier 1,Store
38,92600,5.3,8,3.1,6,9,31,4,66365,49177,9,7,5,7,6,9,3,6,5,7,2,Female,Tier 3,Store
29,218910,9.0,11,6.0,5,7,18,13,119132,93692,5,2,3,1,6,6,10,7,5,10,6,Male,Tier 1,Hybrid
40,140710,9.2,4,6.0,5,10,43,11,147025,82554,5,8,4,7,10,5,10,9,4,5,1,Female,Tier 2,Online
18,53349,8.2,2,5.1,10,10,44,8,103522,48701,5,9,7,7,3,5,10,5,4,8,3,Male,Tier 3,Hybrid
43,174930,8.4,4,4.5,5,8,27,12,101121,68246,4,5,4,7,1,6,10,6,7,10,5,Female,Tier 1,Store
35,87251,7.7,11,3.8,6,8,29,8,10806,33715,7,4,4,7,9,8,7,3,2,7,7,Male,Tier 2,Store
56,83369,6.2,10,5.0,4,6,12,8,900,49605,6,2,4,5,4,3,9,6,7,9,2,Male,Tier 2,Store
30,117953,9.3,6,4.8,6,10,32,7,55068,94567,4,6,5,6,2,10,8,4,4,8,10,Female,Tier 2,Hybrid
48,150737,5.5,7,3.1,9,10,28,6,149833,84901,5,3,6,7,5,7,8,5,7,6,5,Female,Tier 1,Hybrid
43,102445,6.1,11,5.8,5,6,15,18,37197,95168,7,6,4,7,8,7,10,6,2,7,8,Female,Tier 1,Store
56,123286,6.0,14,2.7,5,5,3,14,55334,125912,6,3,4,7,1,6,5,8,1,9,4,Male,Tier 2,Store
56,204316,6.6,4,2.8,5,8,39,8,129319,126454,5,5,6,7,3,5,5,4,5,5,1,Male,Tier 2,Hybrid
40,135922,11.5,11,5.2,8,10,49,0,150000,86714,8,9,7,6,10,7,10,4,2,6,4,Female,Tier 3,Online
58,227846,5.5,7,2.3,5,4,7,10,77720,84201,1,2,3,4,5,10,6,7,1,8,2,Female,Tier 1,Store
37,124567,7.4,12,4.0,6,6,23,10,75821,48579,7,4,2,8,5,4,10,10,4,3,10,Other,Tier 1,Store
37,97526,10.4,4,4.3,7,9,41,10,122623,31610,9,6,3,8,6,9,10,4,3,6,6,Female,Tier 1,Online
31,72630,8.1,1,3.0,10,10,40,9,92373,88234,7,7,4,5,8,3,9,4,3,7,10,Male,Tier 1,Hybrid
45,161461,6.8,3,4.1,5,7,24,8,105029,99608,5,2,4,5,5,8,8,7,2,10,7,Other,Tier 3,Store
79,83739,6.4,1,3.4,4,5,12,7,42439,74491,6,5,3,5,6,3,6,5,6,8,5,Male,Tier 2,Store
79,108876,4.4,1,0.0,3,6,19,8,74772,91571,5,6,1,5,2,5,3,10,7,5,2,Male,Tier 1,Store
49,153175,5.9,5,2.8,1,6,30,10,128691,54784,6,2,1,2,6,5,6,5,1,4,9,Other,Tier 2,Store
52,121707,5.0,11,4.8,4,5,8,14,61053,2792,6,5,5,1,7,6,9,8,3,2,4,Female,Tier 3,Store
18,39619,10.8,2,6.0,4,8,47,5,94039,7932,6,3,4,5,9,7,10,2,5,10,5,Other,Tier 1,Online
58,199451,5.9,5,2.1,9,9,40,6,94251,41714,8,4,3,4,5,7,7,4,7,10,4,Other,Tier 3,Hybrid
62,72991,6.8,4,3.6,4,10,35,6,134269,68959,5,8,6,7,9,7,9,6,7,10,4,Female,Tier 2,Store
28,57885,6.4,8,6.0,4,8,20,8,95722,39914,10,4,3,4,5,8,10,7,7,9,10,Female,Tier 1,Hybrid
37,118899,7.8,5,5.1,8,9,27,0,97139,33007,10,4,5,4,5,6,8,1,3,10,3,Other,Tier 2,Online
57,130562,5.9,5,0.8,4,4,21,7,60586,74657,4,7,4,7,3,4,6,5,4,5,1,Male,Tier 3,Store
63,101475,6.5,1,4.8,3,5,10,11,150000,26372,3,2,2,6,3,4,1,7,6,7,1,Male,Tier 2,Store
42,126743,8.2,3,1.8,2,9,27,2,116873,11975,5,7,3,4,5,7,7,7,4,8,6,Male,Tier 2,Hybrid
29,76155,10.1,10,6.0,9,10,38,4,33462,8993,9,5,5,7,7,2,10,7,2,10,5,Other,Tier 2,Online
21,131673,8.4,7,6.0,8,9,42,12,117386,105475,8,9,5,8,4,6,10,6,2,5,3,Other,Tier 1,Hybrid
43,191001,9.0,5,3.0,3,10,40,0,72653,53025,3,8,4,2,10,9,6,10,5,10,6,Male,Tier 1,Store
72,27010,3.4,4,1.3,2,2,3,10,900,82278,7,6,6,6,7,5,4,10,3,6,8,Female,Tier 3,Store
48,184089,4.3,9,2.7,8,3,20,16,88232,75911,3,3,5,5,6,9,8,6,6,7,6,Male,Tier 1,Store
36,15000,8.8,13,2.2,10,10,29,6,34359,30512,5,3,6,7,10,8,7,8,9,7,8,Female,Tier 3,Hybrid
48,89617,5.9,10,4.0,6,7,4,17,66296,100859,5,2,3,7,5,3,5,10,3,8,4,Female,Tier 3,Store
60,142476,7.2,5,3.0,1,9,24,6,98122,42745,4,7,2,1,5,5,4,6,5,5,4,Other,Tier 1,Store
42,155663,7.5,7,2.8,9,7,29,4,112291,37803,8,3,5,4,8,7,5,6,4,5,7,Male,Tier 3,Store
33,180828,11.9,11,6.0,10,10,44,13,150000,110205,4,7,4,4,10,3,9,3,3,7,9,Female,Tier 2,Online
49,113401,3.4,10,1.5,3,6,16,10,104959,65363,3,2,5,6,6,5,6,7,4,5,7,Other,Tier 2,Store
44,153275,9.8,9,4.8,6,10,39,5,93302,39532,6,9,1,5,9,5,6,5,3,7,10,Male,Tier 1,Hybrid
54,145783,5.4,9,1.6,3,9,41,8,86171,67084,3,8,3,3,7,7,5,3,4,5,7,Male,Tier 2,Hybrid
47,122303,3.8,4,1.8,4,7,21,12,69349,98633,5,3,2,5,9,5,5,5,6,10,5,Other,Tier 1,Hybrid
29,59548,8.0,4,3.4,8,10,37,7,110181,54608,9,1,7,7,5,5,9,5,4,4,5,Female,Tier 3,Hybrid
68,59864,5.5,3,2.8,6,8,13,4,31843,500,9,0,1,3,3,6,5,2,3,9,4,Female,Tier 1,Hybrid
40,131478,8.2,13,3.3,2,10,28,5,127106,106658,9,9,5,4,4,7,10,7,6,9,7,Male,Tier 3,Hybrid
44,127392,7.1,1,3.8,6,6,21,11,107600,85135,9,5,4,5,1,4,10,9,5,10,10,Female,Tier 2,Store
45,35510,7.8,13,5.5,1,7,29,6,71257,20889,4,5,5,6,2,7,6,2,5,9,4,Male,Tier 2,Store
28,106209,9.1,10,4.1,9,10,35,4,145424,43850,6,4,5,5,5,8,10,6,8,8,6,Female,Tier 3,Hybrid
42,178180,11.3,4,3.2,6,8,32,6,118176,60513,5,4,4,6,1,7,8,5,3,7,8,Female,Tier 3,Online
26,97939,10.2,6,5.2,8,9,41,0,83735,46100,6,6,6,5,10,7,7,5,2,7,9,Male,Tier 3,Online
18,15696,8.9,1,6.0,9,10,39,6,99495,34597,6,5,1,5,7,7,9,4,3,10,1,Male,Tier 1,Online
61,99396,8.0,5,2.9,7,5,21,10,71457,54119,6,6,5,4,2,7,4,6,6,9,5,Male,Tier 3,Store
56,106021,5.3,3,3.1,5,6,11,13,23539,125839,9,2,4,6,1,2,7,7,7,5,4,Female,Tier 3,Store
79,48079,7.0,8,0.0,6,6,31,6,92953,19705,8,8,5,5,4,8,3,4,10,1,3,Male,Tier 2,Store
43,250000,6.3,5,2.2,6,8,23,10,150000,89233,3,9,2,5,7,8,8,6,1,8,10,Male,Tier 2,Store
49,102501,6.1,7,3.9,6,8,17,13,81616,62391,8,7,5,4,7,6,6,8,9,9,3,Female,Tier 3,Hybrid
64,133522,3.5,1,1.9,1,3,10,13,69183,111697,6,0,3,8,6,4,4,7,6,9,6,Male,Tier 1,Store
31,116720,4.9,14,3.8,10,10,27,14,30868,113354,5,5,7,7,9,3,6,6,6,5,6,Male,Tier 3,Hybrid
53,151828,7.6,3,0.9,4,8,30,9,83423,82110,4,5,6,7,10,7,6,5,7,2,6,Female,Tier 2,Hybrid
22,121942,7.0,3,5.6,7,8,13,19,62389,80875,5,2,1,8,4,8,8,5,7,10,3,Female,Tier 1,Hybrid
47,164375,6.1,14,2.7,7,10,43,11,116278,83744,2,9,2,4,10,8,6,6,4,8,8,Male,Tier 1,Store
55,113867,6.5,11,3.5,6,10,30,7,96418,18503,3,5,4,8,3,7,4,7,5,2,10,Female,Tier 3,Online
56,70187,4.9,6,2.4,7,6,31,5,127997,19786,7,2,1,4,3,4,5,8,3,5,2,Male,Tier 1,Hybrid
24,34202,10.8,1,5.8,6,10,39,2,105409,25322,9,7,5,5,10,3,8,2,5,7,8,Other,Tier 3,Online
35,152574,3.5,7,4.1,6,7,25,15,51911,73640,6,5,2,5,10,7,7,8,1,6,8,Female,Tier 2,Store
71,176538,2.2,9,2.4,1,3,0,14,24982,67626,4,5,3,6,8,6,4,6,7,9,5,Female,Tier 2,Store
49,177138,7.4,6,3.8,9,8,29,0,84958,17315,4,4,4,3,8,5,10,8,4,5,9,Male,Tier 1,Hybrid
22,100351,12.0,3,6.0,8,10,49,3,137307,90248,7,5,4,6,3,5,10,3,5,2,1,Male,Tier 2,Online
28,146355,8.7,8,5.0,5,10,26,11,58112,140801,7,4,5,8,4,5,7,2,1,5,10,Other,Tier 3,Online
38,97137,8.4,8,4.1,7,10,28,5,75913,66160,8,4,6,10,6,3,4,8,5,8,3,Other,Tier 2,Hybrid
48,166816,7.1,12,0.9,5,6,23,8,96539,45967,7,9,5,6,4,7,3,5,6,4,9,Female,Tier 1,Store
44,112693,4.4,13,4.0,6,4,8,15,44311,48419,4,3,5,8,5,3,4,3,5,6,4,Male,Tier 3,Store
47,97155,8.1,4,5.6,8,8,33,0,77422,32769,8,7,7,2,9,5,8,4,3,10,3,Other,Tier 2,Hybrid
52,206813,6.2,7,2.8,4,5,21,4,69669,75945,5,9,5,5,10,6,8,1,6,9,9,Male,Tier 2,Store
46,60935,8.7,6,2.8,5,6,17,13,21829,12389,7,2,5,6,5,4,7,10,8,8,6,Female,Tier 3,Store
79,96280,6.2,4,3.3,6,6,20,11,47264,108128,7,4,4,8,5,8,7,8,8,9,7,Male,Tier 1,Store
71,146603,3.3,1,3.2,1,7,26,2,95052,31762,6,6,3,4,8,5,2,5,10,6,1,Other,Tier 1,Store
39,143613,7.6,12,3.2,2,6,24,19,93664,130469,4,4,3,5,4,4,6,8,8,8,3,Female,Tier 1,Store
75,124659,1.3,9,0.0,2,3,3,13,113475,98940,10,2,3,4,4,6,2,6,10,5,4,Other,Tier 2,Store
58,107973,8.1,11,3.2,5,7,27,17,117369,68404,5,9,6,3,9,5,4,8,6,6,2,Male,Tier 3,Store
28,116733,10.5,5,5.5,6,8,34,7,129501,500,4,2,3,3,6,5,10,6,1,5,7,Female,Tier 1,Hybrid
34,75536,7.3,5,5.4,3,9,37,7,99882,43504,5,9,4,10,10,5,10,5,2,9,10,Female,Tier 2,Hybrid
43,76058,6.4,6,4.2,6,6,3,16,900,46504,8,4,7,3,7,7,8,8,5,10,7,Male,Tier 3,Store
39,152508,8.2,6,5.2,4,8,18,8,66198,109043,10,0,7,7,10,6,9,8,6,4,5,Male,Tier 3,Store
23,83733,8.2,3,5.4,5,10,27,3,53656,22031,7,9,2,3,3,7,10,3,1,7,4,Female,Tier 1,Hybrid
43,79263,3.2,13,3.3,8,5,5,11,36489,79714,9,8,7,8,4,3,5,9,5,9,9,Female,Tier 3,Store
44,136367,8.6,3,5.5,10,8,34,0,111237,29962,9,7,4,6,10,5,8,6,3,10,10,Female,Tier 1,Online
40,136418,4.2,4,3.7,5,6,20,11,121281,18622,6,9,2,2,4,4,10,8,7,6,5,Female,Tier 1,Store
69,47221,4.5,12,2.3,3,6,20,11,29057,47620,9,6,3,2,5,6,4,7,4,5,1,Other,Tier 3,Store
27,72701,8.1,12,4.1,8,5,34,6,93415,500,9,9,7,2,8,3,9,5,2,8,10,Female,Tier 2,Hybrid
58,89934,7.0,7,1.0,5,4,9,14,37306,107410,10,0,3,6,4,8,3,9,5,7,1,Female,Tier 1,Store
20,72745,9.1,7,5.1,7,10,39,15,78514,128840,9,5,7,9,4,4,9,5,3,4,7,Female,Tier 3,Hybrid
59,104146,8.8,3,1.9,5,9,43,0,83530,38743,8,5,3,7,10,7,1,7,6,4,2,Male,Tier 2,Online
37,65902,7.1,10,5.5,9,6,23,12,78203,72436,6,0,3,5,4,5,7,7,3,4,4,Other,Tier 2,Store
28,173316,9.7,8,6.0,8,8,41,8,142914,89873,3,9,3,6,10,6,8,7,6,8,1,Male,Tier 1,Store
49,164486,9.5,6,2.7,6,9,20,5,75963,73570,6,2,7,4,8,6,7,6,8,5,4,Other,Tier 3,Hybrid
56,185398,4.5,11,2.1,1,5,9,11,74986,97910,7,4,5,2,3,4,6,10,6,9,9,Male,Tier 2,Store
34,179176,5.4,7,2.1,4,9,16,19,94983,119180,7,7,4,3,4,8,7,7,3,8,3,Female,Tier 1,Store
62,215913,9.6,4,3.2,3,4,8,17,76958,107557,5,7,5,4,6,2,8,10,8,6,4,Male,Tier 2,Store
37,98627,9.9,9,4.7,7,10,32,10,131597,14326,6,5,5,5,10,7,7,4,3,7,5,Male,Tier 3,Online
47,131290,8.3,9,2.3,6,10,40,6,98864,62177,6,3,5,8,9,3,9,6,5,5,3,Female,Tier 3,Hybrid
29,113250,8.8,9,4.9,6,8,28,1,133528,20963,9,6,5,5,6,9,7,1,7,10,4,Male,Tier 2,Hybrid
51,55165,5.6,7,3.5,5,8,19,6,18197,500,5,4,5,5,8,4,8,4,5,5,5,Female,Tier 3,Hybrid
79,49358,2.1,3,0.6,4,6,8,7,81515,65551,7,3,6,6,2,3,4,8,6,10,3,Female,Tier 1,Store
52,171626,5.1,6,4.7,4,6,12,11,112278,72411,4,4,5,8,5,4,5,5,6,7,2,Other,Tier 3,Store
47,157391,8.4,11,5.8,7,7,22,10,101457,74066,3,5,5,2,7,6,10,8,3,6,6,Female,Tier 3,Store
36,54153,9.7,13,1.9,8,10,49,5,70872,41984,10,9,5,5,7,7,8,3,4,6,7,Male,Tier 3,Online
48,118046,6.6,4,3.9,6,6,33,11,125221,58266,6,5,6,5,10,3,4,5,3,3,6,Male,Tier 3,Hybrid
43,101297,7.6,7,3.3,8,8,33,10,126410,29584,9,7,4,4,8,6,10,5,7,4,5,Male,Tier 3,Hybrid
35,128452,5.7,6,3.4,7,10,37,10,109431,128277,5,4,7,3,5,8,6,5,2,4,8,Female,Tier 2,Hybrid
27,155078,9.4,8,2.6,9,10,49,3,112090,104981,8,7,1,4,7,6,8,4,3,7,7,Male,Tier 1,Online
54,100943,7.6,11,4.9,5,7,27,4,94161,39398,6,6,5,2,8,4,5,7,6,7,8,Male,Tier 2,Store
36,50107,5.0,14,3.0,7,7,3,15,23453,71819,8,8,4,9,7,4,5,6,6,4,8,Female,Tier 3,Store
38,154370,5.9,12,2.8,4,7,26,3,57885,12499,3,9,6,6,9,4,9,8,6,3,9,Male,Tier 3,Hybrid
38,222343,6.1,8,3.6,5,5,29,5,150000,48357,3,2,2,3,4,4,10,3,2,7,10,Male,Tier 1,Store
49,59588,7.4,1,5.0,5,5,19,12,34847,137335,7,9,5,5,8,4,9,6,6,7,8,Female,Tier 3,Hybrid
25,26417,8.8,11,6.0,6,10,49,12,99777,74497,6,8,3,10,10,6,10,5,1,7,1,Male,Tier 1,Hybrid
45,35670,9.1,4,3.6,7,9,29,5,80752,46877,4,4,4,6,7,8,8,7,5,8,4,Female,Tier 2,Hybrid
46,142807,6.5,9,2.3,5,9,36,11,129954,132841,7,7,3,6,8,5,6,4,5,7,7,Male,Tier 2,Hybrid
40,106897,7.1,9,3.6,6,8,21,11,91082,54659,5,7,4,6,5,7,6,5,4,7,6,Female,Tier 2,Store
56,99576,1.5,10,0.9,3,5,7,13,78639,27853,5,4,3,7,8,10,7,10,6,6,4,Male,Tier 1,Store
35,118263,8.9,5,4.5,7,9,25,10,82665,51035,9,4,3,5,7,8,9,2,5,8,3,Female,Tier 1,Hybrid
41,196525,7.5,10,3.8,8,10,28,8,142442,78958,8,5,2,3,6,10,10,7,5,8,3,Male,Tier 1,Store
55,182745,3.2,11,3.0,1,4,6,13,14507,95880,7,6,5,4,2,6,8,9,5,8,6,Male,Tier 1,Store
46,104601,5.9,10,4.0,10,6,23,8,77048,118714,9,6,4,9,6,5,10,9,6,8,10,Other,Tier 3,Store
58,56957,6.3,8,3.6,5,4,0,16,900,81283,9,1,3,5,4,4,9,10,9,5,5,Other,Tier 3,Store
30,152119,7.4,11,4.2,7,10,38,7,137175,17429,6,6,4,4,5,5,10,8,4,10,5,Female,Tier 2,Online
53,42230,5.8,6,5.0,5,9,20,7,31733,59840,9,4,3,5,7,6,7,6,8,3,7,Female,Tier 3,Store
50,222964,7.9,10,5.8,5,6,35,4,150000,89379,7,3,1,3,7,4,10,7,3,6,5,Female,Tier 3,Hybrid
31,89804,5.0,4,4.0,4,7,16,0,61651,42391,8,4,6,2,7,7,4,1,3,8,4,Female,Tier 2,Store
39,220044,8.5,8,4.1,2,9,40,7,121232,115104,9,6,3,2,7,8,8,5,7,8,10,Female,Tier 1,Hybrid
18,131174,9.0,1,4.2,6,10,26,7,100115,8084,4,4,4,3,2,9,7,5,1,10,1,Male,Tier 2,Hybrid
43,84208,9.8,9,6.0,6,10,31,9,46527,73635,7,5,2,8,5,4,10,8,5,5,6,Female,Tier 2,Hybrid
41,77589,8.0,9,5.4,7,9,37,4,64499,44293,6,7,5,7,7,2,9,3,7,9,7,Other,Tier 3,Online
56,250000,6.3,5,2.8,7,10,20,16,124244,150000,4,5,1,6,5,7,6,9,5,7,1,Female,Tier 1,Store
31,131434,10.4,6,6.0,8,9,36,6,150000,124003,8,1,3,6,8,7,10,7,3,6,2,Female,Tier 1,Hybrid
56,142354,6.1,3,3.3,2,7,25,13,103174,95002,6,5,2,6,6,8,7,10,4,7,1,Male,Tier 1,Store
37,143792,6.6,10,3.6,5,10,33,7,150000,21230,7,0,4,7,5,4,10,8,2,7,10,Female,Tier 1,Store
35,23178,7.2,10,3.1,6,6,32,13,78947,28659,6,0,5,6,9,5,10,5,3,4,6,Male,Tier 3,Hybrid
38,70016,5.8,7,2.4,5,9,43,0,109797,500,7,9,5,10,10,6,6,7,3,8,7,Other,Tier 3,Hybrid
35,110815,8.8,10,4.4,5,10,41,7,69401,63203,4,6,5,9,10,8,8,5,1,10,5,Male,Tier 2,Hybrid
43,103702,5.8,2,0.9,2,6,34,11,146529,93113,6,8,2,8,10,1,4,6,6,7,3,Female,Tier 3,Hybrid
29,66446,10.0,7,5.8,5,8,49,14,80222,89233,9,8,3,8,5,4,10,1,6,5,10,Other,Tier 3,Hybrid
36,163388,11.3,10,6.0,5,5,29,6,93879,69055,9,5,6,7,6,5,7,5,3,8,5,Male,Tier 3,Store
28,93383,9.5,12,3.3,6,9,42,0,68612,58273,10,9,6,4,7,6,8,5,5,7,9,Female,Tier 3,Hybrid
27,150380,6.7,10,4.4,7,10,38,11,96109,89432,7,9,4,5,7,5,10,9,3,10,1,Other,Tier 2,Hybrid
53,83807,6.7,9,3.2,6,5,15,14,28041,106407,6,6,4,8,5,7,9,8,5,5,10,Female,Tier 3,Store
26,116859,5.9,10,3.8,8,8,30,7,98822,14727,6,4,6,7,4,6,9,5,6,9,7,Female,Tier 2,Hybrid
60,192315,6.0,3,2.0,10,7,5,19,83831,106655,7,4,5,4,4,8,6,6,3,4,6,Female,Tier 3,Store
26,124342,9.8,11,4.9,8,10,30,4,87575,101792,10,7,5,5,10,7,10,2,2,10,8,Female,Tier 3,Online
37,75431,8.8,11,5.1,3,9,38,4,62699,51811,8,7,3,4,8,8,7,6,4,9,6,Male,Tier 1,Hybrid
45,79204,2.8,8,1.6,5,3,0,12,32957,78454,10,5,6,4,3,2,8,5,7,9,8,Female,Tier 3,Store
60,167664,4.9,9,4.0,3,8,23,14,121974,60545,3,3,3,8,5,6,8,10,7,7,3,Female,Tier 1,Store
57,177142,8.9,7,3.9,4,8,36,3,131214,43656,6,4,4,5,9,5,6,6,7,9,3,Female,Tier 2,Hybrid
36,100968,7.2,5,5.4,8,8,26,18,104850,62333,6,4,1,7,3,3,10,6,3,2,3,Other,Tier 1,Hybrid
19,56364,10.4,3,3.6,8,10,45,8,145026,84689,6,5,5,6,5,9,9,4,3,10,5,Male,Tier 2,Online
50,136528,7.7,10,3.0,5,7,19,4,51651,62322,9,1,3,3,4,5,6,10,6,10,7,Male,Tier 2,Store
74,110859,5.2,5,2.4,3,5,36,9,75713,26048,5,6,3,8,9,4,7,10,5,5,4,Male,Tier 2,Store
40,148969,6.1,7,1.2,5,8,30,4,133157,9281,7,6,2,7,7,4,3,3,3,6,8,Female,Tier 2,Store
43,164814,5.0,10,3.0,5,8,27,10,87270,43286,5,7,5,5,4,7,7,10,7,7,9,Other,Tier 2,Store
35,150953,6.5,4,5.0,4,10,23,10,85312,14158,3,6,3,5,8,8,10,3,6,8,2,Female,Tier 1,Hybrid
45,75341,6.6,10,2.6,10,10,45,0,113893,14516,6,7,4,1,8,4,3,8,5,10,8,Male,Tier 2,Online
64,28060,10.4,1,1.8,4,6,48,0,88126,72106,6,8,3,7,4,10,4,5,4,4,4,Male,Tier 2,Hybrid
53,59401,6.5,4,1.7,5,9,26,4,31844,61583,8,1,4,7,4,8,7,5,7,3,7,Other,Tier 2,Hybrid
18,111309,9.7,4,5.2,8,10,37,9,53691,41087,3,5,5,8,8,4,10,1,4,9,7,Male,Tier 3,Online
64,97155,4.8,9,2.6,6,7,4,16,4418,61076,5,6,5,1,3,9,4,9,7,9,2,Other,Tier 3,Store
42,97833,7.0,13,5.1,5,7,22,13,44972,92721,9,5,4,5,2,2,9,10,7,4,8,Female,Tier 2,Store
45,231247,6.1,4,6.0,5,7,17,13,132646,124622,5,4,1,5,4,10,4,7,6,8,8,Male,Tier 1,Store
62,74140,8.1,3,1.0,7,5,38,1,109315,9960,7,6,6,7,7,4,4,5,3,6,2,Male,Tier 3,Hybrid
40,206233,9.0,9,0.9,7,10,41,0,150000,109363,1,9,7,3,2,7,4,4,4,4,9,Female,Tier 3,Hybrid
60,147759,4.6,1,2.3,4,1,0,15,63619,76298,6,0,1,5,3,5,7,8,3,4,7,Male,Tier 1,Store
71,53466,2.2,1,1.4,3,4,12,5,27098,19436,5,0,2,5,8,5,2,5,5,6,6,Female,Tier 1,Store
35,93949,8.7,7,6.0,7,10,40,6,117412,83455,1,6,3,9,8,5,8,5,3,10,10,Male,Tier 1,Hybrid
42,143305,7.9,9,4.2,10,9,27,0,11979,36000,5,5,3,6,9,7,7,7,1,7,4,Male,Tier 1,Hybrid
73,139769,4.3,1,2.3,4,5,4,9,35642,84614,5,4,7,7,6,4,10,10,9,8,7,Male,Tier 2,Store
32,145227,7.6,7,4.2,4,8,16,0,150000,18825,7,6,3,5,5,6,4,2,6,10,5,Other,Tier 2,Hybrid
45,126027,9.8,8,4.3,2,7,33,10,73817,75195,9,5,5,3,10,8,9,7,7,7,3,Female,Tier 2,Hybrid
62,81134,7.0,9,1.8,1,6,19,17,78757,39176,8,5,4,10,8,8,5,10,4,4,1,Male,Tier 3,Store
37,123973,9.9,11,4.1,4,8,36,3,109127,44762,7,3,3,5,8,3,7,4,3,8,8,Other,Tier 2,Hybrid
42,109966,8.5,4,4.1,5,9,40,1,150000,36501,5,1,2,5,6,4,8,6,4,1,4,Male,Tier 1,Hybrid
49,113914,6.4,4,2.7,3,8,18,10,8038,120937,9,6,4,9,5,5,6,5,4,7,4,Female,Tier 1,Hybrid
60,118555,5.4,1,2.9,4,4,6,15,32616,62738,7,0,4,5,7,4,9,7,7,8,7,Female,Tier 1,Store
39,90103,4.7,11,3.0,6,6,23,14,54353,27153,8,6,7,6,5,9,7,4,2,6,4,Female,Tier 2,Store
32,208400,9.5,11,4.2,8,10,44,4,135699,26463,6,3,5,5,8,8,7,5,6,9,8,Other,Tier 3,Online
51,92382,9.9,6,3.3,8,9,44,9,57042,92566,4,6,3,5,10,2,8,7,5,4,8,Female,Tier 3,Online
56,213787,7.9,10,1.1,6,7,15,15,112117,118746,1,5,3,5,7,8,1,7,6,5,6,Male,Tier 1,Hybrid
38,119882,6.7,2,2.3,9,6,17,9,105824,85757,6,1,3,6,4,8,9,6,9,7,7,Female,Tier 3,Hybrid
74,97627,4.5,1,0.2,2,5,7,3,98464,18593,5,8,5,7,9,4,3,9,5,7,3,Male,Tier 3,Store
20,61764,10.7,11,5.7,7,9,36,0,21895,34148,6,5,2,6,6,6,10,6,4,10,5,Female,Tier 1,Online
44,93688,7.2,8,4.2,5,10,31,10,34798,44553,3,5,3,2,9,9,9,9,6,6,9,Male,Tier 1,Hybrid
49,96107,3.9,7,0.8,8,5,0,13,34455,65566,6,5,5,4,5,4,4,8,5,7,6,Female,Tier 3,Store
18,146873,10.3,4,5.8,6,10,42,5,150000,92431,10,4,4,8,10,10,10,4,1,10,5,Other,Tier 1,Online
32,86462,6.9,10,3.1,4,5,24,9,16031,89781,9,7,4,5,9,4,6,7,3,10,8,Female,Tier 3,Store
49,171656,8.0,11,2.8,6,10,49,2,95802,65046,6,7,5,6,10,6,9,6,4,3,8,Male,Tier 2,Online
21,152493,12.0,5,5.8,5,10,45,8,113070,89197,6,8,2,5,10,5,10,6,4,10,3,Male,Tier 2,Hybrid
39,92677,6.9,8,2.8,7,7,12,10,41025,28443,10,7,7,7,7,8,3,6,6,6,1,Male,Tier 3,Hybrid
36,141376,11.0,4,4.9,9,10,25,3,42422,74182,5,6,3,3,6,7,7,7,3,7,4,Female,Tier 2,Hybrid
57,160140,4.8,4,2.7,9,7,6,18,70831,125685,7,2,6,5,4,10,9,9,8,4,4,Other,Tier 1,Store
50,244573,7.4,8,2.3,8,8,33,5,149108,45620,4,8,3,6,5,6,3,4,4,4,7,Female,Tier 2,Hybrid
79,128820,7.2,4,3.5,2,7,25,16,50041,11133,7,2,4,3,8,5,7,7,5,8,3,Male,Tier 2,Store
54,152183,6.8,6,4.0,2,8,29,9,98944,63082,8,5,4,3,10,8,8,4,5,4,8,Male,Tier 2,Store
57,68053,6.5,5,1.9,5,5,18,8,900,30108,8,4,4,4,6,5,4,4,4,10,1,Female,Tier 3,Store
44,126683,12.0,9,4.6,8,9,36,6,90903,54301,6,4,5,6,3,8,6,4,5,8,4,Male,Tier 3,Hybrid
29,118188,8.2,12,4.5,7,10,44,17,145963,50576,7,9,7,7,6,3,10,10,5,6,9,Male,Tier 2,Hybrid
28,49819,7.7,11,5.2,10,9,40,3,146747,27391,7,9,3,5,6,7,9,4,4,3,7,Other,Tier 2,Online
18,48146,11.5,6,4.8,6,10,42,0,90756,500,5,7,5,3,3,7,9,4,1,6,3,Female,Tier 3,Online
69,72164,2.4,7,3.0,7,6,5,17,60213,48493,5,0,2,4,5,4,7,7,5,1,2,Other,Tier 2,Store
53,102984,7.4,1,3.6,4,8,27,12,56172,54812,8,4,4,7,4,8,9,5,6,7,7,Female,Tier 2,Store
59,211725,4.7,12,2.5,9,7,24,13,150000,89927,7,3,2,4,3,7,8,7,3,9,1,Male,Tier 1,Hybrid
57,228335,7.9,7,2.6,7,10,29,3,124043,90659,2,5,4,8,4,7,9,7,4,10,3,Female,Tier 1,Hybrid
30,65077,7.9,12,2.9,6,9,25,11,102070,56258,7,0,6,6,1,2,4,5,2,8,10,Female,Tier 3,Hybrid
38,130559,4.5,8,4.6,6,8,32,15,121537,110826,6,3,1,6,10,5,7,10,5,10,4,Female,Tier 1,Store
39,170958,8.9,13,3.3,5,10,25,3,78963,49770,7,8,1,7,10,6,6,3,2,10,4,Male,Tier 2,Hybrid
51,206227,4.7,6,4.9,10,9,27,6,150000,79945,8,8,5,3,3,6,10,6,4,5,4,Other,Tier 2,Hybrid
56,124603,7.1,9,3.6,8,7,20,12,55809,51513,4,8,7,5,9,5,8,5,7,5,1,Male,Tier 3,Hybrid
45,99206,9.9,9,4.8,2,7,33,5,103542,63671,3,6,4,6,9,5,7,9,7,9,4,Male,Tier 3,Store
27,154251,10.5,9,5.4,5,8,33,5,133961,53661,4,3,7,5,7,4,10,1,6,8,7,Male,Tier 3,Hybrid
77,15000,3.8,5,3.9,7,6,22,7,68673,58543,6,3,2,6,5,2,7,10,7,10,1,Other,Tier 1,Store
44,104870,4.2,10,1.5,5,5,11,19,95824,128131,10,5,3,5,6,3,7,10,5,9,6,Female,Tier 2,Store
38,192195,7.6,7,2.8,6,10,27,10,97951,82614,4,5,1,1,9,8,9,8,1,8,7,Male,Tier 1,Hybrid
23,109917,9.2,1,5.1,7,9,16,8,64149,16903,10,7,3,6,4,8,10,4,3,5,4,Male,Tier 2,Hybrid
64,47596,4.4,9,1.3,2,5,7,14,900,109127,5,7,5,7,5,8,5,10,4,7,4,Male,Tier 2,Store
50,107055,5.7,9,4.0,7,6,12,11,73577,67422,6,4,4,6,3,7,7,3,3,7,10,Male,Tier 2,Store
40,126327,8.7,6,5.7,5,10,34,0,99273,500,10,7,4,1,8,7,8,4,6,5,9,Female,Tier 2,Online
43,131630,6.8,1,3.2,6,9,26,11,64937,59575,4,5,4,5,7,5,9,5,4,6,6,Female,Tier 2,Store
64,137891,6.3,7,1.9,3,6,17,16,54395,78726,8,7,2,7,7,5,7,7,8,5,1,Female,Tier 3,Hybrid
79,54255,6.6,10,0.2,5,2,0,19,6011,42493,10,3,4,8,4,5,3,10,9,8,5,Male,Tier 1,Store
50,76633,3.9,9,4.4,2,4,5,10,39113,86096,5,8,4,5,5,2,10,7,4,6,8,Female,Tier 3,Store
63,167458,6.4,11,3.6,8,6,16,11,102614,107537,7,1,5,6,5,7,9,7,4,10,4,Female,Tier 2,Store
42,188721,9.2,4,4.0,4,10,48,7,143986,37264,7,5,7,4,8,4,10,10,6,10,6,Male,Tier 3,Online
46,94726,7.4,1,3.9,5,10,30,7,93328,64322,10,5,6,8,5,6,6,5,3,4,8,Other,Tier 3,Online
56,86148,4.7,8,3.6,6,10,36,9,112643,92842,8,8,4,9,10,7,8,7,5,5,9,Female,Tier 2,Hybrid
65,104643,4.6,1,1.9,8,10,27,6,66313,84409,8,7,5,4,9,5,6,8,5,5,1,Male,Tier 3,Hybrid
64,141742,2.6,13,0.5,6,4,0,19,52735,125239,6,3,3,7,4,5,7,10,4,5,2,Other,Tier 3,Store
57,179221,4.0,8,1.6,3,8,27,15,84844,130336,6,7,5,1,2,6,5,9,6,7,2,Male,Tier 2,Store
48,138168,10.9,5,4.7,8,9,39,4,133971,34263,5,7,4,4,8,7,8,6,6,4,9,Male,Tier 2,Hybrid
31,141942,11.1,8,4.5,10,10,42,2,110004,58771,9,5,5,4,7,7,10,3,4,10,7,Female,Tier 1,Online
35,47028,7.8,8,6.0,7,10,49,6,69935,31142,8,7,5,6,5,8,7,5,2,2,7,Female,Tier 2,Online
48,182741,9.0,9,3.5,6,7,33,13,141390,42102,6,9,7,2,5,8,6,3,5,10,8,Male,Tier 2,Hybrid
61,125465,4.7,8,1.8,9,6,10,19,11573,77075,10,3,5,6,5,6,6,9,4,9,8,Female,Tier 3,Store
54,190622,2.8,6,1.4,7,6,0,13,48128,80729,4,3,4,3,2,5,4,7,7,10,5,Male,Tier 2,Store
55,154259,8.8,11,3.8,9,8,43,2,140473,42177,7,5,6,7,9,5,7,7,6,6,6,Female,Tier 3,Online
26,75852,7.4,10,4.1,9,9,32,0,87995,49979,7,7,1,7,6,10,9,5,3,10,5,Female,Tier 1,Store
44,119135,7.4,6,3.8,7,7,17,12,40714,96936,5,7,2,6,1,5,8,3,2,10,8,Male,Tier 1,Store
33,137324,8.7,8,4.2,5,10,31,10,125593,59266,9,7,4,5,6,6,6,3,2,10,3,Male,Tier 2,Store
57,209256,3.4,8,0.8,3,7,7,19,55193,98284,3,6,3,4,5,6,3,10,2,9,5,Male,Tier 1,Store
66,133198,6.2,1,1.5,5,8,23,8,61264,53259,7,4,5,4,6,5,4,5,8,6,4,Other,Tier 3,Hybrid
39,122053,7.5,11,1.3,5,10,32,3,70224,95550,8,7,5,8,5,7,6,8,5,6,8,Other,Tier 3,Store
40,147550,6.0,4,5.2,7,6,21,4,130422,70832,6,8,5,7,7,6,8,5,5,4,5,Female,Tier 2,Store
46,95007,10.7,13,3.8,5,9,44,3,108138,18782,9,9,6,7,9,6,9,6,4,10,7,Female,Tier 3,Hybrid
52,128087,6.9,8,3.3,2,8,24,12,66100,110943,8,0,3,8,10,6,7,6,10,10,6,Other,Tier 3,Store
39,180876,9.4,13,5.2,6,9,40,2,150000,17136,2,6,3,4,10,7,9,7,5,2,7,Female,Tier 1,Hybrid
41,167169,3.3,3,3.0,8,5,0,19,16444,98065,4,5,2,5,3,4,5,10,4,9,5,Male,Tier 1,Store
45,121254,5.7,9,2.8,7,10,35,7,124177,2317,8,9,2,8,6,6,7,9,6,9,7,Female,Tier 1,Store
37,175844,10.7,14,3.4,4,8,39,0,55940,68799,8,7,5,4,10,5,9,4,4,10,2,Female,Tier 1,Hybrid
53,145921,9.9,4,2.4,6,6,23,11,106931,73977,6,4,4,8,7,4,3,7,8,8,10,Female,Tier 2,Store
44,37086,9.0,10,4.4,8,7,45,5,129528,18371,6,6,5,5,9,5,10,7,1,8,6,Male,Tier 3,Online
74,112153,6.4,1,3.7,5,5,18,14,71377,91313,7,4,6,10,6,6,5,6,7,6,4,Female,Tier 3,Store
26,42852,9.4,14,6.0,4,10,47,7,93421,18507,6,6,6,8,10,8,10,5,1,8,8,Male,Tier 2,Hybrid
20,41034,10.7,1,6.0,7,10,34,4,87852,10417,8,8,2,3,4,10,10,4,3,9,6,Female,Tier 2,Online
31,17463,7.5,8,6.0,10,8,41,2,126578,7033,8,3,4,8,8,5,9,3,3,8,9,Female,Tier 3,Hybrid
46,125918,4.8,7,3.4,5,10,38,3,120782,500,3,6,2,6,4,10,7,6,4,9,7,Male,Tier 1,Hybrid
40,114825,4.5,11,3.3,6,7,21,10,85479,89347,7,5,3,7,7,7,8,2,5,10,10,Other,Tier 1,Store
73,130645,6.5,6,1.4,3,6,15,16,33766,125885,5,7,2,5,8,5,3,7,3,4,7,Female,Tier 2,Store
67,102717,3.3,3,2.1,4,6,7,16,900,108704,6,1,6,7,7,4,8,8,8,5,6,Male,Tier 3,Store
39,150277,7.7,4,2.6,6,10,22,4,45309,84885,5,6,1,6,4,7,3,5,6,5,8,Female,Tier 1,Hybrid
20,158169,9.0,3,5.3,6,10,40,9,137471,80007,5,2,5,5,8,9,10,5,6,4,4,Male,Tier 1,Hybrid
39,132110,8.2,11,4.0,10,8,34,11,103988,73715,9,3,5,3,9,5,7,8,5,6,9,Male,Tier 3,Hybrid
50,117781,4.7,4,4.7,6,9,13,9,35153,78149,9,6,2,6,2,7,3,5,7,10,8,Female,Tier 2,Store
38,101895,7.3,10,5.1,4,8,20,9,64971,83518,2,2,2,7,9,3,4,4,3,9,6,Male,Tier 2,Store
50,152637,6.3,5,5.0,6,7,27,7,113319,35981,6,8,4,4,8,4,9,6,6,9,9,Male,Tier 3,Store
34,75047,7.2,7,4.9,7,5,13,11,34937,102108,6,1,7,10,7,5,8,7,6,10,5,Male,Tier 3,Store
34,100499,7.4,10,3.8,10,6,18,6,51675,45843,6,6,4,6,10,8,6,1,6,3,3,Female,Tier 2,Hybrid
23,181118,11.1,4,3.4,6,10,47,0,150000,67624,1,6,7,3,5,9,6,9,2,5,4,Male,Tier 3,Online
57,113067,6.1,3,3.3,4,8,37,10,94136,40958,6,3,5,9,9,6,1,5,10,7,5,Female,Tier 3,Hybrid
39,115018,10.0,10,3.6,7,6,42,0,84757,34228,5,6,4,6,5,6,6,1,6,8,9,Male,Tier 2,Hybrid
64,92116,5.6,5,1.7,5,7,16,13,26331,89878,10,2,5,2,5,8,5,9,8,7,4,Male,Tier 2,Store
55,147395,4.8,4,2.5,5,7,7,10,19603,95456,3,6,4,7,1,5,5,9,7,6,7,Male,Tier 3,Store
49,146459,7.7,10,3.9,6,9,31,19,53888,120109,7,2,3,6,10,6,3,5,5,10,4,Other,Tier 1,Store
29,74166,10.1,10,4.4,8,9,37,9,73615,37561,4,5,4,7,6,6,10,2,3,8,8,Male,Tier 2,Online
35,75694,7.7,7,5.2,3,8,33,14,78257,500,8,3,4,5,9,5,10,7,7,8,4,Female,Tier 2,Store
56,75110,6.3,1,1.2,7,6,17,7,13392,44049,3,5,5,6,7,5,2,7,7,3,6,Male,Tier 2,Hybrid
78,32767,4.4,8,2.2,4,5,8,8,900,25851,4,0,6,6,4,4,7,10,3,6,4,Female,Tier 3,Store
79,40221,4.5,9,0.8,2,8,26,10,27572,67048,7,7,4,8,4,6,3,10,7,9,1,Other,Tier 1,Store
45,206595,9.9,11,3.5,9,8,39,10,150000,85899,8,8,5,7,7,3,8,9,3,9,5,Male,Tier 3,Online
60,42665,5.0,6,0.0,2,5,10,16,27209,46490,10,0,6,7,3,2,3,8,7,7,6,Male,Tier 2,Store
53,191860,7.0,1,2.3,4,5,17,8,99214,107886,1,6,5,3,6,2,6,7,5,6,8,Male,Tier 3,Store
61,96670,2.4,10,3.7,4,2,2,15,10956,109345,5,3,3,5,7,4,8,10,3,8,1,Male,Tier 3,Store
56,101163,4.9,4,3.3,2,7,14,5,47435,25444,6,6,5,6,8,7,5,8,3,2,4,Other,Tier 3,Store
29,212305,7.2,11,4.2,6,10,22,7,137799,72890,5,1,6,5,4,8,10,5,5,5,9,Male,Tier 1,Hybrid
41,142908,9.1,11,4.6,6,7,30,6,141782,35713,6,5,3,6,5,7,10,2,2,5,3,Other,Tier 3,Hybrid
18,61810,11.9,5,5.1,5,8,42,8,107462,110236,8,5,6,8,7,4,7,3,3,8,6,Female,Tier 3,Hybrid
43,108807,5.8,14,3.2,7,8,24,9,86666,75591,7,0,3,2,6,4,2,7,4,9,7,Female,Tier 2,Hybrid
49,156750,7.2,9,3.4,4,6,10,19,49628,126006,2,7,4,3,3,6,3,8,1,5,6,Other,Tier 2,Store
23,97307,12.0,9,4.9,10,10,45,6,150000,22249,9,4,7,6,7,4,7,6,3,5,1,Other,Tier 3,Online
63,122553,4.9,4,0.7,3,6,13,10,61554,72218,8,7,5,3,9,5,7,10,7,10,6,Female,Tier 2,Store
64,149899,7.5,11,3.8,4,6,23,11,95100,86246,5,6,4,3,6,3,9,6,7,9,3,Other,Tier 1,Store
41,144651,10.5,12,6.0,5,9,46,0,83553,33936,5,6,5,9,9,5,10,7,4,8,8,Male,Tier 1,Online
39,198349,5.6,2,3.1,6,9,23,0,88309,47097,5,5,6,6,6,5,5,5,8,10,4,Female,Tier 3,Online
53,158172,6.4,13,1.2,3,5,4,14,77105,94563,4,1,3,5,9,5,4,10,5,4,10,Female,Tier 2,Store
24,15000,9.1,2,5.5,8,9,32,9,75626,500,8,8,3,6,7,6,8,9,1,10,1,Male,Tier 1,Hybrid
41,76072,6.9,11,2.4,5,5,0,16,900,57640,8,0,3,8,5,5,5,6,4,8,3,Female,Tier 3,Store
46,170611,6.1,6,1.7,3,8,6,10,28109,45465,8,7,2,8,2,8,2,10,10,5,10,Other,Tier 1,Store
23,104545,9.4,3,6.0,7,9,37,6,103783,80169,10,7,5,6,10,5,10,4,5,9,1,Other,Tier 2,Hybrid
41,139882,7.3,9,6.0,3,8,18,10,45048,150000,9,1,5,5,6,8,9,8,7,5,5,Female,Tier 2,Store
45,26935,6.3,12,5.0,8,8,31,5,61770,15809,9,8,3,3,9,6,5,7,2,6,7,Female,Tier 3,Hybrid
59,94411,5.0,2,1.9,5,5,11,16,10887,55692,4,5,4,5,1,4,3,7,5,8,4,Male,Tier 3,Store
38,195618,9.7,6,3.6,8,10,39,7,150000,88577,8,9,3,6,5,7,7,7,7,4,8,Other,Tier 1,Hybrid
28,112997,8.6,5,5.5,4,10,35,5,97382,38798,4,5,3,8,9,6,10,5,1,9,9,Other,Tier 2,Hybrid
32,86817,9.5,12,3.5,6,6,18,9,34695,91989,6,5,3,7,8,5,5,8,6,7,5,Male,Tier 3,Store
49,104713,5.2,6,3.5,10,10,25,15,44548,67874,5,4,3,5,4,10,9,8,4,8,8,Female,Tier 2,Store
67,47096,7.7,5,1.7,5,4,18,12,57275,77394,7,5,5,6,6,5,5,10,8,7,4,Female,Tier 3,Store
63,64408,4.6,9,2.9,1,5,0,17,57048,83052,5,5,6,6,3,8,6,10,3,8,4,Other,Tier 3,Store
52,94979,6.1,5,2.8,6,5,19,7,57600,47839,4,4,1,6,8,4,9,6,4,10,8,Female,Tier 1,Store
59,134713,3.9,6,1.6,5,6,5,12,19398,61000,9,4,2,5,7,7,2,6,5,6,4,Male,Tier 1,Store
48,150689,9.4,5,4.3,5,10,35,1,126606,10536,3,3,5,4,6,6,9,7,3,5,3,Male,Tier 3,Online
47,184337,7.6,6,4.2,2,10,37,6,79804,9250,8,4,6,4,6,7,10,8,5,10,4,Female,Tier 2,Online
34,77409,9.2,8,4.7,6,9,30,0,49855,22253,6,6,2,6,8,3,7,5,2,6,6,Other,Tier 3,Online
36,114495,7.0,6,3.9,9,10,41,11,75372,85009,7,4,4,5,8,4,9,6,5,8,4,Male,Tier 2,Store
49,92049,11.1,2,3.6,6,7,43,8,142918,17550,6,9,4,7,8,3,9,10,7,6,5,Female,Tier 3,Hybrid
67,163998,5.2,4,4.3,8,8,23,17,53212,100190,2,6,4,4,7,6,10,7,3,9,6,Female,Tier 1,Hybrid
61,62060,2.4,2,2.6,6,5,14,17,78417,72528,10,6,6,4,6,6,6,7,9,7,7,Female,Tier 2,Store
48,182962,8.6,8,4.0,4,10,40,3,109563,62645,7,6,2,4,7,5,7,5,6,6,3,Female,Tier 1,Hybrid
39,114162,5.4,13,0.6,6,8,21,7,79419,55716,4,1,4,7,6,7,8,3,4,10,7,Female,Tier 2,Hybrid
34,130700,11.6,12,5.9,6,9,28,11,67473,61323,5,5,4,4,6,8,9,7,4,10,9,Other,Tier 2,Hybrid
23,109472,11.2,5,4.2,5,10,47,5,109757,53914,4,5,5,9,10,8,5,4,3,8,1,Other,Tier 2,Online
50,143220,9.0,12,5.1,8,9,26,2,60268,12857,5,7,7,4,7,8,9,5,4,7,4,Male,Tier 3,Hybrid
53,120124,6.2,8,3.4,4,8,28,5,68114,15466,5,3,3,6,4,3,9,4,4,3,10,Other,Tier 1,Hybrid
50,109769,8.6,5,4.3,7,7,29,19,115783,138805,4,8,4,8,8,5,8,6,8,8,5,Male,Tier 1,Online
34,162735,6.8,14,3.1,8,10,20,6,95988,79490,6,2,3,7,7,10,6,6,3,8,6,Female,Tier 3,Online
58,135870,2.8,1,3.6,2,4,0,18,37342,69980,5,1,4,5,5,7,10,5,6,9,5,Female,Tier 2,Store
47,47486,6.2,8,3.1,5,7,16,12,54060,39121,5,9,4,9,6,8,4,7,5,9,7,Female,Tier 2,Store
18,58602,7.0,1,4.6,4,7,19,7,39640,57968,7,6,3,7,1,4,9,1,3,10,8,Male,Tier 3,Hybrid
18,48293,11.0,4,5.3,6,10,40,3,114496,500,5,9,5,7,10,5,8,2,1,9,1,Other,Tier 2,Online
57,110151,7.7,11,2.5,9,9,24,7,67397,106586,5,6,4,3,2,7,6,10,9,6,2,Male,Tier 2,Hybrid
59,153122,2.9,4,2.8,2,5,10,16,35642,109490,5,4,5,4,7,3,5,9,5,9,1,Other,Tier 2,Store
30,204435,7.4,12,4.5,3,10,39,3,150000,54639,2,5,4,4,7,6,8,8,1,6,6,Male,Tier 2,Hybrid
39,164612,8.9,12,4.5,8,10,34,7,80863,27046,3,9,4,2,9,7,8,9,2,10,9,Male,Tier 1,Online
21,68826,6.8,7,3.9,8,9,30,9,83131,73122,10,3,1,6,4,9,3,5,5,6,4,Male,Tier 1,Hybrid
41,106386,9.0,11,5.4,5,9,28,8,87692,65348,6,7,6,6,6,6,4,8,3,10,4,Female,Tier 3,Store
34,97408,6.1,5,5.8,8,8,12,16,99773,107074,7,5,4,4,8,5,7,6,2,9,5,Female,Tier 2,Hybrid
31,181067,7.1,14,3.6,7,8,35,8,95814,70651,6,3,1,5,10,5,6,5,1,7,6,Other,Tier 2,Hybrid
42,59585,9.6,4,4.7,6,6,35,3,88757,53370,10,3,6,7,6,9,6,10,5,9,6,Male,Tier 3,Hybrid
21,15000,8.3,3,6.0,7,7,27,8,88125,28659,10,3,2,8,10,4,10,3,3,10,4,Other,Tier 2,Hybrid
45,147171,6.3,6,4.8,7,10,30,7,71521,13735,5,2,1,7,2,6,9,7,9,9,1,Female,Tier 1,Hybrid
31,15000,12.0,14,1.3,7,10,40,9,103636,48062,9,2,6,5,8,5,9,5,6,7,6,Male,Tier 3,Online
18,67154,10.3,3,4.9,6,10,28,7,73953,24937,10,3,4,5,4,6,9,5,4,5,6,Female,Tier 2,Hybrid
43,121939,8.2,7,6.0,7,7,15,6,102961,110451,4,5,3,7,5,6,7,8,5,5,7,Female,Tier 2,Hybrid
45,77264,5.3,7,4.1,7,4,20,6,8045,14324,7,8,6,7,6,7,9,2,5,4,4,Other,Tier 3,Store
51,107697,7.9,5,4.0,5,7,22,8,43902,11116,6,7,5,4,1,2,9,8,8,7,3,Other,Tier 3,Store
79,15000,7.2,6,1.6,1,8,21,5,46905,500,9,7,4,7,9,5,2,5,7,4,1,Female,Tier 3,Store
41,100764,8.7,6,3.0,6,8,40,0,58232,30649,5,7,6,6,7,8,5,3,5,4,5,Male,Tier 3,Store
78,32153,7.5,7,0.4,3,7,28,0,70029,1660,7,4,5,7,9,7,4,6,8,9,1,Male,Tier 3,Hybrid
42,110791,10.1,8,5.7,5,10,47,0,92788,14255,7,7,7,7,5,8,7,5,9,6,10,Male,Tier 3,Hybrid
58,171008,6.4,7,1.6,10,6,26,9,119420,68479,6,5,6,2,7,8,2,6,7,6,5,Female,Tier 1,Store
46,148971,8.7,9,3.5,4,6,28,9,65284,81644,4,4,2,4,6,2,8,4,5,6,1,Other,Tier 2,Hybrid
46,98436,7.8,12,5.0,9,8,32,7,43030,500,7,5,4,6,9,4,9,9,5,2,7,Male,Tier 2,Hybrid
42,104751,5.6,9,5.9,7,7,36,10,135451,80816,8,5,2,7,6,9,9,8,7,10,8,Other,Tier 1,Store
40,45362,5.8,14,5.5,5,8,23,17,900,73397,6,9,5,6,5,2,9,9,6,6,4,Male,Tier 2,Hybrid
43,78257,4.6,8,3.8,8,8,17,18,48538,75772,7,8,7,7,9,7,6,9,4,7,10,Female,Tier 3,Store
43,52995,7.6,8,4.6,7,10,40,5,68199,43325,5,0,3,8,6,9,8,1,5,9,8,Female,Tier 3,Online
42,118549,5.0,1,3.5,5,6,21,19,31283,98034,8,1,3,8,4,4,9,5,3,10,10,Female,Tier 1,Store
61,67899,5.7,13,3.5,3,4,7,15,79017,66525,8,7,4,8,7,5,8,6,1,9,1,Male,Tier 3,Store
31,85167,11.3,4,6.0,5,8,28,11,65532,46265,6,8,4,3,7,6,10,4,2,10,4,Male,Tier 2,Online
32,110057,4.8,9,2.8,6,7,15,13,66675,89896,3,1,5,6,5,6,8,4,4,7,5,Female,Tier 1,Store
42,94715,11.7,6,3.9,4,9,39,0,49230,19464,3,3,2,2,9,5,8,3,7,10,9,Female,Tier 3,Online
22,15000,7.4,6,4.4,7,10,31,13,15730,30388,8,1,3,8,7,8,10,4,4,7,3,Female,Tier 2,Store
57,77025,7.0,14,3.1,7,9,31,10,78879,23826,7,4,4,5,1,5,5,4,10,5,7,Female,Tier 3,Store
47,72149,6.3,7,2.7,6,8,9,17,33454,65621,8,4,7,6,5,6,5,10,8,4,10,Male,Tier 3,Store
63,84074,3.1,1,0.4,7,3,4,12,900,150000,9,5,5,8,6,7,6,8,6,4,4,Female,Tier 3,Store
34,145198,8.8,5,5.5,6,8,38,6,150000,53235,7,4,3,5,6,7,8,2,1,7,4,Male,Tier 3,Hybrid
38,81604,6.9,14,4.3,5,9,17,17,35379,86104,5,1,4,8,8,5,9,4,4,7,2,Female,Tier 2,Store
70,102351,3.3,5,0.0,4,5,2,10,88292,101594,7,1,5,3,5,8,5,10,4,7,8,Other,Tier 2,Store
18,15000,8.2,1,6.0,5,10,31,9,47776,500,5,6,4,10,6,7,8,7,1,10,1,Female,Tier 2,Hybrid
58,229687,6.2,8,2.5,6,6,21,14,144178,81717,5,5,6,2,4,7,8,5,10,7,4,Male,Tier 1,Store
18,127448,8.6,1,4.7,1,5,15,19,41313,114349,7,3,7,4,6,3,9,7,4,7,5,Male,Tier 3,Store
40,131157,6.6,11,3.6,7,5,19,9,127047,7739,5,6,5,8,4,6,9,10,3,6,2,Female,Tier 2,Store
55,160738,7.6,9,2.3,3,7,25,6,150000,90291,5,7,6,4,6,2,5,5,5,6,6,Male,Tier 2,Store
50,87868,4.3,3,3.0,8,8,16,12,50683,500,7,2,7,6,8,9,5,8,5,8,7,Male,Tier 3,Store
18,138658,10.6,4,5.6,8,10,48,4,141120,6912,6,8,1,4,8,9,8,6,3,8,3,Female,Tier 1,Online
63,102984,4.8,7,2.2,1,3,6,16,900,85185,5,6,4,9,6,6,1,7,7,7,5,Male,Tier 3,Store
49,155810,5.2,9,2.1,3,7,25,7,88765,73865,6,7,1,1,7,9,8,3,4,6,5,Female,Tier 1,Hybrid
56,148653,2.2,4,2.2,4,4,0,16,57906,92518,6,0,1,5,1,10,6,7,6,6,3,Male,Tier 1,Store
37,147820,8.3,7,6.0,9,8,19,6,65143,24279,5,3,1,4,2,1,10,5,2,5,7,Other,Tier 1,Hybrid
46,111988,4.6,4,2.3,6,9,22,4,63482,93640,6,4,4,6,5,7,4,6,6,7,7,Female,Tier 1,Store
59,156499,7.4,7,0.8,3,7,11,12,57084,107591,8,5,3,5,6,7,5,1,3,2,2,Male,Tier 3,Store
58,159814,7.9,3,2.6,5,7,22,12,71412,116287,6,9,5,3,3,4,6,7,4,8,2,Male,Tier 2,Store
34,139679,9.1,10,4.7,9,10,22,12,42496,97184,4,0,7,5,7,10,9,4,1,7,4,Male,Tier 1,Hybrid
37,97936,3.9,10,5.0,6,10,7,19,16899,72201,2,2,4,7,3,6,10,9,5,6,6,Other,Tier 3,Store
19,84977,10.1,6,6.0,5,10,37,0,21295,37906,6,4,7,8,4,1,9,1,1,6,5,Female,Tier 3,Online
29,114863,11.3,3,6.0,8,9,49,0,109425,55365,6,8,1,3,6,7,10,4,5,10,1,Other,Tier 1,Online
34,214069,5.4,10,2.2,4,9,24,7,88438,50264,2,8,3,1,8,7,5,5,4,2,10,Other,Tier 1,Hybrid
45,58581,6.9,6,3.1,5,7,17,4,75710,50964,8,3,3,6,5,3,9,7,4,3,9,Male,Tier 3,Hybrid
41,107562,7.2,9,3.5,6,10,36,8,88573,106296,7,5,3,7,9,9,5,4,5,2,7,Female,Tier 2,Hybrid
23,15000,6.7,5,4.2,10,9,24,6,5423,57174,10,6,3,5,4,7,7,4,3,9,2,Male,Tier 2,Hybrid
72,95957,6.8,2,1.6,6,7,33,0,113558,12714,6,7,4,7,7,5,6,8,9,9,3,Other,Tier 1,Online
54,122728,7.6,5,2.3,4,9,38,2,54851,91879,7,9,2,8,5,8,3,8,3,7,8,Male,Tier 2,Hybrid
49,107578,5.7,8,3.7,7,6,14,13,29371,41693,6,7,4,6,6,3,4,7,4,8,7,Female,Tier 2,Store
30,95694,11.0,12,2.9,7,8,17,4,70188,80743,7,5,2,7,6,6,3,1,4,10,10,Female,Tier 1,Hybrid
42,105717,6.9,7,2.1,8,9,29,6,111267,42749,6,4,3,7,7,9,9,5,7,5,6,Other,Tier 1,Online
48,112631,8.9,10,3.3,3,10,48,2,137456,22245,4,7,5,6,8,7,8,5,7,10,8,Female,Tier 2,Hybrid
36,188274,5.8,13,2.0,8,10,32,8,102108,106474,4,4,6,6,8,7,9,2,3,6,7,Male,Tier 2,Hybrid
72,155824,4.5,4,0.2,5,6,13,11,127578,96076,7,4,6,4,6,6,5,10,7,10,4,Male,Tier 1,Store
39,175398,6.2,7,4.3,6,7,22,7,54764,19987,4,7,2,5,8,4,8,1,2,7,9,Male,Tier 3,Store
36,193712,9.9,8,4.0,5,7,39,10,114391,68287,3,9,2,5,8,6,7,3,5,9,5,Other,Tier 1,Hybrid
57,93308,6.7,13,3.4,4,6,12,11,63715,11205,3,2,5,5,5,5,6,2,8,10,2,Female,Tier 3,Store
35,99507,10.5,12,4.4,3,10,34,10,61330,105634,6,6,3,5,5,7,10,6,9,10,5,Male,Tier 2,Hybrid
26,133533,11.7,4,5.7,10,10,49,10,138721,31100,7,7,5,7,4,7,9,4,2,10,9,Other,Tier 3,Online
50,182153,6.3,8,1.8,5,6,21,16,84179,102175,7,0,2,2,9,2,5,8,3,6,9,Male,Tier 1,Store
42,212275,5.0,2,2.3,3,6,20,9,105203,101054,4,8,6,1,3,3,4,4,4,7,6,Male,Tier 2,Store
40,39763,6.4,10,3.1,9,9,20,15,87763,81149,8,8,5,6,4,8,7,9,5,6,5,Male,Tier 2,Store
55,159966,7.4,5,5.9,3,5,27,8,83072,96039,3,7,5,4,8,6,10,8,6,3,10,Other,Tier 2,Store
79,70665,3.6,1,1.5,10,9,13,15,86541,92501,7,2,4,5,5,6,5,7,4,8,5,Male,Tier 2,Store
53,202737,7.8,7,4.6,6,9,17,13,78204,150000,4,5,3,2,4,10,7,6,3,8,5,Male,Tier 1,Hybrid
36,142335,8.5,6,4.3,6,9,33,7,118997,27775,7,3,6,5,4,6,10,3,1,6,9,Male,Tier 2,Store
49,117951,7.8,8,5.2,4,7,20,5,33600,42493,6,2,5,9,5,5,10,5,4,5,8,Female,Tier 1,Store
19,80985,9.8,1,3.4,5,8,21,5,90023,27747,5,3,3,7,3,5,7,3,3,9,3,Male,Tier 2,Hybrid
44,151451,9.4,9,5.2,8,10,31,12,96060,37127,4,5,1,7,10,5,8,5,5,6,9,Other,Tier 3,Online
61,53931,7.7,6,2.9,6,7,33,8,113684,27055,8,7,5,7,5,1,8,6,10,6,2,Other,Tier 2,Hybrid
21,83449,8.8,2,4.5,7,7,27,9,43507,12016,6,5,3,5,7,6,7,5,6,10,2,Female,Tier 2,Store
54,29703,4.2,8,4.3,8,7,31,13,56603,73056,5,6,1,7,10,8,5,10,6,6,6,Male,Tier 3,Hybrid
22,105896,7.8,4,2.8,5,10,34,8,91324,39049,6,7,7,5,8,5,6,5,2,5,4,Female,Tier 3,Store
47,139432,8.3,9,4.6,10,7,42,4,131763,2902,5,7,5,4,9,6,6,3,7,6,8,Male,Tier 3,Hybrid
53,95544,9.4,8,3.5,4,9,45,1,121379,39452,8,3,6,7,7,6,6,7,1,5,4,Other,Tier 3,Online
54,215747,6.3,9,3.0,7,6,27,15,100238,97437,10,3,4,4,5,2,3,9,8,7,6,Male,Tier 3,Hybrid
42,130109,10.3,7,5.2,8,7,40,7,109420,28333,5,3,4,5,5,6,7,4,3,9,10,Other,Tier 3,Hybrid
29,142512,11.6,13,5.9,7,8,31,8,149668,57766,7,7,2,5,6,9,10,3,1,8,6,Male,Tier 2,Online
55,150037,6.2,11,4.3,7,8,6,9,74463,68552,6,3,5,5,8,5,8,5,5,6,5,Other,Tier 2,Store
51,146467,11.5,12,3.6,7,6,31,9,51359,21148,7,7,3,5,8,5,7,5,6,10,5,Male,Tier 3,Store
41,165192,5.2,1,5.3,10,10,38,13,109883,74832,6,5,4,3,7,7,10,2,3,7,6,Other,Tier 2,Online
49,157122,6.6,10,3.3,4,6,22,6,118066,98343,2,4,6,6,8,5,2,3,9,10,7,Male,Tier 2,Store
51,191408,8.5,7,2.4,3,8,25,6,100351,100364,6,0,5,6,6,7,9,8,6,8,10,Male,Tier 2,Store
55,76150,4.6,7,4.6,2,6,34,9,102090,41005,9,7,5,9,6,3,8,5,5,6,3,Female,Tier 2,Store
30,56350,10.5,8,5.9,6,9,38,8,66865,47992,7,8,3,7,8,6,7,4,4,7,10,Male,Tier 2,Online
56,140520,4.5,6,4.6,5,6,16,13,75114,95775,5,7,3,3,6,4,5,6,8,7,5,Female,Tier 2,Store
41,142603,6.8,9,1.8,9,7,26,0,83576,72886,8,6,3,8,7,3,6,3,2,5,8,Other,Tier 2,Hybrid
41,144910,8.3,8,5.6,8,8,29,9,101361,67636,8,6,3,6,7,2,6,7,5,9,10,Male,Tier 3,Hybrid
69,73295,5.8,2,1.9,4,6,22,14,56266,84151,5,6,4,7,5,5,5,7,6,6,5,Male,Tier 1,Store
39,161084,6.7,9,3.1,9,8,35,13,106409,50044,8,4,7,1,9,5,7,9,5,10,3,Female,Tier 3,Hybrid
45,156496,7.0,5,2.5,3,8,40,2,103945,500,6,7,4,8,3,5,7,5,4,8,5,Male,Tier 1,Store
29,124499,9.7,6,6.0,7,10,38,4,56346,66492,4,6,4,7,7,5,8,4,6,4,7,Female,Tier 2,Online
42,168639,8.1,8,2.9,7,6,21,11,108576,108944,7,5,1,6,5,5,6,2,5,10,9,Other,Tier 1,Hybrid
62,167900,5.3,8,1.4,2,5,8,17,27249,73384,7,3,3,5,3,3,6,5,2,5,5,Female,Tier 2,Store
25,43814,12.0,7,6.0,9,10,44,4,109307,500,8,6,7,5,4,3,10,4,1,5,4,Female,Tier 3,Online
43,114563,12.0,7,3.1,4,8,34,7,104717,100194,6,9,4,9,10,3,8,4,5,5,9,Male,Tier 3,Hybrid
39,50839,11.7,11,4.3,9,9,48,8,88724,27918,6,5,4,6,9,5,7,4,5,7,8,Male,Tier 2,Online
49,96952,7.3,14,3.4,3,5,8,9,39263,36304,5,0,6,5,5,7,6,6,4,2,10,Male,Tier 3,Store
40,132626,7.8,8,3.8,8,5,29,11,87783,67763,8,4,3,5,6,4,6,7,4,10,7,Female,Tier 2,Store
45,230496,7.1,10,2.6,7,8,34,0,93084,500,4,6,3,6,8,5,7,4,6,8,5,Other,Tier 1,Hybrid
79,28842,4.7,8,1.3,6,6,26,1,55523,2993,7,9,4,4,6,2,4,7,6,5,2,Male,Tier 3,Store
37,111301,8.5,4,5.4,10,8,30,6,55559,83562,6,6,1,6,3,7,10,5,5,7,7,Female,Tier 1,Online
24,119273,9.2,5,1.8,6,10,40,5,98882,45144,5,8,6,5,5,6,7,3,5,9,5,Male,Tier 1,Hybrid
22,107919,8.6,7,5.5,6,10,49,0,94813,500,5,9,1,3,8,7,6,4,1,7,4,Female,Tier 2,Hybrid
47,140809,8.5,6,4.1,5,7,24,3,61565,38674,7,5,5,6,8,10,9,7,8,7,10,Female,Tier 3,Store
56,96719,5.5,6,2.3,2,5,12,13,55539,33075,10,5,6,8,5,5,5,8,7,9,7,Male,Tier 3,Store
25,58909,8.9,9,6.0,8,10,28,7,49838,24845,7,7,3,6,7,7,9,3,5,10,9,Female,Tier 3,Hybrid
51,130168,7.7,5,6.0,4,9,24,10,148933,5411,8,4,5,6,7,9,7,8,4,7,4,Male,Tier 2,Hybrid
35,162964,7.3,13,3.1,8,8,40,1,124867,47942,4,4,1,6,10,3,6,4,1,8,7,Female,Tier 1,Online
25,162262,11.3,7,5.3,5,7,44,8,148430,114228,7,4,5,3,9,5,7,6,4,9,6,Female,Tier 1,Hybrid
74,140783,6.5,12,1.7,2,6,24,11,44496,58771,5,3,3,7,6,4,6,6,6,8,4,Other,Tier 1,Store
62,119119,5.4,2,4.0,7,6,18,10,30089,90299,7,5,6,5,6,3,4,4,5,8,2,Male,Tier 2,Store
79,54351,3.9,2,1.6,5,5,17,17,67532,42787,4,1,5,9,6,3,7,10,10,5,6,Female,Tier 3,Store
53,84359,6.3,5,2.2,2,6,23,8,48498,62764,5,7,5,9,8,4,5,6,6,6,7,Other,Tier 3,Store
53,97461,1.0,6,1.7,5,3,0,18,12166,89650,7,5,7,10,6,6,6,9,5,7,5,Other,Tier 3,Store
42,137208,8.8,4,4.7,3,6,25,9,76705,9393,5,4,5,6,4,5,10,4,1,9,9,Female,Tier 3,Hybrid
47,101153,8.9,8,4.3,6,10,30,11,97948,81415,10,8,3,10,5,7,10,8,5,3,10,Male,Tier 2,Hybrid
38,164555,8.9,7,4.0,5,10,25,9,97317,113596,8,0,4,6,10,5,6,7,6,10,9,Other,Tier 3,Store
25,125950,9.2,14,5.8,6,10,29,3,91207,69440,7,3,2,6,9,6,10,2,3,6,7,Female,Tier 2,Hybrid
45,120241,4.1,4,5.9,5,9,6,15,75646,72056,5,5,2,6,1,6,10,9,10,8,6,Male,Tier 1,Store
35,127560,9.3,9,4.4,5,10,35,0,87646,9845,3,1,3,3,2,5,10,3,5,9,5,Male,Tier 1,Hybrid
18,66154,10.1,4,6.0,7,10,41,12,80227,66038,6,9,6,10,7,2,10,6,4,5,2,Female,Tier 3,Hybrid
24,44551,12.0,1,6.0,3,10,42,1,26748,44741,5,4,7,10,5,6,10,5,6,9,6,Female,Tier 3,Hybrid
61,92400,7.2,1,5.2,7,9,29,5,60548,53641,6,8,3,8,10,9,8,5,7,4,10,Other,Tier 3,Hybrid
26,136201,8.2,8,5.3,9,10,31,7,90743,25687,5,6,1,6,5,8,7,6,4,10,10,Male,Tier 1,Online
54,150179,8.7,10,2.8,3,6,32,1,90665,40726,4,8,1,7,8,8,2,6,4,10,9,Other,Tier 2,Hybrid
18,119839,9.9,6,6.0,8,10,49,6,84746,500,7,6,4,6,7,8,10,2,5,8,5,Male,Tier 2,Online
51,153580,10.4,6,3.9,8,7,37,16,134567,150000,7,2,3,3,10,7,8,9,6,10,9,Other,Tier 1,Hybrid
49,214086,5.7,4,3.9,3,5,9,11,122913,84476,2,8,2,6,2,7,8,6,6,10,10,Male,Tier 1,Store
37,113184,6.3,10,4.5,4,6,15,15,71446,74530,7,7,5,7,7,5,8,6,2,6,9,Female,Tier 2,Store
61,128376,5.5,8,1.7,6,5,6,10,20980,48211,6,3,4,7,6,7,6,4,5,5,7,Female,Tier 2,Store
50,216072,7.6,6,3.2,4,5,30,2,150000,29130,3,3,4,6,3,3,8,6,7,6,9,Other,Tier 3,Store
60,175573,4.0,8,0.3,3,7,19,14,124293,67932,7,1,2,8,8,7,5,8,6,10,6,Female,Tier 1,Store
18,92058,11.7,3,6.0,3,10,34,8,112602,23137,8,6,3,8,10,6,10,8,6,9,8,Male,Tier 1,Hybrid
76,104882,5.5,7,1.6,6,8,21,8,63300,76974,3,2,5,8,10,7,4,8,8,7,3,Male,Tier 1,Store
39,99702,11.1,9,6.0,7,10,44,1,124021,14942,2,9,3,8,8,4,10,5,3,10,8,Female,Tier 3,Online
65,53270,9.4,8,1.7,7,7,31,7,65287,78894,6,5,4,8,4,6,4,7,5,9,4,Male,Tier 1,Store
46,247110,4.5,2,2.1,5,6,17,16,91979,138577,5,6,2,2,9,6,5,8,5,5,6,Other,Tier 2,Store
41,109689,9.5,6,3.5,9,8,35,8,109679,64518,8,6,4,5,9,8,10,7,4,7,3,Male,Tier 3,Hybrid
47,141926,10.0,9,5.3,9,9,32,13,86490,90943,9,4,5,5,7,7,10,9,4,7,6,Male,Tier 2,Store
39,184140,8.8,12,3.4,4,8,43,2,122242,93148,2,5,7,1,8,7,4,4,7,1,6,Other,Tier 3,Hybrid
57,135318,6.2,10,4.3,4,10,38,3,137403,64485,8,8,4,4,8,6,7,5,9,10,5,Male,Tier 1,Hybrid
38,119201,7.2,7,2.5,5,10,28,9,79056,36861,6,7,3,5,9,5,9,8,2,4,3,Male,Tier 3,Hybrid
39,109945,6.7,9,1.2,7,8,37,9,127098,73278,6,8,5,6,5,4,3,3,1,7,4,Female,Tier 1,Hybrid
18,53403,6.4,1,6.0,5,10,37,7,84755,41640,4,5,7,6,7,7,9,3,4,5,5,Other,Tier 3,Hybrid
62,102343,5.9,5,2.7,3,5,14,9,59715,20104,9,5,3,4,7,5,4,7,2,9,4,Female,Tier 2,Hybrid
54,152818,6.1,6,4.5,5,9,29,14,149545,20047,6,0,5,4,6,7,10,10,5,9,5,Female,Tier 3,Hybrid
42,66991,8.7,9,3.1,8,9,33,4,22530,21526,8,6,2,6,10,7,6,5,3,10,2,Female,Tier 1,Hybrid
46,184230,8.6,6,4.8,5,8,41,0,150000,53336,4,9,2,3,5,5,10,7,5,9,7,Female,Tier 3,Hybrid
35,110437,6.2,6,2.0,6,6,16,16,79935,102468,8,4,2,7,4,10,4,6,3,8,8,Female,Tier 1,Store
48,76297,5.7,3,6.0,5,7,16,8,35334,13622,8,6,4,6,1,4,9,3,6,9,1,Male,Tier 2,Store
35,61059,9.4,1,3.6,8,8,32,14,87685,30555,10,4,7,9,9,5,6,4,3,6,2,Female,Tier 3,Hybrid
49,237851,8.5,4,4.5,8,8,33,4,114374,87679,2,8,5,4,4,6,9,5,6,5,9,Female,Tier 2,Hybrid
45,124611,9.1,5,5.2,2,9,40,0,117548,500,4,6,4,5,9,7,6,6,6,4,7,Female,Tier 1,Online
59,148002,3.0,5,0.0,3,7,17,13,78330,58310,3,2,4,3,9,5,5,6,8,10,4,Male,Tier 2,Store
31,39722,10.2,14,6.0,9,7,20,9,40794,75024,6,4,4,7,5,5,10,2,5,7,8,Male,Tier 3,Online
28,152447,8.2,4,6.0,6,10,41,2,125312,46009,3,8,1,3,10,9,7,4,2,8,8,Female,Tier 1,Online
52,95555,7.9,6,3.5,6,9,19,9,80077,41765,7,3,5,6,4,6,7,4,4,8,5,Female,Tier 3,Hybrid
41,32018,7.3,9,3.5,5,10,25,2,48328,38885,8,0,5,3,4,8,5,4,2,3,9,Other,Tier 2,Online
30,78445,6.2,14,5.4,6,10,41,2,105003,64804,6,6,1,6,9,9,10,3,5,7,8,Male,Tier 1,Online
49,80460,4.3,7,3.7,5,5,8,13,25770,68562,8,5,4,9,5,5,5,6,4,5,9,Other,Tier 3,Store
33,54802,8.9,4,5.4,9,10,42,7,61814,37794,5,9,6,6,10,6,10,7,5,10,4,Male,Tier 3,Online
30,70050,8.6,12,4.7,10,10,45,12,124326,61760,7,5,7,4,10,9,6,8,1,9,6,Male,Tier 3,Online
18,25301,12.0,3,6.0,6,9,49,3,106382,73168,5,9,5,8,7,10,7,7,2,10,5,Female,Tier 1,Hybrid
21,164520,8.8,5,6.0,3,9,34,4,84541,52834,6,4,7,4,4,7,10,3,3,4,5,Female,Tier 3,Hybrid
77,143815,4.4,5,0.6,5,5,14,10,105842,52995,3,3,5,6,3,3,1,10,5,4,5,Female,Tier 3,Store
31,110595,10.0,10,5.6,4,10,41,12,87208,90408,5,8,7,2,7,6,9,4,3,9,8,Male,Tier 3,Store
52,147701,9.1,8,3.1,7,10,38,4,94354,92824,10,6,5,7,9,9,5,7,7,7,7,Female,Tier 3,Online
47,142335,9.0,1,5.4,7,9,35,1,66034,44351,3,6,4,4,6,7,9,3,7,6,4,Female,Tier 2,Hybrid
51,95114,5.3,1,4.1,9,6,16,15,74957,67001,10,5,5,2,7,4,10,8,4,10,5,Male,Tier 3,Store
52,129549,8.3,4,3.3,9,8,38,5,150000,89230,6,7,1,5,5,5,9,6,6,1,6,Female,Tier 1,Hybrid
31,175611,10.4,14,5.0,4,10,49,6,150000,76483,4,6,7,5,9,8,7,5,5,7,8,Other,Tier 3,Hybrid
49,189286,4.7,8,3.8,4,5,16,13,74459,97071,4,6,4,3,6,5,8,6,2,10,7,Female,Tier 2,Store
50,165853,9.1,5,2.4,5,8,41,8,132512,116612,3,6,5,3,5,2,6,10,8,10,6,Male,Tier 3,Hybrid
50,213679,5.0,10,5.0,7,4,29,12,126014,56881,4,3,3,3,10,2,8,7,4,8,8,Male,Tier 1,Store
50,152629,5.5,5,2.6,3,4,11,12,61390,93523,6,3,4,4,1,8,7,6,4,7,5,Male,Tier 1,Store
35,132067,8.1,14,3.6,6,7,32,15,53229,75947,5,5,4,6,4,7,10,9,1,3,4,Female,Tier 2,Store
18,87528,10.7,2,1.8,5,10,41,2,82830,500,9,5,4,7,4,3,8,3,1,8,4,Female,Tier 3,Hybrid
37,123106,9.0,7,6.0,9,9,38,0,145312,70750,8,8,5,5,10,5,10,4,3,5,7,Male,Tier 2,Hybrid
51,112815,6.3,4,3.1,5,6,17,13,146156,100711,6,9,4,5,5,9,8,6,6,7,10,Female,Tier 2,Store
49,184924,5.8,12,1.1,5,8,18,6,35573,64978,3,5,2,5,4,5,8,6,6,5,6,Female,Tier 1,Store
18,15000,9.4,10,5.3,7,10,31,9,47929,49632,9,4,5,5,4,5,9,7,1,10,6,Male,Tier 3,Hybrid
51,208362,6.9,7,4.6,1,5,16,7,110186,58104,4,5,3,7,8,2,7,6,9,6,3,Male,Tier 1,Store
52,141857,7.6,12,2.7,5,7,32,3,77112,61092,7,5,6,4,5,7,6,7,5,7,9,Male,Tier 3,Store
45,141120,8.9,13,3.5,5,10,35,6,119062,73542,4,4,4,8,8,7,6,5,1,6,8,Male,Tier 3,Store
30,110210,8.7,7,4.4,9,10,37,3,85879,500,7,5,2,5,9,6,10,5,1,6,10,Male,Tier 1,Online
37,90559,5.7,4,3.7,7,9,16,11,48497,37788,7,2,5,6,4,4,7,5,1,3,5,Female,Tier 2,Hybrid
39,156984,8.0,9,3.0,3,6,23,12,67666,95403,4,9,2,6,3,5,7,6,6,10,1,Male,Tier 1,Store
38,162604,8.7,13,5.3,4,9,40,8,80820,73974,9,2,6,5,8,7,8,7,2,8,4,Male,Tier 1,Online
45,188698,7.9,13,4.1,2,5,11,10,115813,55622,4,8,3,7,5,6,5,4,8,6,2,Other,Tier 2,Store
27,15000,10.3,9,5.0,5,10,34,2,141366,49822,7,5,6,8,6,7,8,6,4,8,8,Male,Tier 3,Hybrid
62,70081,4.7,5,2.3,2,5,28,11,43071,43421,7,2,6,5,6,7,5,10,5,8,1,Other,Tier 3,Store
58,128010,3.8,6,3.3,5,6,3,15,6632,79438,7,2,3,6,2,5,6,6,4,10,3,Other,Tier 1,Store
54,142686,7.9,7,4.7,4,7,21,5,34092,44822,7,3,4,4,4,5,8,9,6,7,6,Other,Tier 2,Hybrid
61,94794,8.6,3,4.5,3,5,28,8,76120,42156,6,6,4,4,9,6,9,9,4,5,9,Female,Tier 1,Hybrid
79,131406,3.8,4,1.7,4,5,19,11,76555,42395,9,3,2,3,3,6,4,7,9,4,1,Other,Tier 1,Store
56,146652,3.2,6,3.0,4,4,16,13,30766,75195,5,1,6,4,3,8,7,7,5,5,7,Female,Tier 2,Store
48,176202,7.2,6,6.0,3,9,37,9,123965,99611,5,3,4,5,6,9,10,5,5,4,6,Female,Tier 1,Hybrid
48,104311,6.0,7,1.7,3,7,38,7,102021,93515,1,9,4,5,1,6,6,7,5,8,7,Male,Tier 1,Hybrid
38,66310,6.0,7,4.1,5,9,33,5,95787,4137,9,5,5,5,6,3,8,5,1,5,5,Female,Tier 3,Hybrid
34,173522,7.9,10,4.1,9,10,24,11,129135,150000,7,7,4,5,1,9,10,7,2,4,8,Female,Tier 3,Hybrid
51,119598,4.5,11,3.9,5,5,24,6,34094,42651,6,8,4,5,4,5,10,6,10,9,10,Male,Tier 2,Store
50,219213,7.5,8,2.5,4,5,30,10,150000,60083,7,8,3,6,5,4,5,8,6,4,8,Male,Tier 2,Store
61,104378,4.2,7,1.7,6,5,12,16,78422,75490,7,3,2,7,2,6,4,10,6,6,2,Male,Tier 1,Store
37,48227,6.3,14,2.4,4,10,38,0,20272,17948,5,7,2,6,8,8,7,2,7,9,8,Female,Tier 2,Online
67,81286,10.0,3,1.2,2,8,30,8,45567,20358,8,8,7,7,8,6,7,8,3,6,5,Other,Tier 2,Hybrid
18,60742,9.5,1,5.3,5,9,43,1,150000,13988,7,6,4,9,8,4,10,6,6,8,3,Male,Tier 2,Hybrid
38,197700,10.1,5,4.4,5,10,39,5,150000,54588,5,7,5,5,7,8,7,5,7,4,5,Male,Tier 3,Online
38,132666,9.9,14,3.4,9,10,41,9,110066,80775,6,4,5,5,2,6,10,6,5,8,8,Male,Tier 3,Online
31,109717,7.0,7,3.4,7,9,26,16,24900,71878,5,3,4,6,9,5,6,2,5,9,9,Male,Tier 3,Hybrid
48,204601,7.1,1,3.5,2,7,27,7,118894,92800,4,6,5,6,6,4,7,8,7,4,7,Male,Tier 3,Store
29,49208,9.5,14,5.8,6,10,32,5,52875,43111,8,3,5,8,6,7,10,3,3,6,6,Female,Tier 3,Online
79,104599,5.6,9,2.4,6,7,2,14,5825,88950,5,6,2,5,3,6,5,10,7,10,7,Male,Tier 1,Store
59,75752,3.5,10,3.4,6,4,11,15,78919,77160,4,5,4,7,2,7,8,10,6,8,5,Other,Tier 1,Store
39,193565,7.6,2,5.6,8,10,32,2,107804,42127,5,7,5,5,5,7,10,5,4,6,8,Female,Tier 2,Store
42,166314,4.6,6,3.2,7,9,28,6,64392,89981,5,5,5,3,6,8,10,1,4,9,6,Other,Tier 3,Store
33,142083,8.5,6,5.0,7,7,19,7,150000,71016,9,9,2,6,7,3,9,6,2,8,3,Female,Tier 2,Hybrid
35,132392,9.6,5,6.0,5,10,49,6,90488,61615,8,5,4,4,10,6,10,6,7,7,5,Female,Tier 1,Hybrid
38,113862,7.9,8,4.8,5,8,29,7,67266,42786,8,4,6,6,5,9,8,8,2,5,8,Male,Tier 3,Store
38,164497,6.9,13,5.4,5,9,25,5,104075,62433,1,0,3,8,5,4,6,2,5,8,5,Female,Tier 2,Online
46,49038,7.1,11,2.9,5,7,22,10,85120,34794,7,6,4,5,4,5,7,7,3,5,8,Female,Tier 1,Hybrid
63,28271,9.3,4,6.0,5,10,27,5,60349,48171,6,3,4,3,6,6,10,6,5,8,3,Female,Tier 3,Hybrid
44,100733,6.5,3,1.3,5,8,20,0,56468,500,8,6,5,4,8,7,5,7,2,9,5,Male,Tier 2,Hybrid
25,62481,9.2,14,4.6,10,10,49,2,133840,42039,7,5,7,5,8,5,7,7,5,7,8,Female,Tier 3,Online
46,142802,6.9,8,3.5,6,9,33,2,150000,500,5,3,4,6,6,6,10,6,5,6,5,Male,Tier 2,Hybrid
31,105710,7.2,8,6.0,9,5,25,4,118566,48876,6,3,5,8,7,3,9,5,1,6,7,Female,Tier 2,Store
29,61076,7.6,13,4.2,7,9,26,7,27042,78135,9,6,6,5,6,2,5,4,1,5,2,Male,Tier 2,Hybrid
59,117239,5.7,7,2.6,9,10,22,12,70562,38306,3,6,6,8,5,3,8,7,8,4,3,Female,Tier 3,Hybrid
47,58873,10.0,5,4.5,7,10,49,6,130470,500,6,3,7,6,9,6,4,5,4,8,10,Other,Tier 3,Online
46,140248,8.3,7,4.6,6,9,38,3,150000,500,4,6,3,6,3,6,10,6,6,10,4,Other,Tier 1,Online
48,152676,6.7,6,3.7,4,7,27,4,146589,500,8,3,1,9,2,4,6,7,7,7,8,Other,Tier 1,Store
63,75733,8.2,3,0.9,5,7,43,3,117240,500,8,5,1,6,9,3,4,8,1,10,4,Other,Tier 1,Store
30,144865,10.0,12,6.0,8,10,33,3,109900,500,5,5,4,7,1,5,9,4,1,10,3,Female,Tier 3,Online
44,85445,7.7,11,4.1,4,7,28,9,89725,58199,4,4,4,9,3,6,5,6,5,10,10,Female,Tier 3,Store
58,98309,3.3,12,2.0,6,5,1,12,14828,81687,10,5,3,3,2,3,3,8,5,5,1,Female,Tier 3,Store
50,160410,6.8,10,2.6,5,8,22,10,78121,76592,10,5,5,6,1,4,6,4,6,5,6,Male,Tier 2,Store
51,170149,7.7,9,5.8,5,9,37,3,79776,34935,3,8,3,7,9,1,10,5,2,5,6,Male,Tier 1,Hybrid
45,128986,4.3,10,2.3,8,5,23,12,43234,49896,9,5,4,5,9,1,3,2,1,8,2,Female,Tier 3,Hybrid
57,78987,8.0,12,3.6,8,7,30,12,79788,74199,7,1,3,3,10,6,9,6,5,4,4,Female,Tier 3,Hybrid
56,100931,6.6,4,2.8,8,7,38,1,134826,67549,10,9,1,9,3,4,4,4,7,10,5,Female,Tier 2,Hybrid
41,111891,6.3,4,4.4,3,3,22,10,114062,62103,6,1,5,9,7,3,6,8,2,7,6,Other,Tier 3,Store
66,109122,3.6,7,2.4,5,7,26,4,129288,64428,7,6,5,4,6,6,7,4,2,9,8,Male,Tier 2,Store
48,136872,7.8,4,2.8,6,5,12,15,79542,127655,7,4,6,6,7,3,5,5,9,8,5,Female,Tier 2,Store
29,64128,11.2,12,4.5,4,10,37,0,64775,37256,6,9,3,5,9,8,7,6,4,8,7,Female,Tier 3,Online
49,52526,6.1,6,5.3,3,6,16,10,25609,73888,5,4,5,9,7,4,7,8,4,9,8,Other,Tier 2,Store
45,250000,7.2,9,2.5,5,8,39,10,150000,150000,5,6,6,6,7,4,6,5,5,6,6,Female,Tier 3,Hybrid
31,58042,9.0,5,4.8,5,10,32,12,13676,59193,5,3,3,5,2,7,7,5,2,9,4,Male,Tier 2,Hybrid
39,138370,8.8,7,3.3,5,8,33,11,68162,118254,5,7,4,6,10,3,8,8,6,8,5,Male,Tier 3,Hybrid
49,68155,8.3,8,1.3,1,7,25,8,91132,96696,6,9,7,8,6,8,6,5,7,9,6,Other,Tier 3,Store
63,110861,2.7,2,0.6,5,5,16,11,105157,78561,8,3,3,4,4,4,6,10,10,8,4,Male,Tier 1,Store
46,51314,9.2,5,2.4,4,7,30,2,56210,7279,9,6,5,4,9,6,7,9,6,6,6,Male,Tier 3,Hybrid
61,116085,10.6,1,4.2,7,9,42,0,116913,41774,6,9,3,6,6,8,8,8,7,8,3,Female,Tier 2,Hybrid
53,236960,5.2,2,3.0,4,2,17,11,114811,86454,5,7,5,5,10,4,4,7,8,9,8,Female,Tier 3,Store
28,40648,12.0,8,5.2,8,10,48,7,84279,37088,8,1,5,4,10,7,7,4,6,6,10,Female,Tier 3,Online
55,149133,5.9,5,1.9,4,7,29,6,121879,47380,3,6,5,7,8,7,8,4,6,7,1,Female,Tier 2,Hybrid
57,57958,2.0,3,2.2,2,3,0,12,3047,65264,8,5,2,6,4,3,2,5,10,6,5,Other,Tier 3,Store
37,109880,11.4,12,4.9,5,10,42,5,116504,43443,7,5,3,5,4,5,7,7,1,2,7,Male,Tier 3,Online
39,146243,10.9,8,6.0,8,10,35,6,128357,22626,4,4,4,5,7,6,10,4,4,10,3,Female,Tier 2,Online
45,106424,9.0,8,6.0,3,5,19,4,68967,65375,4,5,4,7,9,3,10,6,4,7,7,Male,Tier 2,Store
24,57942,8.5,1,4.8,7,10,30,9,110828,35420,6,5,3,7,8,6,7,4,2,7,6,Male,Tier 1,Hybrid
55,250000,7.1,7,4.2,6,7,17,11,116998,116373,1,7,3,3,4,4,9,7,5,8,7,Female,Tier 2,Store
59,178328,7.9,5,4.5,1,7,36,4,115988,80699,5,5,3,2,9,5,10,8,4,8,3,Female,Tier 1,Hybrid
33,15000,9.6,8,3.4,8,10,30,13,69514,56912,5,6,6,7,6,7,8,2,6,3,7,Female,Tier 3,Online
37,61826,10.9,10,5.3,6,8,38,6,150000,10150,10,5,7,9,10,9,10,2,2,5,4,Male,Tier 2,Online
24,170785,11.5,2,6.0,7,10,49,1,131572,54762,8,9,4,2,8,6,10,7,1,5,6,Male,Tier 2,Hybrid
55,15000,2.1,2,2.5,5,4,7,12,53383,51311,5,1,7,8,4,8,7,8,4,4,7,Female,Tier 2,Store
66,127500,4.2,2,1.2,7,5,6,10,52456,38434,5,6,4,4,5,5,3,6,2,2,3,Female,Tier 2,Store
48,126499,11.3,3,4.8,3,10,37,11,150000,31451,9,0,4,9,2,5,3,9,7,8,10,Male,Tier 3,Hybrid
46,83808,6.0,9,3.2,5,8,32,5,97441,56389,5,3,4,9,8,5,8,4,3,8,6,Other,Tier 2,Online
40,204969,10.1,3,3.4,8,9,49,4,118892,79438,1,9,4,6,8,8,7,4,4,10,7,Female,Tier 2,Hybrid
32,119437,10.5,7,4.4,7,10,42,8,128063,57279,1,4,4,6,9,7,9,7,8,9,5,Other,Tier 1,Hybrid
41,111631,7.8,11,3.0,6,10,40,9,76803,118858,8,8,1,4,6,5,7,4,5,9,6,Male,Tier 1,Hybrid
29,134234,11.3,13,4.4,7,9,29,3,131473,59722,6,0,4,5,10,8,6,5,3,8,6,Male,Tier 1,Hybrid
48,78360,5.0,10,4.5,7,6,25,12,40782,125504,4,8,6,5,4,6,10,3,10,4,10,Female,Tier 3,Hybrid
60,112713,4.8,4,2.1,3,10,33,8,72197,58771,7,4,4,5,8,6,6,9,3,8,2,Female,Tier 2,Store
22,129334,9.8,4,5.6,10,8,12,10,34870,112440,1,0,4,4,6,6,10,6,7,9,6,Female,Tier 1,Hybrid
63,132402,4.2,6,2.7,9,9,28,6,33819,53592,5,9,2,7,3,8,5,4,6,9,5,Female,Tier 2,Store
44,93507,10.2,12,6.0,4,10,38,8,73309,26649,5,6,2,9,2,6,9,7,5,8,6,Male,Tier 1,Hybrid
29,70952,7.5,11,4.7,7,10,32,7,80054,50660,7,5,4,8,7,7,5,3,3,7,7,Male,Tier 3,Online
69,113993,4.9,10,3.1,4,6,9,3,39740,46224,8,9,5,7,5,6,6,6,8,7,3,Other,Tier 2,Store
33,85082,6.4,9,4.3,8,7,13,14,48153,30122,6,0,3,6,6,4,6,4,3,6,6,Female,Tier 3,Store
38,47948,6.9,10,4.1,4,4,18,7,18185,37711,8,4,5,5,5,5,10,7,2,8,8,Male,Tier 2,Store
64,197302,5.9,11,2.8,3,6,12,17,24605,122456,6,0,2,4,2,6,1,8,8,7,4,Other,Tier 1,Store
55,60390,4.5,8,0.0,4,6,34,5,133140,40723,5,7,7,1,7,6,6,5,8,4,9,Male,Tier 3,Store
60,30655,7.2,11,3.9,4,9,14,16,3747,55731,5,6,2,5,7,7,4,6,9,10,5,Other,Tier 1,Store
73,128850,3.9,8,3.2,5,6,17,10,70127,64134,5,5,4,7,3,7,4,10,6,8,1,Male,Tier 2,Store
18,46773,7.2,8,4.2,6,9,29,7,63347,63398,7,5,1,5,5,7,8,6,4,10,4,Female,Tier 1,Hybrid
75,34755,3.7,6,4.0,3,10,39,6,50986,46100,6,5,6,3,4,6,7,10,9,8,7,Female,Tier 2,Hybrid
18,45992,3.8,8,3.2,5,10,29,11,89182,118739,6,5,5,5,10,6,9,2,3,6,4,Male,Tier 2,Hybrid
63,83756,3.3,4,3.0,5,6,3,10,900,15175,8,1,4,7,5,2,2,8,8,3,2,Female,Tier 2,Store
53,119717,5.8,1,3.1,4,8,37,1,88892,41082,6,4,4,7,8,4,7,3,7,5,9,Male,Tier 3,Store
31,113711,7.2,9,3.4,7,9,49,5,134492,500,9,7,5,9,5,4,8,6,1,10,6,Male,Tier 2,Hybrid
51,116149,5.4,10,1.8,4,9,29,15,89956,56125,6,4,4,7,8,6,5,4,5,7,4,Female,Tier 3,Hybrid
18,43372,8.8,8,4.3,4,8,36,5,67994,73937,8,2,3,8,9,7,10,1,4,10,1,Female,Tier 1,Hybrid
31,156692,6.9,9,5.3,6,10,15,19,105411,118780,5,2,3,7,2,8,7,1,1,6,10,Other,Tier 1,Hybrid
60,137171,8.1,8,1.5,6,4,24,16,69577,106411,8,9,5,6,3,5,7,9,3,10,2,Female,Tier 3,Store
30,146281,9.7,9,6.0,7,10,42,6,124337,89949,2,5,3,6,5,9,7,6,4,10,5,Male,Tier 1,Hybrid
47,138610,8.9,6,4.6,5,9,38,6,138397,34036,5,3,3,4,10,6,9,9,6,10,8,Male,Tier 1,Hybrid
36,103225,6.3,7,5.0,5,9,30,7,65320,69507,7,9,6,3,5,6,8,2,6,7,9,Female,Tier 3,Store
23,60184,10.1,5,6.0,9,10,41,4,118454,19537,10,3,4,5,7,5,9,5,1,7,1,Male,Tier 2,Hybrid
26,65421,7.0,8,6.0,9,7,21,9,39359,68179,9,5,5,7,6,6,8,5,6,10,8,Male,Tier 2,Hybrid
43,156970,7.7,6,2.7,4,3,2,17,96234,88822,5,0,5,6,3,3,5,8,7,7,4,Female,Tier 2,Store
39,122485,8.3,4,3.2,8,5,9,11,72442,64172,6,5,3,7,5,2,7,8,5,10,10,Female,Tier 2,Store
50,91608,7.7,7,3.2,6,10,31,6,95422,32340,7,8,4,6,5,6,8,8,5,10,8,Male,Tier 2,Online
18,74511,9.2,4,6.0,4,9,35,6,98947,9646,4,2,6,6,8,7,10,5,6,6,1,Male,Tier 3,Hybrid
28,113890,8.8,11,6.0,3,8,31,1,59715,21961,4,9,5,5,10,7,10,5,2,5,5,Other,Tier 3,Hybrid
51,175656,8.4,5,4.4,6,7,22,11,72732,76928,4,2,2,10,7,7,6,4,5,8,5,Female,Tier 1,Hybrid
37,161162,7.7,9,4.6,5,8,33,6,107824,58375,6,4,5,8,8,10,10,3,5,10,10,Male,Tier 3,Store
47,84064,4.9,14,2.4,5,6,10,13,66824,90460,7,5,4,10,8,5,7,9,2,6,10,Other,Tier 3,Store
51,106399,6.3,7,2.7,1,4,12,11,91209,5664,9,3,4,7,6,2,6,6,6,3,10,Male,Tier 1,Store
31,209639,10.3,14,3.8,4,10,36,8,132773,68686,3,5,4,8,9,6,9,6,4,3,5,Other,Tier 2,Online
25,166149,8.4,8,4.6,4,10,24,17,101258,54710,4,8,2,3,2,7,7,4,3,9,6,Female,Tier 2,Hybrid
44,75102,6.3,2,2.7,4,8,24,5,56440,60317,6,4,6,8,6,2,7,5,2,8,3,Male,Tier 2,Store
58,120726,6.6,14,3.2,8,7,19,10,105051,76088,6,4,4,6,3,8,9,10,3,3,5,Female,Tier 2,Store
44,101187,9.7,6,4.1,6,5,25,5,36001,62604,6,4,1,3,8,7,6,6,5,4,8,Female,Tier 2,Store
40,100407,9.2,10,3.3,5,7,17,6,104786,45237,8,7,4,8,5,7,10,8,5,7,6,Male,Tier 2,Store
47,244967,8.9,11,2.9,10,10,49,6,150000,64721,6,9,7,6,6,9,7,3,1,9,6,Male,Tier 3,Online
63,98534,5.8,11,3.4,7,7,22,6,85002,42974,3,3,5,4,2,5,9,9,5,9,1,Female,Tier 3,Store
33,90592,10.5,10,5.9,7,10,46,11,136970,45071,9,5,2,7,8,7,10,6,4,9,1,Male,Tier 1,Hybrid
38,81988,7.7,11,4.2,5,7,18,13,46065,49867,6,6,4,5,5,5,7,4,5,9,9,Male,Tier 2,Hybrid
60,83708,6.6,6,1.8,6,9,30,10,91428,95460,6,7,5,5,6,7,3,8,8,6,3,Female,Tier 3,Hybrid
32,143570,8.5,12,3.6,5,8,38,6,121426,45673,6,5,6,5,10,4,8,1,4,6,5,Female,Tier 2,Online
42,61703,8.4,6,3.6,9,6,20,17,61776,53804,6,4,7,8,4,3,5,6,2,8,7,Male,Tier 3,Store
48,59877,5.4,8,2.4,9,7,24,5,60900,53289,6,9,4,8,1,4,5,7,5,9,9,Female,Tier 2,Hybrid
36,123319,10.7,14,3.7,10,10,45,0,75501,33810,6,9,4,4,5,8,5,6,9,6,6,Female,Tier 1,Online
60,66366,8.3,6,3.8,4,5,20,14,106998,96446,7,5,3,5,1,5,8,7,5,6,1,Other,Tier 2,Store
45,75877,8.3,3,3.8,6,7,23,8,63329,103997,9,6,2,8,10,7,10,5,6,4,8,Male,Tier 2,Hybrid
41,166095,5.6,5,2.5,7,8,17,7,68945,61634,7,1,5,4,4,8,3,5,3,7,4,Female,Tier 2,Hybrid
44,89929,5.2,14,2.6,4,7,20,9,101047,119189,8,3,5,10,5,6,7,2,5,8,8,Other,Tier 2,Hybrid
38,34075,9.5,12,4.5,6,6,28,0,62524,10982,7,5,7,10,5,3,5,8,4,6,9,Female,Tier 3,Store
25,126832,8.0,6,3.8,8,10,39,11,89155,22464,8,4,3,4,10,8,7,10,4,5,9,Other,Tier 2,Hybrid
41,138640,10.5,4,3.8,4,10,35,13,123384,85542,5,6,6,6,8,4,6,8,6,5,7,Female,Tier 3,Store
37,61811,5.4,8,2.2,7,7,15,19,55208,49830,8,9,5,7,5,6,5,8,5,5,7,Male,Tier 3,Store
33,81755,7.4,5,5.5,9,10,29,1,12036,51023,6,1,2,6,10,6,8,3,1,8,5,Female,Tier 1,Hybrid
35,96417,7.1,8,2.9,5,6,26,10,119170,13595,9,3,1,3,7,7,9,3,1,4,8,Other,Tier 1,Store
18,89119,8.0,4,6.0,7,10,44,1,83004,58611,6,6,2,8,7,5,10,5,4,8,1,Female,Tier 2,Hybrid
32,95027,10.4,5,6.0,6,10,36,6,81632,85575,7,4,5,6,7,6,10,8,1,7,6,Male,Tier 3,Online
18,15000,7.8,3,4.2,6,10,15,7,48501,43043,8,8,3,4,4,6,10,3,4,8,1,Female,Tier 2,Hybrid
37,60205,11.5,8,5.4,5,8,39,8,112300,62802,7,0,5,8,5,5,8,8,6,8,6,Male,Tier 3,Hybrid
18,48905,8.1,8,6.0,8,10,31,15,49744,55775,6,7,6,5,10,7,10,5,1,5,2,Female,Tier 2,Store
49,58879,6.9,6,3.5,6,6,27,8,17812,26268,4,7,5,6,9,5,10,8,4,6,7,Female,Tier 3,Hybrid
55,170763,7.8,4,5.5,4,5,25,11,88779,98846,4,2,3,1,4,5,9,10,2,7,8,Female,Tier 1,Hybrid
42,86622,7.8,4,4.3,3,5,30,6,53623,53653,8,6,7,9,6,4,1,7,2,9,4,Female,Tier 3,Store
25,141112,9.9,14,4.8,7,8,32,6,54591,23097,7,5,5,9,7,2,7,1,3,8,7,Female,Tier 1,Hybrid
26,15000,10.9,11,6.0,8,10,45,0,141622,500,9,9,4,5,7,6,9,5,5,7,10,Male,Tier 3,Online
52,129295,6.4,9,4.3,5,4,7,12,53269,99803,6,7,7,9,7,1,10,7,9,5,9,Male,Tier 3,Store
37,204317,7.4,10,3.4,9,8,36,9,150000,20745,10,0,4,7,4,6,7,4,6,8,5,Male,Tier 2,Hybrid
52,59844,7.8,7,2.6,7,7,24,9,113393,60098,9,6,7,8,9,3,7,4,4,9,7,Female,Tier 3,Hybrid
39,131999,6.0,8,2.3,7,5,18,19,87227,118189,4,5,5,7,2,6,4,8,4,8,8,Female,Tier 3,Store
43,161335,7.2,5,3.8,10,10,40,5,94630,64430,4,4,6,5,5,4,8,5,7,9,5,Male,Tier 3,Hybrid
38,185906,10.1,11,4.7,4,10,49,2,124601,80406,4,6,3,5,8,10,10,2,7,9,7,Male,Tier 1,Online
26,94443,5.8,12,5.0,4,9,25,9,30035,73668,6,9,4,6,6,6,7,5,3,10,4,Other,Tier 2,Store
79,159823,7.3,5,5.1,4,2,13,17,111208,80004,5,6,5,5,1,3,7,10,9,8,4,Other,Tier 2,Store
46,142313,6.8,9,4.1,8,10,20,7,77732,43770,1,6,5,6,6,3,6,7,5,10,7,Male,Tier 2,Online
65,76190,4.5,4,1.9,3,7,28,12,68338,4778,9,3,4,3,8,2,6,8,8,9,7,Other,Tier 2,Hybrid
41,142902,6.5,14,3.2,3,7,21,8,76016,9466,6,5,4,8,7,7,5,5,2,8,6,Male,Tier 1,Store
35,15000,9.7,10,4.3,10,8,30,13,34194,62086,9,8,3,10,8,4,10,6,6,10,6,Male,Tier 2,Online
18,103354,6.2,3,6.0,6,6,19,11,116572,98856,4,6,6,5,6,6,8,5,2,7,5,Female,Tier 2,Hybrid
57,107255,10.8,11,2.7,9,9,40,3,150000,43837,6,9,4,5,8,7,5,6,6,7,5,Female,Tier 3,Hybrid
73,93306,5.3,6,3.5,7,4,13,11,76399,110339,6,7,6,4,5,4,9,8,7,2,3,Male,Tier 2,Store
49,78994,7.1,6,2.5,3,8,25,10,35108,29119,7,4,5,5,4,5,7,7,6,5,6,Other,Tier 3,Store
18,110832,9.0,7,2.3,6,10,47,0,81717,28826,8,9,6,6,9,3,2,1,3,6,6,Male,Tier 3,Online
33,184106,9.3,14,5.3,6,10,49,4,150000,41255,7,6,3,5,5,8,6,5,6,9,8,Male,Tier 1,Online
18,84380,7.1,1,4.2,4,9,34,12,22497,43501,7,9,2,6,7,6,10,3,1,5,5,Other,Tier 2,Hybrid
26,126643,7.8,10,5.3,3,10,36,0,85310,500,3,6,7,2,5,7,10,5,6,6,10,Male,Tier 3,Hybrid
47,111617,5.7,8,2.6,8,9,4,11,26621,65746,3,1,2,6,2,9,10,8,5,10,7,Female,Tier 2,Store
18,68502,8.0,6,3.2,8,10,42,2,135980,40720,10,5,5,4,6,5,7,3,7,10,3,Female,Tier 2,Online
35,124277,7.6,11,5.0,8,9,35,8,125575,92410,7,6,4,4,10,5,6,4,5,8,4,Male,Tier 2,Online
42,115442,8.8,10,3.7,5,9,40,11,141757,25377,5,8,2,5,5,6,4,5,3,6,4,Male,Tier 2,Hybrid
77,33140,4.8,3,0.6,3,5,28,10,83270,44929,7,2,1,8,10,10,3,8,10,7,1,Male,Tier 1,Store
40,181804,7.5,9,4.7,7,9,35,11,133326,82352,5,5,4,5,8,9,8,6,5,8,5,Female,Tier 1,Hybrid
21,98670,8.0,2,3.7,7,10,33,10,150000,90752,6,8,2,4,5,9,9,7,1,6,3,Female,Tier 2,Online
56,212962,5.9,7,3.1,4,6,29,15,150000,111182,6,5,3,1,6,5,3,10,6,6,4,Other,Tier 2,Store
47,168385,10.6,9,1.1,7,9,28,12,82349,47236,2,5,4,7,4,7,3,5,3,8,10,Female,Tier 3,Hybrid
18,90036,9.0,6,6.0,10,10,19,13,73380,53394,8,3,5,6,2,3,8,5,2,5,2,Male,Tier 2,Online
35,210375,9.3,13,4.0,6,8,34,2,122993,92416,3,7,2,4,7,10,5,5,8,8,7,Other,Tier 1,Hybrid
42,170028,8.6,9,2.1,7,9,24,5,150000,81844,7,0,5,8,7,7,8,5,4,5,5,Female,Tier 3,Store
28,31119,8.0,6,6.0,6,7,42,9,85829,25518,9,6,4,7,5,4,10,6,2,3,7,Other,Tier 3,Hybrid
44,175634,6.9,8,3.9,4,10,25,9,99177,107536,6,1,1,5,4,5,4,6,3,8,4,Male,Tier 1,Online
43,178446,6.9,6,4.1,6,9,29,0,108540,61344,10,3,3,4,4,10,8,9,3,9,4,Female,Tier 1,Hybrid
64,151306,5.0,2,3.0,5,7,25,6,54738,66477,5,4,5,3,3,6,7,10,7,7,6,Female,Tier 2,Store
21,105396,9.1,4,4.8,5,10,38,5,122495,15031,6,2,5,2,3,9,9,5,3,8,6,Male,Tier 2,Hybrid
40,102598,7.0,11,3.0,1,7,23,17,95470,113615,9,0,7,5,6,5,5,6,6,7,7,Female,Tier 3,Store
53,64906,8.0,8,2.2,4,8,17,10,53494,52493,4,8,6,10,5,4,7,7,5,3,8,Male,Tier 3,Hybrid
65,121176,6.4,8,2.8,5,4,3,18,52847,109976,7,4,2,9,3,7,5,7,6,5,5,Female,Tier 1,Store
60,75354,3.0,4,0.9,2,5,14,11,29865,72097,6,2,3,1,6,9,3,7,3,7,2,Female,Tier 2,Store
43,39324,10.0,14,6.0,5,8,43,6,97074,27688,6,6,6,10,7,6,10,5,8,8,7,Male,Tier 2,Hybrid
31,107381,8.1,11,5.7,4,6,17,10,62392,36049,8,2,2,7,3,7,9,3,1,10,7,Female,Tier 1,Store
38,202887,6.5,11,4.8,5,10,39,5,131595,55882,3,5,3,6,10,6,6,3,7,9,6,Male,Tier 2,Online
47,137906,9.6,7,4.5,7,6,33,3,65484,47786,6,3,4,8,10,6,6,8,7,5,6,Female,Tier 2,Store
30,127643,7.4,11,3.9,9,10,26,7,80779,76832,6,6,5,5,3,7,4,4,6,4,9,Female,Tier 2,Hybrid
18,113921,10.7,1,3.6,4,8,38,8,150000,80871,4,4,2,8,8,6,10,3,1,6,4,Female,Tier 1,Online
64,68971,6.5,5,1.3,6,8,21,14,78873,94266,6,4,6,6,5,6,3,10,6,10,7,Female,Tier 3,Store
34,88606,9.1,14,6.0,5,8,32,3,56806,500,6,1,5,9,8,9,10,5,7,8,9,Male,Tier 3,Hybrid
41,138864,4.3,10,2.9,7,5,14,15,70102,117262,8,4,3,6,2,4,8,9,9,6,4,Female,Tier 3,Store
36,82002,7.8,7,4.8,4,10,38,10,112107,55968,8,5,4,5,8,4,10,5,4,8,6,Other,Tier 2,Hybrid
42,167369,6.6,8,6.0,4,6,31,8,143010,102785,5,6,5,8,4,6,9,6,2,9,2,Male,Tier 1,Store
33,105707,7.3,13,6.0,6,8,23,14,56915,57607,7,5,3,9,4,8,10,1,5,6,9,Female,Tier 2,Hybrid
53,42439,5.2,5,2.5,2,5,18,8,45778,28519,6,1,6,8,5,4,6,9,5,2,7,Male,Tier 3,Store
56,147813,6.0,4,4.0,5,5,11,15,98214,113698,6,1,5,5,5,5,7,6,5,7,5,Female,Tier 1,Store
27,126094,9.1,13,6.0,5,8,20,12,88353,14278,6,6,1,7,10,6,10,8,1,10,10,Female,Tier 1,Store
66,163558,8.0,5,2.1,10,6,28,8,103433,122701,3,8,1,7,5,3,5,8,4,8,1,Female,Tier 1,Hybrid
37,146333,8.6,13,4.0,10,10,49,6,150000,80609,4,5,1,5,9,7,5,3,4,7,8,Male,Tier 1,Online
61,74211,6.4,2,3.7,8,5,14,7,34416,41221,6,6,3,5,4,6,8,4,4,3,4,Other,Tier 2,Hybrid
34,99754,7.3,9,4.7,6,7,34,2,105814,35332,7,8,6,7,5,2,10,8,5,5,4,Female,Tier 2,Store
28,70706,6.1,10,5.4,6,9,42,3,37195,500,4,8,5,7,10,7,8,3,4,10,5,Other,Tier 3,Hybrid
32,188203,12.0,6,5.9,6,10,49,7,150000,76348,7,3,4,5,10,8,10,2,2,1,6,Female,Tier 2,Online
44,102841,8.7,13,2.9,4,8,30,10,55656,57682,4,5,6,4,6,5,6,4,7,8,10,Female,Tier 2,Hybrid
65,53110,3.0,1,2.4,6,3,0,18,900,92746,8,4,4,6,8,1,7,8,8,7,6,Male,Tier 2,Store
43,153805,8.5,9,4.1,8,10,28,6,48834,67594,4,9,5,5,7,5,7,9,9,8,7,Other,Tier 3,Hybrid
32,180447,12.0,6,6.0,6,9,35,9,142745,89242,3,5,7,6,9,4,7,5,5,9,6,Male,Tier 3,Online
34,100049,11.9,10,5.5,7,10,35,6,118958,32777,4,2,1,4,10,4,3,8,2,10,9,Male,Tier 1,Hybrid
18,56419,10.3,4,5.4,8,9,35,7,80689,31042,6,6,5,7,6,4,6,3,6,7,7,Other,Tier 3,Online
57,112894,7.5,10,1.4,3,5,24,6,97297,26082,7,5,3,6,8,5,9,6,3,6,7,Other,Tier 1,Store
46,108736,4.4,13,2.9,5,4,17,5,82851,25634,8,2,2,5,6,6,6,4,5,9,5,Male,Tier 3,Store
39,87474,8.8,7,3.0,9,9,30,0,58933,63556,8,7,7,7,4,8,8,1,2,8,4,Male,Tier 3,Online
50,32604,4.7,7,0.9,4,5,0,9,20103,73025,7,2,1,6,6,6,3,6,4,6,10,Female,Tier 2,Store
49,98996,8.3,1,1.0,8,5,16,10,27570,26625,4,9,1,5,4,4,4,7,2,10,10,Male,Tier 2,Hybrid
65,88254,4.8,3,3.9,8,8,32,2,79778,42387,9,3,3,5,5,3,8,4,6,7,6,Male,Tier 2,Hybrid
47,116740,6.4,10,4.8,10,10,37,11,81910,77086,5,2,2,5,6,4,10,6,7,10,5,Male,Tier 3,Hybrid
62,63062,2.4,9,0.4,4,5,26,5,47478,31513,8,7,3,7,6,4,4,9,4,7,7,Male,Tier 2,Store
27,71800,9.1,13,4.8,7,8,30,0,81722,26837,5,7,2,4,10,9,5,1,4,7,6,Female,Tier 1,Hybrid
18,92480,8.4,5,2.4,4,10,34,8,150000,98964,10,4,1,7,3,7,8,5,1,10,4,Female,Tier 1,Hybrid
55,142699,6.6,8,3.5,5,6,13,8,112612,36283,5,4,4,8,4,5,4,8,4,6,1,Female,Tier 2,Store
55,197538,3.8,4,3.5,2,6,15,7,114246,120619,2,4,4,7,3,5,10,9,4,10,6,Female,Tier 1,Store
33,141085,3.5,12,5.6,7,10,26,8,49112,43841,3,4,3,6,4,5,6,6,3,8,4,Female,Tier 1,Hybrid
47,91291,8.5,1,1.5,5,10,17,11,24180,82849,5,0,5,7,7,2,4,6,9,6,3,Male,Tier 3,Hybrid
77,48347,5.0,8,0.0,5,7,30,13,66614,53277,10,9,6,10,10,7,4,10,6,9,2,Female,Tier 3,Store
37,142136,8.9,12,6.0,3,10,39,1,148842,85279,2,8,3,7,10,8,10,5,6,7,6,Male,Tier 2,Online
47,232352,8.0,14,4.6,6,6,24,7,118713,102253,1,6,4,1,3,3,7,5,5,6,6,Male,Tier 1,Hybrid
58,102619,7.1,6,2.3,4,2,3,8,900,47275,7,3,3,9,5,7,6,9,8,6,1,Female,Tier 2,Store
56,147700,6.9,5,4.0,6,9,33,10,140201,43848,6,6,6,3,3,6,6,10,3,4,4,Female,Tier 2,Hybrid
37,76346,9.0,9,6.0,6,10,43,0,98389,30204,6,6,1,5,7,9,10,7,3,7,7,Male,Tier 1,Hybrid
38,180923,8.6,6,5.4,6,7,22,10,88134,58011,4,7,4,6,4,3,8,10,4,6,7,Male,Tier 2,Store
57,98239,5.9,7,2.9,1,7,27,6,79452,60591,7,2,6,5,9,9,3,7,4,6,1,Female,Tier 3,Store
54,60621,8.8,4,2.0,4,9,47,6,68705,49452,6,6,5,9,9,8,3,5,7,5,6,Male,Tier 2,Store
71,115231,5.1,3,1.3,6,7,8,13,104636,92413,4,5,5,4,5,4,6,7,8,5,3,Female,Tier 2,Store
18,72729,10.6,7,4.5,6,8,30,4,100386,56385,8,2,7,5,4,6,8,3,1,7,6,Female,Tier 3,Hybrid
39,121055,5.7,4,4.0,7,6,8,10,13710,21379,5,3,4,6,6,4,9,8,4,10,6,Other,Tier 2,Store
43,143051,9.4,1,4.3,7,10,46,0,125601,82912,6,7,4,5,8,4,4,5,6,6,6,Other,Tier 3,Online
55,153175,7.9,11,0.1,5,7,30,5,95856,38062,5,7,4,8,9,1,4,8,7,5,7,Female,Tier 2,Hybrid
49,61219,10.2,13,5.5,5,6,25,8,900,44782,6,1,4,2,1,6,9,5,4,3,4,Male,Tier 2,Store
79,86805,8.3,2,1.9,6,6,17,10,45328,500,10,7,5,6,6,1,3,8,4,7,4,Other,Tier 3,Hybrid
60,187913,6.4,11,2.3,8,8,18,8,100346,65054,6,2,4,9,5,6,8,6,5,6,2,Male,Tier 1,Store
45,165764,7.8,7,2.3,6,8,27,11,94429,72867,5,2,4,6,8,7,3,7,3,7,10,Other,Tier 1,Hybrid
57,110198,6.9,4,2.5,5,7,23,4,61066,61263,4,6,4,6,3,5,5,2,10,6,4,Male,Tier 2,Store
72,74197,4.7,4,1.5,4,2,0,11,40141,42231,4,1,5,3,5,8,4,9,6,3,3,Male,Tier 2,Store
28,173621,7.8,12,3.9,6,8,18,9,92341,66392,6,5,6,6,4,6,6,7,3,6,6,Male,Tier 3,Store
49,47621,8.9,6,2.3,3,8,36,4,123754,25384,4,9,5,8,5,5,4,5,5,9,3,Male,Tier 3,Store
41,219553,5.3,11,4.6,5,10,22,11,149008,94215,5,4,4,2,5,9,10,5,9,8,6,Male,Tier 1,Hybrid
36,148621,8.9,14,2.6,5,7,42,0,136561,79799,3,9,2,6,6,6,6,3,2,4,3,Other,Tier 3,Hybrid
30,167178,5.7,12,4.1,6,10,37,1,150000,20251,6,9,2,6,9,8,8,7,6,8,6,Male,Tier 1,Store
51,81353,2.0,8,0.7,4,3,0,17,42470,109915,7,3,2,9,1,1,1,8,6,7,7,Female,Tier 2,Store
52,127680,5.3,4,2.4,5,8,13,15,80370,137145,5,3,4,9,5,8,6,8,10,6,5,Male,Tier 2,Store
73,147651,4.7,6,1.2,3,8,28,13,143339,114953,6,7,1,4,8,9,7,10,7,1,1,Male,Tier 1,Store
56,127687,5.2,7,2.6,9,6,7,15,34348,53160,7,4,3,6,7,6,7,9,6,9,6,Female,Tier 2,Store
62,122296,4.0,5,3.2,5,6,26,8,104552,500,3,2,6,7,10,2,4,4,7,7,3,Male,Tier 2,Hybrid
35,15000,8.7,8,4.9,6,9,45,6,70419,68716,7,2,5,6,4,3,8,6,7,10,4,Other,Tier 2,Hybrid
42,86625,8.2,7,4.8,7,9,27,16,41817,61404,5,3,7,8,3,1,8,9,4,10,6,Female,Tier 3,Hybrid
39,64571,9.1,13,5.5,9,10,36,8,131332,61373,8,8,1,8,5,5,6,4,5,3,8,Male,Tier 1,Online
49,136011,7.9,5,3.6,9,9,25,5,32677,87302,5,6,6,3,5,6,6,4,10,6,10,Female,Tier 2,Hybrid
23,140751,11.2,1,4.3,5,10,38,4,95555,16404,3,7,7,2,9,5,9,1,5,8,2,Male,Tier 3,Online
27,15000,7.2,12,3.3,5,10,43,6,124355,500,8,5,6,7,6,6,9,8,6,10,7,Other,Tier 3,Hybrid
51,139342,9.8,8,5.1,7,8,40,1,72873,47167,6,8,2,8,10,6,7,1,8,7,8,Other,Tier 2,Online
42,99227,8.2,9,3.0,7,7,29,16,78241,96842,5,1,5,4,4,8,6,6,5,4,9,Male,Tier 3,Hybrid
50,160730,5.2,9,5.4,6,6,11,11,65134,92043,8,7,6,3,4,6,7,10,7,7,6,Female,Tier 2,Store
52,105765,7.2,8,2.3,6,5,30,8,79501,19535,6,3,5,8,6,5,7,8,9,10,10,Other,Tier 2,Hybrid
39,122134,9.1,11,4.7,4,8,22,5,93978,57647,4,5,2,3,10,7,4,6,4,7,7,Other,Tier 3,Store
18,115585,10.3,5,4.9,8,10,48,2,57599,69015,4,7,2,7,8,8,10,1,1,7,4,Female,Tier 2,Online
38,207727,10.3,10,5.8,6,10,25,6,51320,77911,3,5,3,3,5,7,10,6,6,4,5,Other,Tier 2,Hybrid
42,15000,8.1,10,2.6,7,10,45,5,111939,26394,10,9,6,4,10,4,5,10,6,5,7,Female,Tier 3,Hybrid
75,85532,6.6,11,0.3,1,4,22,8,42716,40557,7,4,6,7,4,2,2,10,4,7,3,Female,Tier 2,Store
64,15000,4.4,6,0.3,5,4,8,16,8349,67171,7,1,7,6,10,5,7,8,6,5,9,Male,Tier 3,Store
32,167314,5.2,4,2.6,6,8,36,3,124207,61282,7,5,1,1,5,10,2,7,1,7,5,Male,Tier 1,Store
44,71718,9.3,5,4.1,5,10,49,1,91157,500,8,6,5,9,8,4,6,6,5,4,3,Other,Tier 3,Hybrid
54,131012,6.0,8,3.2,10,9,17,4,80043,37257,7,6,4,5,3,3,7,8,6,5,10,Male,Tier 2,Hybrid
53,143526,7.4,2,4.4,3,3,15,17,61185,137817,7,7,5,5,7,1,3,5,3,4,9,Female,Tier 2,Store
44,177238,6.1,8,1.5,3,10,29,4,111410,80091,4,3,4,9,8,10,4,8,3,9,5,Female,Tier 1,Hybrid
26,111136,9.9,6,6.0,6,10,48,0,100123,8346,3,9,3,3,6,5,10,2,4,5,5,Female,Tier 1,Hybrid
36,23515,11.5,12,6.0,5,8,29,12,36441,26450,9,6,6,4,6,3,7,7,4,7,6,Male,Tier 3,Hybrid
62,130915,6.4,10,1.0,3,5,13,13,25813,84774,4,2,6,6,4,3,6,7,9,7,6,Female,Tier 3,Store
49,183323,7.3,4,4.1,4,9,34,11,89541,9815,6,7,4,4,8,8,6,8,6,6,9,Male,Tier 1,Store
54,101103,5.0,3,3.6,6,10,38,11,83532,61993,5,7,7,4,6,6,10,4,9,6,3,Male,Tier 3,Hybrid
47,248000,4.0,7,3.7,6,8,19,9,2375,136464,4,2,3,2,8,8,7,3,4,7,9,Female,Tier 1,Store
29,92035,11.0,14,4.8,2,10,45,8,150000,69557,6,6,5,3,8,6,5,9,1,3,9,Male,Tier 3,Hybrid
39,129594,9.8,12,4.7,6,8,46,7,108676,58471,5,8,3,6,7,7,6,1,4,8,10,Female,Tier 2,Hybrid
46,135724,4.3,4,0.1,1,8,7,12,83641,37336,8,1,2,2,4,6,3,5,5,7,3,Male,Tier 2,Store
67,79469,5.2,1,1.4,4,8,18,9,61553,27121,8,5,4,6,4,8,6,7,8,7,2,Male,Tier 3,Hybrid
55,208188,5.5,4,3.2,5,8,35,14,131577,150000,5,6,2,3,7,6,6,9,5,7,5,Female,Tier 2,Hybrid
52,160081,9.3,7,2.7,5,7,34,9,129187,86312,4,6,5,7,7,9,9,5,4,10,4,Male,Tier 1,Store
67,197280,5.3,3,3.1,5,4,15,5,89807,46516,7,5,4,4,4,7,7,6,6,9,6,Male,Tier 1,Store
33,147804,12.0,8,6.0,9,10,49,3,64164,120537,6,8,5,4,10,6,8,2,4,5,10,Female,Tier 2,Online
18,147694,9.4,2,4.7,7,10,39,12,109449,65322,8,6,2,5,9,9,9,5,4,7,3,Female,Tier 1,Online
50,96691,4.4,1,3.7,6,6,6,10,47653,66885,7,3,4,5,3,8,7,9,1,5,10,Other,Tier 3,Store
33,141729,9.6,13,4.5,8,10,34,12,107149,100123,5,4,3,6,6,8,7,7,4,7,6,Other,Tier 1,Hybrid
45,105994,6.6,8,1.6,4,7,26,5,82400,57239,6,6,3,8,9,7,6,6,5,6,10,Male,Tier 3,Store
78,33326,1.0,6,0.4,2,3,0,13,19379,36547,6,0,6,3,1,4,5,10,5,7,4,Female,Tier 3,Store
26,106965,9.8,10,4.1,3,4,25,7,73559,47156,8,1,3,8,3,5,10,4,4,6,9,Other,Tier 1,Store
64,140422,6.1,1,3.9,6,4,14,13,65379,68810,10,3,5,5,1,9,4,9,9,5,3,Other,Tier 1,Store
41,146673,6.8,11,5.9,4,5,7,12,64800,68423,4,6,3,4,4,2,10,9,4,9,5,Male,Tier 1,Store
55,193598,4.1,10,2.5,8,5,26,9,119800,59672,1,6,1,3,5,6,7,6,7,4,4,Female,Tier 2,Hybrid
18,141407,10.4,1,5.8,10,8,31,0,132938,67981,8,9,6,4,2,1,10,4,4,7,4,Male,Tier 2,Online
57,105580,5.3,9,3.4,4,7,27,5,33084,11247,4,3,4,5,7,3,7,6,7,6,7,Male,Tier 2,Store
57,175690,4.8,12,5.7,6,7,22,13,96920,74281,7,5,2,6,7,8,8,4,5,7,4,Male,Tier 1,Store
43,114377,5.4,10,3.6,9,10,31,7,80797,47072,3,6,6,6,5,8,10,9,3,7,8,Other,Tier 3,Hybrid
67,80262,2.8,1,2.8,2,7,26,10,32057,82591,9,5,5,2,7,3,4,6,9,7,5,Other,Tier 2,Store
53,141866,3.1,9,5.5,2,4,4,19,36326,150000,3,8,4,4,4,6,9,10,5,6,4,Other,Tier 1,Store
56,93262,7.8,5,5.2,7,9,25,6,29217,6555,7,3,5,3,9,6,9,5,6,10,2,Other,Tier 2,Hybrid
36,43567,6.8,13,3.0,7,7,33,8,64657,40984,6,6,4,5,10,4,5,4,3,3,10,Male,Tier 3,Hybrid
65,108814,4.9,7,0.8,7,6,6,17,85476,72448,8,0,3,4,1,4,7,8,9,9,1,Female,Tier 1,Store
42,115645,7.5,11,4.6,4,7,25,7,106219,56265,7,8,1,2,7,4,2,4,5,6,3,Male,Tier 1,Store
48,64064,7.5,10,3.6,3,10,49,7,150000,500,10,6,7,2,10,8,8,5,3,7,10,Female,Tier 3,Hybrid
48,125150,5.5,1,2.5,8,7,18,9,90391,68390,4,5,1,6,2,6,5,2,6,6,8,Male,Tier 2,Hybrid
36,108404,9.6,6,5.6,6,10,35,7,117701,22314,2,3,7,3,4,5,6,4,8,10,5,Other,Tier 3,Online
51,124938,6.0,4,6.0,7,7,10,12,12819,87559,6,5,6,9,9,4,10,6,4,6,10,Male,Tier 2,Store
38,234735,9.2,8,3.5,2,10,28,13,143796,99182,5,0,3,7,9,6,6,4,7,10,8,Female,Tier 1,Hybrid
40,125800,7.8,11,5.6,6,9,41,14,87967,82713,9,4,3,4,4,8,10,6,4,6,5,Female,Tier 1,Hybrid
50,181146,10.7,9,4.6,8,10,36,6,150000,84582,5,2,2,6,5,9,9,5,6,9,3,Male,Tier 1,Online
46,166563,7.9,3,3.6,5,9,39,0,103849,25664,6,2,5,9,10,7,4,3,6,9,8,Female,Tier 1,Online
42,42003,9.1,10,3.6,6,10,49,0,109229,500,9,9,5,6,4,8,6,1,4,4,5,Female,Tier 3,Online
32,38111,9.6,8,5.6,8,10,49,0,64718,53199,10,5,6,7,7,9,10,2,2,6,10,Other,Tier 2,Online
53,41847,5.7,6,1.6,5,6,10,12,14380,61860,6,7,4,5,2,1,7,10,10,10,3,Other,Tier 3,Store
50,127895,5.2,12,4.0,6,4,18,3,90510,33688,4,6,5,9,6,4,10,7,7,10,4,Other,Tier 2,Store
62,103089,3.1,8,2.6,2,5,2,19,26093,71367,6,6,7,7,1,3,6,10,5,8,7,Male,Tier 3,Store
20,15000,6.0,10,4.1,4,5,20,6,13664,57697,8,0,5,5,2,7,10,9,2,5,9,Female,Tier 2,Store
40,103265,4.7,10,2.6,6,9,43,2,139514,53588,5,6,5,7,7,7,5,5,5,9,1,Other,Tier 2,Online
53,48496,8.1,13,4.4,7,5,28,3,87218,4571,2,5,5,6,5,8,10,5,7,5,10,Other,Tier 3,Store
43,50114,6.7,6,4.6,1,5,6,11,900,26479,8,4,3,5,6,3,7,7,4,9,4,Other,Tier 3,Store
77,15000,5.7,10,1.3,2,3,16,10,31905,500,7,1,7,6,6,5,1,10,5,3,9,Other,Tier 3,Store
33,119952,7.9,13,4.7,5,6,21,13,108890,73321,3,5,7,5,2,4,8,3,3,9,6,Other,Tier 3,Store
49,121247,4.2,14,3.0,9,8,17,12,140676,61889,5,1,4,5,4,6,6,9,5,5,3,Male,Tier 2,Store
62,101662,4.7,10,3.1,5,7,8,17,68599,79080,6,4,5,6,6,7,6,7,3,7,2,Female,Tier 2,Store
77,104169,3.1,1,1.4,7,4,10,7,30740,59913,5,6,4,9,8,5,7,10,4,10,4,Other,Tier 1,Store
50,118198,7.1,10,3.8,5,9,28,6,135019,47444,6,3,6,9,10,8,9,4,8,2,7,Female,Tier 3,Hybrid
37,147109,7.4,13,5.3,7,7,33,11,142112,71520,5,7,3,6,10,5,10,6,6,8,8,Male,Tier 1,Hybrid
55,144000,4.2,12,2.2,5,8,11,11,123460,99523,10,3,2,6,7,7,6,5,3,10,8,Male,Tier 1,Store
57,75221,8.5,4,2.7,6,8,30,7,52924,34859,7,5,2,8,4,10,10,6,2,7,9,Male,Tier 1,Hybrid
39,87658,6.8,7,6.0,5,5,13,8,58293,85528,7,2,3,6,5,4,8,1,7,6,8,Other,Tier 1,Store
59,87541,5.6,10,2.7,1,6,12,19,3937,116675,4,7,3,6,5,3,9,8,6,6,4,Female,Tier 2,Store
54,52208,6.2,6,1.8,6,5,15,13,6539,81150,8,4,5,8,8,5,6,10,4,7,1,Female,Tier 3,Store
54,126577,6.6,1,1.8,9,7,28,12,91425,56687,3,0,6,3,9,6,5,7,7,5,6,Female,Tier 3,Hybrid
52,85254,7.4,4,5.0,8,6,16,15,71792,70114,6,3,4,7,3,5,9,7,6,7,6,Female,Tier 3,Hybrid
36,173103,7.4,12,3.9,9,7,38,4,99662,63414,5,3,3,5,7,7,7,4,4,7,10,Other,Tier 1,Hybrid
65,85116,5.2,1,1.8,6,6,9,3,93328,15956,6,5,2,3,4,5,6,6,6,10,5,Female,Tier 2,Hybrid
18,91339,10.0,1,4.5,5,10,43,6,150000,500,9,1,3,8,10,9,10,3,3,7,1,Male,Tier 1,Online
55,117326,7.5,7,2.5,10,9,27,0,116430,43438,5,2,3,5,4,10,6,6,7,9,8,Male,Tier 2,Online
66,115565,6.2,1,3.0,7,8,7,19,80294,129108,8,6,7,4,4,6,8,10,6,7,5,Male,Tier 3,Store
46,213763,3.6,4,1.9,4,5,1,18,22562,106460,4,2,1,2,3,8,5,10,4,7,7,Other,Tier 1,Store
74,61689,3.7,8,0.6,7,4,0,11,11740,69338,5,0,6,7,5,3,2,10,10,7,2,Male,Tier 2,Store
44,187076,7.0,10,3.7,4,10,22,8,81904,81603,6,3,2,5,4,7,9,7,3,5,8,Female,Tier 2,Store
30,155779,11.6,14,6.0,5,10,49,3,138242,5860,6,5,5,7,10,6,9,5,1,10,9,Other,Tier 3,Online
40,113391,5.5,7,4.0,2,8,28,5,67790,500,7,3,7,5,3,6,9,4,3,8,8,Male,Tier 2,Hybrid
37,153419,7.9,12,5.1,6,8,15,12,90563,142514,6,5,1,1,2,4,7,6,2,4,10,Other,Tier 2,Store
55,239061,4.0,6,2.9,6,9,24,9,113179,115861,1,4,3,8,5,9,8,9,6,7,6,Female,Tier 2,Hybrid
51,65329,7.6,1,4.2,6,7,32,8,42851,44464,9,6,2,6,6,5,7,5,5,10,10,Female,Tier 2,Hybrid
34,81822,9.7,5,5.8,5,10,33,6,105459,500,5,6,4,6,9,10,10,7,7,10,10,Other,Tier 1,Hybrid
43,101430,7.2,5,4.1,1,3,18,7,31245,60518,6,4,6,3,7,5,10,5,9,5,9,Other,Tier 3,Store
50,124489,3.8,5,2.8,3,5,12,8,105018,35293,5,2,2,6,1,7,6,8,4,8,10,Male,Tier 1,Store
43,117252,6.6,8,3.4,5,7,17,14,60180,52800,9,5,7,3,5,4,2,7,4,7,9,Male,Tier 2,Store
37,158884,3.0,6,4.6,7,7,11,14,46787,67877,6,4,1,7,5,4,9,4,2,6,7,Other,Tier 2,Store
30,54715,7.8,14,5.3,5,10,36,9,61778,70242,8,5,7,3,7,4,8,9,4,5,5,Female,Tier 3,Store
24,53456,9.7,2,4.6,7,10,45,7,99628,59324,6,6,4,7,10,8,7,1,6,3,6,Other,Tier 2,Online
49,17012,5.2,9,3.7,5,7,11,12,33891,35142,5,7,7,8,1,1,10,7,7,7,5,Other,Tier 3,Store
52,106628,5.7,5,1.1,6,3,4,12,82152,97027,6,6,4,7,5,5,5,10,5,5,4,Female,Tier 2,Store
20,146982,10.6,4,3.1,10,10,33,2,146526,69943,9,6,3,8,9,10,10,3,2,7,8,Male,Tier 3,Online
40,156183,6.5,11,4.5,4,8,26,8,98897,45827,10,6,4,4,10,5,8,4,5,10,5,Other,Tier 1,Online
35,32463,7.8,7,3.7,6,9,30,2,77559,500,10,6,4,6,7,4,8,5,8,6,9,Male,Tier 3,Hybrid
31,155056,10.9,4,6.0,5,8,37,7,142405,82582,4,4,7,6,7,7,10,6,1,6,4,Male,Tier 3,Hybrid
49,114536,5.8,5,3.0,5,7,24,12,57725,81744,7,9,4,3,10,8,6,9,5,3,9,Other,Tier 3,Store
73,120197,4.3,7,0.7,2,4,7,10,3446,67479,5,4,2,10,5,8,5,8,8,6,4,Male,Tier 1,Store
75,47914,7.2,5,1.9,5,6,21,12,15761,48380,6,0,5,4,6,6,7,6,9,4,4,Female,Tier 3,Store
38,162956,7.9,5,3.3,7,8,28,6,86394,73415,5,4,3,5,7,2,9,4,4,5,6,Female,Tier 3,Hybrid
41,39885,11.1,5,6.0,7,10,46,0,111757,500,7,6,6,3,9,10,10,6,7,4,5,Female,Tier 2,Online
29,54558,11.2,10,5.2,7,9,23,14,47665,79877,5,5,4,4,2,7,9,6,5,7,6,Female,Tier 3,Store
36,15000,6.0,3,3.1,4,8,33,9,46903,52777,8,7,3,5,6,2,8,4,5,3,7,Male,Tier 2,Store
28,66709,9.6,8,6.0,10,10,31,5,62860,58621,7,7,4,7,10,9,10,2,3,8,6,Other,Tier 1,Online
55,133242,2.6,5,3.6,6,4,20,2,76662,31452,5,5,4,6,6,6,4,6,6,8,3,Female,Tier 1,Store
68,89511,3.2,2,2.9,6,6,6,10,50688,96098,7,4,4,4,5,6,1,7,4,5,2,Male,Tier 1,Store
52,107298,7.2,4,1.9,3,6,15,8,78557,81930,7,4,5,5,7,5,5,5,4,6,3,Other,Tier 2,Store
37,108898,9.8,11,4.2,7,9,46,3,112729,35331,7,8,3,7,7,7,5,1,4,8,5,Male,Tier 3,Online
19,91365,12.0,2,2.3,9,9,49,6,115458,24390,6,9,5,7,6,6,8,4,1,10,2,Male,Tier 3,Online
31,135250,8.1,14,6.0,4,6,21,6,36776,63138,9,6,4,7,8,6,10,1,6,8,5,Male,Tier 3,Hybrid
22,72145,11.3,8,5.5,7,10,48,2,102654,44550,8,8,6,3,9,6,6,1,7,9,9,Female,Tier 3,Hybrid
44,170016,9.3,10,4.7,10,8,38,8,123440,42578,3,7,4,6,6,6,8,7,8,7,9,Female,Tier 1,Online
49,172949,5.5,5,3.3,6,8,19,8,135580,18628,7,3,2,5,4,5,4,10,1,5,3,Female,Tier 1,Store
58,65524,4.0,11,0.1,5,2,3,5,49698,15362,10,6,5,10,4,2,3,5,5,2,4,Female,Tier 3,Hybrid
33,118391,9.4,8,6.0,6,10,36,1,110901,47959,10,1,3,6,7,6,8,1,1,7,8,Female,Tier 1,Online
25,79298,9.7,9,4.8,5,10,49,7,150000,500,7,5,4,5,7,7,10,4,4,7,7,Male,Tier 3,Online
45,84363,6.3,6,4.1,5,10,32,4,111820,19276,10,8,2,8,7,7,9,6,3,10,10,Female,Tier 2,Hybrid
43,93718,9.9,9,4.8,6,9,20,10,68442,89499,6,5,3,7,10,6,8,5,2,5,9,Male,Tier 3,Online
35,82866,8.2,11,3.2,7,8,30,1,66567,3227,9,6,1,1,9,9,7,4,5,9,8,Male,Tier 2,Hybrid
46,152278,7.3,6,2.4,6,10,49,0,118563,5154,5,7,2,10,2,5,6,1,4,9,10,Female,Tier 1,Online
45,112549,10.0,7,4.3,8,10,48,0,76230,500,7,8,3,4,8,3,8,8,5,6,8,Female,Tier 2,Online
45,133212,8.6,7,4.7,7,10,41,2,67733,48272,4,3,1,4,8,4,8,2,3,9,7,Other,Tier 1,Online
41,73887,8.5,3,4.4,7,9,25,5,76983,40299,9,5,3,8,4,5,8,4,4,10,4,Female,Tier 2,Hybrid
44,93952,6.1,5,3.0,3,7,23,6,83111,35470,8,7,7,5,4,7,5,7,7,4,3,Female,Tier 2,Hybrid
53,209931,9.6,8,4.7,10,9,35,1,145322,103090,7,9,1,3,6,7,5,4,7,5,6,Male,Tier 2,Online
49,162663,5.0,8,0.5,5,5,10,12,56069,54338,8,3,2,2,7,3,6,9,3,3,9,Male,Tier 1,Store
47,16768,9.5,9,4.5,6,7,32,11,82033,34492,10,8,3,5,9,2,10,7,2,10,8,Male,Tier 3,Store
42,102385,9.3,2,4.6,5,7,26,4,54658,38708,10,3,3,6,4,4,8,7,6,10,10,Other,Tier 2,Store
77,81007,6.9,3,4.2,3,6,9,15,19001,92305,6,2,5,5,4,4,6,10,10,5,7,Male,Tier 3,Store
48,97109,6.7,7,1.9,6,8,29,4,122294,74591,9,9,3,5,6,6,6,8,7,9,8,Female,Tier 2,Hybrid
63,126184,5.1,3,0.3,4,6,0,19,33059,107601,9,4,1,8,3,6,3,8,8,6,4,Female,Tier 1,Store
31,149006,10.2,7,6.0,4,9,40,1,70998,500,7,6,4,6,10,7,10,3,7,10,10,Male,Tier 1,Store
56,112021,5.7,1,2.6,1,7,36,1,80222,12677,4,6,4,5,5,5,3,5,5,6,8,Female,Tier 2,Hybrid
24,61973,10.6,7,5.1,6,10,33,13,142027,22782,6,2,6,6,8,6,6,5,2,10,3,Male,Tier 3,Store
50,140242,7.5,4,0.3,6,8,36,11,65822,84127,7,9,5,3,8,7,5,6,7,1,9,Female,Tier 2,Hybrid
18,68666,8.5,3,5.3,6,10,37,9,70639,66240,6,6,1,6,9,7,10,4,1,8,7,Male,Tier 1,Hybrid
31,61464,10.6,13,4.1,9,10,41,6,62854,3565,4,8,5,3,7,6,6,1,4,8,10,Female,Tier 3,Online
49,157489,6.3,3,4.0,3,5,15,9,17661,50976,2,5,4,5,4,5,10,10,7,7,9,Female,Tier 1,Store
36,142853,11.7,4,5.4,4,10,49,4,131035,53540,5,6,5,6,8,4,8,3,4,9,9,Male,Tier 2,Online
19,121842,12.0,1,6.0,6,10,43,8,83735,67280,7,7,4,9,8,7,8,6,3,10,1,Female,Tier 1,Online
53,99513,6.2,8,1.4,5,9,25,12,92513,63623,9,8,2,4,5,5,2,5,5,9,7,Female,Tier 1,Online
59,174899,8.2,7,3.5,6,10,32,2,117628,40890,8,8,2,3,7,8,6,9,7,8,2,Female,Tier 1,Online
34,15000,8.7,8,3.5,7,7,26,3,45015,57743,7,9,3,4,7,4,10,3,1,8,8,Female,Tier 1,Hybrid
42,147336,9.6,7,2.2,10,9,42,4,80658,92529,6,6,4,9,7,8,8,7,8,5,7,Female,Tier 3,Hybrid
55,128297,7.9,6,1.9,8,8,25,13,76430,79426,6,4,7,4,8,7,6,8,3,3,9,Female,Tier 3,Store
39,204573,8.7,12,2.9,5,7,28,12,105540,62205,4,8,7,8,4,8,2,8,1,10,7,Other,Tier 3,Hybrid
64,106854,5.2,5,2.4,3,8,31,15,63965,90575,7,6,3,6,3,3,3,5,3,3,5,Male,Tier 2,Store
31,15000,9.3,9,3.5,6,10,44,10,104812,18616,9,7,5,6,9,8,6,7,2,6,5,Male,Tier 3,Hybrid
49,96655,2.4,9,2.3,6,8,26,9,101883,22859,8,4,3,6,3,3,4,4,3,6,5,Other,Tier 2,Hybrid
54,92813,8.7,7,2.4,6,7,26,4,76080,61975,8,6,4,3,5,3,7,7,8,1,10,Male,Tier 3,Store
42,204418,8.8,9,6.0,7,10,27,8,61617,91228,4,6,4,5,7,9,8,4,3,5,7,Female,Tier 2,Hybrid
26,95030,8.1,11,4.8,9,10,29,10,75563,89605,5,3,1,8,7,6,9,3,5,10,5,Female,Tier 1,Hybrid
49,129858,7.2,7,3.8,4,6,31,11,75970,25585,8,6,1,5,3,6,7,6,8,10,7,Female,Tier 1,Hybrid
66,59205,6.9,3,2.6,8,6,19,15,34014,105116,4,0,4,5,6,4,8,10,3,6,4,Other,Tier 3,Store
27,93455,6.8,9,4.4,5,9,32,8,132937,65111,5,8,7,5,6,5,6,1,2,7,10,Other,Tier 3,Hybrid
36,103903,7.0,10,4.7,5,8,27,5,74254,94901,6,4,3,6,10,8,10,6,5,5,5,Female,Tier 1,Hybrid
57,153902,7.4,12,3.5,7,9,29,8,102931,78190,3,8,6,5,9,7,3,8,6,8,2,Other,Tier 3,Hybrid
22,96285,6.6,9,6.0,8,7,13,8,75279,60350,6,5,1,5,8,5,10,6,6,9,3,Female,Tier 3,Store
35,63140,8.1,10,4.8,5,8,19,7,71964,25740,9,4,7,6,5,7,10,5,5,9,7,Female,Tier 3,Hybrid
18,107727,11.1,7,6.0,7,10,22,6,95796,68553,8,6,7,5,3,5,10,2,2,7,5,Female,Tier 3,Hybrid
33,116452,7.5,11,5.3,7,9,28,9,72535,86716,9,3,4,6,8,10,10,7,5,10,6,Male,Tier 1,Hybrid
52,169693,5.8,5,3.0,6,8,34,7,133069,70610,8,1,3,7,4,2,5,7,3,10,3,Female,Tier 1,Hybrid
37,89751,7.9,5,3.2,5,7,36,7,33451,56001,8,9,3,10,6,4,5,7,4,10,6,Other,Tier 2,Hybrid
18,40204,11.0,1,3.7,9,8,35,6,72124,47581,6,6,3,6,6,3,8,1,3,3,6,Other,Tier 3,Hybrid
64,156344,3.9,1,3.3,6,7,21,4,112008,500,4,2,6,7,3,4,9,5,8,6,2,Male,Tier 3,Store
53,110517,5.6,11,1.6,7,8,26,15,120721,44380,6,9,6,3,4,4,6,9,4,5,8,Female,Tier 3,Store
60,107544,5.8,9,0.7,8,10,32,10,97256,62784,6,5,7,7,6,3,2,5,5,5,4,Male,Tier 3,Online
47,146151,6.6,2,3.1,6,4,3,11,75948,80836,2,1,4,4,1,6,10,9,6,4,7,Other,Tier 1,Store
45,108142,7.7,7,4.5,8,7,37,14,114257,41789,6,6,7,6,6,6,6,7,9,8,7,Other,Tier 3,Hybrid
53,170434,4.0,8,3.5,7,5,12,18,87033,104244,3,4,6,4,4,4,6,6,6,4,5,Other,Tier 3,Store
56,142064,4.5,13,1.4,7,9,13,13,68674,84974,4,6,7,5,1,10,2,10,6,3,9,Female,Tier 2,Store
59,102949,4.3,8,3.6,5,6,12,13,13906,52875,4,0,5,4,4,8,5,8,8,9,1,Other,Tier 2,Store
60,92992,6.1,3,3.1,6,7,30,11,137039,33909,10,5,5,3,9,4,6,7,6,6,1,Female,Tier 3,Store
25,101638,9.1,14,4.9,6,8,30,4,27632,65054,7,5,7,7,5,9,7,3,3,6,7,Female,Tier 3,Hybrid
18,97182,5.5,4,2.5,7,10,21,12,85473,81128,9,6,5,6,4,3,6,4,7,4,1,Male,Tier 2,Hybrid
53,176253,7.8,4,4.0,7,8,28,18,125633,102482,8,6,3,7,10,5,8,8,7,8,9,Female,Tier 1,Store
42,103856,8.3,6,2.6,5,6,26,11,52091,19178,4,5,6,9,4,6,5,5,5,1,8,Male,Tier 2,Store
52,220692,5.6,12,2.8,5,5,13,10,82032,135199,7,7,5,8,6,5,6,4,7,8,3,Male,Tier 1,Store
34,123272,8.0,5,5.8,3,8,28,5,83288,57862,8,2,4,6,6,8,6,4,2,6,10,Female,Tier 3,Hybrid
52,126367,8.1,9,4.3,6,5,20,13,32259,44819,3,6,5,2,8,5,10,3,5,9,2,Male,Tier 3,Hybrid
18,81032,8.0,1,4.5,5,10,37,5,99316,38352,9,3,3,7,7,4,8,4,8,5,6,Male,Tier 1,Hybrid
25,58358,9.1,12,5.4,6,9,38,4,86605,8344,7,0,6,5,7,6,9,6,4,7,7,Other,Tier 2,Online
18,19506,11.5,3,5.1,9,10,49,0,81067,39094,3,2,5,6,7,7,9,2,2,10,2,Female,Tier 2,Online
44,102678,5.8,13,0.7,6,9,32,5,60331,548,7,6,4,9,6,9,6,5,2,7,5,Female,Tier 1,Store
40,148370,9.4,9,2.8,8,9,49,11,145554,69323,6,6,5,4,6,6,5,7,3,8,9,Male,Tier 3,Online
44,132378,8.1,11,3.7,7,6,27,8,98043,108546,6,1,2,2,4,5,4,7,2,6,4,Other,Tier 1,Hybrid
51,149604,8.0,7,2.3,5,9,38,0,111588,29526,6,2,4,6,2,2,6,5,3,7,6,Other,Tier 1,Hybrid
45,144653,4.8,4,2.7,6,7,10,15,89183,107372,4,6,3,3,8,6,8,8,7,6,1,Female,Tier 2,Store
41,78149,8.2,11,5.5,6,5,15,9,16360,64609,7,6,5,5,1,4,9,3,5,3,2,Male,Tier 2,Store
36,77562,8.6,6,4.7,6,9,32,4,82497,35526,6,9,3,7,7,5,5,4,7,7,7,Male,Tier 2,Hybrid
29,122431,9.1,9,4.5,5,10,36,3,88539,103359,4,5,4,6,3,5,4,5,3,9,6,Male,Tier 2,Hybrid
40,136943,8.0,5,2.6,4,6,26,9,135539,85304,5,5,5,6,9,7,8,5,5,10,7,Other,Tier 1,Store
37,137736,9.5,12,4.7,6,5,23,11,5823,120428,4,7,2,7,8,7,9,9,7,10,8,Female,Tier 1,Store
30,114377,9.7,11,6.0,7,10,37,8,56706,45432,7,6,1,5,10,10,10,10,7,8,4,Male,Tier 1,Store
51,15000,7.5,8,2.9,1,4,13,13,15277,44153,9,2,3,7,4,3,6,10,5,8,9,Female,Tier 2,Store
41,166134,9.0,7,4.3,6,10,29,9,136863,62944,4,5,4,9,2,4,7,8,4,3,5,Male,Tier 2,Hybrid
39,161212,6.6,8,3.8,5,9,26,18,67028,130340,6,5,3,1,10,6,10,10,1,10,7,Male,Tier 2,Store
42,116268,9.0,7,4.1,6,10,41,4,117724,69583,8,5,4,5,2,1,8,7,1,4,3,Male,Tier 3,Online
36,82981,8.9,11,5.1,6,8,23,13,47840,86326,7,7,5,6,3,8,7,7,5,3,5,Female,Tier 3,Store
65,84601,4.8,4,4.0,4,6,24,9,48676,50776,4,2,4,5,4,5,9,8,8,8,4,Other,Tier 1,Store
44,63260,7.3,5,4.8,8,9,25,7,56529,39817,10,5,5,8,2,2,8,3,7,8,5,Other,Tier 2,Hybrid
48,121860,4.6,12,3.2,5,6,2,13,26250,74886,8,3,5,4,6,6,5,7,6,3,3,Female,Tier 2,Store
52,152185,9.3,7,1.6,10,9,37,7,107693,24763,4,9,4,7,2,5,6,8,4,6,5,Female,Tier 2,Hybrid
49,150500,6.9,10,2.4,5,9,33,11,123615,55198,7,4,3,6,7,4,5,4,4,10,8,Male,Tier 2,Hybrid
41,145422,7.6,1,1.7,5,10,29,7,122443,102919,8,3,6,6,4,5,5,7,4,7,8,Female,Tier 3,Store
79,79077,6.5,9,3.4,2,5,28,6,47592,20316,5,4,6,6,5,3,4,10,4,1,2,Male,Tier 3,Store
31,159506,7.0,7,4.6,5,10,30,7,139292,42305,5,3,6,5,7,7,9,7,4,10,9,Female,Tier 3,Hybrid
65,127653,6.5,5,1.1,4,6,26,14,150000,84420,5,2,6,5,8,6,4,8,6,7,5,Male,Tier 2,Hybrid
41,199987,9.9,1,5.3,9,10,42,1,105002,20782,4,4,3,4,10,6,6,7,4,7,6,Male,Tier 1,Online
18,41692,12.0,5,5.6,9,8,32,14,56629,29774,8,7,3,6,10,8,10,6,7,9,7,Female,Tier 3,Hybrid
32,112477,8.8,8,5.9,7,10,36,13,109191,107073,7,7,3,8,8,6,10,4,5,6,5,Male,Tier 3,Online
32,139451,7.3,9,4.0,10,10,34,0,96707,32486,3,2,4,4,4,6,5,2,2,7,10,Male,Tier 3,Online
26,118272,9.8,12,5.0,9,9,39,11,119093,102877,8,6,3,6,7,5,9,6,2,10,7,Male,Tier 1,Hybrid
68,167826,6.5,2,2.1,1,3,0,11,35085,66063,6,1,5,4,3,4,4,9,6,7,4,Female,Tier 3,Store
65,90753,3.8,6,3.9,3,4,2,15,73772,80710,2,5,4,7,1,6,9,10,9,6,9,Male,Tier 1,Store
36,139043,8.0,9,4.9,6,10,31,8,67301,100169,4,5,7,4,7,3,7,5,5,3,10,Female,Tier 3,Hybrid
35,149570,8.3,13,3.5,4,7,16,15,56626,93594,1,3,2,6,6,6,8,7,3,6,5,Male,Tier 1,Store
18,87190,7.4,3,4.7,5,10,41,0,111032,27944,4,8,3,10,5,9,9,2,3,10,5,Female,Tier 1,Online
51,167570,5.9,10,2.0,5,9,24,6,17897,23109,3,8,2,4,8,10,4,6,10,10,2,Other,Tier 1,Hybrid
38,79133,4.7,7,1.3,5,5,6,17,33013,92909,7,4,3,1,6,4,3,4,5,6,1,Female,Tier 3,Store
40,85408,9.6,7,2.7,4,8,42,0,89717,55187,6,4,2,4,9,3,4,1,2,10,7,Male,Tier 1,Online
56,143223,6.5,6,2.0,4,5,7,11,73033,55415,5,2,2,7,1,3,6,8,5,4,2,Male,Tier 2,Store
50,122878,5.2,6,3.0,6,6,6,19,45908,96404,10,3,2,7,4,6,9,8,4,10,10,Female,Tier 1,Store
55,114954,5.4,8,3.6,3,7,18,7,89462,85762,5,8,3,7,8,3,9,7,5,7,3,Female,Tier 3,Store
50,175578,8.1,1,2.9,5,4,33,9,128652,97200,1,5,4,2,8,4,4,7,2,5,4,Female,Tier 1,Hybrid
49,201244,10.1,13,4.1,5,7,37,4,112507,85129,7,9,5,6,8,9,6,4,7,8,7,Female,Tier 2,Hybrid
31,143732,12.0,10,4.6,7,9,37,8,101782,36083,2,7,6,4,4,5,4,6,6,6,7,Male,Tier 3,Hybrid
57,116840,4.7,4,3.7,5,9,27,14,88477,129428,5,2,5,8,7,8,8,9,6,8,1,Male,Tier 2,Store
67,86572,4.1,8,1.1,1,5,1,17,900,150000,6,1,2,8,3,6,4,7,4,3,4,Male,Tier 3,Store
41,95568,5.8,3,3.3,4,6,25,3,69219,59313,10,6,4,5,5,2,8,5,6,8,9,Male,Tier 3,Store
53,21049,8.8,7,2.9,7,8,35,2,24678,70153,9,2,6,8,8,6,8,2,7,9,10,Female,Tier 3,Hybrid
50,164291,4.6,9,2.5,7,4,6,10,73447,67517,4,3,2,7,7,5,6,7,6,4,5,Female,Tier 2,Store
38,92533,7.8,14,6.0,9,10,38,6,57989,43552,8,4,4,9,9,5,10,10,1,6,4,Female,Tier 3,Online
52,101610,9.4,8,6.0,7,10,46,0,140453,76669,8,2,7,5,10,3,7,6,6,6,9,Female,Tier 3,Hybrid
41,136674,10.0,5,3.7,7,9,28,13,126886,19678,4,1,4,6,8,6,5,6,3,10,3,Female,Tier 3,Store
49,177048,5.7,11,5.1,9,4,10,15,33036,50373,6,5,3,7,6,7,10,8,5,4,5,Female,Tier 2,Store
48,189430,6.4,1,2.4,9,8,30,12,103085,143619,3,4,1,4,6,2,6,7,5,10,2,Male,Tier 1,Hybrid
49,124452,7.6,1,2.6,7,6,24,7,103405,68641,7,3,6,6,4,8,6,3,2,7,4,Other,Tier 3,Store
32,140757,8.4,10,5.0,8,8,37,1,50292,26630,5,4,5,3,6,4,10,4,6,5,6,Female,Tier 3,Online
55,75316,7.7,6,3.5,10,6,28,7,77732,49935,6,7,5,5,6,7,7,5,2,5,5,Male,Tier 2,Hybrid
59,136995,6.4,8,1.6,6,4,7,17,56389,110671,5,5,3,8,1,7,9,8,4,9,4,Male,Tier 2,Store
40,117257,6.7,7,4.7,9,10,15,12,50562,129033,6,7,4,3,1,8,9,5,5,4,6,Other,Tier 3,Online
52,116716,9.9,9,3.0,8,10,49,0,75799,48669,8,6,3,8,10,6,8,2,7,7,9,Other,Tier 1,Online
42,189436,6.1,6,3.4,4,10,32,8,104344,114949,5,4,2,3,10,5,9,5,5,8,9,Male,Tier 3,Hybrid
68,152846,1.8,1,0.0,5,7,11,19,27845,100647,3,3,5,4,7,8,7,10,6,6,3,Female,Tier 2,Store
43,64451,8.8,3,3.8,7,10,25,9,54041,110842,7,3,6,7,4,6,9,6,4,7,9,Male,Tier 3,Store
47,73597,9.7,7,5.5,7,10,43,4,99170,68605,4,7,2,9,10,9,10,9,4,8,4,Female,Tier 1,Online
45,48799,5.2,7,2.5,6,9,27,6,78536,18172,8,9,4,8,1,4,6,6,5,1,6,Male,Tier 3,Store
43,173881,7.5,4,3.6,10,9,41,4,120027,13087,4,4,6,3,10,7,8,3,4,6,10,Male,Tier 2,Online
28,46266,5.8,10,2.0,10,7,36,10,59870,68484,9,6,6,8,2,8,6,6,4,7,6,Female,Tier 2,Hybrid
68,23952,5.7,1,2.6,4,10,49,1,81244,28342,6,3,4,2,9,8,5,4,7,5,1,Male,Tier 1,Online
25,183344,9.7,10,5.6,5,10,33,6,132389,60484,6,8,2,8,7,5,10,7,1,8,7,Other,Tier 2,Store
57,126534,2.5,14,1.4,3,7,13,16,90379,124182,8,8,7,5,5,7,10,7,5,6,3,Female,Tier 2,Store
56,115029,7.7,11,2.3,6,7,17,9,95195,2552,4,3,4,5,3,6,5,6,7,8,7,Female,Tier 2,Hybrid
42,123236,6.4,11,3.8,9,6,3,18,17139,134068,5,3,5,5,10,5,8,9,4,8,6,Male,Tier 3,Store
69,94822,6.4,5,2.9,6,9,24,10,81759,18876,5,0,5,5,6,5,6,7,6,7,1,Male,Tier 3,Hybrid
44,109956,9.7,11,6.0,7,10,33,6,75405,58236,7,5,3,3,6,6,7,8,1,5,8,Male,Tier 1,Hybrid
58,41988,4.3,7,4.5,5,7,15,9,31655,26026,5,6,6,9,4,4,6,6,6,9,2,Female,Tier 2,Store
62,228447,5.2,6,2.5,3,7,19,14,150000,58245,7,7,4,4,7,8,6,6,5,9,2,Other,Tier 1,Store
43,137882,7.3,6,2.6,6,5,14,9,79036,23111,5,2,2,6,6,9,4,6,4,7,8,Female,Tier 1,Store
54,99592,3.9,10,1.2,4,4,7,13,37977,82906,8,1,3,6,3,5,6,7,6,9,7,Male,Tier 2,Store
33,113888,5.2,14,3.7,7,8,38,4,116226,52251,7,6,2,3,4,7,9,5,5,6,4,Male,Tier 2,Hybrid
75,132632,3.6,4,2.1,2,1,1,19,25848,150000,5,2,5,5,4,4,5,10,6,5,2,Male,Tier 2,Store
56,130648,7.9,13,3.3,4,5,23,14,84046,65845,4,8,1,9,9,5,7,4,3,7,1,Other,Tier 2,Store
25,43112,10.6,10,4.8,7,8,34,6,57947,500,8,6,1,7,8,7,7,6,3,8,9,Other,Tier 1,Hybrid
33,115434,5.2,8,4.2,9,10,25,15,55257,105820,6,7,6,3,5,9,6,7,6,6,10,Female,Tier 2,Hybrid
61,159718,4.6,11,1.3,4,4,10,9,123675,8139,5,4,4,6,2,3,6,6,6,10,3,Male,Tier 3,Store
37,143934,9.2,3,4.4,7,10,42,0,116545,59422,5,6,4,1,10,6,8,4,4,8,6,Female,Tier 1,Online
48,158676,3.2,10,3.2,5,6,12,9,99360,71591,3,5,2,2,6,6,4,6,6,10,6,Other,Tier 2,Store
68,46158,7.0,1,1.4,5,7,16,9,39917,64947,5,7,6,8,4,7,2,7,10,2,4,Male,Tier 3,Store
46,124317,9.4,11,4.1,3,8,25,5,58377,59493,8,9,5,5,7,6,6,9,3,4,4,Female,Tier 3,Hybrid
68,127590,7.5,8,2.3,8,4,10,19,63354,86093,7,4,2,8,7,7,7,9,8,5,8,Male,Tier 1,Store
18,83128,8.6,1,5.6,8,9,21,10,50959,92121,6,1,5,4,6,9,10,3,5,10,6,Other,Tier 1,Hybrid
55,104557,4.3,6,2.7,7,6,12,8,86534,91666,7,8,3,7,6,4,6,9,8,10,6,Male,Tier 2,Store
76,65776,1.0,6,2.3,3,3,0,13,57898,119898,8,3,1,7,3,1,6,9,7,5,3,Female,Tier 2,Store
35,119637,7.6,12,6.0,10,10,30,9,52894,137612,8,4,5,8,4,7,10,8,4,6,7,Female,Tier 3,Hybrid
32,63843,8.5,7,4.3,9,9,23,8,51370,500,10,5,1,6,6,9,8,8,6,5,6,Other,Tier 1,Store
59,154201,6.2,14,1.8,4,6,28,8,106236,86515,4,7,4,2,6,8,7,5,9,8,2,Male,Tier 2,Store
32,157590,9.2,8,4.5,6,10,31,6,125618,71251,6,8,7,4,5,8,8,6,4,4,8,Female,Tier 3,Hybrid
37,117654,10.4,13,4.4,7,10,42,10,150000,47849,4,3,2,3,9,5,10,6,4,9,7,Female,Tier 1,Hybrid
72,127876,1.9,9,1.1,5,4,0,13,16307,41514,7,3,5,7,2,5,6,9,6,6,5,Male,Tier 3,Store
61,96319,6.4,5,0.1,6,6,32,1,85045,12462,6,3,6,6,5,6,4,2,3,2,3,Male,Tier 3,Hybrid
45,140108,7.1,3,4.8,5,7,14,15,51455,137526,5,6,2,4,8,5,7,10,4,7,10,Male,Tier 1,Store
55,26111,5.6,10,2.9,2,5,15,13,42575,68687,7,4,4,8,6,4,5,10,4,6,5,Male,Tier 3,Store
49,104961,4.6,6,3.3,7,8,10,16,33077,96420,8,8,3,4,6,6,9,8,3,8,5,Male,Tier 2,Store
19,15000,7.4,6,4.9,6,8,25,9,78297,24830,9,2,2,9,1,8,10,2,5,8,4,Female,Tier 3,Hybrid
60,130214,5.0,5,3.8,5,9,17,12,78489,80147,5,7,4,4,4,5,5,10,3,2,7,Male,Tier 3,Store
46,229513,4.5,12,3.1,2,4,0,9,89533,120807,6,6,1,7,1,6,6,6,6,7,1,Other,Tier 1,Store
41,130362,6.7,9,4.2,7,8,32,11,114075,33574,2,4,6,5,3,6,5,9,4,7,8,Male,Tier 2,Hybrid
65,92523,5.1,9,2.8,1,7,0,10,900,23525,7,6,6,7,7,6,4,6,6,7,1,Other,Tier 1,Store
79,18270,3.5,8,0.5,6,5,9,10,85481,86240,9,1,6,6,6,4,4,7,6,4,3,Female,Tier 3,Store
63,96744,5.0,12,1.4,5,8,30,10,84110,36259,7,7,4,9,9,5,6,8,6,6,3,Female,Tier 3,Store
47,130896,9.1,8,4.7,7,9,37,7,88314,48195,8,8,4,6,10,7,10,8,5,4,7,Male,Tier 2,Online
76,40761,3.5,8,0.7,2,4,0,16,63583,27915,9,2,6,7,8,3,3,10,8,8,2,Other,Tier 2,Store
56,94096,8.0,11,2.0,5,9,26,8,63171,36200,3,2,7,5,10,6,6,8,6,7,4,Female,Tier 3,Hybrid
43,161516,4.7,12,3.6,4,6,9,10,54212,36347,8,8,5,6,5,2,7,6,4,3,7,Female,Tier 2,Store
35,127488,10.2,9,4.7,6,10,49,5,96650,53218,3,3,4,7,9,6,10,6,2,10,7,Female,Tier 2,Online
35,159289,8.7,10,5.2,6,6,22,8,105253,111501,10,3,5,4,8,6,10,4,7,4,9,Male,Tier 2,Store
18,137923,10.5,7,5.2,9,10,43,5,121149,73688,4,7,6,4,4,7,10,5,3,9,5,Female,Tier 2,Online
40,185587,7.6,5,5.3,7,7,28,5,148761,102283,4,6,5,4,7,1,6,4,6,5,6,Male,Tier 3,Store
40,73824,7.2,12,4.6,8,10,19,13,94185,73998,7,3,4,10,2,6,10,9,5,8,8,Other,Tier 3,Store
41,138678,8.7,6,3.7,6,10,32,4,124014,56372,7,9,6,4,6,6,10,8,7,9,2,Male,Tier 3,Hybrid
37,89466,8.0,7,2.9,5,8,26,7,116417,58100,6,4,4,2,4,5,4,3,8,9,7,Other,Tier 3,Hybrid
22,45314,8.9,1,5.4,2,8,22,15,58636,6836,8,9,4,6,7,4,8,6,1,5,7,Female,Tier 2,Hybrid
54,137118,3.9,7,3.2,5,8,32,4,105707,83660,6,7,7,9,6,7,4,5,4,10,7,Male,Tier 3,Hybrid
50,93495,8.3,6,3.2,9,8,29,12,51054,25475,7,4,6,6,6,9,7,7,3,10,1,Male,Tier 2,Hybrid
32,96993,9.4,12,5.1,8,9,30,10,77761,88185,6,4,5,4,5,9,8,2,5,8,5,Male,Tier 2,Hybrid
20,73551,12.0,1,6.0,9,10,49,0,116775,49828,10,7,1,9,5,5,8,1,4,10,5,Other,Tier 1,Hybrid
68,119675,2.7,2,2.5,6,4,0,17,930,73366,4,1,5,5,8,5,6,10,4,10,3,Male,Tier 2,Store
46,145732,7.7,14,4.3,5,6,6,11,46566,90247,8,4,3,5,3,8,6,6,4,7,8,Female,Tier 2,Store
49,62800,4.5,5,3.7,4,5,15,7,40953,33297,7,6,3,4,10,3,4,4,1,8,7,Other,Tier 3,Store
37,99862,6.1,10,3.4,6,9,24,17,58066,71868,6,5,7,4,10,7,4,5,5,8,8,Female,Tier 3,Store
43,154481,12.0,10,5.9,10,10,49,3,150000,42911,7,9,3,7,6,6,10,5,4,10,3,Other,Tier 1,Online
38,119894,7.2,14,3.5,4,6,30,4,138040,63800,8,4,2,4,7,8,9,3,1,10,8,Female,Tier 2,Hybrid
45,103475,8.7,2,3.3,5,10,29,8,92302,54890,5,5,5,6,7,3,7,4,4,9,8,Female,Tier 3,Hybrid
29,88190,8.8,9,5.3,6,10,42,3,145069,34539,6,2,3,6,5,8,9,6,7,5,7,Other,Tier 2,Online
65,168843,6.6,4,3.6,5,7,28,12,91186,114626,2,6,2,6,7,4,5,7,5,5,1,Male,Tier 1,Store
32,106095,8.3,2,4.0,9,8,29,10,93702,59116,5,8,7,6,5,5,7,7,3,8,7,Male,Tier 3,Hybrid
58,129146,5.7,11,4.8,4,3,24,6,106981,104537,9,4,3,5,6,5,8,4,6,7,6,Female,Tier 1,Store
23,43241,8.7,4,5.3,6,10,37,8,51165,500,8,5,2,8,8,8,8,3,1,8,5,Female,Tier 3,Store
49,71236,6.7,2,3.3,2,8,27,12,93975,4978,9,3,7,8,7,7,8,5,5,10,7,Male,Tier 3,Store
36,97405,4.7,14,3.4,6,7,30,6,101060,500,5,5,5,4,9,6,10,9,2,7,9,Female,Tier 1,Store
79,17767,7.4,2,2.8,4,6,20,2,57007,70620,8,6,7,5,3,2,5,6,6,4,8,Male,Tier 3,Hybrid
56,78187,3.4,6,3.7,3,4,7,8,62013,50329,5,8,3,7,2,3,8,7,3,5,5,Male,Tier 2,Store
46,70774,2.4,6,3.6,6,9,13,6,900,64641,9,3,3,4,10,6,9,5,3,4,4,Male,Tier 3,Store
41,168900,6.9,3,2.3,5,7,19,7,119512,50314,4,5,1,4,5,9,7,4,7,5,5,Female,Tier 1,Store
36,158215,6.1,12,2.5,3,10,27,4,113925,70474,7,0,3,7,7,9,2,4,4,8,6,Other,Tier 1,Store
76,26857,7.3,9,3.2,6,4,29,6,88288,30095,9,2,4,10,3,7,4,10,6,1,2,Other,Tier 1,Store
35,108239,10.9,5,5.9,8,10,49,7,150000,49449,5,1,7,9,6,7,7,4,3,10,3,Male,Tier 3,Online
62,150409,7.9,8,3.2,5,9,30,9,140391,79689,2,5,3,4,9,8,4,9,7,10,1,Male,Tier 1,Store
74,111669,2.5,1,1.3,7,4,6,11,72084,46510,5,2,5,5,7,5,6,8,7,7,5,Female,Tier 1,Store
48,82646,7.0,3,6.0,4,9,31,4,56915,54946,6,0,5,5,2,7,10,5,3,6,6,Female,Tier 2,Online
34,95714,10.4,13,5.6,10,10,49,3,150000,78043,8,6,2,3,8,7,10,4,5,10,2,Male,Tier 2,Online
24,86277,12.0,1,5.5,3,10,35,7,27054,28608,7,6,5,9,6,7,10,3,3,5,3,Male,Tier 3,Hybrid
31,163692,9.7,14,6.0,10,10,46,1,143077,96217,5,0,5,3,7,4,9,5,3,8,9,Female,Tier 3,Online
32,97288,5.6,9,4.8,5,6,26,10,94927,18094,6,6,6,5,2,4,10,6,7,8,10,Female,Tier 2,Hybrid
34,117475,12.0,9,3.8,6,7,44,1,120255,53814,9,5,5,7,3,5,8,2,5,8,3,Male,Tier 2,Hybrid
47,113902,7.9,12,2.8,5,10,41,8,112414,128005,8,9,1,6,9,7,5,6,3,8,8,Male,Tier 1,Hybrid
49,156691,7.5,9,2.4,7,9,44,0,87637,18377,7,9,4,4,10,5,6,6,6,6,10,Male,Tier 1,Hybrid
41,185438,8.7,9,5.0,7,10,25,14,85336,50996,9,6,7,6,7,10,5,6,4,9,5,Male,Tier 2,Hybrid
64,117824,3.3,5,2.7,5,9,28,10,86912,57382,8,7,4,8,3,4,6,8,10,10,2,Male,Tier 1,Store
30,195725,10.0,6,6.0,6,10,48,6,95804,95086,9,8,4,2,8,7,7,2,8,10,7,Male,Tier 1,Online
45,126305,8.5,2,4.0,3,9,38,8,87163,69211,10,6,5,6,6,9,8,3,10,10,8,Female,Tier 1,Hybrid
51,129322,6.5,14,3.5,5,5,13,9,84253,15882,4,6,4,5,9,4,8,7,6,8,8,Other,Tier 3,Hybrid
23,38051,7.2,7,6.0,5,7,23,5,49832,8675,7,1,2,8,7,6,10,4,5,10,7,Other,Tier 2,Hybrid
40,160312,8.1,12,3.6,7,8,25,15,67268,117014,2,0,2,3,5,3,2,4,4,1,4,Male,Tier 1,Hybrid
78,15000,3.1,6,0.0,3,3,0,18,9466,60248,6,6,4,5,4,5,1,9,6,7,4,Male,Tier 2,Store
68,93993,3.7,5,1.2,3,5,2,11,900,68321,6,7,5,7,4,4,4,9,7,7,5,Other,Tier 3,Store
48,86806,9.3,4,3.7,3,8,44,5,127544,33051,7,6,2,10,10,4,10,5,8,5,5,Other,Tier 1,Hybrid
47,98477,6.6,4,2.6,2,6,20,11,63677,58030,8,2,4,3,10,4,7,9,3,10,10,Female,Tier 1,Store
47,156862,7.0,9,2.5,3,9,22,11,81677,82991,8,6,4,5,7,6,8,4,5,9,4,Female,Tier 1,Online
52,113498,4.4,5,2.9,3,7,20,8,125395,83281,9,5,3,2,7,4,6,10,7,8,6,Female,Tier 2,Store
58,115796,6.5,8,1.3,5,6,12,9,81911,54815,8,9,4,5,3,8,5,10,7,1,5,Male,Tier 1,Store
54,161474,4.5,6,1.5,7,7,23,10,79393,146385,5,5,3,5,5,4,7,6,5,6,8,Female,Tier 3,Hybrid
46,110698,6.7,9,3.3,1,10,38,6,110744,105763,7,5,3,6,10,6,8,3,4,5,4,Male,Tier 2,Online
50,164402,8.9,7,3.1,5,8,29,6,117537,71133,4,7,3,6,3,7,4,6,7,10,4,Male,Tier 2,Store
31,114160,6.1,7,3.3,7,10,20,12,91409,75599,6,6,5,5,9,7,5,6,5,10,3,Male,Tier 2,Store
61,133482,7.1,9,3.6,4,3,10,17,53305,133285,8,0,2,5,5,4,9,10,10,10,1,Female,Tier 2,Store
79,19134,7.2,5,3.7,3,4,24,4,9470,35797,8,2,5,7,2,10,5,7,7,4,5,Male,Tier 2,Store
68,112265,1.6,8,1.7,4,7,8,14,24272,55313,8,3,1,6,1,7,3,6,6,8,4,Other,Tier 1,Store
45,210001,6.6,6,2.0,6,10,28,6,144393,93544,4,6,3,4,3,7,5,6,6,5,5,Male,Tier 2,Online
57,186286,7.4,6,3.0,3,7,17,10,19544,69524,7,7,1,5,4,9,7,8,5,6,4,Female,Tier 1,Store
59,63073,7.5,4,2.8,1,3,10,11,900,22086,8,0,3,6,10,5,9,7,6,4,2,Male,Tier 2,Store
45,150760,7.5,8,5.1,3,6,35,13,150000,87086,7,5,6,6,6,3,8,4,6,3,8,Male,Tier 3,Store
18,51707,12.0,4,4.7,9,9,35,6,58890,19782,3,9,1,9,9,6,10,2,2,8,8,Male,Tier 1,Online
79,108645,4.4,6,2.9,2,1,0,10,10608,71262,5,4,3,6,6,3,5,6,7,4,4,Male,Tier 1,Store
22,94015,9.7,8,4.3,3,8,29,2,78051,20414,5,1,3,8,10,7,8,1,1,10,5,Female,Tier 1,Hybrid
37,153170,8.0,8,5.6,7,8,36,6,138940,71969,3,2,5,7,4,6,6,4,6,5,5,Male,Tier 2,Hybrid
21,90150,7.0,1,4.6,8,10,41,6,124163,64054,9,5,4,6,5,9,8,2,5,10,1,Female,Tier 3,Online
68,117470,5.0,6,1.8,7,7,18,13,64279,31372,7,9,5,7,9,1,8,4,7,4,5,Female,Tier 3,Store
79,49052,4.9,1,2.5,4,5,2,14,5214,61503,8,1,5,8,9,3,5,6,9,4,4,Male,Tier 2,Store
28,113093,8.5,7,3.3,8,9,40,5,108310,500,2,9,6,8,4,6,9,6,7,10,7,Female,Tier 2,Store
47,146948,7.5,6,4.9,6,8,36,4,75368,62058,7,4,3,6,8,8,10,4,4,10,8,Female,Tier 1,Hybrid
65,119399,7.7,3,1.3,4,8,15,12,63481,85931,10,2,2,7,1,8,4,9,9,8,5,Male,Tier 1,Hybrid
72,139363,2.3,7,0.2,2,6,4,11,24739,107053,5,1,4,5,1,5,1,8,7,9,2,Male,Tier 3,Store
43,193904,8.3,11,2.7,9,5,7,4,77908,38882,5,5,5,5,5,7,6,4,2,8,7,Male,Tier 1,Store
46,206658,6.2,11,5.4,5,6,4,18,108633,98377,6,4,6,6,2,4,9,7,4,8,8,Male,Tier 1,Store
50,67437,6.0,5,3.1,5,7,24,8,86106,54509,10,6,6,8,8,6,3,3,5,7,8,Female,Tier 3,Store
49,121849,7.7,11,3.9,1,7,31,8,69215,91515,7,9,4,2,4,4,9,3,6,7,8,Male,Tier 3,Store
32,96667,10.9,8,4.1,6,10,36,12,112558,44190,8,4,5,7,10,8,7,7,3,1,7,Other,Tier 3,Store
24,208718,10.5,5,4.9,8,10,49,5,144355,58033,4,8,4,8,10,6,9,4,4,9,2,Male,Tier 1,Online
47,120974,9.9,11,3.3,4,9,49,0,125530,46041,8,6,5,4,5,6,8,4,8,6,5,Male,Tier 3,Hybrid
53,179633,5.0,5,3.0,6,2,5,10,900,75804,5,4,4,5,7,6,6,4,6,10,7,Other,Tier 2,Store
18,15000,12.0,5,6.0,7,10,44,1,66813,94807,8,7,1,7,3,8,7,3,1,8,3,Male,Tier 1,Online
49,143671,6.8,5,4.2,4,8,21,13,112521,65154,3,8,2,5,7,5,6,10,7,6,7,Male,Tier 1,Store
18,32707,10.6,2,5.1,10,7,39,6,36627,53234,8,5,3,3,8,6,8,1,5,10,3,Male,Tier 3,Online
46,160761,7.8,10,2.1,6,7,20,10,105404,57373,6,5,4,4,10,6,5,7,6,5,1,Male,Tier 1,Hybrid
18,111963,11.3,1,5.5,4,6,19,13,90072,31931,6,2,5,6,2,4,10,6,2,3,2,Female,Tier 3,Store
55,89963,6.3,8,1.6,5,8,40,4,143657,11330,9,6,6,8,10,5,4,7,6,8,4,Other,Tier 2,Store
55,148942,5.6,12,0.5,5,5,9,16,93904,82633,6,0,4,2,8,4,2,10,2,7,6,Female,Tier 2,Store
70,185267,2.5,5,3.6,2,6,0,19,78423,114101,7,6,4,1,4,6,6,9,7,6,5,Male,Tier 2,Store
44,110666,8.8,9,5.5,6,8,29,5,66921,32942,7,6,7,9,8,7,10,5,7,7,10,Male,Tier 3,Online
52,120277,6.4,2,2.2,8,8,14,16,102583,101890,2,4,3,7,2,4,6,8,10,8,7,Male,Tier 1,Store
18,52746,10.8,2,6.0,5,10,39,13,92629,68853,7,7,3,9,10,4,7,6,2,5,3,Male,Tier 2,Online
42,130903,10.0,11,4.3,7,10,29,2,89067,38498,5,4,3,6,8,7,5,8,3,6,1,Male,Tier 1,Hybrid
49,86970,11.9,9,5.8,5,7,41,3,150000,92075,6,8,4,6,4,5,8,6,3,9,6,Other,Tier 3,Hybrid
45,42671,10.2,9,4.5,9,10,40,2,74315,49328,10,5,5,4,8,5,10,3,3,1,6,Male,Tier 3,Online
61,123412,3.1,5,0.6,7,4,0,8,20302,53286,8,2,1,7,4,8,5,8,7,6,1,Female,Tier 1,Store
18,58021,7.0,10,3.1,10,10,31,11,113683,55005,8,5,5,8,9,4,7,3,4,6,4,Other,Tier 3,Online
63,63414,5.6,1,2.4,1,6,5,7,11856,500,4,7,6,6,9,7,7,9,4,5,4,Female,Tier 3,Store
36,123433,5.9,10,3.5,7,5,26,11,63502,120128,6,6,7,10,8,5,9,9,6,6,10,Other,Tier 2,Store
34,183549,9.8,9,4.5,9,10,41,1,143429,42519,3,6,3,7,6,6,7,3,2,10,2,Other,Tier 1,Hybrid
39,146443,10.1,9,4.7,8,9,41,6,123823,49234,6,5,1,7,9,10,7,6,8,8,8,Female,Tier 1,Online
42,115623,5.8,5,2.2,9,5,9,12,43881,34943,7,3,4,3,4,7,7,6,6,8,6,Female,Tier 2,Store
46,89743,7.2,10,4.6,4,7,15,9,51388,77920,6,9,2,8,4,5,8,7,2,9,6,Male,Tier 1,Store
26,82482,7.0,8,2.8,7,6,18,12,62791,102404,8,8,4,3,6,6,7,7,1,7,9,Male,Tier 2,Hybrid
57,77019,9.0,12,3.0,10,10,36,13,96310,21173,6,7,6,7,7,8,6,8,5,4,6,Female,Tier 2,Online
44,138126,6.6,4,4.0,9,10,25,16,133056,43922,4,7,4,1,3,4,10,6,1,9,7,Female,Tier 3,Hybrid
62,15000,8.5,5,1.8,6,7,20,6,58229,79855,7,4,4,4,5,2,6,7,4,6,5,Female,Tier 3,Store
45,152430,7.0,12,5.5,5,7,17,7,84942,22029,2,7,5,3,5,6,8,7,7,9,8,Male,Tier 1,Store
40,167552,8.1,5,3.5,7,5,22,13,71479,18597,7,7,7,6,2,5,9,7,2,10,10,Female,Tier 1,Hybrid
18,74921,6.8,5,4.2,3,7,24,4,97113,51197,7,6,3,6,3,10,6,3,6,7,1,Other,Tier 1,Hybrid
55,66276,8.6,9,1.9,4,9,34,11,21824,62457,6,8,6,8,2,7,8,4,6,5,10,Male,Tier 3,Store
20,86264,8.9,6,5.1,7,10,44,3,113881,32294,7,4,6,2,7,6,7,5,2,9,3,Female,Tier 3,Hybrid
67,94079,4.6,7,2.5,5,4,1,8,12010,96180,7,3,5,6,1,5,5,8,7,6,5,Other,Tier 3,Store
54,110091,5.5,12,3.3,4,10,31,6,87841,77466,5,9,2,8,5,6,7,7,5,5,1,Male,Tier 1,Online
63,106989,5.9,8,1.3,5,8,23,6,90144,8434,8,7,4,7,5,5,6,9,7,7,9,Other,Tier 1,Store
24,115264,8.2,3,6.0,7,10,39,8,125232,57482,10,2,1,6,9,6,9,8,2,9,6,Female,Tier 1,Online
60,145799,4.0,2,3.9,5,7,8,12,89215,88371,5,2,6,6,5,8,9,6,6,6,5,Female,Tier 1,Store
45,164337,9.6,7,4.3,4,8,21,6,91166,20458,1,3,2,5,4,1,6,6,2,2,5,Female,Tier 2,Hybrid
29,97367,8.3,11,3.9,7,9,38,9,108723,17422,7,8,4,6,7,10,10,8,5,7,6,Female,Tier 2,Online
51,196263,4.6,7,3.8,5,8,19,15,150000,150000,8,3,4,5,3,4,8,8,1,7,9,Other,Tier 2,Store
62,72867,7.9,10,3.1,8,9,32,3,127737,109825,8,8,2,6,6,6,5,5,8,7,1,Female,Tier 2,Online
55,218707,6.2,12,4.0,6,8,15,15,136163,125786,9,6,3,6,6,7,6,7,6,5,7,Other,Tier 2,Store
41,97730,6.7,11,4.3,3,7,24,14,73022,103380,6,7,5,3,7,7,7,5,5,6,6,Female,Tier 2,Store
66,88338,6.3,10,0.5,8,7,18,14,15961,39286,9,4,1,8,8,5,4,10,8,9,3,Male,Tier 1,Store
56,148035,4.4,9,1.3,4,6,15,7,69700,28154,6,3,4,2,6,5,4,10,6,5,1,Female,Tier 3,Store
26,97812,11.3,9,4.8,4,9,49,10,139231,6288,8,6,2,6,9,7,6,5,2,2,9,Male,Tier 2,Online
79,118935,1.5,6,0.2,2,4,0,17,31303,102565,6,4,4,7,4,2,3,8,7,5,6,Female,Tier 1,Store
56,117639,6.8,12,4.1,3,8,38,6,150000,97505,7,5,4,5,8,10,9,7,6,10,5,Other,Tier 2,Hybrid
46,172606,5.9,2,3.7,3,7,8,14,107448,99382,5,2,1,5,10,6,9,7,6,9,9,Female,Tier 1,Store
18,97698,6.3,3,4.5,7,7,22,6,41384,1127,6,2,5,9,6,4,6,5,6,9,4,Male,Tier 3,Store
58,198057,6.4,9,3.7,3,6,26,0,150000,39608,8,7,4,6,7,7,5,5,6,6,4,Female,Tier 3,Hybrid
38,166052,9.8,9,4.5,7,9,35,2,110391,35231,4,3,5,4,7,9,6,3,5,8,9,Male,Tier 3,Hybrid
32,184694,6.7,13,2.3,8,9,25,8,94163,55530,5,6,4,5,1,7,7,6,4,9,1,Female,Tier 2,Hybrid
32,135419,5.5,13,4.5,4,10,32,0,86075,38541,7,6,5,5,9,8,10,2,6,7,10,Male,Tier 2,Online
67,69465,8.3,5,2.8,4,7,32,4,82625,23829,7,9,4,7,10,4,4,6,9,10,7,Female,Tier 1,Online
37,179523,7.5,6,4.4,6,9,23,8,111786,44464,4,1,5,3,5,3,6,8,7,8,7,Female,Tier 3,Store
49,100100,8.0,5,3.4,3,9,36,10,91472,60525,4,4,6,1,5,4,10,7,9,9,8,Female,Tier 2,Hybrid
36,93024,7.4,5,5.6,9,9,28,5,38229,118259,9,3,4,5,3,8,7,8,7,10,4,Female,Tier 3,Hybrid
58,87752,9.6,3,3.4,10,10,46,0,62162,10938,10,7,5,7,8,6,6,6,4,5,4,Other,Tier 3,Online
51,201076,8.5,8,3.8,6,7,33,8,88443,77004,8,2,3,7,8,5,6,7,8,3,6,Female,Tier 3,Store
52,112940,8.1,13,3.9,3,7,36,4,150000,72833,6,4,4,6,9,7,4,5,2,5,10,Female,Tier 2,Hybrid
44,120375,5.8,4,4.4,6,6,14,3,104272,12010,8,4,6,7,10,7,7,7,1,5,5,Female,Tier 2,Store
60,177226,5.9,6,3.8,6,7,15,18,76533,84029,5,6,1,6,3,6,6,10,7,10,2,Male,Tier 1,Store
38,127729,8.3,10,4.3,5,9,14,10,51744,66709,6,2,3,8,6,8,7,7,10,7,9,Male,Tier 1,Hybrid
35,128629,9.2,10,5.0,5,7,32,6,116916,62872,8,5,3,5,9,6,4,7,1,5,8,Other,Tier 2,Store
41,169290,9.6,12,4.1,4,8,39,8,148757,86579,6,8,4,5,5,8,6,8,4,8,10,Male,Tier 1,Hybrid
22,154730,7.2,2,3.5,7,10,38,7,92351,75971,7,9,4,3,7,5,10,4,3,7,5,Female,Tier 1,Online
72,82447,4.7,8,1.2,7,4,11,17,12596,87244,10,1,3,9,3,6,5,8,7,5,4,Female,Tier 2,Store
52,195170,4.0,12,3.3,3,3,2,19,62019,73868,4,1,2,2,7,6,5,10,3,6,2,Female,Tier 1,Store
27,89353,7.4,10,5.2,6,10,40,0,123709,89709,6,5,4,3,5,7,10,4,1,8,1,Male,Tier 3,Hybrid
47,68515,7.4,8,3.9,8,9,32,4,52627,65132,8,9,5,9,7,5,7,7,3,5,6,Female,Tier 3,Hybrid
40,115025,8.8,6,4.9,3,8,47,6,130260,95421,7,6,4,7,10,4,7,5,8,7,6,Female,Tier 1,Store
46,177032,7.6,4,4.9,8,7,42,3,150000,72245,4,8,1,7,10,7,4,5,1,7,9,Female,Tier 1,Hybrid
52,83975,3.7,10,2.4,4,5,12,13,49524,81418,10,0,5,5,4,6,1,10,3,7,6,Other,Tier 3,Store
68,129005,4.4,9,0.9,3,7,9,9,45601,67613,9,6,1,6,5,9,3,7,6,3,1,Other,Tier 1,Store
45,66319,7.4,11,1.9,5,8,16,6,51899,3479,8,5,4,8,5,9,6,3,3,8,4,Female,Tier 2,Hybrid
57,149969,9.2,2,4.2,6,8,49,5,150000,150000,5,1,4,4,6,6,8,9,8,8,3,Female,Tier 2,Hybrid
34,111866,6.3,10,3.5,7,9,30,7,65019,40704,5,6,5,6,7,8,7,4,1,7,7,Female,Tier 2,Store
26,64174,8.2,6,6.0,6,10,44,0,124404,85582,4,8,4,10,7,4,10,4,1,7,7,Other,Tier 3,Hybrid
37,71697,9.8,11,3.0,6,10,48,10,48041,55007,2,9,4,7,10,9,8,4,5,6,5,Other,Tier 2,Hybrid
40,126265,8.1,5,3.1,10,9,35,9,101748,25403,8,8,3,5,7,10,7,5,4,7,7,Female,Tier 1,Online
36,113888,5.8,5,2.8,7,8,36,10,133672,150000,7,7,4,7,6,6,4,5,4,1,7,Male,Tier 3,Store
42,70225,8.1,3,6.0,4,6,18,6,13403,34309,2,0,4,6,4,2,7,7,3,4,6,Other,Tier 3,Store
19,42790,8.1,7,6.0,2,10,26,3,47581,500,6,6,5,7,6,8,9,6,2,10,7,Male,Tier 2,Hybrid
55,84265,3.1,5,5.2,7,9,24,6,79974,39903,8,9,5,7,7,6,7,7,6,7,6,Female,Tier 2,Store
72,64744,1.7,9,1.5,4,4,0,16,22434,65001,6,3,4,6,5,3,6,10,5,8,2,Female,Tier 1,Store
46,124088,5.6,7,3.6,7,10,34,10,81246,77775,6,6,7,8,7,7,8,3,4,5,3,Other,Tier 2,Hybrid
35,156266,7.8,14,4.8,5,4,34,0,147279,105734,8,9,3,3,5,1,9,5,6,8,7,Other,Tier 2,Hybrid
42,183866,8.1,1,4.5,4,9,26,10,82323,49351,4,7,3,4,6,9,8,5,3,8,7,Other,Tier 2,Store
60,136670,4.2,3,0.4,1,3,0,13,29403,67503,10,6,1,5,6,3,4,8,6,8,1,Female,Tier 1,Store
20,117134,8.6,6,4.4,4,10,32,11,63666,43887,4,9,3,5,8,8,10,3,6,10,1,Male,Tier 2,Hybrid
44,87981,4.0,12,6.0,5,6,17,11,9480,54618,6,7,6,4,5,3,9,9,1,8,10,Other,Tier 2,Store
49,90984,5.9,5,2.5,1,3,1,11,14051,48756,8,1,3,3,4,1,7,9,5,2,5,Female,Tier 2,Store
48,190170,4.3,4,2.8,5,7,7,15,69754,107493,3,8,2,7,7,5,6,5,6,5,5,Female,Tier 2,Store
54,76314,5.7,12,4.2,9,9,41,4,111846,44023,9,3,6,7,7,5,9,3,4,10,6,Female,Tier 3,Hybrid
54,145360,7.2,3,2.7,6,7,26,3,83214,500,5,8,7,6,3,2,8,5,3,8,6,Female,Tier 2,Store
33,134255,8.8,7,3.3,5,8,28,7,115095,500,8,1,4,7,8,5,8,4,5,7,8,Other,Tier 2,Hybrid
79,78593,6.9,7,3.2,7,10,25,5,20176,65572,6,6,2,9,4,7,5,9,7,7,3,Other,Tier 2,Store
49,75075,5.5,7,3.6,2,10,37,5,55773,39564,5,7,4,7,1,9,7,6,4,7,5,Other,Tier 3,Hybrid
52,69907,6.8,4,2.8,7,10,49,0,77002,49832,7,6,2,8,8,5,7,6,3,8,6,Male,Tier 2,Online
29,89863,8.5,13,6.0,10,9,29,3,28875,36854,5,5,7,6,6,5,9,3,1,8,10,Other,Tier 3,Online
64,120739,5.0,9,0.9,5,7,21,6,57149,105749,6,5,5,10,8,5,3,3,5,5,3,Male,Tier 1,Store
38,131248,8.1,11,4.0,5,7,26,13,80763,500,7,8,4,2,8,5,10,7,1,10,2,Female,Tier 2,Store
48,194879,6.6,6,1.9,4,6,15,8,92989,63658,2,0,6,6,9,5,6,5,2,10,9,Other,Tier 2,Hybrid
52,167490,6.0,11,5.8,9,9,34,3,123343,121435,7,3,1,4,1,4,9,3,7,9,7,Male,Tier 1,Hybrid
44,87647,9.1,6,6.0,6,7,35,8,79678,63075,7,8,5,8,8,7,10,7,7,6,6,Female,Tier 1,Store
29,76171,10.8,9,5.0,4,6,28,5,150000,51901,8,1,6,4,7,6,1,9,4,4,9,Male,Tier 3,Hybrid
47,120202,4.3,6,3.4,6,8,12,10,38977,61662,2,3,4,4,5,7,7,4,5,5,1,Male,Tier 2,Store
39,68616,7.3,14,2.9,7,10,45,0,128257,500,8,4,5,6,8,10,10,9,9,8,3,Female,Tier 2,Hybrid
43,167822,8.9,13,2.0,4,10,41,3,146293,32611,5,7,2,5,6,7,5,2,5,5,10,Male,Tier 1,Hybrid
22,58200,12.0,1,4.9,9,10,34,7,94159,18359,7,6,3,7,9,6,10,5,1,10,10,Male,Tier 2,Hybrid
53,175475,9.1,4,4.1,2,7,31,12,111439,66892,2,7,5,5,8,3,8,5,7,4,10,Other,Tier 2,Store
49,105623,6.0,10,3.6,5,5,12,14,81769,55887,8,4,5,6,1,5,4,9,5,4,8,Male,Tier 2,Store
47,130105,9.0,3,4.8,4,10,38,10,91166,37547,7,3,7,6,9,5,10,10,5,5,3,Female,Tier 2,Hybrid
63,115989,5.8,9,4.7,1,2,0,14,55682,65266,7,0,1,7,2,2,5,4,6,7,5,Female,Tier 1,Store
40,83751,9.8,12,5.2,6,10,33,13,71886,87297,10,3,6,6,6,8,9,8,4,8,6,Other,Tier 3,Hybrid
40,124035,9.9,8,6.0,7,8,36,5,128403,99956,8,8,2,6,4,7,9,5,6,8,1,Female,Tier 3,Hybrid
47,137855,5.9,5,2.7,2,10,46,5,150000,41299,7,6,7,5,6,8,7,6,4,6,6,Male,Tier 3,Hybrid
50,133771,10.8,12,4.0,4,9,31,12,140247,121761,8,6,5,6,5,5,6,7,5,9,7,Female,Tier 2,Hybrid
52,138501,4.8,11,3.2,2,7,10,15,75693,31603,6,0,5,10,6,6,6,8,4,7,7,Male,Tier 2,Store
52,120384,7.1,8,4.2,5,8,27,8,92960,114320,4,1,5,6,4,8,8,10,4,4,5,Male,Tier 1,Store
22,40743,10.3,5,4.6,8,9,37,12,61747,56211,8,7,4,9,5,5,8,6,4,10,6,Male,Tier 3,Hybrid
46,196799,6.8,12,4.5,7,10,24,10,60775,74788,6,3,3,3,9,6,4,10,2,8,4,Male,Tier 1,Hybrid
52,215986,7.1,4,0.7,5,3,16,19,150000,110132,4,1,3,4,1,10,4,10,3,5,10,Female,Tier 2,Store
39,74692,5.6,12,5.8,9,5,12,13,50333,131426,5,1,3,4,2,7,8,4,5,8,9,Male,Tier 3,Store
75,53819,3.6,10,1.4,6,5,10,18,75358,67691,6,3,6,7,2,4,2,10,6,3,3,Male,Tier 3,Store
47,123267,8.0,3,2.8,10,10,40,9,106407,99304,5,5,6,3,8,8,9,5,6,10,5,Female,Tier 2,Hybrid
79,34290,3.7,8,0.6,2,1,0,19,6721,50517,8,5,5,6,2,3,5,10,9,6,1,Female,Tier 3,Store
40,112598,6.6,5,2.4,8,10,36,2,124352,500,7,7,3,10,6,9,7,6,4,8,7,Other,Tier 1,Hybrid
21,67470,12.0,5,6.0,6,10,28,13,150000,33539,5,7,7,8,7,5,10,3,3,7,4,Female,Tier 3,Hybrid
47,129921,8.2,10,3.6,5,7,28,7,102023,26540,10,0,3,8,6,5,9,9,8,9,10,Other,Tier 1,Hybrid
38,72384,10.3,13,6.0,5,9,37,10,133452,75782,5,5,6,8,7,9,10,4,6,6,6,Female,Tier 3,Hybrid
43,54972,6.8,8,3.6,7,7,27,1,6190,25226,10,3,5,5,10,5,7,5,4,6,8,Female,Tier 2,Hybrid
31,111498,9.3,13,3.4,2,6,20,9,108895,120624,8,3,2,6,8,3,5,4,3,10,10,Male,Tier 2,Store
63,62101,3.9,7,3.9,4,4,12,7,41531,37919,7,2,4,8,4,7,6,7,6,8,6,Male,Tier 3,Store
18,107745,9.2,4,5.0,7,9,45,6,149065,40314,4,8,5,5,7,3,7,4,2,10,7,Female,Tier 3,Online
23,85404,11.8,3,6.0,4,9,49,0,119331,500,5,9,4,8,3,7,9,5,5,4,1,Male,Tier 2,Online
47,66615,4.0,9,4.9,4,8,1,18,80403,106398,6,4,5,5,3,5,7,7,5,5,6,Female,Tier 2,Store
54,133503,6.7,5,3.9,6,8,33,1,119220,36514,6,5,3,8,1,10,6,6,8,7,10,Male,Tier 1,Store
38,150986,9.2,9,4.3,4,10,44,0,107275,26262,6,8,2,4,7,6,8,1,4,9,6,Male,Tier 3,Online
42,130796,5.2,6,2.7,7,8,23,14,122121,129747,7,6,7,2,5,5,5,8,4,6,4,Female,Tier 3,Store
65,172811,5.6,8,2.6,1,7,26,14,85664,135079,7,0,3,7,6,6,5,8,6,4,9,Female,Tier 2,Store
20,98327,8.1,2,4.3,8,10,47,8,111793,70791,10,8,5,7,1,4,7,3,1,8,3,Other,Tier 1,Hybrid
37,56893,7.7,7,5.0,6,9,32,6,109961,5408,8,4,1,6,5,8,9,1,4,6,2,Female,Tier 1,Hybrid
47,106048,5.6,2,4.0,6,6,26,9,46005,43903,6,6,4,3,10,10,7,4,4,5,2,Male,Tier 3,Store
49,153845,4.0,4,2.5,8,6,15,9,59256,121214,6,4,5,4,1,2,8,7,4,7,4,Male,Tier 3,Store
21,82552,10.9,4,6.0,7,9,40,1,94692,31948,6,8,6,7,9,6,9,3,5,6,4,Male,Tier 2,Hybrid
40,145476,7.5,7,5.1,8,10,45,5,75667,99481,6,5,5,4,9,2,7,8,6,6,4,Female,Tier 2,Online
53,100944,10.7,4,4.6,7,8,36,5,119613,49650,6,9,6,4,4,6,7,8,2,6,7,Female,Tier 1,Hybrid
26,38075,7.8,10,4.0,6,6,18,7,47923,1860,9,6,2,9,7,7,8,2,6,10,9,Female,Tier 1,Hybrid
46,71319,10.9,6,1.3,8,9,30,7,55198,40100,6,6,5,7,7,4,5,8,4,8,4,Female,Tier 3,Hybrid
37,163680,7.4,8,4.6,7,10,45,2,128692,68064,3,7,2,4,7,9,10,6,7,6,9,Male,Tier 1,Hybrid
79,39071,4.7,5,2.1,6,9,24,8,69191,43702,9,0,6,7,6,5,4,5,9,6,7,Other,Tier 2,Hybrid
57,142225,8.1,11,4.0,1,4,14,13,35279,68171,7,2,2,5,6,5,8,4,9,4,5,Other,Tier 2,Hybrid
61,130883,3.4,7,2.3,6,7,21,7,58005,65904,8,4,4,7,4,8,5,7,7,7,4,Other,Tier 2,Store
63,49170,9.8,8,3.2,1,4,8,15,36180,76653,10,2,4,8,6,5,5,9,10,9,9,Female,Tier 2,Store
41,94102,11.5,6,5.9,6,9,47,0,150000,500,5,9,2,5,8,4,8,3,6,7,2,Other,Tier 2,Online
33,126591,7.7,5,5.9,8,9,33,7,63259,45464,8,5,3,8,7,9,7,9,4,7,10,Male,Tier 2,Store
28,82268,10.8,12,5.4,6,10,40,5,57983,500,7,6,4,8,6,5,7,1,4,6,6,Female,Tier 3,Online
55,222264,6.8,6,2.5,5,9,11,15,115023,110324,2,1,1,3,5,4,9,10,3,6,5,Male,Tier 1,Store
35,122772,8.2,5,3.9,6,10,32,7,51743,59958,2,5,4,7,4,8,7,4,4,6,10,Female,Tier 3,Store
46,125958,7.7,9,4.7,7,8,29,7,52656,71513,6,5,6,6,5,3,10,3,6,10,2,Female,Tier 3,Hybrid
39,146638,11.0,11,3.4,3,6,25,11,64551,54215,6,8,4,7,4,9,6,10,2,6,7,Female,Tier 3,Store
33,116495,6.4,8,5.8,5,6,41,5,94912,7512,4,7,6,7,10,7,10,4,6,4,9,Male,Tier 3,Hybrid
32,182287,8.5,2,4.1,5,10,35,5,130049,145726,4,9,4,7,7,4,8,4,7,5,9,Male,Tier 3,Online
54,101306,2.5,11,0.9,5,9,30,6,150000,91548,5,5,5,6,5,5,6,7,5,7,5,Female,Tier 3,Hybrid
71,52140,3.8,3,2.5,5,7,20,7,69342,31995,3,2,3,9,5,10,8,4,4,6,6,Female,Tier 2,Store
23,63215,9.7,6,5.8,7,10,34,5,106509,6484,8,8,3,7,7,5,10,6,3,1,3,Female,Tier 3,Hybrid
44,147413,7.9,2,4.7,5,6,40,8,109004,65471,4,4,3,7,6,4,6,9,5,7,8,Male,Tier 1,Hybrid
24,108201,8.7,6,4.5,8,8,24,15,78192,19441,4,2,7,6,5,6,10,4,1,9,2,Other,Tier 2,Hybrid
24,63328,9.2,6,6.0,7,9,38,10,103141,20344,6,3,6,10,9,8,6,4,2,9,1,Female,Tier 3,Hybrid
33,32521,8.2,9,3.9,6,9,21,15,10030,2454,4,5,4,10,6,7,10,3,6,7,6,Female,Tier 3,Hybrid
18,99622,10.1,1,4.9,3,10,36,7,131306,58661,6,5,6,9,10,4,10,1,2,4,1,Female,Tier 3,Online
70,20516,3.2,8,1.2,7,4,5,11,900,500,8,7,6,6,5,3,5,6,6,4,6,Male,Tier 3,Store
39,125806,7.7,7,5.6,4,5,8,11,92860,132034,6,4,6,5,2,5,10,9,3,3,8,Male,Tier 1,Store
29,185471,11.4,11,4.1,7,10,43,6,138632,75397,7,6,3,8,7,5,7,6,4,7,8,Other,Tier 2,Online
67,81146,5.4,9,2.1,1,8,18,8,14326,77123,8,2,3,3,5,5,4,9,6,2,8,Female,Tier 1,Store
34,89486,7.9,7,2.5,8,10,45,5,142687,500,10,7,3,7,8,4,6,2,3,5,10,Male,Tier 3,Online
33,105372,10.8,9,5.5,7,10,31,6,50320,4649,4,6,3,6,8,10,7,6,5,8,6,Female,Tier 1,Online
77,122202,7.2,11,3.8,2,7,29,9,118686,24865,6,9,5,6,4,6,4,8,3,3,10,Female,Tier 2,Store
63,52163,6.9,4,3.9,6,6,16,8,54404,24901,10,1,6,5,3,7,6,9,6,4,1,Male,Tier 3,Store
62,116972,5.7,3,2.1,6,8,33,12,130061,83617,10,4,6,3,10,4,6,6,8,3,3,Female,Tier 2,Hybrid
55,137659,3.3,5,1.6,3,7,15,7,900,60561,2,7,5,2,6,5,7,4,5,6,3,Female,Tier 2,Store
41,160591,6.0,6,0.5,2,7,25,6,25958,66743,4,1,3,2,2,4,2,9,5,7,3,Male,Tier 3,Hybrid
44,164389,8.6,12,4.1,8,10,43,0,47027,42596,1,8,5,3,8,4,6,4,6,10,7,Other,Tier 2,Online
48,113386,9.7,7,2.9,4,7,24,7,110513,81207,2,4,5,10,5,6,8,3,7,10,7,Female,Tier 2,Hybrid
62,106825,7.7,5,3.5,4,9,19,10,87673,55128,6,1,3,7,5,6,10,9,5,6,5,Female,Tier 2,Store
63,130070,6.2,3,4.5,3,3,10,14,50904,150000,4,4,4,6,3,2,7,8,7,5,5,Male,Tier 2,Store
25,171894,10.0,9,6.0,7,10,31,4,108207,111351,4,0,3,6,5,7,9,3,5,10,7,Male,Tier 1,Online
67,15000,3.6,8,2.5,6,8,12,10,900,13230,8,4,3,3,4,4,1,8,5,10,6,Other,Tier 3,Store
58,204913,9.3,8,1.1,3,7,26,8,92553,86180,7,2,3,2,1,6,2,8,4,7,8,Other,Tier 1,Hybrid
61,109880,8.6,3,3.1,4,7,27,7,96468,66290,3,5,2,6,8,8,5,7,9,6,7,Male,Tier 1,Store
38,115075,7.3,10,4.4,4,7,20,10,129804,18806,6,0,3,6,8,7,6,6,4,8,7,Male,Tier 2,Store
60,100267,4.6,1,0.8,1,3,0,16,21514,69531,4,0,3,6,2,6,5,10,4,6,2,Male,Tier 2,Store
49,120902,9.0,5,4.4,3,7,34,12,75345,25345,7,8,6,3,6,9,9,3,7,8,8,Male,Tier 1,Hybrid
38,162199,7.1,10,3.0,9,9,27,8,106654,96124,5,0,5,5,7,8,10,5,5,4,10,Female,Tier 3,Hybrid
32,212629,7.9,14,6.0,8,10,27,0,150000,88684,4,3,6,2,8,6,8,4,1,5,6,Other,Tier 1,Online
56,114494,7.2,10,2.0,7,8,30,7,121806,82736,4,9,2,8,7,5,2,7,5,9,6,Male,Tier 3,Hybrid
58,112876,7.8,3,4.3,6,10,43,3,111151,36073,8,9,5,6,10,6,6,7,5,9,5,Male,Tier 3,Online
26,15000,10.1,6,5.5,6,9,35,11,109778,41264,9,6,4,7,9,7,9,2,1,5,9,Female,Tier 3,Hybrid
21,127269,12.0,1,4.4,5,10,42,0,56897,53323,4,9,6,4,10,3,10,5,5,6,4,Female,Tier 2,Hybrid
47,127071,9.0,4,5.2,4,10,33,0,91946,59377,10,4,3,6,10,6,8,1,2,9,5,Female,Tier 2,Hybrid
56,148251,8.5,6,2.2,2,5,26,7,79084,83949,8,5,2,3,5,6,8,9,7,9,5,Female,Tier 2,Store
59,95084,7.0,5,3.7,7,7,24,4,50587,6060,3,4,4,10,5,5,10,7,6,9,8,Female,Tier 3,Hybrid
31,119954,9.6,10,6.0,6,8,41,4,136425,41589,4,6,3,6,10,8,5,4,6,8,8,Male,Tier 3,Hybrid
21,46644,11.8,6,5.6,7,10,42,5,76941,47096,5,6,6,6,6,5,10,4,1,8,1,Other,Tier 2,Online
59,71802,5.1,5,3.0,1,5,14,14,101031,83714,10,0,6,5,5,2,6,5,3,6,3,Male,Tier 3,Store
33,94669,9.8,11,6.0,7,10,47,1,69317,7171,6,9,6,3,9,5,8,6,5,5,10,Male,Tier 3,Online
60,15000,6.5,4,4.5,4,6,16,17,27749,93574,10,3,1,10,5,7,9,10,6,7,3,Female,Tier 2,Store
38,86524,7.3,14,3.8,5,10,31,9,110997,63981,8,4,2,5,5,7,5,3,4,10,7,Male,Tier 1,Hybrid
63,109454,4.2,4,2.7,4,5,0,12,46994,121606,8,3,7,9,5,10,6,8,6,7,3,Female,Tier 2,Store
44,95063,6.5,12,3.6,5,8,25,19,76418,21393,5,4,6,7,3,3,4,9,4,6,9,Female,Tier 3,Store
49,68121,6.8,4,3.9,5,7,10,13,48568,76963,6,1,4,5,5,4,8,7,6,5,9,Male,Tier 2,Store
56,97030,6.8,9,1.4,4,6,12,14,27392,89929,10,5,1,4,3,3,5,6,5,5,2,Male,Tier 2,Store
42,47468,9.9,6,5.1,5,7,23,2,10730,500,7,9,7,6,4,4,10,4,4,10,10,Male,Tier 3,Hybrid
18,91716,10.9,4,6.0,8,9,42,2,95022,49084,5,5,2,8,6,5,8,6,4,7,6,Female,Tier 1,Online
70,105345,5.8,1,2.0,6,5,15,18,73235,43158,6,4,6,5,4,5,1,10,10,6,6,Female,Tier 3,Store
41,159172,6.6,6,4.5,6,6,31,5,150000,41847,8,3,5,5,10,6,6,7,4,1,8,Female,Tier 1,Store
21,140300,11.6,2,6.0,7,10,49,2,150000,117949,7,5,4,8,8,10,10,6,4,10,5,Female,Tier 2,Online
59,138690,7.2,9,2.4,4,7,38,0,130532,14583,6,6,6,8,9,6,10,2,5,6,3,Female,Tier 3,Online
26,106365,10.9,13,5.9,8,10,36,0,61837,67597,3,5,5,7,5,4,10,7,3,10,6,Female,Tier 3,Hybrid
28,39483,9.6,14,4.4,10,9,45,0,92962,6311,7,9,7,7,9,8,9,6,5,5,7,Other,Tier 3,Online
48,161395,8.8,8,3.7,3,8,41,7,150000,19216,8,4,6,3,8,9,6,5,5,3,8,Other,Tier 1,Hybrid
36,138948,5.6,13,1.7,9,10,29,12,123168,91365,5,4,5,4,8,8,6,3,5,8,8,Male,Tier 3,Hybrid
47,160306,5.1,10,4.0,3,5,29,4,80690,25048,5,9,3,3,9,5,6,7,4,10,8,Female,Tier 2,Store
39,145810,6.3,12,2.6,6,9,32,6,83131,59670,5,9,6,4,7,6,4,4,5,8,5,Male,Tier 2,Hybrid
50,133763,4.0,7,5.7,4,6,24,7,89274,50364,6,8,3,7,10,5,8,6,3,5,9,Other,Tier 3,Store
41,76758,5.7,7,4.9,9,8,25,12,80769,34630,9,6,4,6,3,1,6,8,3,10,10,Male,Tier 3,Hybrid
33,179389,6.0,12,3.3,5,10,25,10,113264,71638,5,6,3,1,5,8,10,3,5,5,5,Other,Tier 1,Hybrid
39,165013,9.8,12,4.5,6,10,35,9,87522,71931,4,1,6,6,5,7,6,8,1,6,8,Male,Tier 3,Hybrid
56,96418,5.8,4,4.2,2,4,20,11,56535,81536,6,5,7,5,7,7,10,7,1,4,8,Male,Tier 3,Store
43,200317,6.2,7,3.8,7,10,36,4,114952,47058,4,2,5,4,7,8,9,4,1,6,3,Other,Tier 1,Hybrid
34,209053,8.4,12,6.0,8,5,15,12,101364,125609,6,5,5,2,4,1,7,4,2,7,8,Other,Tier 3,Store
18,35432,12.0,2,6.0,8,10,33,5,67441,51677,8,6,4,6,8,7,10,8,1,10,4,Male,Tier 3,Hybrid
43,101707,12.0,4,4.5,6,9,18,11,65475,78766,8,5,1,8,5,2,8,10,5,7,2,Male,Tier 2,Store
33,131431,9.6,14,6.0,8,8,35,8,91844,75421,6,3,3,4,6,6,10,3,6,7,8,Other,Tier 2,Online
18,23155,10.0,4,6.0,4,9,29,6,91841,17434,7,2,3,7,9,5,9,4,4,5,4,Female,Tier 1,Store
71,15000,7.0,3,1.5,7,7,34,7,80419,31901,6,7,3,10,9,3,6,10,7,10,5,Other,Tier 1,Hybrid
18,69707,9.4,7,4.2,1,6,11,14,900,66333,9,6,5,4,10,4,10,1,1,10,6,Female,Tier 3,Store
66,94088,5.0,6,2.7,6,4,0,15,71424,100278,3,1,4,6,5,4,7,9,5,2,2,Male,Tier 2,Store
50,197468,5.3,7,3.4,9,7,22,13,107064,112754,4,5,1,4,5,5,8,8,7,8,10,Male,Tier 2,Store
35,116394,9.9,12,4.1,8,10,40,6,104877,68031,4,9,3,5,8,2,9,5,2,6,6,Male,Tier 1,Online
22,88747,8.3,2,6.0,9,10,28,8,115003,500,9,1,3,7,7,7,10,7,3,5,3,Female,Tier 1,Hybrid
50,42591,9.3,10,4.4,5,10,43,5,50045,45369,5,9,5,4,8,6,6,7,4,6,9,Female,Tier 3,Hybrid
59,142834,7.0,1,3.5,8,9,31,10,91094,34781,4,8,7,4,3,9,9,9,5,5,1,Male,Tier 3,Hybrid
38,141919,5.6,10,3.9,8,10,36,1,150000,500,5,9,5,4,5,8,7,4,2,10,5,Female,Tier 3,Online
53,86846,4.3,5,2.0,5,5,3,8,11903,26309,3,9,5,4,6,6,3,5,8,6,4,Male,Tier 3,Store
32,89488,10.9,9,6.0,8,10,44,5,133474,63144,3,5,5,7,10,7,7,3,2,7,7,Other,Tier 3,Online
64,84822,5.3,8,1.6,3,2,8,19,29124,111693,6,0,4,5,7,3,6,10,7,4,7,Female,Tier 2,Store
41,196177,6.4,3,2.8,6,10,34,3,77296,44947,6,6,2,7,10,7,7,6,6,6,7,Male,Tier 2,Hybrid
48,102923,7.4,6,2.5,7,9,31,11,98790,68465,6,5,7,7,4,8,7,6,5,3,8,Female,Tier 3,Online
47,50394,6.9,8,3.5,6,6,22,10,86059,21233,8,1,4,9,2,7,6,7,4,5,9,Female,Tier 2,Store
79,112719,2.0,5,0.9,5,4,0,14,35208,45885,7,3,2,7,3,4,1,8,8,3,1,Other,Tier 3,Store
36,189741,6.4,11,4.7,5,7,26,9,146357,56862,2,3,4,6,10,5,10,6,3,6,10,Other,Tier 2,Store
22,142493,7.0,3,6.0,8,10,27,9,96919,92735,5,5,4,2,7,9,9,4,5,9,8,Female,Tier 3,Hybrid
31,99035,9.6,10,3.8,6,10,45,3,82654,29774,4,9,5,8,7,2,8,8,5,10,8,Male,Tier 1,Hybrid
53,198069,6.6,10,3.6,6,7,21,13,67420,107636,4,2,5,2,8,7,5,9,6,7,8,Male,Tier 2,Store
18,29563,8.7,1,4.4,3,8,30,13,80989,38556,8,8,2,5,4,9,8,3,3,10,6,Other,Tier 1,Hybrid
79,54591,2.6,1,2.5,7,8,10,7,16795,500,8,2,4,8,5,6,5,7,8,6,1,Male,Tier 3,Store
48,69090,6.2,5,2.7,3,8,0,8,6181,88831,6,0,2,7,3,3,3,3,5,9,6,Male,Tier 3,Store
44,135229,8.9,10,5.7,5,9,16,10,82584,97498,6,0,4,6,5,10,9,4,4,10,8,Other,Tier 3,Store
62,191713,7.4,3,2.6,7,9,21,11,58131,123322,7,7,3,4,8,9,5,6,4,10,1,Male,Tier 2,Hybrid
26,72782,9.6,10,6.0,5,10,36,8,57864,33685,5,6,5,8,7,3,9,5,2,5,9,Other,Tier 3,Online
34,144586,7.4,10,5.9,8,8,18,10,78897,104528,7,2,4,5,3,3,10,6,4,2,6,Other,Tier 1,Store
63,81401,6.8,1,4.1,7,7,25,6,78890,55592,6,6,3,7,9,4,9,9,6,6,2,Female,Tier 3,Store
53,125789,6.8,8,4.8,4,7,25,12,132389,97352,5,9,6,5,5,7,6,7,6,4,3,Other,Tier 3,Store
79,59084,5.1,3,3.0,7,8,34,8,111368,33097,6,5,5,10,4,5,6,8,7,7,4,Female,Tier 3,Store
46,108663,8.4,8,4.6,6,10,42,4,135728,81967,7,6,2,5,10,9,8,8,4,7,10,Male,Tier 1,Hybrid
52,95348,5.6,7,3.6,2,4,19,7,86536,19729,4,7,4,2,10,2,5,5,7,8,10,Female,Tier 2,Store
49,195910,6.8,8,2.0,4,9,49,8,150000,60145,4,9,1,5,8,6,4,4,4,10,6,Male,Tier 1,Online
32,136106,8.3,14,4.7,5,8,28,5,104380,51164,5,8,3,7,4,8,5,1,5,8,4,Female,Tier 1,Hybrid
37,108387,7.7,8,4.6,8,10,34,0,90418,80590,8,4,5,5,5,5,7,2,5,5,5,Female,Tier 1,Hybrid
23,64887,6.9,1,5.8,6,6,21,2,101688,85873,9,8,7,5,6,2,8,6,4,10,4,Male,Tier 3,Store
58,68846,6.0,8,2.4,3,9,14,16,5921,133547,8,3,4,3,6,3,8,9,6,10,7,Male,Tier 3,Store
50,79953,6.5,9,3.5,8,9,38,11,128586,55420,8,9,6,7,5,9,5,10,7,2,5,Male,Tier 2,Hybrid
40,119045,7.9,9,2.7,4,10,48,0,108156,30152,7,7,2,7,9,7,5,6,3,2,6,Female,Tier 1,Store
26,97109,9.8,12,4.7,10,10,38,4,87283,67801,8,9,2,6,5,8,9,2,2,6,6,Male,Tier 2,Online
54,18280,6.1,12,2.9,1,2,18,8,60684,500,8,9,4,8,5,2,3,8,6,8,4,Male,Tier 3,Store
50,160594,6.2,10,2.5,5,5,16,10,44686,138067,7,3,7,4,2,6,6,6,8,6,4,Other,Tier 3,Store
26,85028,7.8,7,5.1,9,9,28,11,81590,35186,9,1,2,7,1,6,9,5,4,8,6,Male,Tier 2,Store
37,114910,7.5,14,3.7,4,7,36,7,86811,14385,7,7,2,5,3,1,8,6,6,9,4,Male,Tier 2,Online
67,79710,4.4,4,3.5,5,5,0,15,37174,73664,5,3,4,7,3,3,4,10,5,4,2,Male,Tier 3,Store
62,148291,2.6,7,2.6,3,4,0,16,74792,119199,2,1,3,2,6,8,6,9,4,7,5,Male,Tier 2,Store
68,89369,2.9,1,1.8,1,2,2,14,10642,38406,4,2,6,5,6,5,4,7,9,5,3,Female,Tier 3,Store
24,41092,4.8,1,5.6,6,10,37,4,85253,29917,8,1,2,5,8,3,7,2,1,9,3,Male,Tier 1,Hybrid
47,81483,7.9,10,3.6,7,9,39,6,104281,57473,7,9,7,4,10,8,7,4,5,6,5,Male,Tier 2,Store
66,79616,4.8,5,0.9,2,5,11,18,38382,90282,7,3,7,5,3,5,3,8,3,6,2,Female,Tier 3,Store
43,103665,7.8,12,2.7,5,10,24,9,100947,83841,9,6,1,6,3,7,10,8,5,6,6,Other,Tier 2,Store
32,101462,9.0,14,6.0,3,10,45,6,142693,81178,7,7,3,6,10,6,10,5,5,7,7,Other,Tier 2,Hybrid
41,89297,11.0,8,5.1,5,10,38,4,119919,88388,4,7,5,2,7,6,9,5,2,10,3,Female,Tier 2,Online
18,74125,9.6,7,5.1,5,8,29,14,111234,113922,5,7,4,5,5,5,9,2,1,9,6,Male,Tier 2,Hybrid
41,163081,11.2,6,4.5,6,9,49,0,150000,40830,7,4,3,4,6,6,8,1,2,6,7,Other,Tier 2,Online
79,22651,2.8,6,2.9,10,10,9,6,38830,21990,10,5,3,8,8,8,2,7,9,5,2,Female,Tier 2,Hybrid
22,19645,9.3,1,5.9,9,9,41,5,75959,500,7,9,4,7,7,7,10,6,1,2,6,Male,Tier 3,Online
48,124694,6.0,4,2.9,5,10,30,10,82239,111048,6,9,3,8,5,7,3,5,4,7,7,Female,Tier 1,Online
40,192722,5.2,6,3.1,4,6,14,13,118458,117084,6,5,4,4,7,7,8,9,4,8,1,Male,Tier 1,Store
45,82802,7.0,9,2.9,5,8,25,14,64299,51459,10,9,3,7,9,6,9,7,6,1,9,Female,Tier 3,Hybrid
32,78638,9.8,13,5.6,9,10,38,3,58845,39750,10,1,4,10,7,7,10,6,1,7,7,Female,Tier 3,Store
47,100320,7.3,8,6.0,5,7,19,12,57758,84890,5,5,2,6,2,6,9,5,5,10,5,Male,Tier 2,Store
63,135520,4.7,1,1.7,7,6,20,15,133913,58422,3,8,7,5,3,5,6,9,6,6,3,Female,Tier 1,Store
18,100746,8.4,6,5.0,7,8,26,3,82226,500,5,3,2,8,7,7,10,6,3,5,1,Female,Tier 2,Online
37,100802,4.1,11,4.0,6,6,11,9,12654,67852,3,2,5,5,2,6,7,4,6,5,4,Male,Tier 2,Store
42,82098,8.5,6,3.8,4,10,31,12,84748,25490,8,3,7,7,6,5,5,7,5,3,8,Other,Tier 3,Hybrid
78,150235,6.2,6,1.2,4,3,17,0,85949,82829,4,9,5,5,3,4,1,5,6,4,4,Female,Tier 2,Store
61,100331,6.6,7,1.6,4,6,7,11,10756,56011,6,8,5,7,7,2,8,8,3,6,5,Male,Tier 3,Store
38,118901,9.0,11,2.5,7,9,37,1,97328,8371,5,6,5,7,3,3,8,4,4,6,5,Male,Tier 1,Online
54,96693,5.7,3,0.9,5,7,29,4,138459,26512,7,2,4,9,9,6,7,9,6,10,9,Female,Tier 2,Store
39,72794,10.3,5,2.5,5,8,41,8,148927,36663,6,8,2,7,7,6,8,8,3,8,5,Female,Tier 1,Hybrid
69,95667,3.0,6,2.6,6,7,17,10,69951,23211,6,6,1,10,9,4,4,10,8,7,1,Female,Tier 1,Store
18,63580,7.9,4,6.0,5,7,24,12,47644,97576,5,2,3,8,10,7,10,2,2,10,1,Female,Tier 3,Store
60,136692,6.7,9,1.6,6,9,24,11,67411,92527,6,7,5,4,10,5,4,9,4,10,8,Female,Tier 3,Store
61,74632,8.3,5,4.2,5,7,30,3,77187,9169,4,4,6,8,6,1,5,3,4,7,4,Female,Tier 2,Hybrid
54,123267,5.0,10,1.9,6,10,25,8,86834,61447,10,5,6,9,5,8,7,7,6,7,10,Female,Tier 3,Hybrid
46,100223,7.0,7,3.4,5,3,6,13,32889,22289,8,3,3,8,5,6,6,5,3,7,10,Male,Tier 1,Store
77,117084,1.6,11,0.4,6,6,10,11,26177,101434,6,2,1,6,8,8,1,10,6,3,4,Female,Tier 3,Store
25,142518,8.1,12,3.3,5,7,35,4,117852,72355,6,6,7,6,6,8,6,5,2,9,10,Other,Tier 3,Hybrid
54,114187,10.0,8,5.2,7,6,17,11,43855,107636,7,7,4,9,7,6,4,5,5,10,6,Male,Tier 1,Hybrid
38,98818,9.9,11,3.0,5,9,46,1,96776,82553,7,6,3,7,6,10,5,5,3,9,8,Male,Tier 1,Online
23,98270,8.7,6,4.4,4,10,42,4,99800,44586,7,9,2,8,9,4,10,4,7,7,2,Female,Tier 2,Online
42,116610,5.0,2,3.9,7,8,15,2,70177,78353,6,5,5,2,8,6,8,6,5,7,6,Other,Tier 3,Store
20,147153,8.2,2,3.8,8,9,40,11,144131,92487,5,5,7,2,7,7,7,5,1,9,6,Other,Tier 3,Store
19,157795,9.9,1,6.0,8,10,32,8,132324,102061,5,8,3,5,4,7,9,6,2,2,3,Female,Tier 2,Online
33,132617,6.9,5,3.5,7,7,25,9,129907,49366,3,3,6,1,7,4,6,5,1,9,10,Other,Tier 3,Hybrid
55,146194,8.8,3,2.7,6,9,45,6,116471,103117,8,8,4,7,10,7,6,7,10,4,8,Male,Tier 3,Hybrid
48,109931,7.6,6,2.4,9,8,26,10,52261,98300,8,9,7,6,8,6,7,8,4,8,10,Male,Tier 3,Store
57,120533,4.8,7,1.9,6,5,29,6,108927,105655,8,6,5,8,7,4,8,6,5,7,3,Male,Tier 2,Store
54,158450,7.7,8,1.6,5,7,39,1,111548,76772,10,7,4,5,4,4,7,5,8,7,7,Female,Tier 3,Hybrid
57,108187,5.6,4,3.6,6,7,16,8,16587,65684,7,5,5,5,4,6,6,10,7,3,5,Female,Tier 2,Hybrid
28,41106,9.4,8,6.0,5,10,27,5,19914,8329,8,9,5,6,8,9,9,6,3,7,8,Male,Tier 2,Hybrid
53,86953,5.5,10,3.3,6,5,13,14,78119,42670,5,4,4,8,6,5,8,6,3,9,3,Female,Tier 2,Hybrid
79,69751,7.1,11,0.6,5,7,24,8,25004,48650,7,8,5,4,5,2,1,10,7,9,9,Male,Tier 3,Store
26,134121,7.4,12,5.1,10,6,23,9,71836,59692,5,4,6,7,10,10,8,7,6,8,6,Female,Tier 3,Store
22,17084,7.7,2,5.1,2,8,33,5,92339,500,10,5,5,10,10,6,7,3,7,4,1,Other,Tier 3,Store
46,15000,5.7,11,4.7,4,4,13,8,36918,35725,9,5,7,6,8,1,10,5,9,6,7,Other,Tier 3,Store
47,131932,5.3,9,0.7,5,3,6,12,35806,108179,5,2,4,8,5,5,10,8,7,10,5,Male,Tier 2,Store
72,91650,6.1,10,2.9,3,6,16,11,59138,61612,7,3,3,6,2,5,7,7,7,6,2,Female,Tier 1,Store
33,68051,9.1,7,5.4,4,10,35,2,73686,44461,8,3,7,4,3,4,10,5,7,7,6,Female,Tier 3,Hybrid
36,143403,6.1,14,3.1,7,9,15,8,114069,46031,6,6,4,9,7,8,7,5,5,4,4,Male,Tier 3,Hybrid
28,65476,12.0,11,5.5,9,10,49,6,122495,73848,8,7,3,5,9,5,4,6,1,7,7,Female,Tier 3,Online
50,171714,3.6,4,0.4,4,6,15,8,72877,63950,6,4,6,6,5,9,5,6,6,1,8,Female,Tier 3,Store
42,140251,8.1,8,5.7,6,9,35,8,107083,86242,8,9,3,4,10,10,9,7,3,10,9,Male,Tier 2,Hybrid
35,124135,10.6,5,4.6,3,9,30,1,103705,67640,6,3,6,6,6,8,10,5,5,8,5,Other,Tier 3,Hybrid
53,209704,8.6,11,3.7,4,9,38,3,129763,101641,2,6,1,2,4,7,10,5,4,7,4,Female,Tier 1,Online
21,115372,10.2,1,6.0,7,10,42,8,103929,55783,6,6,4,4,4,7,10,4,3,10,8,Other,Tier 1,Online
24,184117,8.6,7,6.0,8,9,34,12,144362,56650,4,0,4,7,6,7,9,7,2,10,7,Female,Tier 2,Hybrid
38,143152,10.3,12,5.4,2,8,40,4,150000,62179,9,5,6,3,5,7,10,5,5,3,5,Female,Tier 2,Store
44,144697,4.2,8,2.6,4,6,17,6,83917,28097,5,5,3,8,7,8,6,7,7,8,4,Female,Tier 1,Store
68,161248,5.0,8,1.3,5,5,10,6,50521,82566,7,6,4,7,2,6,5,10,7,5,5,Male,Tier 1,Store
45,140963,7.3,10,3.5,6,10,37,2,78194,1257,6,2,6,5,10,7,6,7,3,9,6,Female,Tier 3,Store
33,157678,12.0,7,3.4,8,6,47,7,105790,46728,6,6,3,7,1,6,7,7,4,8,6,Male,Tier 3,Hybrid
18,31896,10.6,2,4.6,9,10,32,12,62865,10337,10,5,5,4,5,6,9,5,1,8,3,Male,Tier 2,Hybrid
28,101407,10.7,3,4.9,9,10,49,7,97504,25727,8,9,7,8,9,8,8,7,5,9,8,Female,Tier 2,Online
37,180412,12.0,14,5.1,7,10,49,8,132356,67294,4,7,2,3,10,7,7,8,5,10,6,Female,Tier 1,Hybrid
48,148316,6.3,5,2.9,7,7,17,18,87158,99971,5,4,3,5,9,4,6,10,7,6,5,Other,Tier 2,Store
18,118750,10.2,2,5.2,6,9,36,8,150000,79429,5,3,6,5,9,7,8,7,1,3,6,Male,Tier 3,Store
49,204648,10.4,3,2.6,5,8,24,11,77155,104467,4,4,3,4,7,10,9,9,6,6,10,Female,Tier 1,Store
46,190352,6.7,5,3.5,6,10,22,5,95850,54816,2,5,7,3,4,5,7,7,6,10,10,Female,Tier 3,Store
51,150303,4.0,6,5.6,7,7,16,11,31372,104524,7,5,4,8,7,2,7,5,5,10,5,Other,Tier 2,Hybrid
76,184494,6.2,10,2.2,3,3,1,15,75482,109155,8,4,2,6,1,5,7,9,4,8,1,Other,Tier 1,Store
27,127025,8.5,14,6.0,7,9,15,12,48358,88107,4,5,3,5,2,6,7,4,3,9,7,Other,Tier 1,Hybrid
58,209669,5.3,3,2.3,3,7,12,11,56542,150000,7,6,4,5,1,8,4,8,9,4,2,Female,Tier 2,Store
54,154001,4.4,8,1.9,5,9,30,6,121547,19400,4,4,3,5,5,3,5,8,2,4,4,Female,Tier 2,Store
38,104727,9.9,8,5.7,8,10,42,16,150000,146694,10,6,3,1,4,6,8,9,3,10,10,Male,Tier 1,Hybrid
54,72342,5.4,6,2.4,7,9,28,9,9490,19287,9,4,2,6,6,8,9,7,8,4,4,Male,Tier 3,Online
21,88175,8.4,5,4.8,8,8,14,15,60589,47772,6,3,7,5,2,8,7,7,1,6,6,Female,Tier 3,Hybrid
18,67823,8.8,3,6.0,10,10,25,11,900,45454,8,4,5,5,3,5,10,9,6,6,4,Male,Tier 3,Hybrid
21,47476,12.0,1,6.0,7,10,34,3,50600,58057,7,7,5,10,5,7,9,2,2,8,1,Male,Tier 3,Online
27,43284,8.0,6,5.4,6,8,32,5,59081,85835,6,7,4,6,6,5,10,1,5,5,6,Male,Tier 2,Hybrid
26,144063,10.3,14,5.9,6,9,38,0,123049,36937,8,1,4,3,9,6,8,2,4,7,5,Male,Tier 3,Hybrid
35,128696,5.7,8,3.3,7,5,18,7,23823,74811,3,6,3,8,2,2,4,4,1,8,8,Male,Tier 2,Store
55,120512,4.5,8,3.6,7,5,20,8,94112,52365,4,7,2,9,3,8,7,2,4,10,3,Female,Tier 2,Hybrid
51,142775,8.0,8,3.6,5,7,33,7,101577,500,4,5,4,7,10,3,10,3,7,7,10,Male,Tier 3,Hybrid
18,41552,8.9,9,6.0,6,9,31,7,91732,33394,9,9,5,8,4,10,9,4,6,10,4,Female,Tier 2,Hybrid
52,35877,5.3,8,4.8,8,7,29,12,40074,47984,7,7,4,8,5,6,10,2,2,9,6,Female,Tier 2,Store
39,146209,4.2,6,2.8,7,9,18,6,100798,1333,7,3,4,4,2,8,8,9,5,4,5,Other,Tier 2,Hybrid
42,75543,6.6,12,2.6,10,10,36,7,87953,9415,8,6,6,2,7,9,7,4,4,10,2,Female,Tier 3,Hybrid
54,133556,5.4,5,3.3,6,8,20,14,37017,89026,9,1,3,7,9,5,3,7,5,6,6,Male,Tier 1,Store
54,98002,7.3,10,3.2,2,7,11,18,68354,81834,7,5,5,7,3,6,8,10,4,2,5,Other,Tier 3,Store
66,108695,2.1,6,2.1,2,2,0,19,54582,13108,4,5,6,6,3,5,5,10,7,3,1,Male,Tier 3,Store
55,137773,2.2,6,1.2,4,4,10,11,54773,50760,5,9,7,7,4,6,4,8,6,7,4,Other,Tier 3,Store
32,103863,8.8,11,4.2,3,7,5,16,66203,70389,6,2,4,4,1,4,6,5,8,6,4,Male,Tier 3,Store
43,83296,7.9,9,5.7,8,10,27,12,65791,64973,7,5,5,6,6,9,10,7,5,9,7,Male,Tier 3,Hybrid
34,143158,8.4,14,5.4,5,9,22,13,61350,88448,7,4,3,6,5,6,10,9,9,9,8,Other,Tier 2,Hybrid
54,119257,4.6,7,2.7,6,5,3,19,101353,150000,5,2,4,4,1,6,8,9,5,6,10,Male,Tier 1,Store
74,128782,2.8,7,2.5,6,3,0,9,64920,45437,7,1,5,6,3,6,4,10,7,8,4,Other,Tier 2,Store
40,133149,11.7,12,3.2,5,8,34,8,101430,59328,7,3,4,5,10,7,10,5,6,4,4,Other,Tier 2,Hybrid
50,108872,4.1,7,0.9,6,6,12,10,78567,53372,4,4,4,6,4,7,4,6,4,4,9,Other,Tier 3,Store
18,56116,12.0,10,5.6,7,10,37,7,126272,19526,8,2,2,4,4,10,10,3,4,6,4,Male,Tier 1,Online
67,105664,6.3,6,5.0,6,7,36,8,63740,500,4,2,3,4,6,2,9,6,6,4,6,Other,Tier 1,Online
54,92412,8.9,9,4.8,5,5,24,11,81879,19749,8,7,4,7,5,4,8,9,10,5,10,Female,Tier 1,Store
47,106548,6.6,5,1.3,7,9,35,5,63910,500,7,5,3,9,10,5,8,10,8,6,6,Male,Tier 2,Hybrid
77,80197,4.7,1,1.7,2,7,28,8,61626,81135,7,7,1,5,1,5,5,5,10,1,2,Female,Tier 1,Store
69,94365,4.9,6,1.2,4,4,5,18,900,135920,6,7,3,9,6,5,3,9,7,8,5,Male,Tier 2,Store
29,61301,9.3,10,4.9,6,10,27,6,111987,500,9,3,5,10,10,4,6,6,5,10,10,Other,Tier 2,Store
50,95310,7.9,4,5.6,6,8,23,12,77797,38186,6,1,4,5,8,3,7,5,4,10,4,Female,Tier 3,Store
38,119060,8.4,7,4.3,3,6,24,14,88439,116747,5,3,6,4,6,5,6,6,5,8,9,Other,Tier 2,Hybrid
53,166346,4.9,5,3.6,4,4,13,16,41767,115386,10,0,4,5,8,2,7,9,7,8,5,Female,Tier 1,Store
21,134204,5.8,3,5.8,5,10,35,11,107434,86396,5,2,5,4,6,2,10,6,3,10,3,Other,Tier 1,Store
61,15000,5.6,4,2.0,6,7,19,10,96897,67261,2,4,7,10,8,5,8,9,7,6,3,Male,Tier 3,Store
34,57370,7.1,9,4.1,7,6,30,13,80953,62225,10,4,5,6,5,5,5,7,8,3,10,Male,Tier 3,Store
18,44262,8.7,3,4.9,7,10,32,9,92345,39990,4,3,4,5,6,6,9,9,1,9,3,Female,Tier 2,Store
33,96128,11.7,14,2.6,4,10,37,6,110566,60831,5,9,6,5,10,5,9,4,6,8,9,Female,Tier 3,Hybrid
34,140095,7.6,6,5.6,7,5,13,17,125474,82469,1,7,5,7,6,9,10,4,3,10,7,Female,Tier 1,Store
40,132172,6.7,13,2.9,10,9,26,10,39435,85989,5,6,4,7,8,2,7,6,3,7,10,Female,Tier 2,Hybrid
46,206491,8.3,6,3.7,8,9,35,8,121263,150000,6,5,5,4,3,9,9,2,8,9,6,Female,Tier 1,Online
35,18167,9.2,9,3.3,6,10,37,4,69374,17745,10,6,2,6,6,6,4,5,7,4,9,Male,Tier 3,Hybrid
44,144030,8.1,2,2.8,4,10,30,7,98467,36692,7,9,2,3,5,8,7,5,6,7,5,Female,Tier 1,Hybrid
23,31221,9.1,1,4.6,7,9,35,4,87510,16175,8,7,4,10,5,8,10,8,3,7,6,Female,Tier 3,Hybrid
28,113562,5.0,7,3.5,7,7,21,11,50508,17289,7,6,3,5,7,3,6,6,5,9,4,Other,Tier 2,Store
19,77762,10.9,1,3.7,8,10,43,5,111566,55267,10,1,2,7,10,10,5,2,1,10,4,Female,Tier 1,Online
46,173418,9.6,12,2.4,5,5,26,9,80092,54497,10,5,3,6,8,3,6,6,1,7,3,Female,Tier 2,Store
75,21380,5.6,5,2.1,5,7,27,0,42910,500,9,6,5,8,6,3,2,10,9,6,3,Female,Tier 3,Hybrid
22,129655,7.7,1,4.7,6,10,34,1,126174,3535,8,4,4,7,7,9,10,4,6,10,2,Male,Tier 1,Online
51,172037,6.7,9,2.8,5,7,23,8,66244,52299,5,1,5,6,8,9,7,8,9,9,1,Female,Tier 2,Store
39,142963,7.9,7,5.4,4,5,4,7,82509,31807,9,3,4,1,5,3,10,4,4,9,10,Female,Tier 2,Store
66,114716,5.5,2,1.8,3,6,17,18,98584,56611,8,4,3,6,5,4,6,7,8,5,4,Female,Tier 1,Store
36,88892,6.7,13,2.9,7,10,26,10,100135,30635,10,4,4,6,6,8,9,8,2,10,4,Other,Tier 2,Hybrid
40,15000,7.6,4,4.0,4,8,28,6,65240,28112,8,4,4,6,6,5,7,5,6,6,8,Other,Tier 2,Hybrid
55,113961,10.7,12,6.0,5,5,12,8,56175,500,10,2,4,4,7,5,10,10,5,7,5,Female,Tier 2,Hybrid
49,96381,9.8,10,4.0,2,5,37,6,118400,26711,7,5,5,7,5,8,6,4,7,8,10,Male,Tier 3,Hybrid
58,107243,5.9,10,2.9,6,9,22,13,66646,53216,4,1,1,5,4,7,6,5,6,7,1,Other,Tier 3,Store
36,80319,9.4,10,4.7,10,10,44,6,102614,43517,3,9,2,10,10,5,5,3,3,4,3,Male,Tier 3,Online
53,161070,6.9,1,4.7,3,6,8,14,58323,71128,8,0,4,7,6,6,10,9,6,4,8,Other,Tier 3,Store
61,100940,6.8,4,2.9,5,6,9,12,25455,60413,8,6,5,9,4,7,2,10,8,9,6,Male,Tier 2,Store
47,170959,9.7,3,3.8,4,5,28,6,121881,87900,5,9,4,4,8,7,8,4,7,5,3,Female,Tier 2,Store
47,124276,8.6,10,6.0,9,8,17,11,22764,114839,2,5,3,7,4,7,10,5,3,3,4,Other,Tier 2,Online
67,107032,1.0,10,3.0,5,4,1,14,16610,61032,7,1,6,9,1,4,9,8,8,8,5,Male,Tier 3,Store
60,146639,6.5,6,2.7,9,10,39,6,90261,24459,5,5,4,1,10,9,8,10,7,2,6,Male,Tier 3,Hybrid
18,76969,9.5,6,5.4,8,9,30,15,85270,72334,10,4,3,6,9,5,9,4,2,8,3,Other,Tier 2,Hybrid
44,201528,4.0,4,1.3,8,10,21,4,103634,72277,7,3,4,4,7,6,7,4,4,6,7,Female,Tier 2,Hybrid
49,154769,7.1,5,4.4,4,6,1,14,49605,90126,6,0,5,5,5,5,9,7,5,8,7,Other,Tier 3,Store
18,118861,7.3,2,4.9,10,10,37,2,73383,16900,9,5,5,3,8,10,10,5,2,9,5,Female,Tier 1,Hybrid
31,98883,9.8,9,5.4,10,10,37,9,75328,500,2,9,3,7,9,6,9,7,5,1,5,Female,Tier 3,Online
62,95860,6.1,7,3.9,4,8,22,6,48355,115813,2,6,3,8,7,6,8,8,7,4,3,Female,Tier 1,Store
37,152919,3.5,11,3.6,6,7,15,16,85644,106357,4,4,4,5,3,7,10,7,3,3,10,Male,Tier 3,Store
61,73295,5.3,3,3.0,4,4,20,6,69516,78018,7,4,6,8,7,2,2,4,3,5,5,Male,Tier 3,Store
45,137902,6.8,7,3.3,6,8,38,9,91904,55235,6,2,5,5,5,5,6,4,3,8,6,Female,Tier 3,Hybrid
79,87058,5.7,4,2.6,2,1,6,9,9869,121092,8,0,6,9,2,3,6,10,6,10,1,Female,Tier 3,Store
43,204261,7.6,1,6.0,8,9,42,9,92360,99119,6,8,4,5,6,9,7,9,5,10,9,Male,Tier 1,Store
33,92436,7.6,13,5.9,7,8,14,17,22531,131426,6,7,5,7,6,2,10,8,1,10,6,Other,Tier 3,Hybrid
28,119204,9.5,9,2.6,8,8,39,5,106127,15084,8,6,6,7,4,6,6,7,3,7,5,Male,Tier 3,Hybrid
68,134727,5.0,2,3.3,5,5,18,10,46341,53862,4,8,3,8,5,5,2,4,9,7,3,Female,Tier 1,Store
28,122303,8.2,10,2.5,4,8,44,0,81944,64707,7,6,4,9,10,9,6,5,2,6,10,Other,Tier 2,Hybrid
29,161010,8.7,12,4.4,7,7,24,9,49689,125826,3,7,3,1,2,10,6,4,6,8,2,Male,Tier 2,Store
55,116254,3.4,3,3.4,5,4,0,10,16942,72613,6,5,7,6,5,3,3,5,4,7,10,Female,Tier 2,Store
45,127508,6.7,8,1.9,4,6,27,11,73905,67067,5,3,3,8,7,4,3,4,3,7,6,Male,Tier 2,Store
57,175724,6.4,9,3.6,4,6,24,5,49892,86509,5,6,3,6,5,5,6,4,7,5,1,Male,Tier 1,Store
70,101097,4.8,1,2.8,6,4,6,12,85353,58557,6,0,4,8,6,4,7,8,9,5,6,Female,Tier 2,Store
77,98444,5.0,6,1.0,2,4,14,14,67851,74321,3,2,2,5,7,8,3,9,6,6,1,Female,Tier 1,Store
43,153335,10.8,4,4.2,7,10,40,10,132886,56189,5,9,3,7,8,9,10,8,3,6,6,Female,Tier 1,Online
40,130132,9.7,6,2.6,6,7,46,5,105411,26367,6,5,3,5,9,4,6,4,1,8,9,Male,Tier 1,Hybrid
64,78886,6.1,11,1.5,6,6,26,10,26830,79177,6,7,1,6,7,8,3,9,5,4,7,Male,Tier 1,Store
67,143895,2.8,8,1.2,4,6,0,8,54065,44401,7,4,4,3,6,5,3,7,9,10,1,Female,Tier 2,Store
48,133734,5.3,9,2.5,3,5,25,10,48761,124176,5,4,4,9,6,6,2,10,6,6,9,Male,Tier 3,Store
42,142154,5.7,2,2.9,8,5,16,12,61635,67754,10,4,5,7,6,7,7,4,1,8,4,Other,Tier 1,Hybrid
64,151365,1.8,5,2.1,1,3,3,18,96520,128687,10,0,4,3,4,4,1,10,6,6,7,Female,Tier 2,Store
43,162954,7.4,4,1.2,8,6,7,8,10635,39190,10,4,4,5,9,5,4,2,6,5,7,Male,Tier 2,Store
62,187052,3.0,11,2.1,6,6,13,10,61863,46741,9,1,4,2,9,4,2,8,3,8,5,Other,Tier 1,Store
58,210328,5.0,5,3.7,6,8,28,10,143235,89687,7,5,1,5,7,7,7,4,4,6,3,Female,Tier 1,Hybrid
60,195117,8.4,3,4.4,4,8,30,10,138303,70972,1,4,4,6,9,4,9,7,6,3,3,Male,Tier 1,Hybrid
44,136908,6.3,7,2.8,4,6,16,12,133239,107993,8,7,7,5,5,6,8,2,3,4,4,Female,Tier 3,Store
38,169073,5.9,6,3.6,4,9,24,11,39356,113642,3,7,1,1,4,7,6,6,6,4,9,Male,Tier 1,Store
47,162636,9.1,5,2.8,4,8,31,3,123155,82624,6,9,2,7,8,6,3,7,6,8,5,Female,Tier 1,Hybrid
57,84143,5.6,14,4.3,4,2,13,10,29766,18690,5,2,5,8,1,6,4,5,3,8,5,Female,Tier 3,Store
24,108324,9.9,1,4.0,9,10,40,2,93847,10721,10,7,4,7,7,8,6,3,5,9,2,Male,Tier 2,Online
39,176400,8.2,5,3.6,9,10,26,6,83924,93041,5,6,2,6,7,7,9,10,4,10,3,Male,Tier 1,Hybrid
65,111333,4.8,3,1.0,4,6,20,15,75233,72585,3,7,4,6,4,8,3,4,6,6,7,Other,Tier 1,Store
65,141587,4.7,9,1.8,6,7,25,4,93248,94404,4,2,4,9,10,5,6,5,5,5,5,Other,Tier 3,Hybrid
45,96081,5.7,7,2.8,8,10,26,16,57941,76633,7,6,7,5,4,4,5,10,7,3,8,Other,Tier 3,Store
68,47849,5.8,10,3.7,7,5,23,4,48612,2718,10,3,6,6,6,3,4,8,6,4,3,Other,Tier 3,Hybrid
26,123300,9.0,5,5.2,10,10,37,7,140184,85384,7,4,7,7,6,10,8,8,3,6,7,Female,Tier 1,Online
38,105166,8.0,9,3.2,4,7,25,11,39567,127990,6,4,7,7,10,2,6,6,4,10,5,Female,Tier 3,Store
49,103414,8.2,4,2.0,8,8,38,6,136880,89732,4,8,2,10,7,7,6,3,5,6,7,Female,Tier 2,Online
18,48054,9.3,6,6.0,8,10,44,4,111838,35047,7,6,6,4,9,6,10,3,6,10,3,Male,Tier 3,Online
59,73724,4.0,5,3.6,4,5,0,7,900,3184,8,5,3,6,1,4,9,5,3,6,10,Male,Tier 2,Store
44,144243,8.2,5,5.6,4,8,34,3,127231,42763,6,2,3,2,9,6,8,2,5,6,5,Female,Tier 1,Hybrid
57,128345,6.5,9,4.5,8,7,16,10,33676,59388,6,4,4,3,2,7,7,6,4,8,8,Male,Tier 3,Hybrid
27,137095,9.1,10,2.7,8,10,42,8,114935,103164,8,7,3,7,8,9,6,6,4,4,9,Male,Tier 2,Online
61,127813,5.3,7,4.2,4,9,16,16,133885,97178,5,6,3,7,7,8,8,10,3,7,4,Male,Tier 3,Store
53,240594,9.1,11,2.3,5,8,19,13,150000,95468,10,9,6,3,8,8,7,5,4,5,6,Male,Tier 1,Hybrid
39,94542,7.3,11,3.9,9,10,45,8,150000,48914,5,7,4,5,9,3,10,5,1,10,8,Other,Tier 2,Online
70,134634,6.6,5,2.3,4,7,21,11,125949,44720,7,5,2,4,7,7,5,8,6,10,3,Male,Tier 1,Store
79,145622,5.6,4,2.4,4,5,16,17,37034,88994,5,5,3,6,6,3,3,8,8,7,1,Female,Tier 1,Store
63,96932,9.5,5,2.8,2,6,30,5,88208,500,5,5,4,6,10,7,7,7,5,5,3,Other,Tier 2,Store
56,101927,2.5,9,1.9,5,8,25,15,69814,140521,3,7,6,6,10,8,4,8,6,3,5,Female,Tier 3,Store
34,198782,8.7,8,4.5,8,8,24,15,146219,82719,5,0,5,6,3,6,10,6,4,9,7,Male,Tier 2,Hybrid
43,162076,5.4,12,1.9,7,6,12,14,110311,115739,6,4,6,6,10,10,5,6,5,8,8,Female,Tier 2,Store
46,105202,9.7,4,5.8,6,10,33,2,97184,43131,7,4,4,6,3,5,10,6,6,6,5,Other,Tier 2,Hybrid
50,146932,5.1,11,1.5,5,7,11,16,74259,114316,7,0,4,8,7,5,7,6,4,7,2,Other,Tier 2,Hybrid
58,119217,7.9,5,4.7,2,7,23,3,85442,32959,4,4,4,6,9,4,7,5,5,9,1,Female,Tier 3,Hybrid
29,46059,8.5,11,5.8,8,9,25,10,48718,18251,10,4,3,9,8,6,7,7,3,8,2,Female,Tier 2,Hybrid
33,74848,8.2,13,4.5,10,9,43,0,137766,24475,5,9,6,5,5,5,7,4,7,4,8,Female,Tier 3,Hybrid
79,107381,6.4,7,4.3,2,3,28,7,87681,36554,4,2,6,6,10,2,9,8,2,2,2,Male,Tier 3,Store
58,62920,6.3,11,4.0,5,9,38,2,85399,7463,7,5,4,6,1,3,7,6,2,9,10,Male,Tier 3,Online
40,106634,5.3,10,1.6,5,8,32,5,99982,43018,6,7,6,2,7,5,4,7,3,10,10,Female,Tier 2,Store
48,160869,7.9,5,2.6,5,8,30,3,116217,86024,5,7,3,4,9,9,7,1,6,10,8,Other,Tier 1,Hybrid
59,74632,7.4,9,2.8,4,5,3,11,97089,88066,8,4,4,3,3,4,6,8,6,9,4,Female,Tier 2,Store
54,203723,8.9,5,2.7,4,7,20,2,124115,116675,7,5,1,2,3,8,7,7,6,8,10,Female,Tier 1,Hybrid
46,199192,7.4,5,1.9,6,4,11,5,74326,47859,6,2,4,4,3,4,2,6,7,6,10,Other,Tier 2,Store
34,35727,7.5,9,3.5,4,8,30,9,16494,52560,7,8,2,6,10,5,5,4,2,10,5,Female,Tier 2,Hybrid
31,215855,4.5,8,3.1,8,10,49,3,150000,60241,3,7,4,4,9,3,7,6,5,9,6,Male,Tier 1,Hybrid
67,102681,6.6,7,2.9,5,7,30,13,14338,104725,7,2,5,6,9,5,4,10,4,8,4,Male,Tier 1,Store
53,147844,4.5,12,1.6,6,5,4,6,52887,33338,5,3,5,8,1,1,3,4,5,7,7,Other,Tier 1,Store
43,194720,3.8,10,5.4,7,6,15,11,56233,90580,6,6,7,6,6,1,9,7,4,5,6,Other,Tier 3,Store
18,34269,10.0,3,3.4,8,10,48,1,101330,500,7,3,3,6,10,7,7,2,2,9,1,Other,Tier 1,Online
56,132574,7.2,8,3.2,2,9,36,7,119333,52686,8,2,4,5,6,8,6,4,5,9,2,Female,Tier 1,Store
69,181570,3.6,9,3.2,5,5,1,9,102859,114041,2,3,1,2,5,10,10,8,3,9,1,Male,Tier 1,Store
69,174638,1.9,4,1.4,4,2,0,11,37747,80725,3,4,5,4,7,1,5,7,5,7,4,Female,Tier 2,Store
48,85584,8.6,6,4.5,6,8,31,5,32799,38655,6,8,2,6,5,4,8,6,3,8,8,Other,Tier 1,Hybrid
70,108495,5.8,5,0.0,4,5,20,12,900,112748,5,6,2,4,1,5,4,8,7,3,4,Female,Tier 1,Store
36,138847,9.6,4,4.4,5,10,45,9,115106,39066,4,7,3,3,7,7,5,8,3,8,5,Female,Tier 1,Hybrid
47,75890,8.8,13,3.0,6,7,23,10,900,35568,5,3,5,8,5,8,7,4,1,8,10,Male,Tier 3,Hybrid
64,55393,7.5,4,3.4,4,8,29,7,86899,500,8,7,5,7,7,5,7,6,7,6,5,Other,Tier 2,Store
44,143557,8.2,11,5.1,5,6,24,7,150000,79624,2,5,3,5,9,5,10,10,7,6,9,Male,Tier 3,Store
44,158162,7.2,10,4.9,6,9,26,12,64052,96504,5,4,4,2,1,6,10,8,5,10,5,Female,Tier 3,Hybrid
56,34541,7.6,8,5.3,7,9,32,4,42801,17704,3,5,1,7,7,5,6,4,4,6,1,Female,Tier 1,Hybrid
65,185635,2.6,3,2.9,7,5,0,15,36880,93551,6,3,2,4,3,3,4,10,10,8,2,Female,Tier 1,Store
28,92302,8.9,8,2.7,7,9,46,0,99525,67954,4,9,2,8,5,4,8,4,6,7,7,Female,Tier 1,Online
41,72563,5.3,2,2.3,8,6,14,9,58098,76302,8,6,5,7,5,5,4,2,4,7,5,Male,Tier 2,Hybrid
64,170635,5.2,3,3.0,5,4,1,17,61622,85255,3,0,2,8,7,6,7,9,5,5,10,Male,Tier 2,Store
32,151926,8.8,13,5.9,2,6,31,16,97553,77102,5,6,4,10,1,7,10,6,4,8,9,Male,Tier 2,Store
48,136670,10.2,14,4.6,6,9,23,11,73429,81868,8,5,6,7,6,5,10,8,2,2,5,Male,Tier 3,Hybrid
29,104956,8.6,8,4.8,8,9,38,0,73570,500,8,6,7,5,10,4,8,4,6,8,7,Other,Tier 3,Online
66,109747,4.4,7,2.0,3,6,3,5,28749,500,8,2,4,7,3,2,4,9,5,7,3,Male,Tier 3,Store
42,160349,7.9,7,3.0,4,9,37,12,68742,67879,3,6,5,7,8,9,6,10,3,1,9,Male,Tier 3,Hybrid
29,106946,8.8,10,5.9,6,10,34,8,122203,78068,8,4,4,3,5,5,10,6,6,8,9,Other,Tier 2,Store
18,21784,9.3,6,6.0,9,10,39,2,95217,41964,6,9,5,7,6,6,10,4,3,7,1,Male,Tier 2,Online
46,15000,6.0,9,3.3,5,5,24,16,28414,66090,5,1,3,7,3,6,6,7,7,6,5,Male,Tier 3,Store
46,219181,7.3,13,1.1,5,6,28,8,44519,56978,5,5,4,4,3,2,3,5,4,7,5,Other,Tier 2,Hybrid
45,61703,5.1,7,2.0,4,8,23,4,90304,53204,6,1,7,4,4,5,6,7,4,6,4,Female,Tier 3,Hybrid
41,140673,8.6,4,4.0,6,9,45,11,121046,92638,6,9,5,5,5,10,8,6,5,7,5,Female,Tier 2,Hybrid
67,151486,8.7,4,2.8,3,5,35,5,81017,51227,6,4,4,7,10,9,8,5,8,8,5,Female,Tier 1,Hybrid
27,86587,6.6,8,4.8,4,10,39,6,53612,500,7,3,6,6,7,8,10,1,5,6,9,Other,Tier 3,Online
28,120478,8.1,14,5.6,5,7,12,15,63616,64590,10,2,4,5,9,6,10,7,1,10,8,Female,Tier 3,Store
35,81620,6.6,7,3.6,5,8,41,8,124029,107419,2,6,5,6,9,9,9,8,2,4,7,Other,Tier 2,Hybrid
57,137046,4.3,6,3.9,2,4,16,7,67038,18186,10,3,4,6,1,2,7,6,2,5,3,Female,Tier 1,Store
40,193569,10.0,8,2.5,5,8,40,3,150000,126808,8,6,4,5,3,5,10,5,6,9,9,Male,Tier 2,Store
32,87638,11.0,9,4.9,5,9,42,1,90617,1439,5,5,6,5,10,7,10,3,3,2,7,Male,Tier 3,Hybrid
30,15000,10.9,9,5.0,7,9,39,2,59510,500,6,5,4,7,7,4,9,3,2,7,9,Female,Tier 3,Online
21,91818,8.4,5,6.0,7,10,47,0,23389,55769,8,6,6,8,10,9,10,5,4,8,1,Male,Tier 2,Online
47,166998,7.2,10,3.7,8,7,26,8,96585,78701,7,6,6,4,6,3,6,9,2,5,3,Male,Tier 2,Store
69,91397,4.2,2,0.9,4,3,0,17,25650,143138,5,5,4,4,5,8,4,8,10,8,3,Female,Tier 3,Store
39,115204,8.6,10,4.9,7,8,24,12,59561,43353,5,4,7,6,6,3,10,10,1,5,10,Male,Tier 3,Hybrid
49,176755,7.3,9,3.2,7,5,10,13,125629,50696,6,7,7,1,5,6,9,10,6,6,2,Male,Tier 3,Store
52,26396,6.8,3,2.0,4,10,9,11,57975,74118,6,4,5,7,6,5,2,8,3,10,6,Male,Tier 3,Store
76,142652,3.9,4,1.1,4,7,1,13,18341,123025,3,4,4,2,9,2,3,10,2,5,4,Female,Tier 2,Store
18,54130,7.7,1,5.4,10,10,31,9,97730,59950,6,5,2,7,1,8,8,3,1,9,1,Male,Tier 1,Hybrid
36,60904,7.6,10,4.4,10,6,15,10,39646,37830,5,5,2,7,5,8,8,5,1,10,4,Male,Tier 1,Hybrid
45,93628,7.6,9,2.9,7,5,23,11,23733,67527,7,2,4,10,5,1,4,7,4,7,5,Female,Tier 3,Store
63,28927,4.6,1,1.0,4,7,28,6,18207,24934,8,2,4,10,9,6,7,10,4,6,5,Other,Tier 2,Store
28,194045,7.7,8,6.0,9,10,30,14,146618,37817,4,7,1,1,9,6,7,7,4,8,7,Female,Tier 2,Store
23,125397,9.7,1,5.1,8,10,33,8,43152,77448,9,8,1,4,10,9,6,5,3,8,5,Female,Tier 1,Hybrid
39,149424,3.2,7,1.0,4,4,4,10,64651,107615,7,5,5,6,3,1,4,7,4,3,7,Male,Tier 3,Store
18,169306,11.4,6,6.0,6,10,49,2,120613,50230,2,8,3,6,6,6,10,4,6,10,5,Male,Tier 1,Online
47,93189,5.3,3,2.6,6,5,25,11,61192,32219,5,8,4,2,6,5,6,8,5,7,6,Male,Tier 2,Store
24,92517,6.9,4,2.8,5,7,25,4,83060,16984,6,6,6,2,5,6,5,5,4,5,7,Other,Tier 3,Hybrid
48,140775,7.6,2,4.0,2,1,9,11,64676,119971,3,4,4,9,1,6,6,9,4,3,3,Male,Tier 2,Store
63,142272,7.5,4,4.3,5,10,28,9,72067,70333,5,9,4,4,10,9,10,7,5,6,4,Other,Tier 1,Hybrid
58,102467,2.4,6,3.8,6,4,0,11,42158,89430,8,4,2,6,4,1,5,9,5,7,3,Male,Tier 3,Store
33,109825,7.1,14,4.7,3,10,20,6,37417,95028,7,5,5,4,7,6,10,5,4,10,1,Female,Tier 2,Hybrid
45,101432,9.3,6,4.2,7,8,38,5,128957,44739,7,5,1,4,5,7,9,2,4,7,6,Other,Tier 1,Hybrid
46,165072,7.2,5,3.4,4,7,13,11,47044,18673,6,2,2,1,7,7,7,2,4,10,5,Female,Tier 1,Hybrid
47,181943,7.3,8,3.5,5,6,23,4,81213,55082,2,6,3,3,3,4,5,6,3,8,1,Other,Tier 1,Store
24,77325,7.0,2,6.0,8,10,35,11,73371,75530,9,9,3,5,6,6,10,4,1,10,4,Female,Tier 3,Hybrid
31,84503,7.9,8,5.8,4,7,36,9,147649,51907,6,9,2,10,9,6,10,7,5,10,4,Male,Tier 2,Hybrid
38,68749,10.6,10,3.4,7,10,45,1,116870,77718,6,4,5,6,8,7,8,7,6,8,8,Female,Tier 1,Online
30,199232,10.5,4,6.0,4,10,27,9,119897,109705,3,6,4,6,7,4,10,3,2,6,6,Female,Tier 2,Hybrid
43,160362,7.5,6,2.5,6,8,18,10,121043,20980,8,5,5,7,7,4,6,5,6,7,6,Other,Tier 3,Hybrid
34,144421,7.5,4,3.7,6,9,30,6,150000,67873,6,4,7,5,6,6,8,5,2,9,7,Other,Tier 3,Hybrid
67,182854,4.7,5,1.9,4,3,13,4,119053,38063,2,0,5,6,2,3,7,7,7,7,6,Female,Tier 3,Store
71,20154,2.5,6,0.8,2,5,0,15,10099,84780,7,4,5,5,3,2,8,10,2,7,3,Female,Tier 3,Store
28,51109,11.5,4,5.3,5,10,43,6,59162,500,6,7,6,10,9,6,9,5,3,3,4,Female,Tier 3,Online
62,153748,3.7,3,2.7,6,5,22,9,150000,89873,7,8,5,7,3,5,7,10,5,9,5,Male,Tier 3,Store
67,120553,6.0,1,3.2,6,7,24,10,109433,46993,7,1,6,6,6,5,9,7,5,8,7,Female,Tier 3,Store
53,87177,8.5,10,3.8,3,7,25,13,88443,70464,6,6,4,8,7,8,7,9,5,8,10,Female,Tier 2,Hybrid
63,129280,6.9,5,1.4,4,5,23,4,46330,28300,3,2,4,4,6,1,5,6,8,6,4,Male,Tier 2,Store
51,133663,5.5,14,2.8,5,8,26,3,86848,83155,7,4,2,6,4,5,5,7,5,4,8,Female,Tier 2,Store
32,101076,6.8,6,5.6,6,9,33,11,87371,37128,5,1,4,5,10,6,10,6,3,6,1,Female,Tier 2,Hybrid
27,115134,10.9,14,3.3,5,10,41,5,107243,500,6,3,4,5,10,8,5,6,6,8,7,Other,Tier 2,Hybrid
38,67513,10.0,10,5.2,5,10,46,4,120627,500,7,5,5,5,8,5,10,5,7,9,10,Female,Tier 3,Hybrid
27,120928,9.2,7,6.0,6,10,47,2,84475,500,1,5,5,9,8,7,10,5,7,10,6,Female,Tier 3,Hybrid
60,91873,8.7,3,1.0,6,9,33,12,96541,69259,8,5,6,3,4,6,1,7,3,8,4,Female,Tier 3,Online
34,183440,5.6,14,3.7,9,8,29,0,125811,85923,8,1,3,4,6,10,10,3,6,10,6,Other,Tier 1,Hybrid
46,94545,6.5,9,3.9,4,8,37,5,92993,15326,8,6,3,7,8,8,7,6,6,7,5,Female,Tier 1,Hybrid
52,109079,6.6,6,2.0,8,7,26,10,87497,18843,5,4,4,6,5,5,7,7,8,9,7,Other,Tier 2,Store
26,169278,6.2,13,4.7,10,10,49,10,150000,101674,8,6,2,4,5,6,6,3,3,10,10,Male,Tier 1,Hybrid
33,117700,9.2,3,4.4,3,7,30,6,93587,107066,8,1,1,7,4,4,8,9,3,8,8,Female,Tier 1,Store
41,73861,9.3,13,4.7,10,10,14,16,89451,59290,6,2,5,4,8,8,10,9,6,9,5,Male,Tier 2,Hybrid
38,172286,10.7,11,4.5,5,10,49,3,113513,80571,3,7,3,6,7,7,8,4,6,4,6,Female,Tier 1,Online
18,227045,11.3,2,4.0,10,8,36,10,132976,150000,1,3,2,6,6,8,7,5,6,10,3,Male,Tier 2,Hybrid
29,146966,10.4,14,4.5,8,10,45,14,130176,60268,5,7,6,6,9,8,9,6,5,10,8,Male,Tier 3,Online
55,192023,5.9,5,3.7,9,10,26,10,51807,105346,4,8,7,6,3,8,4,8,6,5,8,Female,Tier 2,Store
20,32665,8.4,5,2.7,8,10,32,9,82894,7221,5,2,3,4,5,9,7,3,3,10,4,Male,Tier 2,Hybrid
48,74874,5.7,10,4.4,6,10,30,8,110038,57849,8,7,6,7,4,4,7,3,8,5,3,Female,Tier 3,Hybrid
77,98876,1.4,4,0.2,3,4,0,10,22224,87608,5,3,7,6,5,4,1,9,7,6,6,Other,Tier 3,Store
43,97715,6.9,11,6.0,2,4,22,7,59555,49031,7,0,4,7,6,7,10,8,1,5,5,Other,Tier 2,Store
65,178167,2.4,5,1.5,1,2,0,17,30064,145821,5,3,3,7,1,5,6,9,2,4,4,Other,Tier 1,Store
18,97895,8.7,4,4.1,6,7,10,10,23177,54569,4,8,4,7,8,7,10,9,1,8,2,Male,Tier 2,Store
52,96342,2.8,12,2.4,1,4,2,13,65731,108386,3,5,4,7,4,7,5,9,7,10,6,Other,Tier 1,Store
68,112200,4.4,1,4.7,6,5,17,7,109078,69570,7,6,4,5,7,3,8,7,4,9,4,Male,Tier 2,Store
45,130041,7.7,11,5.5,5,7,25,3,60978,31984,7,5,1,8,5,8,6,5,5,7,7,Female,Tier 2,Store
42,116254,6.7,8,4.7,6,7,15,8,58502,6744,4,4,4,7,2,7,9,5,4,6,6,Male,Tier 2,Store
55,104673,6.0,9,3.6,6,7,6,8,900,8171,6,4,3,8,1,6,5,8,6,10,4,Female,Tier 2,Store
27,157321,6.9,10,3.8,6,8,33,15,147590,147263,8,4,5,2,7,5,8,7,5,5,8,Female,Tier 3,Store
66,83711,8.6,4,4.3,5,6,25,9,14238,7244,5,5,5,7,8,7,6,10,8,5,5,Male,Tier 3,Store
43,183760,7.2,11,3.2,8,9,27,8,79845,89344,5,5,5,3,3,8,7,2,4,7,2,Male,Tier 2,Hybrid
67,137708,5.8,5,2.4,3,4,18,9,67587,79177,8,2,1,4,6,4,3,5,8,5,6,Other,Tier 1,Store
63,163801,6.1,7,0.9,4,3,0,16,120888,127316,5,5,2,4,1,5,7,10,3,6,10,Male,Tier 1,Store
54,160109,7.3,10,2.7,4,9,41,6,98108,50555,8,9,7,6,4,6,9,8,3,4,8,Male,Tier 2,Store
39,160734,7.4,13,3.5,8,10,25,9,92838,23370,7,4,2,2,9,7,8,7,5,8,7,Male,Tier 2,Store
61,65496,5.2,1,0.2,4,2,0,19,900,94314,10,3,2,7,2,2,1,9,2,5,3,Male,Tier 2,Store
70,15000,4.5,2,2.7,3,7,14,19,900,78891,7,3,4,9,7,7,6,9,4,9,6,Male,Tier 3,Store
45,79383,3.6,11,1.6,8,6,0,10,900,85977,5,3,3,6,6,5,4,5,8,6,6,Male,Tier 2,Store
75,58290,1.0,3,0.8,6,3,0,15,900,68566,5,3,7,8,5,5,6,7,5,2,6,Female,Tier 3,Store
41,119222,5.1,3,5.5,6,9,23,4,81090,37352,10,4,4,3,5,5,5,4,8,6,7,Male,Tier 3,Hybrid
79,34956,6.1,4,1.2,5,8,17,5,76737,15864,6,0,4,5,5,9,2,7,9,7,7,Male,Tier 1,Hybrid
27,57215,9.4,6,5.5,10,9,34,6,81285,1217,6,0,5,1,10,1,4,4,3,4,8,Male,Tier 2,Online
61,137712,3.0,9,3.7,2,6,4,15,28776,92960,8,2,6,6,6,4,9,7,5,4,10,Male,Tier 3,Store
43,122631,5.2,2,4.9,4,6,3,15,117436,83771,3,6,1,4,3,3,8,7,6,8,10,Female,Tier 2,Store
30,86479,9.6,9,5.6,6,10,36,3,94773,11342,5,8,4,10,5,8,10,6,4,8,5,Female,Tier 3,Online
51,167964,10.3,9,5.5,8,10,28,11,133079,119346,8,4,4,3,9,7,9,10,5,10,7,Male,Tier 2,Hybrid
36,166865,6.4,12,3.3,4,8,25,9,109837,71714,7,3,2,5,6,4,4,3,5,10,10,Male,Tier 3,Store
62,132140,4.3,6,2.6,1,6,17,12,29297,55681,5,2,4,5,7,7,7,9,5,6,6,Male,Tier 2,Store
56,52618,6.0,6,2.1,8,4,9,10,11656,74749,9,1,5,8,7,2,7,7,3,5,2,Male,Tier 3,Store
47,154191,5.5,5,2.7,6,3,0,17,8065,81611,4,3,1,4,2,4,3,8,5,10,7,Other,Tier 1,Store
18,15391,6.8,2,5.2,10,8,21,12,41419,88647,9,9,6,6,8,7,10,3,3,7,5,Female,Tier 3,Hybrid
43,215685,8.5,6,4.9,9,9,36,3,148331,109200,1,3,2,3,9,4,7,5,7,5,7,Female,Tier 2,Hybrid
40,125062,6.5,9,5.0,4,9,34,12,104058,91646,6,9,2,6,4,6,8,5,7,6,6,Male,Tier 1,Hybrid
44,93266,6.7,8,4.0,3,6,18,11,32540,101880,5,2,4,4,10,7,8,10,1,10,9,Male,Tier 3,Store
47,79724,5.4,10,3.9,5,10,26,11,70655,65088,7,2,4,2,6,7,9,10,3,2,10,Male,Tier 3,Store
36,99170,7.3,8,6.0,8,8,25,7,77390,128122,7,5,2,4,8,7,10,4,3,6,6,Male,Tier 2,Hybrid
30,78519,10.9,13,5.7,5,10,49,5,112466,24843,6,2,4,5,10,2,10,7,3,6,7,Female,Tier 3,Online
49,130772,8.0,9,4.2,8,7,20,8,40687,96136,10,3,3,7,4,10,8,5,5,4,10,Male,Tier 1,Hybrid
33,175800,8.5,5,3.5,6,10,36,0,141990,65611,7,6,2,5,10,3,10,4,5,10,5,Female,Tier 2,Store
32,72589,8.7,5,4.3,10,10,38,9,94094,105448,4,9,7,6,7,7,7,2,3,7,3,Female,Tier 3,Hybrid
64,57164,8.7,5,4.2,5,9,25,8,56890,42884,7,2,5,3,2,7,7,9,6,2,2,Female,Tier 2,Store
31,183755,7.4,7,3.1,10,10,29,6,98416,127465,3,2,3,5,7,6,10,6,5,6,6,Female,Tier 1,Hybrid
68,114639,4.7,5,0.9,5,7,20,14,108674,144232,5,6,3,5,7,5,3,8,7,6,5,Male,Tier 3,Store
43,99332,7.5,5,2.7,4,8,29,9,73972,114374,5,9,7,7,4,4,8,10,7,10,7,Male,Tier 2,Store
58,139207,7.7,5,3.4,7,7,21,12,57586,43025,4,3,4,4,1,6,6,9,2,8,2,Female,Tier 3,Store
32,126015,6.0,10,6.0,5,5,11,19,71275,139111,7,7,4,7,2,3,10,10,1,9,4,Other,Tier 1,Store
44,112842,8.3,9,4.4,8,8,36,6,125068,85880,7,3,3,6,7,4,5,7,2,5,5,Other,Tier 1,Hybrid
65,80899,5.6,1,1.5,6,6,4,15,16411,71965,6,4,2,5,4,3,5,10,4,9,10,Male,Tier 1,Store
43,15000,10.5,5,4.4,5,8,36,9,59686,58481,8,9,7,3,9,8,7,5,4,9,3,Male,Tier 3,Online
45,140989,8.0,5,5.3,7,8,25,7,23325,58230,7,8,5,5,7,7,7,7,4,5,6,Male,Tier 2,Hybrid
50,201605,6.9,9,2.3,8,9,14,14,114338,90548,6,2,4,6,6,5,7,10,5,6,6,Male,Tier 1,Store
53,137627,4.3,10,4.0,5,6,24,6,98213,500,7,9,6,5,10,5,6,8,6,7,7,Other,Tier 3,Hybrid
44,38791,6.2,12,2.6,3,6,30,8,106775,48723,6,7,1,7,8,6,2,10,2,9,8,Male,Tier 1,Store
27,15000,9.9,11,4.8,3,10,40,4,62317,500,9,7,2,7,4,5,10,7,5,7,4,Female,Tier 3,Online
73,68291,2.1,9,0.5,4,3,4,16,27272,128442,6,4,3,8,4,3,7,9,9,7,1,Male,Tier 1,Store
48,95248,5.7,10,3.9,9,8,16,7,118310,28254,10,2,4,7,3,6,6,10,6,2,10,Male,Tier 3,Hybrid
42,136925,7.5,14,4.6,6,9,26,11,90875,89670,9,3,4,6,6,6,9,7,3,9,3,Female,Tier 2,Hybrid
20,50051,8.3,5,6.0,4,9,28,4,36205,500,7,6,4,5,6,5,8,3,5,4,4,Other,Tier 3,Hybrid
40,161502,5.8,4,5.5,7,3,2,19,58892,150000,5,3,3,9,1,6,10,9,7,10,5,Other,Tier 3,Store
23,166467,10.4,3,6.0,9,9,43,5,87364,80890,3,7,3,4,8,3,10,7,4,10,7,Female,Tier 2,Hybrid
44,94501,10.9,5,5.1,7,10,45,9,61740,67347,5,9,4,3,6,8,10,1,6,7,6,Female,Tier 2,Online
57,144956,7.1,5,3.9,4,6,15,10,56228,50517,7,5,4,6,1,6,9,10,7,6,6,Male,Tier 2,Store
49,165886,7.7,6,2.4,10,9,31,12,71849,26581,4,4,2,5,5,10,6,4,6,8,8,Female,Tier 2,Hybrid
52,83556,7.1,3,3.1,5,8,34,10,34378,82704,7,8,2,8,8,2,7,8,6,10,9,Other,Tier 2,Store
40,66482,6.5,6,5.6,3,5,10,13,39270,500,8,4,5,9,2,5,10,7,7,8,10,Other,Tier 3,Store
33,118916,12.0,12,4.1,5,10,33,10,82206,43095,9,8,2,5,5,8,8,5,2,10,1,Female,Tier 1,Store
37,125793,10.1,9,5.1,8,9,25,18,56222,125697,10,9,2,5,4,8,10,7,1,6,10,Male,Tier 1,Hybrid
54,97014,3.6,11,3.4,5,4,13,9,58920,71666,5,3,3,7,2,1,8,9,7,8,8,Other,Tier 2,Store
38,149452,7.9,12,3.4,6,10,32,5,102719,32127,7,5,6,5,5,3,6,4,5,6,3,Male,Tier 3,Hybrid
43,96408,6.1,6,2.0,4,8,15,10,105438,18305,5,7,5,8,5,6,6,5,1,4,9,Female,Tier 3,Store
47,86991,8.7,9,2.7,6,7,28,5,100416,6111,6,9,2,7,7,6,5,5,2,8,9,Other,Tier 2,Store
37,163318,6.9,6,3.0,7,10,49,1,149880,46128,2,6,6,6,6,5,7,3,5,8,6,Female,Tier 2,Online
25,129134,8.6,9,6.0,8,10,33,6,115026,74143,7,7,5,6,5,7,9,7,2,10,4,Male,Tier 1,Online
66,197965,6.5,3,0.0,3,2,19,9,132120,150000,5,5,2,5,4,2,3,10,3,7,9,Male,Tier 2,Store
37,159732,8.9,7,5.0,7,10,26,12,68933,95077,5,2,4,6,8,10,8,6,4,8,6,Female,Tier 3,Online
38,83362,5.9,6,2.9,3,5,9,16,45962,76638,2,6,5,4,8,3,8,6,2,5,4,Female,Tier 3,Store
35,26197,5.1,6,3.3,9,8,23,5,45066,56040,7,6,7,4,4,5,9,2,7,7,7,Female,Tier 2,Store
79,91726,3.3,9,0.6,2,3,0,7,38916,13606,7,6,1,8,2,8,3,10,8,4,1,Male,Tier 1,Store
34,46987,7.3,7,3.1,6,8,22,14,81192,57423,10,5,5,5,6,6,8,4,4,10,7,Male,Tier 3,Store
31,98677,11.8,13,4.4,2,8,34,0,104843,6178,7,3,4,6,7,3,8,4,2,2,7,Other,Tier 3,Hybrid
45,127365,7.7,10,4.6,6,7,37,5,56478,57344,6,6,6,2,7,5,8,7,4,7,3,Male,Tier 3,Hybrid
44,92443,7.2,11,2.6,8,8,27,4,55852,12942,4,0,7,9,3,4,7,4,5,6,6,Male,Tier 3,Store
37,133055,11.8,6,6.0,6,10,34,1,131577,53344,4,4,4,4,4,7,7,4,2,2,9,Female,Tier 3,Online
68,48000,3.3,9,1.4,2,5,0,19,44590,95000,8,3,1,8,4,5,2,9,5,6,6,Female,Tier 1,Store
44,39958,7.6,7,4.2,7,6,13,13,75637,60469,5,5,1,8,5,8,6,8,6,8,9,Male,Tier 3,Online
49,74188,3.8,4,2.4,3,5,21,14,36261,132985,3,5,7,5,5,1,4,4,4,5,4,Female,Tier 3,Store
49,188963,5.8,4,0.2,7,6,27,8,106919,58055,6,9,6,4,10,6,6,6,1,5,8,Male,Tier 2,Store
42,124542,7.5,7,4.3,5,9,33,15,78533,52007,7,6,7,4,8,7,8,6,4,5,3,Female,Tier 2,Hybrid
48,144099,6.0,6,3.6,6,7,24,9,81766,56219,6,8,7,10,10,8,4,7,6,7,10,Male,Tier 2,Hybrid
39,178971,9.9,13,4.9,7,8,32,3,142123,114139,5,9,6,5,6,4,6,5,4,9,6,Female,Tier 2,Hybrid
45,112392,8.3,9,3.1,4,9,26,4,86056,76951,5,6,5,7,4,6,8,10,1,8,10,Male,Tier 2,Hybrid
27,71521,9.3,14,4.8,6,7,31,6,93657,9420,3,5,1,6,5,6,8,7,1,8,7,Female,Tier 3,Hybrid
34,183004,10.5,13,3.2,8,10,45,7,134497,39908,5,8,3,4,10,8,6,4,5,5,4,Female,Tier 2,Hybrid
61,98449,8.6,7,2.5,8,6,29,10,73109,44439,4,5,3,6,5,9,4,9,8,9,3,Male,Tier 1,Store
49,234035,8.7,3,5.1,7,6,15,7,96533,69418,5,3,6,3,4,5,7,3,4,10,5,Male,Tier 2,Hybrid
49,250000,9.3,4,2.4,5,8,32,13,63191,144120,7,6,1,5,1,7,7,8,9,7,5,Male,Tier 1,Store
78,122880,4.9,10,3.1,5,7,26,10,98655,65142,7,3,1,7,4,8,5,8,10,10,1,Male,Tier 1,Store
29,118654,11.1,6,6.0,6,10,45,7,149754,40022,3,5,4,6,10,5,10,6,3,8,4,Male,Tier 2,Hybrid
38,92526,11.2,9,4.9,8,10,47,2,79235,31277,7,2,4,8,8,5,6,4,1,6,8,Female,Tier 2,Online
52,113512,6.2,4,4.5,2,8,23,9,45852,57632,10,1,4,4,6,4,6,7,7,7,2,Male,Tier 3,Store
45,37312,8.4,6,0.9,4,7,31,11,71960,52694,9,0,5,7,9,5,6,8,6,4,7,Other,Tier 3,Store
52,143527,8.3,13,3.8,7,8,24,6,67446,72133,6,9,6,3,10,8,9,6,2,6,5,Female,Tier 3,Hybrid
27,67546,10.2,11,6.0,8,9,39,4,86890,27444,5,8,7,5,7,10,10,3,4,10,5,Other,Tier 3,Online
58,140857,6.6,9,3.9,6,7,24,12,76043,98877,3,4,4,3,8,5,7,7,6,5,7,Female,Tier 3,Store
63,214737,6.2,1,3.0,4,8,18,13,131703,57236,4,1,2,6,6,9,7,8,6,6,5,Male,Tier 1,Store
33,213625,8.2,11,2.6,5,9,43,5,150000,30212,6,7,4,4,8,4,8,3,3,2,10,Female,Tier 3,Online
32,129560,7.4,12,3.6,6,7,31,13,55072,51911,4,8,6,6,5,5,8,6,8,4,7,Other,Tier 3,Hybrid
27,108457,7.7,11,3.8,5,10,30,7,76361,34571,7,5,2,7,2,8,9,6,3,6,8,Male,Tier 2,Store
36,65074,6.8,9,3.6,5,8,36,7,114791,101733,9,7,6,7,7,5,8,1,5,8,7,Female,Tier 2,Online
69,15000,5.7,2,3.2,8,4,15,19,32329,78516,10,1,6,8,3,2,3,10,8,4,7,Male,Tier 3,Store
33,45309,9.3,12,4.8,8,10,36,7,96676,1527,6,2,2,8,8,4,10,5,3,3,7,Female,Tier 1,Online
22,27907,11.5,1,4.9,7,10,42,1,144608,30864,10,9,4,6,8,8,8,4,5,3,5,Other,Tier 3,Online
37,118728,9.5,10,5.0,5,10,32,11,54505,77744,5,6,3,6,7,9,7,4,1,10,8,Male,Tier 1,Hybrid
35,250000,4.4,14,4.1,7,8,22,13,142889,90438,4,4,2,7,1,6,6,8,6,9,5,Female,Tier 1,Hybrid
29,122207,5.6,6,5.2,5,10,42,5,137896,36556,7,4,2,7,2,8,10,7,5,9,10,Male,Tier 1,Hybrid
24,43729,8.2,6,5.2,5,10,26,6,95432,44393,3,4,5,7,6,7,10,1,4,10,3,Female,Tier 3,Hybrid
42,210770,7.8,10,3.3,3,8,30,4,94090,95699,8,7,4,5,4,6,5,7,8,10,5,Other,Tier 1,Hybrid
52,134870,10.7,7,6.0,6,10,30,17,150000,79168,7,3,5,5,10,8,8,10,7,5,6,Other,Tier 2,Store
46,120524,4.2,8,4.3,5,7,27,5,76565,65612,6,0,5,5,6,4,10,4,5,9,9,Female,Tier 3,Hybrid
33,72486,12.0,11,4.6,8,9,36,8,59753,31674,9,3,1,7,6,7,9,2,5,10,10,Male,Tier 1,Online
25,163740,8.5,9,3.6,6,10,41,4,103553,104892,5,7,4,6,10,5,10,1,6,7,5,Male,Tier 3,Online
63,93745,3.4,5,1.1,4,4,11,13,64377,103431,10,6,1,5,4,1,5,6,7,5,2,Male,Tier 2,Store
65,141963,5.2,6,3.0,5,4,11,8,53305,23935,6,0,6,4,7,6,8,7,4,4,3,Male,Tier 3,Store
51,93658,7.1,3,3.7,10,5,12,16,94971,85262,10,4,7,7,10,6,7,7,2,9,3,Male,Tier 3,Store
55,194804,6.6,11,3.5,5,6,20,14,72513,84005,2,4,1,7,3,6,8,6,3,7,3,Female,Tier 1,Hybrid
61,115833,8.7,11,2.3,7,6,28,5,79476,119559,10,7,5,5,6,4,5,7,8,6,7,Male,Tier 2,Hybrid
60,176053,3.0,4,2.4,8,8,23,10,100795,100595,6,5,5,5,4,6,6,7,8,10,5,Other,Tier 2,Store
52,183786,6.5,8,2.6,6,6,0,12,3231,75138,8,4,5,1,4,2,8,8,4,6,6,Female,Tier 3,Store
22,64914,5.9,5,6.0,6,8,14,19,27899,68242,4,4,4,5,3,7,10,8,6,9,2,Male,Tier 2,Store
18,72649,8.6,3,4.4,8,10,45,6,123617,31597,9,4,2,9,9,8,10,2,5,7,2,Female,Tier 2,Online
37,129990,4.4,3,4.2,6,10,29,7,72019,37202,5,6,4,6,9,10,7,1,6,7,7,Female,Tier 1,Hybrid
38,142227,4.2,12,2.0,8,6,22,11,34969,98569,7,8,4,8,4,3,5,2,1,7,9,Male,Tier 2,Hybrid
37,95965,5.5,7,3.4,5,10,26,8,50419,6750,5,0,3,3,5,5,6,5,6,10,4,Other,Tier 2,Hybrid
69,93986,4.9,8,3.2,3,4,18,13,54443,74124,9,9,6,2,1,4,5,7,8,2,5,Male,Tier 3,Store
27,41861,9.3,12,5.2,6,10,42,5,111101,7118,9,7,2,7,5,2,10,6,2,4,9,Male,Tier 3,Online
62,121501,9.3,8,1.7,4,9,47,4,99783,54951,9,0,4,3,5,8,7,4,6,6,5,Female,Tier 2,Online
39,102560,11.0,6,5.2,7,9,44,4,82578,9689,3,8,2,2,10,7,7,3,5,7,9,Female,Tier 1,Online
58,85024,5.7,6,2.2,5,5,8,10,900,46698,9,1,5,5,5,6,9,10,6,8,1,Other,Tier 3,Store
39,124060,8.7,11,5.8,5,6,22,19,139564,111058,6,6,3,5,5,6,5,4,6,10,9,Other,Tier 2,Store
45,80263,5.0,9,3.5,8,10,16,11,45210,68239,8,4,4,7,5,5,8,8,4,9,8,Male,Tier 3,Store
58,114256,7.3,9,3.5,4,10,24,11,70781,90310,6,2,5,4,7,5,6,8,8,6,6,Male,Tier 3,Hybrid
19,86782,6.5,3,6.0,7,6,24,12,26094,32108,4,6,4,6,7,2,7,2,3,10,7,Female,Tier 3,Store
41,131527,5.2,9,4.5,1,9,18,10,107559,149166,9,4,4,4,4,6,8,7,1,10,9,Male,Tier 3,Hybrid
79,35328,3.1,7,0.2,3,2,0,10,84509,500,10,0,5,8,3,3,5,10,7,10,4,Female,Tier 1,Store
69,179960,3.7,7,2.0,2,4,4,13,900,106788,5,3,1,3,6,6,10,10,4,5,5,Male,Tier 1,Store
56,170152,4.1,7,3.4,5,2,0,11,49010,118797,4,0,6,4,7,4,7,9,8,4,8,Male,Tier 3,Store
47,119560,9.7,3,3.9,5,10,30,8,62373,64115,6,2,4,9,10,8,8,3,7,6,10,Female,Tier 2,Online
43,77165,5.3,5,4.3,8,6,22,19,44304,51179,8,2,3,9,2,3,8,5,5,9,5,Female,Tier 1,Store
51,184084,5.2,5,3.5,10,8,20,8,77017,94765,4,3,4,5,6,9,3,7,4,2,7,Female,Tier 3,Store
29,179232,8.8,12,4.5,8,9,25,11,51081,82335,4,9,2,4,6,9,10,5,1,10,10,Other,Tier 3,Store
53,62180,2.7,14,1.6,2,5,7,16,69130,92394,10,7,5,4,1,5,4,10,4,6,3,Male,Tier 2,Store
34,66762,7.8,12,5.0,3,9,33,7,37518,14080,4,3,5,6,7,7,10,6,5,3,8,Male,Tier 3,Store
33,142362,9.8,6,6.0,7,6,40,1,78219,13123,6,6,5,5,5,3,10,4,3,6,6,Male,Tier 3,Online
48,161830,5.8,8,2.7,7,6,10,12,102441,70949,3,4,4,7,3,7,8,2,5,10,10,Male,Tier 1,Store
63,53242,6.8,10,0.0,1,3,3,15,21798,83068,4,5,1,2,6,4,4,8,9,1,1,Other,Tier 1,Store
53,137777,6.6,8,3.5,3,6,9,8,21301,115508,4,6,4,7,6,3,7,6,5,7,4,Female,Tier 3,Store
54,101444,4.4,9,4.0,8,7,13,12,49929,53377,9,1,2,7,1,3,6,10,2,6,10,Other,Tier 1,Store
67,76848,4.7,5,0.8,5,10,23,15,58160,61686,5,4,5,4,2,5,3,8,8,4,6,Female,Tier 2,Store
46,72289,8.0,4,1.9,5,7,16,12,19347,38131,6,7,6,6,7,7,7,7,7,1,2,Female,Tier 3,Store
30,141981,6.6,9,5.4,7,10,33,8,97155,78490,7,4,1,5,3,3,8,2,7,8,7,Other,Tier 1,Hybrid
49,178694,8.0,11,2.1,3,10,35,12,88782,86514,1,7,2,3,8,8,5,10,6,4,5,Other,Tier 1,Store
28,54300,12.0,14,6.0,6,10,38,5,56141,7437,8,3,4,7,7,10,10,1,1,10,3,Male,Tier 3,Online
30,71377,8.7,7,6.0,4,5,32,6,37647,9421,9,2,6,8,7,7,10,5,3,2,7,Female,Tier 3,Hybrid
45,112791,6.3,7,3.3,5,8,14,9,64881,48729,5,2,4,4,5,6,9,2,3,4,3,Male,Tier 3,Hybrid
29,78230,8.4,8,4.9,9,9,38,0,48866,30954,6,7,1,6,7,5,9,5,1,9,9,Female,Tier 3,Online
44,140641,9.6,7,3.2,7,9,42,5,94244,92520,7,8,4,7,5,9,8,3,8,7,2,Male,Tier 1,Online
60,182105,5.2,8,2.0,7,6,11,7,66735,69401,5,4,7,6,4,6,2,5,6,9,3,Male,Tier 1,Store
51,84304,8.3,10,3.1,7,8,33,8,70409,39766,10,7,4,4,4,4,7,7,9,7,5,Female,Tier 3,Hybrid
40,169111,5.8,9,4.5,6,9,27,9,61499,54778,6,2,4,3,1,1,10,5,5,8,2,Male,Tier 1,Hybrid
36,111343,8.9,14,4.2,7,9,42,1,150000,500,2,8,1,8,6,6,9,3,5,10,6,Other,Tier 1,Hybrid
39,109852,10.6,10,4.9,7,10,49,14,65381,67972,6,9,4,4,8,7,7,10,8,6,2,Male,Tier 3,Online
21,48496,11.1,6,5.2,7,10,42,9,76222,27921,8,9,4,7,7,8,10,6,3,7,7,Male,Tier 2,Online
79,68247,2.3,5,3.0,2,5,8,13,23125,33835,9,9,4,4,7,5,4,7,8,6,7,Male,Tier 2,Store
64,194166,4.6,5,2.3,3,4,22,8,124653,97184,4,1,1,4,7,5,5,4,6,7,2,Other,Tier 1,Store
18,110126,12.0,6,4.3,6,10,44,1,14961,29282,4,5,7,6,6,6,10,2,2,6,3,Female,Tier 3,Hybrid
60,130605,6.2,7,3.1,6,5,17,9,39912,68474,10,7,3,2,9,6,7,8,9,9,3,Male,Tier 1,Store
42,114439,4.7,13,3.6,8,7,5,12,22933,80276,5,0,4,6,3,7,9,6,4,10,5,Male,Tier 2,Store
32,121321,8.6,14,5.8,9,10,43,3,150000,41805,6,5,2,4,9,6,8,3,1,7,2,Female,Tier 2,Online
41,124338,4.8,4,2.3,6,7,18,7,85691,500,5,4,2,3,7,6,6,7,3,8,7,Male,Tier 2,Store
51,166907,7.0,9,5.5,7,10,28,5,95934,34483,7,9,1,1,7,9,5,6,4,10,8,Male,Tier 1,Online
49,139956,4.1,3,3.7,6,6,19,13,51914,92993,5,3,6,8,3,3,9,3,4,5,5,Male,Tier 2,Store
56,156381,7.5,8,3.6,5,5,13,18,28634,110753,6,5,4,3,1,3,5,7,9,5,2,Male,Tier 1,Store
38,64019,10.8,13,6.0,8,8,49,4,142421,500,7,9,2,9,7,8,6,3,7,9,8,Female,Tier 3,Hybrid
43,155457,5.1,10,3.5,3,8,11,7,67119,51632,7,5,4,4,5,2,8,4,8,5,10,Female,Tier 1,Store
25,37908,9.0,5,5.2,4,8,26,12,63714,72164,7,3,7,7,3,8,9,6,2,10,3,Male,Tier 3,Online
69,143653,3.4,3,1.5,5,6,7,14,54918,122492,3,4,5,6,3,9,7,5,5,9,3,Other,Tier 1,Store
41,126335,8.9,4,3.4,7,10,31,10,73853,92977,6,5,1,10,6,7,7,7,5,10,7,Female,Tier 1,Hybrid
58,105469,5.9,11,3.1,7,9,34,5,127742,85343,8,3,4,5,6,2,5,6,8,5,5,Other,Tier 2,Hybrid
42,108920,7.7,10,3.8,7,6,18,9,33336,59569,7,6,6,5,3,5,7,5,1,4,7,Female,Tier 3,Hybrid
57,194301,6.5,11,3.2,2,5,28,10,88037,76950,3,4,4,7,10,6,6,7,10,10,7,Other,Tier 2,Store
36,95397,5.3,7,4.7,2,7,18,12,39413,60053,3,5,7,5,4,6,6,4,2,3,8,Female,Tier 2,Hybrid
22,111576,8.5,8,5.8,5,9,29,2,53416,27503,6,7,3,9,9,5,8,7,1,4,3,Male,Tier 2,Hybrid
60,194829,6.2,3,3.0,6,4,14,18,79385,129198,3,5,5,5,1,2,7,10,4,9,5,Female,Tier 3,Store
79,138556,2.1,6,2.7,7,5,1,13,10334,99710,9,6,5,8,6,2,6,8,8,7,7,Male,Tier 2,Store
79,15000,6.8,6,0.0,5,6,26,9,85676,37258,8,9,2,9,10,1,4,5,6,5,5,Female,Tier 3,Store
31,135405,7.4,9,3.5,9,9,44,5,149921,86680,7,9,2,2,2,9,7,7,2,6,7,Male,Tier 3,Hybrid
31,208630,9.6,7,3.3,6,9,31,4,114227,42952,7,6,2,3,6,7,7,2,7,9,8,Female,Tier 1,Online
32,88120,7.5,2,5.5,5,5,24,14,88110,79941,6,4,7,6,5,3,9,7,8,7,6,Male,Tier 2,Store
29,38675,10.0,8,3.8,9,9,49,0,146893,500,10,5,3,9,6,4,4,5,3,10,8,Male,Tier 1,Online
51,118840,7.1,2,3.5,6,9,26,8,91666,26385,6,5,3,7,7,7,6,9,2,7,6,Male,Tier 2,Store
50,123610,5.4,4,2.9,3,6,25,8,82943,121552,5,5,2,1,10,6,8,8,9,7,6,Female,Tier 1,Store
52,84446,5.5,4,2.4,4,9,29,15,37504,47305,6,7,5,6,4,7,8,7,6,5,4,Female,Tier 3,Store
54,200674,8.2,9,5.0,5,4,14,10,136399,73887,4,3,2,6,7,7,10,6,5,5,9,Female,Tier 2,Store
46,184344,6.3,1,3.9,2,7,20,12,88174,121270,5,2,5,7,8,10,9,8,6,7,3,Male,Tier 2,Store
61,90398,5.4,11,2.2,4,6,18,10,72751,16383,3,6,4,6,6,7,6,10,5,7,6,Female,Tier 2,Store
46,91602,8.0,6,5.8,6,9,24,2,30146,13115,10,6,5,6,9,8,10,6,5,5,8,Female,Tier 3,Store
23,15000,7.2,3,5.1,6,10,26,9,57771,65186,8,8,5,8,6,5,8,6,4,4,2,Other,Tier 2,Hybrid
53,164823,5.7,4,2.7,3,5,28,5,58080,110881,5,6,3,3,6,10,7,6,5,4,4,Female,Tier 1,Store
65,139540,3.1,2,3.7,7,5,12,7,117823,95048,2,3,3,7,3,2,8,7,8,8,4,Female,Tier 2,Store
36,134520,8.2,6,4.4,6,8,32,12,97526,44922,6,7,5,7,6,1,10,6,6,6,10,Male,Tier 3,Store
21,34476,7.1,1,5.7,3,9,28,8,53681,20503,8,7,4,3,8,1,10,2,4,4,4,Other,Tier 3,Hybrid
31,177477,8.1,4,3.3,6,9,39,0,150000,24823,4,9,6,2,7,5,6,1,4,8,4,Female,Tier 2,Online
46,153177,4.7,8,2.2,5,8,34,8,106026,98236,4,8,5,4,7,6,8,8,6,1,9,Female,Tier 3,Store
44,132028,8.8,5,5.5,9,8,35,12,123239,85947,2,9,4,8,5,6,10,7,7,10,10,Male,Tier 1,Store
51,156621,6.2,12,5.6,5,7,32,3,111701,48250,3,9,6,8,7,1,10,6,6,10,7,Male,Tier 3,Store
28,162187,9.0,12,3.1,10,10,49,3,150000,47907,4,4,3,6,8,9,8,4,1,6,3,Male,Tier 2,Online
41,119698,9.4,4,3.2,5,10,32,12,74644,55067,5,2,5,6,4,7,8,8,3,4,4,Male,Tier 2,Hybrid
32,122860,7.9,6,3.0,8,10,34,5,110997,56783,10,5,5,8,6,10,4,5,3,5,4,Male,Tier 2,Hybrid
64,176681,6.5,9,3.4,4,8,36,4,105536,73085,6,2,3,6,5,7,5,7,8,7,7,Female,Tier 1,Hybrid
46,148529,6.2,1,5.2,6,6,18,8,77458,59708,3,5,6,2,6,3,7,4,5,9,8,Female,Tier 2,Store
48,165474,7.9,10,6.0,8,7,25,11,32785,87506,5,9,3,5,10,6,8,6,5,6,5,Other,Tier 2,Hybrid
70,73782,2.9,2,3.3,4,6,19,9,50349,37546,3,2,4,7,10,5,6,9,6,9,4,Other,Tier 3,Hybrid
24,46319,11.5,5,4.9,6,10,38,3,24404,41992,9,8,4,8,7,4,7,3,3,10,3,Male,Tier 3,Online
55,83069,4.7,5,1.0,8,9,24,9,48846,56394,8,1,3,5,9,6,7,7,5,6,6,Female,Tier 2,Store
43,62273,10.4,9,3.5,7,10,40,11,64283,500,7,8,6,4,10,6,4,6,7,6,7,Female,Tier 3,Hybrid
61,73979,6.1,1,3.5,8,6,13,15,35682,48520,10,5,5,8,4,6,10,6,4,6,10,Female,Tier 3,Store
33,204565,8.0,13,1.4,10,8,28,7,150000,123459,3,9,5,8,7,10,3,4,4,9,6,Other,Tier 1,Hybrid
20,41368,9.4,9,3.9,6,9,38,12,63795,29322,5,4,5,9,4,1,9,5,1,8,1,Female,Tier 2,Hybrid
44,207547,7.9,3,3.8,3,6,30,10,102516,43373,7,9,4,5,3,5,5,4,5,7,5,Other,Tier 1,Hybrid
50,156206,5.1,5,2.3,7,5,3,14,60873,126003,5,0,2,8,9,5,5,6,4,9,10,Male,Tier 1,Store
63,133432,4.2,6,2.9,4,2,0,15,3558,78165,5,1,5,7,2,3,8,10,10,7,5,Female,Tier 1,Store
63,122185,2.2,9,0.7,2,1,3,19,49132,120080,7,5,5,6,3,5,3,10,8,3,1,Other,Tier 2,Store
64,113102,5.4,1,2.5,6,6,17,12,36745,88425,5,4,2,6,9,5,9,6,7,10,6,Other,Tier 2,Store
59,79810,5.3,2,2.9,5,9,40,6,90305,58777,5,9,5,5,9,5,3,10,6,7,2,Other,Tier 2,Hybrid
39,21930,10.8,4,3.6,6,9,34,14,87831,16812,10,5,5,4,5,4,9,5,3,8,3,Female,Tier 3,Online
69,197839,4.7,7,1.9,2,4,11,11,50275,136147,7,0,1,4,8,7,7,8,7,5,5,Male,Tier 2,Store
41,105054,9.1,8,4.1,4,7,21,2,147896,35134,5,8,2,2,6,7,10,4,7,10,7,Male,Tier 2,Hybrid
35,83298,8.5,8,4.6,9,10,49,0,129369,35611,9,8,7,6,6,4,8,6,2,9,6,Male,Tier 3,Hybrid
45,103734,3.1,6,2.8,4,5,9,19,21701,109067,8,3,1,6,7,7,4,3,3,6,6,Female,Tier 2,Store
28,80966,7.9,9,2.4,4,8,28,2,82668,46019,6,5,5,8,8,6,5,6,2,10,8,Female,Tier 2,Hybrid
35,130164,9.6,11,6.0,7,10,24,11,93885,59978,4,7,5,6,3,2,10,6,5,10,9,Male,Tier 2,Hybrid
55,125471,4.2,10,3.9,6,5,22,8,107739,2164,4,9,3,4,5,7,7,2,9,5,6,Female,Tier 2,Hybrid
58,128830,5.1,12,3.8,5,7,17,10,47719,90961,5,4,5,4,6,8,7,8,2,7,3,Female,Tier 2,Store
58,193971,5.9,1,4.2,4,4,14,12,52422,150000,6,7,5,4,5,9,9,10,8,6,6,Other,Tier 3,Store
18,107593,9.8,4,3.9,6,10,40,7,87087,22566,6,7,5,4,9,6,9,3,2,10,1,Female,Tier 2,Hybrid
49,186088,6.4,5,4.8,6,10,26,19,98198,100211,6,5,3,2,9,6,5,6,6,5,8,Male,Tier 2,Hybrid
18,84527,12.0,7,6.0,8,10,38,6,86165,25192,6,3,3,8,8,8,10,1,2,8,2,Female,Tier 1,Online
41,69771,11.6,4,3.6,7,9,49,8,119211,21586,8,9,5,4,10,7,8,5,7,4,7,Other,Tier 3,Online
44,165481,6.4,5,3.9,5,7,29,8,146630,18442,5,5,1,2,5,5,8,7,6,8,9,Other,Tier 1,Hybrid
35,114182,8.5,10,5.5,6,9,18,11,54923,101971,7,2,5,7,5,7,8,9,4,5,5,Male,Tier 2,Hybrid
32,65791,8.1,4,4.4,6,10,43,1,129747,12849,6,8,1,8,9,1,8,1,5,2,4,Male,Tier 2,Online
23,60287,10.6,5,5.1,9,10,44,4,78385,15264,10,6,2,5,7,10,10,2,2,9,1,Female,Tier 3,Online
64,188562,2.8,1,1.3,4,4,8,7,35329,58263,4,3,1,5,8,7,4,7,8,8,3,Other,Tier 1,Store
55,204024,9.6,6,3.1,2,8,35,7,150000,99580,4,4,5,4,5,5,6,4,7,4,9,Female,Tier 2,Store
79,92955,3.6,9,1.6,5,7,20,12,17176,61557,8,6,4,6,2,8,6,9,6,2,4,Other,Tier 1,Store
68,172409,7.3,5,2.1,5,8,37,4,150000,36794,7,5,3,4,6,9,2,4,9,9,6,Other,Tier 1,Hybrid
51,250000,10.7,4,5.5,9,7,15,15,95762,124860,2,3,6,5,2,1,6,9,7,6,5,Male,Tier 1,Store
75,81758,6.2,6,2.9,5,4,11,18,83026,135182,8,5,7,5,8,5,6,10,9,6,4,Male,Tier 3,Store
21,142744,10.2,10,5.9,7,7,25,14,85061,80201,5,4,4,6,2,9,7,3,2,7,8,Male,Tier 3,Store
62,136073,6.4,11,4.5,6,6,31,5,112502,63608,1,6,5,7,6,7,8,10,7,6,1,Female,Tier 2,Store
57,218397,7.6,6,3.6,7,9,24,9,124044,73268,5,9,4,5,5,9,5,4,10,10,9,Female,Tier 2,Hybrid
36,90923,9.4,2,6.0,5,9,33,6,110643,23683,7,6,5,7,6,4,10,6,2,8,9,Male,Tier 3,Hybrid
71,117436,7.6,1,1.4,6,7,17,8,54079,42489,9,6,3,8,4,3,6,3,4,9,5,Female,Tier 2,Hybrid
20,23733,9.2,1,5.9,6,9,49,3,107273,41745,8,7,4,8,9,6,10,5,2,10,6,Male,Tier 1,Online
31,101338,5.5,10,6.0,5,10,28,12,85145,90699,9,5,3,4,9,7,7,8,1,9,7,Other,Tier 3,Store
22,60906,10.7,8,4.6,7,10,30,10,19997,45953,7,3,5,7,7,7,10,2,7,6,6,Female,Tier 2,Online
61,78499,9.3,3,0.3,7,8,22,6,102569,40374,4,3,4,7,6,4,5,7,4,4,7,Female,Tier 3,Hybrid
66,130655,7.6,7,2.3,4,3,13,12,53059,97444,7,3,6,6,9,3,4,8,7,10,4,Female,Tier 2,Store
37,108857,7.0,6,4.9,7,10,40,1,66620,500,4,5,5,5,6,4,8,6,3,6,5,Female,Tier 3,Online
41,183864,6.6,2,4.9,4,6,18,6,109960,33704,7,7,3,6,10,5,10,2,7,9,5,Female,Tier 1,Store
72,97484,6.1,1,2.9,5,5,24,4,62824,25016,10,9,5,9,6,9,8,8,6,8,2,Female,Tier 1,Store
61,68041,10.0,5,0.9,7,10,49,11,88161,84516,9,9,4,7,10,4,5,7,7,5,4,Female,Tier 3,Online
49,101311,4.9,13,2.1,6,6,4,19,900,112479,5,8,4,5,10,4,7,10,4,5,6,Male,Tier 3,Store
25,51807,8.4,14,5.1,7,7,39,2,65872,40968,8,3,3,8,5,10,10,1,1,10,10,Female,Tier 1,Online
47,106284,6.5,4,3.1,6,8,22,17,18933,33531,7,2,5,5,4,3,5,7,8,7,7,Other,Tier 3,Store
39,104694,7.4,7,3.6,9,7,16,13,96802,115567,9,2,3,3,1,6,6,9,1,10,2,Male,Tier 3,Store
18,104400,8.7,5,3.1,6,8,31,14,39556,72218,3,5,4,5,1,8,5,7,4,10,4,Male,Tier 1,Hybrid
49,118220,6.6,2,2.7,4,10,41,6,106327,66129,8,8,5,4,10,2,9,8,2,10,7,Male,Tier 2,Hybrid
24,90461,8.8,1,6.0,5,10,37,2,80526,60302,7,9,3,6,10,5,10,3,3,10,3,Male,Tier 1,Online
24,112238,11.9,5,4.7,6,9,43,0,115771,46629,4,5,4,7,4,8,8,3,4,7,2,Male,Tier 2,Online
42,66960,6.3,10,6.0,6,6,10,19,42333,150000,7,4,2,8,1,7,10,10,5,10,7,Male,Tier 2,Store
29,86007,7.0,13,4.5,6,9,26,8,48374,28682,7,4,7,8,7,10,10,8,1,6,6,Female,Tier 3,Store
42,129198,4.6,8,3.5,9,9,24,11,89860,42409,7,5,1,7,3,6,8,8,4,3,3,Female,Tier 1,Hybrid
47,165925,7.6,11,4.7,6,8,31,8,138166,64516,6,5,4,6,4,8,9,6,4,9,8,Female,Tier 1,Hybrid
25,69419,10.2,9,4.7,7,10,33,11,100229,63705,4,4,7,9,4,9,6,5,5,7,2,Other,Tier 2,Online
36,94986,6.2,8,3.4,5,7,27,6,33603,59208,5,3,3,3,7,7,9,3,6,8,8,Male,Tier 3,Store
42,94434,6.2,7,3.6,8,8,21,5,39256,500,9,3,5,9,6,7,8,4,4,6,10,Other,Tier 2,Store
64,122489,6.2,8,3.8,4,7,9,19,55555,94712,6,2,4,3,7,8,5,6,10,10,6,Male,Tier 2,Hybrid
51,224482,5.1,14,3.8,8,10,22,7,123345,104105,3,4,1,5,8,5,4,6,3,9,4,Female,Tier 1,Store
52,138289,6.5,5,3.5,9,10,35,8,112712,75722,5,2,3,7,9,7,6,6,5,6,5,Male,Tier 2,Hybrid
62,60811,5.2,8,1.3,3,8,15,14,31902,27496,5,3,5,3,5,7,6,10,5,8,3,Other,Tier 2,Store
50,124807,10.1,11,3.5,4,8,25,7,102176,58276,8,3,2,6,10,5,4,3,6,6,10,Male,Tier 1,Hybrid
31,158778,7.6,8,4.4,6,9,40,8,109045,67189,4,8,4,7,9,5,10,2,3,7,9,Male,Tier 2,Hybrid
51,86991,9.5,10,2.9,7,7,33,8,79538,7738,7,2,5,6,6,5,5,9,4,1,4,Other,Tier 3,Store
23,51160,11.2,7,6.0,4,10,38,7,43054,43769,8,7,6,9,10,7,10,3,5,5,8,Female,Tier 1,Hybrid
31,115696,7.8,10,3.2,3,10,34,1,76059,500,4,6,4,3,3,5,6,7,3,9,10,Other,Tier 2,Hybrid
58,136344,7.1,1,4.3,4,8,29,4,110302,92208,4,5,3,6,4,2,8,7,7,10,7,Female,Tier 2,Hybrid
54,102445,5.7,6,5.7,3,8,19,9,52782,79566,7,9,5,3,10,5,8,9,7,8,7,Male,Tier 2,Store
57,142410,6.3,5,3.1,1,3,14,16,72389,103775,6,2,6,5,4,8,7,10,3,4,4,Female,Tier 3,Store
59,55150,8.0,5,1.9,7,8,24,18,111215,108772,8,2,5,6,9,8,7,7,10,7,2,Male,Tier 3,Hybrid
66,250000,4.2,1,2.6,3,5,0,18,112960,141747,6,0,7,4,6,4,5,8,6,5,5,Female,Tier 2,Store
79,16682,4.4,1,0.7,8,9,24,16,40912,70110,7,9,6,7,4,9,6,9,8,9,4,Female,Tier 3,Store
71,168897,7.9,8,4.3,1,4,9,13,23232,13592,8,4,2,4,2,5,9,8,2,3,2,Female,Tier 1,Store
69,35319,2.5,8,2.1,5,5,3,9,35335,500,10,2,1,3,6,5,10,7,5,10,6,Male,Tier 1,Store
49,225405,9.1,12,3.4,6,8,34,0,150000,99601,3,2,6,5,9,4,7,7,5,9,8,Female,Tier 2,Hybrid
47,134701,9.9,3,5.8,5,10,45,4,83295,63669,7,5,7,4,5,6,8,2,5,6,10,Male,Tier 2,Online
79,89320,3.3,8,0.1,5,6,6,4,53645,42081,10,2,5,6,7,5,1,9,6,4,5,Male,Tier 2,Store
62,152815,7.0,3,4.2,4,6,23,8,102109,30503,8,5,6,5,7,1,5,10,5,5,1,Female,Tier 3,Store
42,114977,8.2,8,2.3,5,8,40,1,99381,500,8,8,6,7,9,7,7,8,6,8,10,Other,Tier 3,Hybrid
50,110721,6.3,13,2.4,5,8,13,13,41542,120365,7,4,4,5,5,9,9,5,7,10,5,Female,Tier 2,Hybrid
43,149272,6.3,12,3.7,5,7,9,6,3940,76582,6,6,4,3,1,7,8,7,3,8,6,Male,Tier 1,Store
50,131277,6.7,5,3.1,6,6,30,9,60993,39540,7,5,5,6,9,3,9,9,4,1,4,Female,Tier 3,Store
48,156752,8.3,11,6.0,7,5,37,2,116573,43551,2,2,2,6,8,3,9,6,6,1,8,Female,Tier 2,Hybrid
20,101669,9.8,2,3.8,9,9,28,2,111006,51226,3,5,1,3,5,6,8,4,1,10,5,Male,Tier 1,Hybrid
62,165930,2.5,8,1.6,5,4,5,19,78071,132290,7,0,3,6,2,3,6,10,5,4,5,Female,Tier 2,Store
65,189799,3.5,5,0.2,2,5,15,16,111749,113744,4,6,3,4,2,4,4,10,6,1,3,Other,Tier 1,Store
57,118211,6.4,6,3.3,6,10,20,8,88469,86619,4,8,7,5,5,8,7,3,8,6,2,Male,Tier 3,Online
46,112016,6.3,11,3.6,5,7,27,11,96942,38767,4,4,4,3,10,5,8,8,5,9,7,Female,Tier 3,Hybrid
48,171141,7.0,7,4.1,5,10,20,12,127847,76677,9,2,2,2,9,7,8,10,5,9,6,Male,Tier 2,Store
50,125454,9.5,9,4.6,4,7,31,11,34098,89155,5,5,3,6,3,4,5,8,4,9,6,Male,Tier 3,Hybrid
72,68083,1.6,5,2.4,4,7,11,11,18987,85173,3,4,4,6,3,5,4,8,5,8,3,Male,Tier 2,Store
58,110242,10.3,12,4.5,10,8,41,1,94021,51284,4,5,1,8,8,5,10,8,2,6,6,Male,Tier 1,Hybrid
56,79128,6.6,11,2.4,8,9,13,13,55873,62077,3,4,4,5,3,8,6,7,5,3,5,Male,Tier 3,Store
53,148558,4.1,11,4.9,6,3,7,11,58460,84323,7,6,6,6,5,3,7,9,5,7,7,Female,Tier 3,Store
62,90560,5.5,4,2.9,6,8,16,6,30105,34462,4,6,3,4,3,8,5,10,6,6,5,Male,Tier 3,Store
67,178564,4.9,4,0.0,5,6,19,9,46030,150000,2,6,3,7,8,3,1,5,8,7,3,Female,Tier 3,Store
38,96987,4.0,14,3.6,7,10,17,13,46708,69648,5,6,6,5,3,6,8,6,6,9,4,Male,Tier 2,Hybrid
49,128778,8.5,9,2.8,8,6,26,6,106340,35917,9,6,6,7,4,7,6,7,3,8,7,Female,Tier 2,Store
47,101163,9.7,7,4.7,6,9,39,6,135078,500,4,3,7,5,4,3,8,7,4,10,8,Male,Tier 3,Online
38,48844,7.0,11,2.9,9,10,38,12,123086,6446,8,9,5,6,7,7,6,9,4,1,5,Male,Tier 3,Online
74,81456,5.1,6,3.2,4,8,25,16,103254,109345,5,2,5,3,5,2,5,8,7,9,7,Male,Tier 2,Store
37,87112,10.8,7,6.0,9,10,40,7,111136,41815,8,7,5,10,7,5,7,7,5,10,5,Female,Tier 2,Online
66,89393,1.6,2,2.2,7,3,0,19,47814,113342,8,1,5,9,5,1,1,9,8,4,4,Other,Tier 3,Store
41,95520,8.7,5,4.4,7,9,32,4,133501,26718,5,4,3,2,3,4,9,5,2,10,6,Female,Tier 2,Hybrid
40,172140,9.0,8,3.4,4,10,39,5,101471,78045,6,6,2,3,6,10,3,3,6,9,6,Female,Tier 1,Online
44,174204,7.8,12,3.1,8,9,29,6,119332,38646,6,5,4,5,7,7,10,5,4,9,6,Female,Tier 2,Hybrid
47,83752,11.0,9,4.4,6,7,28,7,21667,74769,4,4,5,7,8,5,10,6,6,4,5,Male,Tier 3,Hybrid
20,108477,9.5,4,3.0,9,10,44,6,137062,51518,7,8,6,5,9,8,10,6,5,10,3,Female,Tier 1,Hybrid
60,182340,4.7,8,3.5,7,4,1,14,42021,116107,6,0,3,2,7,4,8,10,2,3,8,Male,Tier 2,Store
46,38261,5.4,4,4.0,9,8,26,4,33978,19722,4,3,4,4,7,6,7,2,2,5,4,Female,Tier 2,Hybrid
30,148355,7.1,7,4.9,6,10,42,6,97893,38326,8,5,5,8,8,6,6,5,4,10,6,Male,Tier 2,Hybrid
20,49182,11.0,6,5.2,5,9,28,4,59704,17344,6,5,2,8,4,8,10,5,3,8,1,Other,Tier 3,Hybrid
68,70333,5.9,5,2.3,4,4,28,13,43454,65366,9,7,3,4,5,3,2,10,6,5,7,Male,Tier 2,Store
29,128403,11.6,14,5.1,6,8,32,4,114081,82019,5,6,4,4,5,4,7,4,4,8,8,Female,Tier 3,Hybrid
34,111546,9.2,14,3.6,3,6,18,8,63457,8865,5,6,3,5,6,9,6,4,6,10,4,Male,Tier 2,Hybrid
52,201027,6.2,12,1.1,6,6,8,16,91013,117768,5,1,6,3,1,1,4,5,4,6,4,Female,Tier 2,Store
40,182028,9.6,12,6.0,3,7,35,5,144559,54629,5,7,3,2,6,7,8,4,6,9,6,Male,Tier 1,Hybrid
79,39434,1.0,1,0.0,2,2,0,17,44192,63602,7,0,3,5,1,4,1,9,6,4,10,Female,Tier 1,Store
18,15000,7.4,1,3.6,3,10,21,12,117537,92520,8,2,4,6,2,10,7,3,4,6,5,Male,Tier 2,Store
35,47881,8.2,13,4.5,7,10,43,6,88083,24285,6,8,4,7,8,10,9,3,7,6,10,Male,Tier 2,Hybrid
49,155451,3.0,8,1.2,6,6,7,13,46256,107737,4,8,2,4,5,5,2,8,5,8,6,Male,Tier 1,Store
60,83458,2.0,3,1.3,3,3,1,11,74358,87347,7,7,5,6,3,3,6,5,6,10,2,Female,Tier 2,Store
26,105416,9.5,10,3.7,8,9,40,7,109222,104272,4,2,4,5,8,8,8,3,3,7,4,Male,Tier 2,Hybrid
60,72543,8.1,9,2.2,6,8,30,0,137775,11430,7,8,1,5,8,4,2,7,6,7,10,Other,Tier 1,Store
51,112027,7.3,5,2.3,6,9,32,9,81437,35224,8,5,4,4,4,6,6,8,5,6,4,Other,Tier 3,Hybrid
62,105733,3.0,9,0.5,3,6,6,13,65045,62647,6,0,6,8,1,8,3,7,5,4,4,Female,Tier 2,Store
40,179797,7.2,3,2.5,1,8,33,6,150000,128679,7,2,3,5,7,5,6,6,5,5,2,Female,Tier 1,Hybrid
18,71171,10.4,4,6.0,8,10,40,6,43669,2316,9,6,2,4,9,6,8,6,3,8,4,Female,Tier 1,Online
61,177959,6.7,5,2.4,3,7,16,12,78021,92580,5,1,4,5,4,9,3,7,8,6,5,Other,Tier 1,Store
18,189959,6.8,2,6.0,7,9,28,8,120500,54673,4,9,2,5,5,10,10,1,7,6,9,Other,Tier 1,Hybrid
34,25666,6.9,8,4.2,6,7,24,14,115457,24628,7,3,4,10,9,5,3,3,3,6,9,Female,Tier 3,Store
48,117927,7.4,6,4.5,2,6,27,4,95733,66773,5,5,3,6,9,7,7,6,5,10,5,Male,Tier 1,Store
32,178368,10.6,13,4.5,8,10,44,4,147412,65504,8,7,2,5,9,7,8,2,1,10,1,Male,Tier 1,Online
51,84559,10.0,8,6.0,10,10,42,9,101918,62854,8,7,7,7,3,6,10,5,7,1,4,Male,Tier 3,Online
44,91424,6.4,12,4.1,8,8,28,9,69248,20547,7,8,3,8,6,3,6,5,5,8,5,Female,Tier 3,Hybrid
39,81362,9.2,10,4.6,4,9,31,9,72290,40774,6,8,3,5,9,3,6,7,5,6,10,Male,Tier 2,Hybrid
29,160926,9.4,6,3.9,5,10,48,1,111910,32530,5,9,4,7,7,6,9,7,1,10,7,Male,Tier 1,Online
38,123181,8.9,6,4.6,5,10,42,6,105014,25323,7,5,1,8,8,5,9,9,5,8,8,Female,Tier 2,Online
59,187398,7.0,3,3.3,4,8,20,4,130209,87582,6,7,7,5,2,9,6,3,8,6,1,Male,Tier 3,Hybrid
27,174081,6.5,5,4.8,9,7,22,9,79901,45932,8,2,6,2,3,2,10,4,5,5,4,Female,Tier 2,Hybrid
35,65271,6.6,7,5.1,8,6,17,15,25848,69060,10,4,7,5,3,7,9,8,5,4,8,Female,Tier 2,Store
27,112594,10.1,12,6.0,10,10,14,10,47608,61316,4,7,5,3,8,8,10,6,3,10,6,Male,Tier 2,Online
69,103421,6.0,6,0.8,4,4,6,13,49916,65070,6,5,1,6,7,3,3,7,5,8,6,Male,Tier 1,Store
51,104412,2.5,5,2.1,4,5,2,17,24412,92557,5,3,1,8,8,2,5,5,1,6,7,Male,Tier 3,Store
33,109038,5.1,6,3.3,5,8,7,14,37213,70106,9,2,3,6,10,3,8,7,4,7,3,Other,Tier 2,Store
35,74601,6.2,9,4.0,6,8,21,6,20845,77960,6,4,2,5,9,4,8,5,4,4,5,Male,Tier 2,Hybrid
48,55072,11.1,9,5.0,4,7,33,5,78604,22076,7,4,1,5,6,5,7,5,4,9,5,Male,Tier 1,Store
40,84614,8.7,1,5.1,6,5,17,8,92055,55246,5,4,3,8,8,10,9,8,4,10,5,Female,Tier 2,Hybrid
58,73844,7.1,5,3.6,5,9,33,10,104923,124396,4,8,3,10,1,2,8,9,6,4,6,Female,Tier 3,Store
70,70884,4.6,1,2.2,6,8,41,10,121894,54610,7,7,4,8,9,6,8,7,10,8,4,Other,Tier 3,Hybrid
51,99462,5.2,13,5.5,7,10,21,9,46344,62553,4,4,5,6,6,5,7,6,7,5,7,Other,Tier 2,Online
45,177408,8.3,2,3.7,4,5,20,10,122708,128944,5,4,5,7,6,7,6,6,3,9,9,Female,Tier 2,Hybrid
38,97791,8.8,11,5.0,5,10,37,9,114459,42369,5,0,3,7,5,7,5,6,2,4,6,Male,Tier 2,Hybrid
76,23564,7.0,4,1.9,5,3,0,19,900,46917,10,2,4,7,2,4,6,10,4,10,7,Male,Tier 2,Store
34,94177,10.8,8,6.0,7,10,49,5,119395,38661,6,9,6,4,8,5,8,5,3,9,7,Male,Tier 3,Online
28,87634,6.4,10,3.7,10,10,28,18,91475,88660,9,5,4,6,7,5,10,8,1,5,5,Female,Tier 2,Hybrid
75,114670,5.8,7,1.4,5,6,2,19,5190,100680,7,3,4,6,4,5,6,9,8,3,6,Female,Tier 1,Store
40,150163,8.6,3,5.0,6,8,21,13,119253,96233,6,3,5,7,3,5,8,4,8,10,6,Other,Tier 2,Store
55,144120,5.2,7,3.6,6,6,11,18,59805,101410,5,4,3,9,3,8,5,8,7,7,5,Male,Tier 3,Store
25,94754,12.0,14,5.9,5,8,44,4,148684,66671,5,9,4,6,6,1,10,7,3,4,10,Female,Tier 3,Hybrid
27,104730,8.1,13,4.9,8,9,31,5,107761,118396,9,8,3,5,5,7,9,6,2,10,5,Male,Tier 3,Online
41,156356,5.5,9,3.1,8,8,31,10,86924,67831,2,4,4,7,3,6,5,5,2,8,6,Other,Tier 2,Online
45,87297,7.3,9,5.5,8,10,23,10,79781,500,7,9,1,6,2,4,8,9,7,6,5,Female,Tier 1,Hybrid
45,125218,5.7,7,3.9,8,9,26,12,79235,79565,6,7,4,5,10,6,6,6,3,9,8,Other,Tier 2,Hybrid
55,165524,9.1,4,3.3,5,6,31,2,148165,20735,4,4,3,3,4,2,8,6,9,8,2,Female,Tier 1,Store
50,98355,5.0,7,3.9,5,7,6,11,62140,121747,4,5,7,5,6,7,8,6,6,5,8,Male,Tier 3,Hybrid
49,172921,5.1,13,4.1,7,7,10,14,10757,51237,8,5,5,1,8,7,7,10,1,5,7,Male,Tier 1,Store
47,145998,10.7,5,3.5,7,10,47,2,125461,39842,7,7,5,6,10,9,10,7,6,4,7,Female,Tier 2,Hybrid
68,53696,3.5,8,1.6,3,6,18,13,33079,37185,7,5,6,6,8,4,5,6,5,6,3,Female,Tier 3,Store
33,187530,9.6,14,3.1,5,9,30,12,94574,89067,3,6,3,5,8,4,7,7,4,4,4,Male,Tier 3,Store
62,78144,5.9,4,3.8,5,9,37,4,23114,48816,9,7,1,6,9,8,5,10,5,4,4,Female,Tier 2,Hybrid
48,127531,8.0,2,4.1,6,6,29,18,131389,109065,7,4,2,6,8,4,6,7,5,9,2,Male,Tier 1,Store
23,105527,4.7,5,5.0,1,7,32,9,62858,76974,8,9,5,4,6,1,10,4,2,6,9,Female,Tier 3,Store
28,45882,11.8,8,5.0,3,10,49,3,83598,64754,9,8,1,7,10,6,10,4,4,9,10,Male,Tier 1,Online
68,138874,7.1,2,3.2,8,7,19,2,70838,33216,4,5,2,7,6,8,3,7,7,9,5,Female,Tier 1,Hybrid
65,148170,7.0,9,3.9,7,7,16,7,102290,54967,3,3,3,4,1,4,8,6,9,10,8,Male,Tier 2,Hybrid
22,73478,11.1,7,4.7,7,10,49,3,108865,18695,9,5,3,4,10,10,9,4,2,9,6,Male,Tier 1,Online
41,64053,7.2,10,5.3,8,8,27,8,36581,54877,4,4,5,7,4,3,7,3,5,8,2,Male,Tier 3,Hybrid
52,155825,7.3,8,4.0,6,7,11,13,61072,49479,8,2,4,3,5,6,7,10,7,6,1,Other,Tier 1,Store
46,183922,8.9,7,3.2,5,9,39,4,148148,98731,5,6,1,8,6,10,8,5,3,8,10,Female,Tier 1,Online
33,187532,10.7,13,5.8,4,10,23,15,94286,70634,7,9,5,4,3,10,4,4,3,8,5,Male,Tier 2,Online
36,117732,5.7,11,2.7,2,5,14,12,39859,46639,5,0,3,5,3,7,7,10,7,7,7,Male,Tier 3,Store
57,53448,1.9,7,1.5,6,5,0,9,19424,31973,10,4,5,8,6,4,5,8,6,6,1,Male,Tier 3,Store
51,166253,8.4,11,2.9,7,5,13,19,107315,129780,4,1,4,5,3,5,7,8,2,6,7,Female,Tier 2,Store
66,103801,5.1,6,3.2,4,4,0,15,55689,98974,5,7,5,6,6,10,3,9,3,8,1,Female,Tier 1,Store
52,124352,5.0,10,3.9,4,5,21,19,70672,55769,4,4,1,7,8,3,2,8,7,10,5,Male,Tier 1,Store
62,110948,5.3,3,2.9,3,4,4,11,30318,101455,4,0,6,1,5,5,7,5,5,5,5,Female,Tier 3,Store
31,118863,9.3,6,3.9,10,7,36,5,127988,95896,5,7,2,5,2,4,8,6,5,10,8,Female,Tier 1,Hybrid
72,132806,3.2,4,1.3,5,6,7,18,61087,114521,8,4,3,6,5,3,6,10,7,5,5,Female,Tier 2,Store
47,190321,9.1,10,5.2,6,10,39,8,150000,44786,6,2,2,8,5,8,10,9,6,10,8,Male,Tier 1,Hybrid
29,179026,11.1,3,4.5,7,9,41,2,115908,23196,5,6,3,2,8,5,10,6,4,8,5,Male,Tier 3,Online
23,87865,9.6,9,5.7,5,6,25,7,22897,81186,8,7,4,5,5,5,8,1,5,10,3,Other,Tier 1,Hybrid
43,91703,8.5,7,2.5,3,10,19,13,21672,57668,9,3,5,6,7,7,7,10,4,5,5,Male,Tier 3,Store
53,216076,6.2,7,4.6,5,8,36,10,64997,102944,1,6,2,8,6,5,8,7,6,10,8,Other,Tier 1,Store
52,82523,7.7,11,5.3,8,6,26,0,93015,42513,9,3,6,4,7,5,10,7,6,6,8,Female,Tier 2,Hybrid
23,15000,11.1,7,4.9,8,9,39,8,74421,57142,8,3,6,10,9,8,5,4,2,8,5,Male,Tier 2,Hybrid
35,105860,10.3,8,5.7,6,10,35,7,77919,66310,7,8,6,8,10,7,10,1,5,3,5,Female,Tier 3,Online
48,214742,5.9,3,3.1,7,7,13,13,101317,75472,1,2,6,1,5,7,7,7,6,6,9,Male,Tier 3,Store
63,116231,9.1,12,2.2,2,6,37,7,99676,55899,8,4,1,6,10,7,1,5,3,6,2,Female,Tier 1,Store
44,128444,6.6,8,4.3,5,6,18,9,27387,48546,7,4,2,1,4,4,8,5,5,6,10,Male,Tier 2,Store
44,164348,6.0,7,3.3,8,8,31,4,94788,11610,3,4,2,4,6,6,6,4,9,4,6,Other,Tier 2,Online
76,96039,4.6,1,1.5,2,4,20,10,67596,109541,7,5,2,4,3,9,4,8,7,3,5,Male,Tier 1,Store
50,112046,6.5,4,2.2,3,6,19,13,66443,99959,10,2,2,4,8,1,4,4,5,7,4,Female,Tier 2,Store
57,97835,4.7,9,3.8,3,6,17,19,84766,84682,8,9,6,5,6,8,8,5,2,2,10,Female,Tier 3,Store
44,107595,7.3,11,4.9,6,7,40,9,87908,5228,4,3,5,5,7,4,10,4,7,4,3,Female,Tier 3,Hybrid
18,123183,8.7,1,5.5,6,10,46,1,116337,2801,5,7,1,2,7,10,8,4,2,10,6,Male,Tier 2,Hybrid
19,155174,4.9,6,4.1,9,10,22,10,85124,82573,4,4,2,3,2,5,10,5,2,6,5,Female,Tier 1,Store
76,91007,2.4,6,0.4,9,6,7,19,24789,41573,9,0,5,8,2,8,4,10,9,8,2,Other,Tier 1,Store
48,204715,6.5,8,2.6,5,8,34,3,94527,29655,8,9,3,3,4,4,6,5,4,7,10,Male,Tier 1,Hybrid
33,15000,6.7,7,2.8,6,6,24,4,66069,35731,9,9,5,7,6,9,5,3,3,10,5,Male,Tier 2,Hybrid
43,149950,5.8,7,3.7,7,8,31,0,86528,27459,6,9,5,4,5,8,5,5,6,8,6,Male,Tier 2,Store
67,91514,1.9,7,3.4,4,6,10,17,42762,115359,8,4,5,7,4,5,7,6,8,7,4,Male,Tier 1,Store
44,163761,9.4,7,3.9,5,6,24,9,81711,128473,6,0,3,4,6,6,5,2,3,3,7,Female,Tier 1,Hybrid
41,161505,6.1,3,2.2,6,10,26,7,114057,74281,8,5,5,3,7,7,5,10,4,3,8,Female,Tier 2,Store
41,154808,8.1,14,3.8,9,7,24,8,99529,42734,7,0,4,3,3,9,10,8,4,8,4,Female,Tier 2,Store
59,85470,5.4,9,0.1,6,5,14,11,35550,84487,9,5,4,4,4,7,4,4,7,2,2,Female,Tier 2,Store
52,123092,10.3,8,5.4,8,10,38,9,127920,91960,8,6,3,5,7,3,5,4,7,6,7,Male,Tier 2,Online
30,97361,7.6,11,6.0,5,9,25,12,115845,66907,10,9,3,8,1,6,10,7,3,6,7,Female,Tier 1,Hybrid
30,58940,8.0,10,4.1,8,10,30,5,68375,24924,7,6,3,5,4,7,9,1,6,8,7,Female,Tier 2,Online
38,119170,10.2,9,4.5,5,9,45,6,119952,29821,4,4,4,7,4,8,8,6,4,8,6,Male,Tier 2,Online
32,43747,7.0,7,4.9,8,10,30,11,62441,46709,5,9,7,3,7,7,8,6,4,7,4,Female,Tier 3,Hybrid
34,70060,9.6,14,4.8,7,8,33,6,110997,82284,8,9,3,8,7,6,8,1,5,7,5,Female,Tier 2,Hybrid
55,192269,5.0,9,1.5,2,5,12,12,72052,107752,2,9,1,3,5,4,4,9,2,9,8,Male,Tier 1,Store
18,15000,9.8,9,3.8,7,9,39,14,104577,106418,8,5,3,6,10,4,10,6,4,8,4,Other,Tier 2,Hybrid
45,172251,6.0,7,4.1,4,6,23,10,135741,57765,7,6,4,5,10,5,7,8,5,4,7,Male,Tier 1,Hybrid
50,145973,7.9,7,3.8,6,8,28,2,92602,29820,4,2,1,7,10,5,9,1,6,8,8,Male,Tier 2,Online
75,76668,5.7,10,2.0,4,1,0,15,20246,24319,8,0,3,3,2,9,6,9,7,5,3,Other,Tier 1,Store
32,15000,7.2,14,4.8,7,9,15,16,51883,62568,5,7,6,10,10,7,10,7,6,3,9,Other,Tier 3,Store
18,95876,9.4,2,3.5,10,9,43,5,150000,76711,10,5,5,9,10,9,10,6,3,6,1,Other,Tier 1,Online
57,122312,6.4,14,2.3,4,4,1,14,93219,125248,4,3,5,5,2,3,7,8,3,9,4,Female,Tier 3,Store
47,110490,7.6,4,3.4,9,8,35,5,125889,23442,6,5,7,5,8,8,4,7,7,7,5,Female,Tier 3,Hybrid
58,124427,5.0,2,1.9,8,8,13,12,27443,81924,9,7,3,4,7,5,8,7,6,7,5,Male,Tier 2,Store
42,100270,4.1,2,2.5,7,10,35,1,150000,1588,2,9,3,7,2,7,7,4,6,10,8,Male,Tier 1,Hybrid
22,81686,10.4,1,6.0,5,9,43,10,133176,26188,5,4,5,7,8,5,9,4,2,7,2,Female,Tier 3,Online
27,179181,6.1,9,2.4,8,10,31,15,132682,44481,3,4,3,6,9,7,9,7,2,5,5,Female,Tier 2,Store
26,87330,7.2,2,2.3,6,10,31,16,117886,77109,7,5,3,8,8,9,7,6,8,10,5,Female,Tier 1,Hybrid
60,90109,6.4,9,4.6,3,7,26,10,42072,120065,5,3,2,7,5,6,5,9,8,7,7,Male,Tier 1,Store
53,83973,4.8,6,1.6,3,8,26,11,74112,59558,6,5,6,5,7,5,6,6,4,7,7,Other,Tier 2,Store
74,97570,3.9,3,1.9,6,9,15,6,98402,99593,6,7,2,6,3,4,4,8,6,4,6,Other,Tier 1,Online
58,116343,6.7,14,3.3,7,6,9,14,46225,57250,4,0,6,7,5,7,6,4,5,5,10,Male,Tier 2,Store
58,103779,5.8,10,1.7,5,10,30,13,117246,89908,4,4,2,7,8,8,5,9,4,3,4,Female,Tier 2,Store
20,121275,7.9,1,5.2,8,6,29,13,55923,64846,6,6,5,10,2,6,10,6,3,8,9,Female,Tier 2,Hybrid
79,15000,5.9,11,0.0,6,4,9,14,19881,89652,4,6,7,8,5,5,4,10,5,5,5,Other,Tier 3,Store
20,79007,9.6,4,5.0,5,9,32,11,65622,62532,9,1,5,7,10,9,10,8,4,10,2,Female,Tier 3,Hybrid
48,134569,10.3,2,1.3,6,10,30,12,113143,46406,5,3,4,4,6,4,4,6,3,6,6,Other,Tier 2,Hybrid
57,127904,2.2,13,5.4,5,4,2,15,71333,106316,8,5,6,5,8,5,8,6,6,4,5,Male,Tier 3,Store
18,15000,10.8,3,4.0,7,10,48,9,122511,19162,7,7,5,6,6,5,9,3,6,4,3,Male,Tier 3,Hybrid
28,190182,9.7,9,5.5,10,9,42,6,96077,46011,2,7,3,6,10,5,9,2,3,3,10,Male,Tier 1,Hybrid
34,145384,7.9,12,4.2,7,10,29,3,143037,50025,5,6,3,3,8,8,2,7,1,10,5,Female,Tier 1,Hybrid
49,142122,7.5,10,5.7,6,4,34,0,150000,56520,5,4,6,4,10,5,7,3,2,5,5,Male,Tier 3,Store
27,111028,9.6,11,6.0,9,10,42,2,105191,40389,6,5,6,7,10,8,10,3,5,7,5,Other,Tier 3,Online
25,63401,10.3,6,3.1,6,10,49,1,117023,500,5,4,5,4,7,6,7,5,4,3,3,Female,Tier 2,Hybrid
18,86064,7.7,5,4.8,6,8,15,2,75479,79611,6,3,6,7,8,3,8,2,2,3,4,Male,Tier 3,Online
45,155756,4.7,7,3.5,6,6,18,6,57402,123017,2,4,4,6,3,5,5,5,7,7,9,Other,Tier 1,Store
68,98138,6.1,3,2.4,4,5,33,7,32527,45172,5,9,3,4,5,3,8,10,5,1,3,Male,Tier 3,Store
38,141596,6.0,12,3.2,9,7,11,11,68041,23920,1,7,2,4,4,7,5,10,3,7,6,Male,Tier 1,Store
79,56369,2.3,9,3.1,7,7,19,11,71637,54526,8,0,3,4,9,6,5,7,4,3,6,Other,Tier 2,Store
34,15000,8.2,10,6.0,3,6,32,4,39072,52017,7,2,6,7,8,5,9,2,1,8,6,Female,Tier 2,Online
18,137479,8.5,1,5.0,10,10,28,6,69798,29260,7,1,2,2,8,3,4,4,6,5,5,Female,Tier 1,Online
63,124909,6.6,2,2.3,6,6,19,8,66354,146830,5,6,2,6,7,7,5,7,5,7,7,Male,Tier 1,Store
38,136789,6.5,9,3.0,4,8,25,9,80479,90278,5,9,4,7,6,1,9,8,5,6,3,Other,Tier 2,Hybrid
42,49952,8.6,9,3.8,5,7,35,10,59290,41311,6,8,1,6,10,7,9,10,3,7,6,Male,Tier 1,Store
28,186407,5.9,10,5.2,5,10,24,6,121352,72296,3,0,5,3,4,5,8,5,4,6,4,Female,Tier 2,Store
48,65903,8.7,11,4.3,7,7,29,8,95991,114372,9,2,6,5,9,6,5,6,7,10,3,Female,Tier 2,Store
31,106715,10.9,8,4.9,9,10,49,2,127463,500,4,7,6,3,8,5,9,4,5,3,6,Female,Tier 3,Online
60,117232,4.1,6,1.2,3,4,0,14,15609,102440,7,4,5,8,3,5,3,9,5,5,1,Other,Tier 3,Store
21,178823,8.8,1,6.0,7,10,34,11,81570,121082,6,6,3,6,7,5,10,5,4,10,3,Male,Tier 2,Hybrid
79,93679,6.5,2,1.9,2,7,17,15,98392,81447,8,3,1,9,5,4,5,10,7,7,6,Male,Tier 1,Store
34,110375,8.6,11,5.5,8,8,39,2,121744,500,5,5,4,3,8,4,8,4,2,10,4,Male,Tier 1,Hybrid
20,16386,10.7,2,5.7,8,8,49,3,35316,500,10,7,2,9,10,6,8,5,2,9,3,Female,Tier 2,Online
41,132668,11.1,6,5.0,5,7,10,15,33149,29404,7,4,7,4,6,7,8,4,6,8,3,Female,Tier 3,Online
35,161169,7.5,13,3.6,9,10,35,6,93633,79811,4,6,4,7,9,8,7,6,3,10,4,Male,Tier 3,Online
50,101044,7.9,8,3.8,8,8,19,10,96565,60757,9,4,2,7,10,10,9,7,5,7,7,Female,Tier 1,Store
39,113333,8.6,13,6.0,9,9,32,5,60586,24855,10,8,7,8,7,4,10,4,6,4,6,Male,Tier 2,Hybrid
33,113215,9.5,8,6.0,8,10,26,12,69491,77976,9,6,7,5,3,5,10,9,2,9,7,Male,Tier 3,Store
40,71113,5.6,3,4.0,8,9,23,6,100850,19175,7,5,3,10,6,8,2,5,4,10,5,Female,Tier 1,Hybrid
43,72553,8.9,11,5.2,10,9,25,10,43832,79641,6,0,3,5,7,10,10,10,1,6,5,Male,Tier 2,Hybrid
48,97703,9.8,8,3.8,4,6,30,3,73237,81686,7,5,2,8,9,3,10,8,4,4,5,Other,Tier 1,Hybrid
44,167827,8.1,13,2.9,4,4,17,14,29160,96123,4,3,1,8,7,8,7,6,4,6,4,Female,Tier 1,Store
59,206739,9.0,13,1.8,5,8,29,9,150000,90957,5,9,2,5,7,7,3,8,8,10,6,Female,Tier 1,Hybrid
58,94330,4.6,4,0.6,5,8,9,13,2197,62102,8,6,5,6,7,8,5,10,9,2,2,Female,Tier 3,Store
51,145684,8.7,8,4.4,7,9,25,10,150000,67404,7,8,6,9,8,1,9,5,8,7,10,Female,Tier 2,Hybrid
44,116571,9.2,4,5.1,7,8,31,10,132839,56787,4,5,3,6,9,6,10,4,4,4,5,Male,Tier 2,Hybrid
49,71684,9.6,8,3.8,10,10,29,19,97132,104579,7,5,4,6,4,5,4,8,5,9,6,Female,Tier 3,Hybrid
34,127073,10.0,11,6.0,1,5,17,9,71198,103050,6,1,4,2,2,5,10,5,4,6,10,Male,Tier 1,Store
23,156687,10.3,1,2.7,6,10,39,0,100364,90365,7,8,4,8,9,7,6,5,5,8,2,Female,Tier 3,Online
24,156541,7.4,4,3.1,4,10,38,4,150000,26563,5,9,6,7,9,9,8,3,4,8,5,Female,Tier 2,Online
37,196007,10.4,6,5.1,8,10,49,3,131732,63711,5,5,1,3,9,6,8,8,5,5,7,Other,Tier 1,Online
48,120084,5.0,6,3.6,2,5,19,5,100145,66647,8,5,3,5,2,7,4,5,7,6,4,Female,Tier 1,Store
42,179307,11.9,2,3.5,7,9,35,11,128330,130342,8,7,5,4,10,7,7,6,3,9,10,Female,Tier 1,Store
27,180526,7.3,7,4.5,8,9,37,1,143979,33137,6,9,4,6,6,4,5,4,2,7,6,Female,Tier 2,Online
30,169532,7.0,7,3.7,4,9,37,9,150000,93706,5,3,4,5,9,9,7,3,2,10,6,Male,Tier 1,Online
27,112478,7.1,13,5.9,9,10,29,6,47162,68633,4,9,5,9,6,10,9,4,5,9,6,Male,Tier 1,Online
73,183227,3.5,10,0.1,3,7,27,2,119188,10444,8,5,4,4,7,6,2,4,6,6,3,Male,Tier 3,Hybrid
66,15195,4.5,3,0.5,3,9,24,8,62144,47633,8,9,3,8,9,8,5,8,7,8,4,Other,Tier 1,Store
46,134603,10.5,3,2.9,5,10,22,13,134063,56935,7,4,6,7,1,8,5,5,1,2,8,Male,Tier 3,Store
34,52287,5.4,9,2.9,8,8,21,13,49399,55374,7,8,2,6,9,7,8,5,5,8,7,Male,Tier 1,Hybrid
55,124469,8.5,4,1.2,3,6,29,4,85752,53735,7,9,3,6,6,8,3,6,4,10,3,Male,Tier 3,Store
54,84331,6.1,4,3.6,4,8,31,5,88068,47601,4,7,6,5,8,6,7,5,7,9,9,Male,Tier 3,Hybrid
40,163137,8.6,5,4.9,6,8,38,0,130573,18735,6,4,5,7,5,10,8,2,5,10,4,Male,Tier 2,Online
19,46149,11.4,4,6.0,10,7,32,12,33938,53809,7,8,4,8,2,8,9,6,2,10,5,Male,Tier 2,Online
50,84455,9.2,10,2.4,6,8,33,8,71910,69338,9,6,3,8,10,6,9,4,3,10,4,Female,Tier 2,Hybrid
32,96177,5.4,12,4.7,4,6,9,10,4249,37178,10,4,1,7,1,3,10,6,4,9,7,Other,Tier 1,Store
27,15000,9.4,11,4.2,10,8,23,10,79545,500,7,5,4,3,6,2,10,5,1,9,5,Male,Tier 2,Hybrid
35,77106,7.9,10,2.9,3,5,5,15,900,89958,6,6,3,9,1,4,6,8,3,8,9,Other,Tier 2,Store
23,15000,9.8,10,6.0,8,7,28,8,1918,37464,10,7,6,7,6,5,9,10,4,8,6,Male,Tier 3,Hybrid
45,162893,7.3,6,3.6,10,9,26,4,150000,78599,6,4,2,4,4,7,7,5,8,8,7,Male,Tier 1,Online
54,44554,2.1,9,1.3,1,5,15,9,58634,68001,4,7,4,7,6,4,3,9,7,4,10,Other,Tier 3,Store
46,124467,7.0,11,2.4,4,7,33,1,103187,41696,6,5,3,9,6,5,6,3,6,1,10,Other,Tier 2,Hybrid
51,97832,6.5,7,1.7,6,10,34,13,132031,83503,7,6,7,7,9,7,7,6,4,3,7,Male,Tier 2,Hybrid
56,122372,7.9,8,3.7,8,7,29,7,125551,57922,5,9,3,3,8,1,8,5,5,9,6,Male,Tier 3,Online
56,71425,5.8,8,2.9,3,3,3,14,59443,56909,9,4,7,6,3,6,7,10,8,5,5,Other,Tier 3,Store
42,131154,6.5,8,5.5,8,9,49,0,150000,62574,5,7,4,4,7,6,10,6,6,8,6,Female,Tier 2,Online
35,54176,9.7,6,4.0,8,10,49,0,132139,500,9,9,4,4,10,4,8,1,5,10,6,Male,Tier 1,Online
43,160245,7.1,12,1.2,5,10,49,1,125178,51071,6,9,4,4,10,6,7,7,3,5,3,Other,Tier 1,Hybrid
55,145335,5.6,7,3.5,8,6,14,18,61921,71263,5,4,2,7,5,7,3,10,5,8,8,Male,Tier 1,Store
21,43358,5.4,2,3.1,7,8,26,5,35514,500,7,9,4,7,7,4,10,1,6,8,3,Other,Tier 3,Hybrid
50,148272,10.5,5,5.3,7,10,45,0,115863,25859,2,6,3,2,10,7,9,2,1,6,1,Male,Tier 1,Online
28,157578,12.0,13,6.0,2,10,49,10,150000,43181,5,7,2,5,4,8,9,5,1,9,10,Female,Tier 1,Hybrid
30,128613,4.2,6,4.2,5,10,25,14,65260,120340,1,6,3,4,10,8,6,7,5,10,5,Female,Tier 1,Store
58,139419,3.4,1,1.9,4,5,1,19,39866,112138,7,3,4,7,3,4,2,10,4,4,3,Other,Tier 1,Store
54,169018,4.8,7,0.3,1,5,1,17,63814,141563,7,7,4,1,1,5,2,8,7,5,2,Female,Tier 3,Store
60,49253,7.3,3,3.5,1,3,21,12,43567,99019,6,9,5,9,9,2,7,7,5,5,4,Male,Tier 2,Store
62,171734,7.8,1,0.8,6,7,9,15,77690,82868,4,8,6,3,9,2,7,10,7,9,3,Female,Tier 3,Store
63,63347,8.7,3,3.1,4,6,18,8,31065,108561,8,4,2,7,6,3,8,8,9,8,1,Other,Tier 1,Store
44,228754,7.2,3,4.7,4,9,25,9,150000,137749,1,7,5,7,9,4,6,8,4,5,5,Female,Tier 2,Hybrid
35,120420,5.8,14,4.5,5,6,21,13,69023,38537,8,4,3,5,3,3,7,7,5,10,1,Female,Tier 1,Hybrid
42,152706,8.9,5,5.9,6,5,14,9,74170,78075,3,3,6,6,5,6,10,5,4,8,8,Female,Tier 3,Store
47,60479,9.7,14,4.4,3,10,38,2,42581,500,6,5,2,7,6,7,5,5,6,7,7,Female,Tier 2,Online
79,134208,2.0,9,0.1,4,5,2,12,57744,85418,6,3,7,5,6,5,1,10,6,7,3,Male,Tier 2,Store
36,110166,9.5,11,6.0,10,10,49,2,117582,37820,4,8,6,3,5,4,9,1,4,9,8,Male,Tier 3,Online
18,206742,9.6,1,4.8,6,9,31,6,116658,79537,3,9,3,5,6,3,7,2,4,10,4,Female,Tier 1,Hybrid
24,155678,9.5,5,5.0,7,10,41,0,144106,38188,3,9,7,6,6,5,9,2,1,7,8,Other,Tier 3,Online
29,49972,11.2,11,4.5,7,8,49,0,146775,897,7,3,4,5,6,9,7,3,1,7,10,Female,Tier 2,Online
79,77790,1.0,10,2.2,2,1,0,11,37511,138251,7,6,5,5,7,4,3,8,9,10,1,Male,Tier 1,Store
25,80934,8.0,6,6.0,8,10,29,15,114671,68906,4,4,5,9,7,9,10,4,1,5,10,Other,Tier 2,Hybrid
32,130434,3.3,3,4.6,8,8,11,14,139887,86423,6,0,2,4,8,7,9,4,3,4,9,Female,Tier 1,Store
60,157635,7.2,1,2.5,9,10,32,12,100963,22718,4,3,4,5,4,9,5,5,4,5,4,Male,Tier 3,Hybrid
48,102796,6.3,8,4.2,6,9,16,12,73517,57720,7,2,5,6,5,4,10,9,6,3,6,Male,Tier 2,Store
18,15000,8.6,4,5.8,5,9,44,8,88022,52917,5,4,2,3,10,8,6,5,4,10,5,Male,Tier 1,Hybrid
37,55364,9.0,6,3.7,6,5,35,0,133276,17837,7,5,3,8,10,7,9,5,2,8,4,Male,Tier 2,Hybrid
70,200021,1.0,2,1.5,1,3,1,19,23476,123873,6,0,3,7,1,8,6,7,10,10,1,Other,Tier 1,Store
42,107431,10.0,2,4.1,10,10,40,4,119063,1799,10,5,3,3,8,6,6,5,4,7,5,Female,Tier 2,Hybrid
32,151838,9.1,5,4.5,6,9,24,15,78965,84958,3,5,3,2,5,6,9,7,4,10,8,Male,Tier 1,Store
68,67507,6.9,9,1.7,6,7,14,9,35214,80182,7,5,4,6,4,2,2,4,6,10,5,Other,Tier 2,Store
37,110893,9.8,14,6.0,6,10,33,13,57791,26776,5,5,1,8,4,8,7,10,4,7,8,Female,Tier 1,Hybrid
31,137710,10.7,10,6.0,6,8,30,8,101078,59237,4,9,4,8,9,7,8,5,2,6,8,Other,Tier 2,Store
42,134267,11.1,3,6.0,6,6,34,15,72943,95276,6,1,7,9,9,6,9,5,7,6,4,Female,Tier 3,Store
42,120678,5.1,8,3.4,3,10,31,11,87625,114303,8,8,5,3,9,4,5,3,8,5,4,Other,Tier 3,Online
40,37053,8.6,9,5.4,8,9,33,5,75740,500,8,8,4,7,10,6,8,4,1,7,6,Male,Tier 3,Hybrid
36,79569,10.5,10,6.0,8,10,44,3,105297,51718,10,8,5,8,7,7,8,5,7,4,9,Male,Tier 2,Hybrid
41,72936,8.5,10,4.5,6,8,26,11,60436,99458,5,2,6,4,10,3,9,7,7,6,3,Female,Tier 3,Hybrid
23,68193,8.5,5,2.1,4,7,36,13,110164,85078,7,8,5,10,9,6,6,5,2,3,6,Female,Tier 3,Online
62,93062,3.6,10,2.2,8,7,11,13,72229,93549,5,4,6,7,5,8,5,6,8,4,1,Female,Tier 3,Store
19,92680,6.5,6,6.0,6,10,27,7,65348,52804,9,6,3,8,7,6,7,5,2,8,6,Other,Tier 2,Store
51,144289,4.6,11,2.6,6,10,32,13,100624,103931,6,7,2,3,6,10,7,8,6,9,7,Female,Tier 2,Store
42,139553,9.3,8,6.0,2,9,28,7,111929,51239,7,7,4,6,1,4,10,8,4,10,8,Male,Tier 3,Store
66,49693,7.1,7,1.3,8,7,13,12,23168,51426,8,4,7,7,4,5,6,10,4,5,3,Male,Tier 3,Store
29,140624,10.8,13,4.4,4,9,38,8,101781,17889,8,4,7,7,6,9,7,3,7,5,7,Female,Tier 3,Hybrid
60,150281,3.6,2,1.0,7,3,16,15,72080,74973,4,6,4,6,7,7,5,10,4,6,7,Female,Tier 2,Store
31,73132,8.9,7,6.0,7,10,39,6,130963,61789,9,4,5,4,8,4,8,7,3,9,4,Male,Tier 3,Hybrid
62,176341,4.4,3,2.9,3,4,23,4,40221,52493,3,2,5,5,5,6,10,6,7,5,5,Male,Tier 1,Store
48,117514,4.6,9,4.6,1,6,19,12,14771,74561,4,4,4,5,8,5,10,7,5,5,3,Female,Tier 1,Store
18,47326,11.4,12,5.8,4,10,44,10,135405,128110,8,9,1,5,7,10,10,5,2,8,2,Other,Tier 1,Hybrid
38,91973,12.0,14,4.6,5,9,49,6,95647,45833,5,3,3,5,7,4,6,5,3,5,10,Female,Tier 2,Online
30,71447,10.7,5,4.9,4,10,45,1,101162,500,5,9,2,7,10,9,6,5,1,9,6,Other,Tier 1,Online
79,106051,5.4,10,3.5,4,9,25,2,8640,12619,8,4,6,7,6,6,5,8,1,5,4,Other,Tier 3,Hybrid
33,140162,8.6,13,4.1,8,10,48,3,144748,50210,7,7,5,8,5,3,9,8,5,9,6,Male,Tier 2,Online
58,211571,5.0,9,1.4,8,7,25,10,150000,117188,4,2,5,6,7,7,7,8,5,9,7,Female,Tier 1,Hybrid
35,127309,10.1,13,3.8,6,10,33,9,128324,35863,7,2,6,4,10,6,9,4,3,6,8,Other,Tier 3,Hybrid
46,81531,8.0,3,3.3,8,8,43,4,143048,7296,6,8,3,7,8,3,7,7,1,10,8,Female,Tier 2,Hybrid
41,65807,8.5,4,4.2,9,8,30,2,65454,80024,8,8,4,8,6,10,3,6,3,5,5,Male,Tier 3,Hybrid
62,203018,5.4,7,0.0,4,7,8,5,63484,84940,4,4,5,10,3,4,4,6,9,2,2,Other,Tier 3,Store
36,126687,11.6,9,4.1,6,8,38,18,55073,91590,7,3,6,7,8,6,9,3,5,10,8,Male,Tier 2,Store
40,77904,5.7,8,3.9,7,8,9,16,36167,64140,6,4,5,5,3,10,10,7,3,6,9,Male,Tier 2,Store
79,110762,2.6,5,2.0,2,4,0,12,34793,37062,4,1,2,5,6,3,4,10,7,7,1,Female,Tier 2,Store
51,187572,5.8,2,4.3,6,7,22,8,122993,114734,5,5,2,5,7,6,9,3,5,8,7,Male,Tier 1,Store
64,151266,5.2,4,0.7,2,6,32,4,138984,58519,4,6,4,3,4,3,5,5,6,4,7,Female,Tier 3,Store
42,222471,10.6,9,3.8,7,7,31,8,150000,70511,4,5,4,5,8,6,8,8,5,9,7,Other,Tier 3,Online
24,97286,8.1,6,4.3,7,7,33,10,22480,85807,8,6,5,8,5,5,10,2,3,8,5,Female,Tier 2,Store
18,62981,9.6,2,6.0,8,10,23,2,54745,6718,10,6,6,8,6,5,7,1,5,10,2,Female,Tier 3,Online
79,78279,5.7,5,1.2,3,6,11,10,73610,77917,8,5,3,7,1,5,1,9,5,7,6,Male,Tier 1,Store
60,71426,6.9,2,5.1,4,9,31,4,61642,3664,7,5,5,3,2,5,8,8,8,4,5,Male,Tier 3,Hybrid
45,107723,8.8,8,3.1,4,8,36,6,127550,36924,6,6,5,9,8,7,6,4,5,10,10,Male,Tier 1,Hybrid
19,125973,11.0,6,5.3,7,9,42,9,150000,70661,7,3,2,4,9,10,9,1,1,10,4,Female,Tier 1,Online
41,116363,7.9,2,3.1,4,10,28,2,77730,18871,6,7,4,7,6,9,7,2,6,5,6,Female,Tier 1,Hybrid
57,120547,5.1,9,1.4,3,8,22,14,62634,47973,8,7,5,3,5,4,5,6,7,5,3,Male,Tier 2,Store
47,190038,5.5,10,3.2,6,8,7,6,67030,88485,6,3,5,5,2,6,4,8,7,8,6,Male,Tier 2,Store
45,137446,7.8,3,2.8,10,9,43,6,104555,90217,6,9,5,3,5,6,6,5,6,10,6,Female,Tier 2,Online
55,121865,6.2,5,2.2,8,5,19,6,77265,40414,4,6,6,6,9,5,8,5,7,6,6,Female,Tier 3,Hybrid
75,185859,5.5,8,2.1,5,7,13,9,71374,123744,6,3,1,3,7,10,1,7,10,5,6,Female,Tier 1,Store
45,37281,8.8,8,5.4,4,10,42,8,32696,500,6,6,6,8,5,9,5,2,3,7,5,Male,Tier 3,Hybrid
52,109487,5.7,12,3.3,5,7,31,8,62172,40422,6,2,2,9,7,5,8,5,5,4,3,Male,Tier 2,Store
28,161736,10.4,4,5.1,7,8,28,6,142643,40035,7,4,6,3,7,8,10,4,3,6,9,Female,Tier 2,Hybrid
28,15000,8.4,14,4.0,5,9,27,2,49877,500,9,2,6,9,2,7,7,3,4,7,9,Other,Tier 2,Hybrid
56,109786,1.8,10,1.4,4,4,4,11,56390,70751,6,6,7,6,2,3,6,9,6,10,6,Male,Tier 2,Store
44,135795,8.3,1,3.9,10,10,39,0,78862,69251,4,6,4,4,8,8,6,3,8,8,8,Female,Tier 1,Online
79,59080,4.3,10,3.1,9,6,20,9,72895,21017,6,4,6,3,6,5,7,8,4,4,4,Male,Tier 3,Hybrid
52,142728,5.3,4,4.2,6,9,11,17,54473,79652,9,7,5,5,4,7,9,5,5,10,10,Other,Tier 3,Store
57,126775,6.1,12,2.9,5,5,13,9,77899,15404,5,5,3,4,3,7,3,8,4,7,8,Male,Tier 3,Store
45,157826,6.0,9,1.3,9,7,20,16,75814,77292,5,4,4,4,8,10,5,7,6,7,6,Female,Tier 1,Store
59,117326,6.6,6,2.0,4,6,9,16,44516,58847,3,5,1,6,3,8,4,7,8,10,4,Male,Tier 2,Store
22,25560,10.7,4,5.2,6,10,44,1,136854,65049,2,9,7,7,3,5,7,2,5,4,5,Other,Tier 3,Online
56,78785,3.0,12,2.9,8,6,0,18,54184,26156,6,2,5,4,5,2,5,8,6,6,4,Female,Tier 3,Store
36,147729,7.0,14,6.0,6,7,31,4,107297,44392,4,9,5,2,5,5,10,7,6,5,10,Male,Tier 3,Hybrid
51,114149,9.3,6,6.0,7,7,14,14,74242,70429,3,4,5,6,7,7,9,6,6,7,1,Male,Tier 1,Hybrid
43,86898,6.3,9,2.0,6,9,24,11,86502,56428,3,4,5,9,4,7,5,5,4,5,3,Female,Tier 1,Hybrid
18,109663,6.3,6,3.2,6,10,35,4,121657,62423,4,4,4,5,6,6,6,4,4,10,3,Male,Tier 1,Hybrid
42,109063,11.0,3,3.5,6,7,46,0,150000,74387,5,7,3,4,8,7,6,2,4,9,8,Female,Tier 1,Online
58,94470,3.7,6,3.7,6,4,1,8,900,85920,6,6,5,4,9,5,10,5,6,9,2,Male,Tier 1,Store
48,157787,5.7,4,4.8,3,8,13,14,76893,25207,5,3,2,4,7,8,9,6,10,6,8,Female,Tier 2,Store
31,133870,10.1,11,2.7,5,10,42,3,107902,42485,3,4,3,6,6,9,5,3,8,8,3,Male,Tier 2,Online
38,166781,8.6,14,6.0,7,8,14,9,36998,95877,2,2,7,4,4,4,10,4,3,4,10,Male,Tier 2,Hybrid
31,98841,9.5,11,5.7,5,8,23,11,3507,20885,7,5,5,6,7,7,10,2,4,7,2,Other,Tier 1,Hybrid
55,63926,6.8,7,4.0,6,9,40,7,85862,7664,3,9,4,6,7,6,7,4,6,4,8,Male,Tier 2,Hybrid
43,197903,5.5,12,4.7,6,10,34,8,136954,144510,4,7,4,3,10,6,5,6,2,10,8,Female,Tier 2,Hybrid
37,95740,7.0,8,4.3,8,7,19,6,61682,64897,6,5,2,8,4,8,7,6,6,7,6,Male,Tier 2,Store
42,114344,5.0,12,1.2,7,8,29,7,53690,95182,1,3,5,9,6,6,7,6,6,8,6,Female,Tier 1,Hybrid
34,90517,9.5,11,4.0,9,10,34,4,111481,71421,6,5,7,7,8,5,8,5,2,7,7,Other,Tier 3,Hybrid
68,15000,3.3,1,0.6,1,4,0,19,900,83289,7,5,5,10,2,7,8,7,8,1,4,Male,Tier 3,Store
45,203698,9.1,14,3.9,7,9,32,5,150000,55007,5,3,5,3,7,6,4,3,3,10,10,Male,Tier 1,Hybrid
55,76529,4.9,8,4.0,2,6,23,16,68497,76097,10,8,3,4,8,5,8,9,8,1,6,Male,Tier 2,Store
36,215959,9.4,9,3.7,4,7,39,5,149123,67528,6,3,4,7,2,7,10,6,8,5,10,Male,Tier 2,Hybrid
62,192114,7.3,7,2.6,7,6,33,8,120037,100801,4,5,4,6,7,5,6,10,7,6,5,Other,Tier 1,Hybrid
53,109211,3.0,8,1.3,8,1,1,17,900,74111,6,4,2,7,3,5,8,8,4,5,5,Female,Tier 2,Store
42,134145,9.8,9,5.8,5,6,35,11,121011,68398,7,7,3,6,10,9,6,7,4,6,8,Other,Tier 1,Hybrid
34,79745,8.4,13,3.2,8,8,25,10,900,77358,7,6,3,7,5,5,6,4,8,10,2,Male,Tier 2,Hybrid
79,22923,5.7,5,0.9,5,4,8,15,28551,24617,6,3,6,4,3,2,2,9,6,5,10,Other,Tier 2,Store
63,79785,2.1,1,2.2,7,5,0,15,21668,75171,10,2,5,6,3,5,8,8,4,4,6,Other,Tier 2,Store
36,180439,4.5,12,3.4,6,6,10,17,67465,102797,6,0,6,2,4,7,10,7,5,7,4,Other,Tier 1,Store
37,230989,6.3,9,4.8,3,7,22,15,104499,109084,5,4,5,5,8,6,9,7,4,10,9,Male,Tier 2,Hybrid
58,129679,2.2,12,0.0,3,7,17,9,47408,65162,8,8,5,5,1,6,3,8,6,3,1,Female,Tier 3,Store
51,98403,8.0,11,4.7,6,5,24,17,49626,70191,5,5,3,4,4,9,9,9,5,9,5,Other,Tier 1,Store
65,100448,6.5,2,2.0,7,7,18,12,41628,68755,4,7,3,8,2,7,2,10,10,5,1,Male,Tier 2,Store
42,165485,6.2,4,4.3,7,7,23,9,112955,57540,2,8,6,3,7,1,6,3,5,8,5,Female,Tier 2,Store
41,149750,5.8,11,4.0,6,9,32,13,120122,82547,6,3,5,7,10,10,6,5,6,10,5,Male,Tier 1,Hybrid
20,163728,9.7,2,6.0,9,9,28,5,103591,72870,6,4,4,5,4,5,8,5,3,10,7,Male,Tier 2,Online
39,160349,9.6,4,4.7,10,10,47,5,134848,51176,5,7,1,3,4,8,8,4,4,10,5,Female,Tier 2,Online
50,147262,6.3,7,4.5,3,5,10,10,29998,24037,2,0,7,8,2,3,6,8,6,7,2,Female,Tier 2,Store
47,129691,7.4,3,3.5,6,6,32,7,121734,58714,8,7,5,8,4,10,6,3,7,10,9,Female,Tier 1,Store
38,108161,4.6,11,3.0,6,7,10,19,56954,113128,5,5,4,3,4,7,10,5,4,4,1,Male,Tier 2,Store
26,138498,8.3,14,3.9,4,9,38,8,140570,39050,6,0,5,6,5,7,6,6,1,10,5,Male,Tier 2,Hybrid
64,167800,3.7,6,0.5,7,4,4,14,44147,71462,5,7,6,3,3,3,6,10,5,1,6,Male,Tier 3,Store
33,15144,9.5,8,6.0,9,10,38,2,54868,56077,8,4,3,9,7,9,6,6,3,10,2,Female,Tier 2,Hybrid
57,101647,6.9,14,2.8,3,8,26,18,55899,70108,5,4,5,5,7,6,7,10,2,3,1,Male,Tier 2,Store
52,66890,6.9,8,5.4,4,5,33,4,78392,108198,7,1,4,6,10,1,9,10,4,4,10,Male,Tier 3,Store
34,137979,8.9,11,2.0,7,10,48,7,150000,48330,7,9,4,4,3,5,3,4,6,10,7,Female,Tier 3,Hybrid
24,93133,9.7,2,6.0,7,10,38,0,56772,70551,8,4,2,5,6,7,10,3,4,8,1,Female,Tier 1,Online
63,95638,8.6,8,2.1,4,6,18,8,87351,27564,10,2,1,7,1,6,8,5,5,5,7,Other,Tier 1,Store
41,96293,3.9,1,3.7,5,7,19,14,23014,125766,9,5,5,6,1,5,9,9,4,4,6,Female,Tier 3,Store
32,113357,6.8,11,5.2,8,10,39,3,115436,2421,5,8,2,10,5,8,3,5,3,9,4,Other,Tier 3,Online
31,137709,8.6,14,3.0,5,8,22,8,98071,111079,10,3,3,10,6,6,10,6,5,7,6,Male,Tier 2,Hybrid
56,142898,4.4,7,3.2,7,6,15,12,42773,107593,6,1,6,6,5,6,7,4,6,7,7,Female,Tier 3,Store
68,158832,1.2,1,0.0,2,1,0,19,109941,36733,6,6,1,6,6,4,3,9,9,7,7,Female,Tier 1,Store
31,100414,8.4,12,6.0,6,9,32,12,150000,115658,6,9,3,5,6,7,10,5,6,10,10,Female,Tier 1,Store
52,193176,8.9,3,1.5,3,7,24,16,68197,92662,8,4,6,6,5,1,4,7,4,8,6,Female,Tier 3,Store
41,59405,7.3,9,3.7,8,9,29,7,65867,43566,6,4,4,5,7,4,6,5,4,7,10,Female,Tier 2,Hybrid
62,49841,7.9,6,3.9,6,8,32,11,75791,74947,7,8,5,8,10,9,5,5,9,10,4,Male,Tier 2,Hybrid
27,16844,8.0,10,4.2,3,10,39,5,110203,500,9,5,3,9,10,3,9,8,3,7,8,Male,Tier 3,Hybrid
33,179160,8.0,11,4.5,6,10,14,19,27078,107431,7,1,1,5,1,8,7,8,5,7,3,Female,Tier 2,Store
24,95019,8.4,4,6.0,7,6,30,12,125872,30119,7,7,2,7,5,7,9,10,5,8,5,Female,Tier 1,Store
40,102925,8.8,4,4.6,10,8,24,2,86649,85096,7,6,4,10,10,8,10,4,4,6,5,Female,Tier 3,Hybrid
43,43291,11.3,5,6.0,10,10,30,6,27653,45006,6,4,4,9,6,3,5,6,3,9,6,Male,Tier 2,Online
43,186099,6.4,7,4.1,8,5,4,10,48318,125687,6,1,4,6,7,6,10,10,6,7,3,Female,Tier 2,Store
48,210953,7.5,8,3.0,8,7,31,7,142884,48199,6,2,1,3,8,9,9,6,4,8,9,Other,Tier 1,Hybrid
52,164387,7.7,12,4.5,1,5,36,3,136412,77291,6,9,5,6,9,6,7,8,4,6,2,Male,Tier 2,Store
50,56917,6.1,14,3.0,5,4,12,11,26128,49411,7,2,4,10,3,7,9,9,5,9,6,Female,Tier 1,Store
24,47477,8.8,8,3.6,8,10,49,2,111528,500,6,6,6,6,10,7,7,2,5,9,4,Male,Tier 1,Online
42,142883,1.0,6,0.7,4,3,0,16,55364,77113,8,1,2,7,4,9,8,7,1,5,7,Female,Tier 2,Store
33,225760,8.7,8,3.4,9,10,49,0,150000,55523,2,4,2,9,8,6,6,1,4,3,7,Female,Tier 1,Online
39,43215,6.2,7,4.6,4,5,12,9,27583,34161,7,3,5,10,5,3,4,7,3,6,5,Male,Tier 3,Store
25,15000,7.9,13,3.2,8,10,34,7,63246,31066,7,6,7,6,5,4,5,4,2,7,10,Male,Tier 3,Store
61,135205,5.7,8,1.7,3,6,17,19,74652,38286,4,2,4,4,4,8,6,10,4,10,1,Female,Tier 1,Store
49,146044,9.0,8,4.6,1,10,33,0,113336,42236,5,7,5,7,5,10,7,5,7,7,5,Female,Tier 1,Store
57,100162,5.7,8,1.9,2,5,30,5,81951,99110,3,7,4,6,9,8,3,4,5,7,5,Other,Tier 3,Hybrid
79,140169,2.0,5,2.0,5,1,0,11,86831,93783,8,5,2,3,4,9,6,9,6,4,4,Female,Tier 1,Store
31,81756,8.1,8,4.8,9,10,32,12,92814,92697,5,1,5,6,9,4,5,5,8,9,2,Male,Tier 2,Hybrid
79,81415,10.2,6,5.6,7,7,36,11,63826,31231,4,4,4,3,6,6,9,10,8,10,6,Male,Tier 3,Hybrid
42,177925,10.5,3,3.6,1,6,30,7,123253,83415,2,6,5,4,10,8,6,5,6,10,8,Female,Tier 2,Store
67,82092,3.4,7,1.4,5,10,27,9,51545,47730,7,7,2,5,9,6,2,10,8,9,1,Male,Tier 3,Store
76,71321,6.4,5,3.3,3,7,31,10,71373,87699,6,4,7,7,6,8,10,7,8,6,6,Other,Tier 3,Hybrid
47,40422,7.1,7,4.2,6,4,17,14,48873,65016,10,3,2,8,4,1,10,8,4,7,10,Female,Tier 1,Store
47,112830,7.3,6,4.4,5,10,28,14,104131,79175,4,3,4,4,8,6,4,10,7,9,4,Female,Tier 3,Hybrid
56,190681,6.3,14,2.7,4,8,34,3,123384,44768,4,7,3,5,7,6,7,8,6,8,1,Other,Tier 1,Store
59,129191,4.6,5,0.0,9,5,7,15,23699,92439,5,3,4,5,5,5,5,6,3,6,2,Female,Tier 1,Store
52,152169,8.1,4,3.0,4,8,32,5,132399,77142,10,6,1,3,6,1,7,6,9,9,8,Female,Tier 1,Hybrid
55,195439,4.8,8,3.4,5,5,24,17,115350,46796,6,5,6,5,6,2,9,4,6,4,8,Female,Tier 2,Store
19,69262,8.3,5,2.9,5,6,38,0,117938,12858,5,6,3,5,8,6,8,3,7,5,7,Other,Tier 2,Hybrid
55,107159,7.4,8,2.7,4,8,23,10,58045,57285,6,5,2,7,3,4,4,4,5,4,6,Male,Tier 1,Store
47,69856,4.3,2,1.0,3,5,6,18,70629,78210,8,4,7,5,5,6,3,5,5,6,3,Female,Tier 3,Store
43,160497,8.5,3,2.4,7,10,33,4,136193,50864,7,3,5,9,8,9,6,6,6,6,8,Male,Tier 1,Online
49,181990,7.0,11,3.5,5,5,30,3,72519,112674,4,5,4,5,5,7,10,2,7,10,10,Male,Tier 1,Store
51,90595,11.9,5,3.8,10,6,39,5,114872,67336,6,7,4,7,1,5,10,10,4,7,5,Other,Tier 2,Hybrid
60,189140,5.2,6,3.0,3,7,21,6,150000,108294,8,4,3,5,8,4,5,6,9,9,4,Male,Tier 1,Store
51,117285,3.0,10,2.2,6,9,29,6,47830,11775,6,6,3,6,7,7,5,8,5,5,3,Female,Tier 2,Hybrid
52,76955,5.1,9,3.7,7,10,41,6,76403,500,8,4,4,8,8,10,7,4,4,10,7,Female,Tier 1,Hybrid
44,193051,5.8,5,2.0,9,9,36,2,106953,90178,3,3,3,3,8,9,5,7,4,7,9,Male,Tier 2,Hybrid
54,133834,6.3,7,2.3,5,7,12,10,58869,71587,10,2,4,2,2,6,3,10,4,10,4,Male,Tier 2,Store
45,116733,5.2,6,3.1,10,5,18,9,120985,67604,7,6,4,6,4,5,9,10,6,9,10,Female,Tier 1,Store
57,119790,4.1,8,3.1,8,4,4,8,80107,32833,9,5,3,5,1,7,5,9,6,4,1,Female,Tier 1,Store
44,117410,4.1,8,2.2,5,4,0,13,23798,65942,5,3,4,6,9,6,6,5,5,7,6,Other,Tier 2,Store
29,177033,10.6,7,6.0,3,4,25,17,111950,83323,3,9,7,6,8,7,10,5,5,7,5,Female,Tier 3,Store
64,128981,9.2,2,3.2,4,6,26,7,92166,92244,3,2,3,6,3,8,6,8,5,4,4,Male,Tier 2,Store
76,78616,4.8,8,0.1,7,7,15,13,78890,47665,6,5,7,7,8,4,1,8,6,6,7,Female,Tier 3,Hybrid
56,16440,5.1,6,1.8,6,7,13,10,24388,500,7,3,5,8,2,7,4,8,5,8,3,Male,Tier 2,Store
79,52351,3.2,5,0.7,6,5,9,19,61854,108866,10,3,6,6,4,1,5,9,8,5,5,Male,Tier 3,Store
45,154120,8.4,7,4.9,7,8,31,15,75761,94630,9,1,6,5,1,6,9,4,8,7,6,Female,Tier 3,Hybrid
34,143460,10.7,8,6.0,8,10,49,8,105741,40303,8,7,7,8,6,6,7,6,5,9,6,Male,Tier 3,Online
55,124102,7.0,7,4.3,8,7,22,8,91306,28877,2,0,5,5,3,6,10,5,5,10,8,Female,Tier 3,Store
44,116184,5.0,6,3.7,5,6,5,15,84106,112795,9,2,5,7,4,2,10,5,1,5,2,Female,Tier 2,Store
59,39055,4.5,3,2.5,3,8,30,8,138430,2188,8,5,5,4,6,6,6,7,6,6,8,Other,Tier 3,Store
47,65611,8.1,3,2.1,5,9,41,4,150000,51957,8,5,4,6,9,9,4,8,3,6,7,Male,Tier 3,Hybrid
33,119958,9.8,9,6.0,4,6,17,14,89959,73453,6,0,3,2,6,5,10,6,4,6,5,Female,Tier 2,Store
69,112854,6.8,6,0.5,2,9,24,7,109367,47996,6,6,5,7,6,5,5,7,5,6,4,Male,Tier 2,Hybrid
39,75501,6.9,3,4.3,6,7,13,15,81972,31385,6,0,4,7,5,3,9,6,5,7,7,Female,Tier 3,Hybrid
53,151591,7.2,6,3.9,5,10,28,11,69838,86388,5,6,3,7,9,7,3,9,8,8,7,Male,Tier 2,Store
40,35044,10.7,12,4.9,6,10,39,10,67734,73962,8,1,3,4,9,6,8,3,8,10,10,Male,Tier 2,Hybrid
55,153941,5.7,11,5.0,3,6,7,8,63815,92814,10,9,3,2,7,8,6,6,9,7,4,Male,Tier 2,Store
55,159301,6.9,10,2.3,3,4,12,15,62975,99679,3,5,2,10,10,5,7,8,3,8,10,Male,Tier 1,Store
22,159183,10.8,2,6.0,10,10,46,6,84648,35876,7,9,4,6,6,7,10,5,5,10,1,Male,Tier 1,Online
54,70201,6.1,6,3.8,8,6,3,19,23875,112633,9,4,5,6,5,6,6,9,6,8,4,Male,Tier 2,Store
70,189074,1.1,3,0.7,1,4,0,12,61799,113417,4,5,4,3,2,7,5,7,8,2,7,Female,Tier 2,Store
38,147650,4.5,10,3.7,6,8,8,19,50387,112246,5,0,4,4,8,5,8,8,5,9,8,Female,Tier 3,Store
47,149868,7.3,5,3.3,5,2,4,18,92394,55424,4,0,4,4,1,6,7,3,4,9,7,Male,Tier 1,Store
27,196335,8.3,14,3.2,8,10,49,6,113445,83249,4,6,3,3,10,6,10,4,5,7,10,Male,Tier 3,Online
52,149548,6.7,12,4.7,5,9,23,12,112528,92913,3,4,5,8,8,6,5,5,3,8,8,Female,Tier 2,Hybrid
53,92138,10.5,10,4.8,6,7,28,14,107076,9046,10,8,5,7,5,5,6,8,8,5,1,Other,Tier 3,Hybrid
57,63664,5.4,7,4.8,6,7,27,4,54592,27584,10,2,3,5,10,10,8,4,5,6,1,Female,Tier 2,Hybrid
45,153926,8.3,11,5.0,3,4,19,12,87780,85285,5,4,6,3,10,4,7,7,2,8,10,Female,Tier 1,Store
24,72771,12.0,12,5.3,3,10,45,0,150000,17578,9,5,1,8,10,6,6,1,5,7,7,Female,Tier 1,Online
42,157625,8.3,9,6.0,7,9,28,2,81026,33636,5,2,3,7,7,6,6,7,5,7,5,Female,Tier 1,Hybrid
19,114821,10.2,6,6.0,8,10,41,3,125305,53151,6,9,4,9,7,10,10,2,3,10,2,Female,Tier 1,Hybrid
42,158930,7.9,8,4.4,6,8,29,3,59593,58823,5,8,5,4,5,4,6,6,3,7,10,Female,Tier 1,Hybrid
58,87458,5.5,9,2.8,5,5,6,16,33562,22625,7,0,6,5,5,3,10,10,9,7,4,Female,Tier 3,Store
45,72354,9.2,10,4.0,5,9,29,2,95386,17898,10,5,6,4,5,6,10,7,2,7,6,Male,Tier 3,Hybrid
51,126506,7.1,9,3.8,6,10,21,9,79845,92149,4,3,4,5,3,7,5,5,7,9,10,Male,Tier 1,Hybrid
50,32822,8.2,9,3.6,8,4,18,18,900,116294,7,4,5,6,9,5,4,4,4,9,8,Female,Tier 1,Store
65,129686,5.5,9,1.6,5,8,14,12,58044,77954,6,1,1,6,3,6,4,7,6,1,7,Other,Tier 3,Store
18,76288,8.9,7,6.0,7,8,42,0,85314,19808,7,9,4,5,6,5,10,6,4,6,2,Female,Tier 3,Hybrid
53,61703,4.1,9,0.4,6,10,37,0,103051,61431,8,5,5,8,8,10,1,5,5,9,8,Male,Tier 3,Hybrid
58,75130,8.6,6,4.7,4,7,17,16,32851,68632,7,3,3,8,7,9,8,10,4,6,4,Female,Tier 1,Store
20,115663,9.9,1,6.0,6,10,34,9,139563,88415,7,9,7,4,6,8,7,4,1,10,1,Female,Tier 3,Online
42,180654,5.8,9,5.1,5,5,17,10,83463,81882,4,9,2,5,7,7,9,5,5,7,10,Female,Tier 1,Store
52,139996,7.4,6,4.2,2,7,10,13,26096,99244,6,2,4,4,3,7,9,4,2,4,7,Female,Tier 2,Store
70,88253,6.2,2,1.8,2,5,17,15,27147,76221,10,9,4,6,4,3,4,9,9,6,7,Female,Tier 2,Store
45,130578,6.1,11,5.1,3,5,28,9,37604,49542,4,5,1,5,2,8,7,9,6,8,8,Male,Tier 2,Store
34,87835,6.0,4,2.9,7,8,35,15,83559,98918,8,2,5,5,10,5,5,5,1,10,2,Female,Tier 3,Hybrid
33,125287,10.1,6,2.7,7,10,37,10,108468,96710,3,9,3,5,8,8,3,6,5,7,3,Female,Tier 1,Hybrid
69,20980,7.3,10,1.3,3,6,31,1,38861,29560,3,9,7,7,2,5,6,4,7,6,7,Other,Tier 3,Store
38,145223,9.2,14,5.2,3,7,25,6,38460,109474,8,6,6,8,5,4,8,5,3,9,4,Male,Tier 3,Hybrid
62,59852,6.5,9,2.2,7,8,27,8,76271,500,7,8,4,8,7,4,3,10,6,2,3,Female,Tier 3,Store
72,130425,2.6,5,0.0,5,8,12,13,120030,94723,9,1,3,3,5,8,4,10,6,6,4,Female,Tier 1,Store
40,173016,8.1,8,3.9,6,8,26,11,82004,84588,7,4,6,8,3,7,5,5,4,9,7,Male,Tier 2,Hybrid
23,79339,9.3,1,4.6,8,10,41,1,39957,24137,6,5,5,5,9,6,8,5,7,10,5,Female,Tier 3,Hybrid
55,87206,6.7,4,4.1,5,7,15,12,44695,54475,8,7,4,8,5,4,7,9,2,5,3,Other,Tier 1,Store
53,131808,9.6,10,3.2,3,7,47,0,150000,11237,5,4,3,5,6,7,5,4,3,8,8,Female,Tier 3,Online
54,134336,2.4,5,1.6,3,6,12,19,67186,65883,7,4,4,5,6,4,5,10,6,7,7,Female,Tier 2,Store
56,114974,6.3,9,1.7,6,7,19,8,65276,68451,8,3,2,5,4,9,2,6,6,8,7,Female,Tier 2,Store
42,129758,8.5,4,4.8,4,5,23,13,122260,114280,7,6,7,7,6,6,10,6,2,10,7,Female,Tier 2,Store
48,45590,6.3,8,2.3,6,7,20,15,49922,79024,5,9,4,9,4,6,1,6,2,6,5,Female,Tier 3,Store
55,170658,5.9,5,2.8,7,8,27,6,104215,84098,5,8,3,6,9,8,5,4,8,6,7,Female,Tier 1,Hybrid
29,131560,9.0,12,5.9,5,9,38,0,71261,61007,8,5,1,5,10,7,10,5,3,10,6,Female,Tier 1,Hybrid
43,121627,6.5,11,3.3,6,8,23,13,110716,49125,10,7,6,8,6,8,9,10,1,4,7,Male,Tier 2,Store
45,93192,9.6,10,5.5,7,8,15,12,26025,55888,7,3,3,5,1,7,7,5,4,5,8,Male,Tier 2,Hybrid
56,234640,7.9,12,4.3,2,6,21,17,150000,95443,7,7,2,1,6,10,7,10,2,6,2,Female,Tier 1,Store
52,190550,6.8,9,2.9,6,5,19,15,104859,127998,5,4,6,4,10,5,10,6,7,10,4,Female,Tier 3,Store
25,107484,10.8,7,4.6,9,10,39,0,89088,24869,8,2,4,8,10,10,9,2,4,8,8,Male,Tier 2,Online
53,101479,6.1,8,3.4,6,9,31,12,74160,105840,8,2,5,6,7,7,8,8,7,6,6,Male,Tier 3,Store
18,15000,9.3,2,5.2,5,10,27,8,54099,61401,5,6,5,7,5,3,9,6,2,5,2,Female,Tier 3,Hybrid
47,132991,7.0,7,3.7,8,10,29,5,106256,48651,8,5,6,5,6,2,7,8,4,4,9,Male,Tier 2,Hybrid
73,17891,2.3,6,0.5,6,6,0,13,53317,69760,6,3,4,5,7,6,5,9,4,6,9,Male,Tier 2,Store
47,157645,9.2,7,4.6,7,10,40,4,134562,58748,5,5,4,6,9,10,8,6,4,6,8,Female,Tier 1,Online
55,190574,6.7,9,0.7,6,7,29,3,54347,23108,4,6,3,5,6,1,6,3,4,7,6,Other,Tier 2,Hybrid
18,101530,8.6,1,4.6,8,10,31,4,97316,28386,9,8,4,5,8,8,10,3,3,2,5,Male,Tier 3,Online
46,66091,7.9,4,6.0,7,9,33,5,21111,500,7,6,5,8,10,5,4,7,5,7,5,Other,Tier 3,Store
54,185740,3.7,4,3.0,5,10,30,4,131219,44879,1,4,3,6,4,9,6,6,7,5,5,Female,Tier 2,Store
52,127240,4.4,3,3.9,7,7,10,10,38058,49503,6,6,2,5,1,7,10,3,8,9,5,Female,Tier 1,Hybrid
51,144464,6.4,3,2.0,7,8,33,8,75720,130300,5,6,3,1,10,5,5,4,2,6,8,Male,Tier 2,Hybrid
35,75785,9.5,5,2.2,7,10,40,8,68287,20954,7,8,2,6,7,6,6,4,1,7,6,Male,Tier 2,Online
41,117309,4.3,9,2.6,3,3,9,17,118009,66975,8,4,7,6,1,2,7,6,1,6,4,Female,Tier 3,Store
66,137645,9.4,5,0.7,5,8,41,6,113499,42629,6,9,3,7,3,10,3,4,4,8,6,Female,Tier 2,Store
31,52633,7.8,12,6.0,4,9,29,8,141835,500,8,9,3,5,5,6,10,4,7,8,4,Male,Tier 3,Store
72,29634,4.2,8,1.2,1,5,20,9,29720,59615,7,1,6,4,10,3,3,8,8,1,2,Female,Tier 1,Store
29,211889,4.5,7,6.0,4,7,17,18,114621,137761,5,7,2,2,5,8,10,5,7,6,6,Male,Tier 1,Store
52,113443,5.5,8,4.2,3,6,24,15,79791,36099,4,4,5,5,7,6,6,7,4,1,6,Female,Tier 2,Store
48,117743,6.7,11,3.4,10,7,25,16,67012,90891,6,8,7,5,2,4,10,7,4,6,7,Female,Tier 3,Hybrid
56,128307,7.0,10,1.7,4,8,25,11,89480,80058,5,9,3,10,8,2,4,7,1,4,4,Male,Tier 2,Store
32,171220,8.3,10,3.6,8,10,38,10,114280,63364,3,4,6,5,10,8,10,4,2,7,7,Other,Tier 3,Hybrid
18,128623,9.7,3,6.0,4,9,40,5,139997,43884,4,6,5,6,7,10,10,1,2,7,4,Female,Tier 2,Hybrid
18,69276,7.7,9,2.9,7,10,40,4,112090,102041,5,7,5,5,5,9,8,2,6,9,1,Male,Tier 2,Online
18,76874,5.2,7,3.9,8,10,26,4,122997,46145,4,6,7,7,10,10,10,1,1,6,3,Male,Tier 3,Hybrid
44,102496,10.8,7,4.8,4,10,47,0,111081,15932,10,9,6,5,8,6,10,2,5,8,1,Female,Tier 3,Online
44,124543,5.2,4,2.8,10,9,12,9,61767,118288,5,6,2,6,5,5,7,1,5,5,4,Female,Tier 2,Store
64,198948,5.2,4,2.2,2,7,24,6,110709,127860,1,6,5,2,2,10,4,4,8,5,6,Female,Tier 2,Store
51,166402,7.6,8,2.9,10,7,14,11,66915,89475,5,7,1,3,6,3,6,9,8,8,8,Male,Tier 2,Store
50,115260,6.2,4,4.0,3,5,6,19,10360,52257,5,6,6,5,9,6,5,8,3,7,7,Male,Tier 2,Store
53,100841,5.1,12,3.6,2,7,14,6,48859,29915,7,5,5,6,8,8,4,6,1,7,3,Female,Tier 3,Store
34,110535,7.5,4,4.4,9,10,36,4,59626,70320,8,4,5,4,2,4,8,9,4,6,2,Female,Tier 2,Hybrid
56,139718,5.0,8,3.9,3,4,0,8,48610,102087,4,0,6,5,2,6,7,7,4,5,3,Female,Tier 1,Store
55,110498,6.2,9,1.5,6,7,17,13,61924,91967,8,6,3,6,3,7,7,5,7,10,5,Female,Tier 1,Store
22,115302,12.0,3,6.0,8,10,42,2,85256,500,5,7,2,5,6,4,9,2,6,5,7,Other,Tier 1,Online
41,72312,7.3,7,1.5,8,8,26,7,120392,78819,6,2,7,6,7,10,3,3,4,4,8,Female,Tier 3,Hybrid
42,65487,6.6,14,3.7,5,6,23,0,63969,500,10,5,4,4,7,8,8,7,6,6,10,Male,Tier 2,Hybrid
43,175118,7.5,9,3.1,6,6,20,16,72693,137865,4,3,2,6,5,2,7,10,3,7,6,Male,Tier 2,Store
18,131472,8.8,1,5.0,4,9,24,17,101068,51130,9,5,5,6,4,10,10,2,4,9,1,Female,Tier 2,Store
42,24750,9.1,10,2.4,1,8,17,19,70451,78391,10,8,5,5,7,2,7,6,8,8,8,Male,Tier 3,Store
47,208594,8.0,9,3.0,2,5,26,5,91160,60664,4,4,3,9,4,6,6,4,5,4,6,Other,Tier 2,Hybrid
51,138676,2.7,9,1.1,9,4,0,18,6417,128038,10,4,2,7,5,8,4,8,5,9,3,Male,Tier 1,Store
34,117877,8.1,11,5.6,6,10,25,5,90082,16697,2,7,3,5,6,8,7,5,3,8,6,Other,Tier 2,Hybrid
56,119826,7.4,8,4.0,5,6,13,16,52099,114252,8,3,2,5,4,4,10,8,6,5,6,Female,Tier 1,Store
56,97756,4.0,7,0.0,3,3,13,13,52730,77957,7,2,3,8,4,6,1,7,3,8,4,Other,Tier 3,Store
52,91497,2.9,3,2.5,8,2,0,18,900,69740,5,2,4,6,1,4,5,7,6,5,10,Female,Tier 2,Store
46,173088,6.5,12,3.7,7,9,35,3,145052,51319,4,8,5,7,1,7,7,6,5,8,1,Female,Tier 2,Hybrid
46,122762,7.9,7,0.5,5,7,25,12,104679,68727,5,5,1,6,5,2,2,7,6,2,9,Female,Tier 2,Store
37,25636,8.3,11,4.5,8,8,28,10,45410,69835,7,4,7,5,7,5,8,9,2,10,4,Female,Tier 3,Hybrid
54,164806,9.1,13,3.0,3,3,16,5,900,91557,4,0,5,4,1,5,7,8,4,9,6,Female,Tier 1,Store
56,170372,7.1,12,1.8,5,10,32,15,55487,119193,3,3,6,3,8,4,9,10,6,2,3,Male,Tier 3,Hybrid
38,74801,7.9,13,3.1,4,10,39,10,82577,99445,6,1,6,2,9,6,8,8,6,7,7,Male,Tier 2,Online
40,114081,7.2,7,2.8,8,10,33,5,101320,21491,10,9,4,9,7,6,7,4,5,8,1,Female,Tier 3,Online
55,101473,5.3,11,3.3,5,8,45,0,120964,32949,8,9,3,7,5,9,2,1,8,7,6,Male,Tier 1,Online
26,33254,9.7,9,5.6,3,7,30,9,24893,500,10,6,5,5,5,4,8,3,5,10,7,Male,Tier 3,Hybrid
47,99617,5.4,5,3.2,4,6,17,4,88336,48419,6,5,2,10,6,1,4,6,8,9,1,Other,Tier 3,Store
46,116162,7.9,11,2.9,7,7,32,11,82876,103020,6,7,5,6,8,5,6,10,7,8,5,Other,Tier 2,Store
58,116938,6.4,4,2.2,7,7,22,12,135882,27325,6,6,2,6,8,6,3,9,4,8,7,Female,Tier 1,Store
36,68594,7.8,2,3.4,4,10,36,11,66793,103284,7,6,5,7,6,6,8,9,5,8,9,Female,Tier 3,Hybrid
47,186109,5.0,1,3.1,7,7,21,11,130080,112107,6,3,4,6,8,7,7,4,3,8,4,Male,Tier 1,Store
45,97277,7.3,10,5.3,5,10,41,9,150000,60723,6,9,3,2,3,2,10,1,3,6,6,Male,Tier 3,Online
24,202036,9.8,5,5.8,4,10,42,8,86362,119698,1,6,3,3,8,4,10,6,2,10,4,Male,Tier 2,Online
68,149801,4.2,1,0.0,8,8,11,12,88408,63381,4,5,5,3,5,6,4,8,9,3,4,Male,Tier 2,Store
79,51236,3.7,1,1.8,4,8,31,11,72377,121858,8,4,3,5,8,5,8,8,9,8,1,Male,Tier 2,Store
58,175895,5.4,3,1.1,6,6,22,7,123172,99375,1,6,4,6,4,10,5,7,5,7,1,Female,Tier 1,Store
32,83588,9.1,4,6.0,2,7,36,9,71156,31842,10,4,5,10,3,5,9,7,4,7,7,Female,Tier 2,Hybrid
53,57972,6.3,8,2.8,8,4,12,14,41589,114174,7,4,5,7,6,10,5,8,5,3,9,Male,Tier 1,Store
50,93771,4.6,2,3.0,9,4,0,12,49171,112670,10,8,4,8,5,4,7,5,4,10,5,Male,Tier 2,Store
45,121758,5.7,4,1.5,2,4,4,18,1693,134483,6,3,4,9,6,1,7,9,1,7,2,Male,Tier 2,Store
59,94360,7.9,14,3.0,3,6,33,10,64770,33734,9,4,3,9,5,4,5,10,7,8,8,Female,Tier 1,Hybrid
50,103940,4.0,10,3.9,5,8,14,19,76040,107350,5,6,6,3,1,7,7,9,7,7,10,Female,Tier 3,Store
41,133991,6.3,8,3.8,6,7,19,5,109368,62592,3,0,4,3,4,5,10,3,5,9,5,Other,Tier 2,Store
56,122106,7.6,10,1.6,6,6,27,10,51952,61259,6,6,5,7,6,7,2,9,7,7,2,Other,Tier 3,Store
55,176697,5.0,1,2.5,6,10,33,2,125875,16407,6,7,3,2,10,9,5,8,4,8,6,Female,Tier 1,Hybrid
58,125743,8.0,10,3.6,5,8,36,6,55307,500,9,7,5,2,9,6,8,7,8,5,4,Female,Tier 3,Store
48,144303,7.4,11,3.6,3,10,26,16,136749,31972,6,5,4,9,4,6,8,7,5,10,6,Male,Tier 3,Store
48,81329,4.4,9,4.9,2,6,17,12,40883,30137,8,1,4,6,10,6,3,7,7,10,4,Other,Tier 2,Store
44,134074,6.2,3,4.5,4,9,25,14,93199,80795,4,1,4,4,4,3,10,8,8,7,8,Other,Tier 1,Store
58,105716,6.0,7,4.0,4,6,13,3,65692,74040,6,4,4,7,4,8,7,6,5,4,7,Male,Tier 3,Store
32,158843,11.2,11,5.2,7,10,32,8,123268,78569,6,2,3,4,6,7,6,3,6,1,8,Other,Tier 2,Online
18,133127,9.3,6,5.3,7,8,32,15,142799,98531,5,1,1,7,10,3,10,5,4,10,4,Other,Tier 1,Hybrid
37,127876,5.8,5,1.9,6,7,26,10,75957,136214,5,6,5,6,7,4,10,8,5,9,4,Male,Tier 3,Hybrid
31,15000,9.6,14,6.0,7,9,31,12,48346,12412,10,2,7,10,6,9,8,7,4,6,8,Male,Tier 3,Hybrid
18,85494,9.8,7,3.7,5,9,43,2,83179,40847,9,5,3,9,10,6,10,3,3,6,7,Female,Tier 3,Hybrid
70,65346,5.0,8,3.4,4,5,10,11,28192,30481,8,4,5,8,9,6,7,8,7,7,1,Female,Tier 2,Store
43,240940,6.3,12,2.4,4,7,15,17,44931,107797,4,7,5,4,8,4,7,7,4,5,6,Male,Tier 3,Store
43,197736,10.6,10,3.6,6,8,47,2,147140,96054,7,2,4,6,8,7,6,5,3,7,4,Male,Tier 1,Hybrid
47,73619,7.3,7,4.1,4,7,22,14,9626,32606,8,2,5,5,4,4,8,4,3,7,5,Other,Tier 2,Store
54,100386,5.1,14,2.2,5,9,15,9,42049,43953,8,2,6,4,4,5,7,6,6,7,3,Male,Tier 3,Hybrid
57,113549,8.1,7,4.0,6,9,31,3,130399,500,7,7,7,6,7,8,5,9,6,5,5,Female,Tier 3,Store
37,211080,9.2,8,2.2,8,7,31,16,112225,144432,5,7,5,1,9,6,8,8,7,7,9,Female,Tier 1,Hybrid
56,92853,8.6,10,3.2,8,7,12,6,77656,66733,6,4,5,5,10,5,1,5,7,6,6,Female,Tier 2,Store
18,86660,9.9,5,5.9,8,9,44,7,149830,48144,7,3,4,3,5,6,10,2,5,5,3,Male,Tier 2,Online
56,125861,4.0,12,1.7,5,8,16,0,28497,65974,6,6,3,5,5,7,6,8,6,10,5,Male,Tier 2,Hybrid
51,127513,12.0,7,3.8,4,9,49,0,145010,6410,5,9,4,7,10,7,8,5,4,8,8,Male,Tier 1,Online
21,159031,10.1,7,4.5,5,6,35,7,96853,62160,6,9,5,6,8,4,10,6,1,8,4,Female,Tier 2,Hybrid
18,15000,10.1,2,6.0,4,8,20,15,85492,35618,10,7,4,5,3,7,8,4,2,10,7,Male,Tier 1,Store
79,121872,1.0,3,0.6,6,3,0,19,49538,150000,5,4,5,9,5,4,1,10,8,4,2,Female,Tier 3,Store
57,107174,8.6,10,2.8,3,6,28,16,40951,51987,4,8,3,7,3,7,6,8,3,8,8,Female,Tier 2,Store
56,180655,7.0,9,3.2,6,5,13,14,104667,78044,4,2,1,9,1,10,7,8,7,7,5,Other,Tier 1,Store
25,216240,7.3,7,3.5,2,6,9,6,90079,86717,4,9,4,1,3,6,8,5,6,8,5,Male,Tier 1,Store
49,190616,7.5,6,3.2,4,7,38,6,150000,79613,5,4,4,2,7,7,6,8,5,7,10,Male,Tier 2,Store
42,112472,6.2,5,3.2,6,8,34,6,88289,21400,6,3,2,8,1,4,10,7,3,7,4,Other,Tier 2,Hybrid
39,15000,8.5,14,2.2,5,8,27,10,36385,25402,8,5,5,8,6,5,8,6,4,9,10,Female,Tier 2,Hybrid
53,55174,7.5,5,4.6,7,7,30,4,39412,27492,10,8,2,8,9,6,8,8,4,8,3,Female,Tier 2,Hybrid
49,79856,7.1,6,4.6,4,10,47,5,120734,38560,6,7,3,5,8,5,8,3,4,3,8,Other,Tier 2,Hybrid
68,102413,5.7,1,3.1,5,6,19,7,65541,23627,8,5,5,7,1,6,4,10,9,10,3,Female,Tier 2,Store
79,75065,6.1,9,5.1,4,8,13,9,56685,43682,6,4,5,8,6,10,3,10,5,5,1,Male,Tier 3,Hybrid
60,141151,6.7,2,3.1,1,7,19,7,73916,51539,6,5,4,5,8,4,6,7,5,5,7,Other,Tier 3,Store
48,143412,8.0,8,2.7,6,9,21,0,98974,24160,8,5,3,5,10,4,5,6,3,5,7,Male,Tier 2,Hybrid
79,91533,4.1,5,0.1,7,6,24,10,111048,50258,9,8,7,5,6,6,5,7,6,6,4,Male,Tier 3,Store
46,126719,6.2,7,5.7,4,6,28,8,72986,70081,5,4,6,6,6,4,6,10,5,8,2,Female,Tier 3,Hybrid
61,123849,8.8,4,3.3,5,8,33,4,81077,83095,6,8,5,7,4,5,8,5,1,10,6,Male,Tier 2,Online
49,124024,7.3,7,3.8,5,7,19,4,58396,80340,5,7,4,5,6,8,6,8,4,10,9,Male,Tier 1,Store
33,102414,11.0,5,5.4,8,9,20,9,43305,114905,7,0,4,4,5,8,9,5,6,5,9,Male,Tier 1,Hybrid
47,92294,7.2,1,1.6,5,9,37,11,92111,49745,1,8,3,8,10,6,6,7,6,8,4,Other,Tier 2,Hybrid
37,137953,8.4,9,3.2,6,8,25,6,95188,150000,9,4,4,8,9,7,7,8,6,10,7,Male,Tier 1,Hybrid
49,140386,3.5,5,1.7,6,7,20,5,87284,36953,6,1,3,3,1,3,4,8,4,10,6,Female,Tier 1,Store
41,60080,9.9,4,4.7,9,10,40,0,129687,40346,6,2,4,7,9,7,8,2,1,6,9,Female,Tier 1,Online
62,128993,11.3,1,4.3,5,8,41,0,94644,46985,5,6,2,7,7,6,6,8,7,4,1,Other,Tier 1,Hybrid
68,206350,3.6,8,1.6,7,3,15,16,85159,76963,8,5,1,3,2,8,6,7,7,7,5,Male,Tier 1,Store
71,90137,3.4,1,2.1,4,1,0,14,52822,93077,5,1,6,8,1,5,1,10,4,7,3,Female,Tier 3,Store
39,97410,7.9,12,2.5,6,9,30,12,93063,29378,6,5,6,7,8,7,10,9,4,6,7,Female,Tier 3,Hybrid
25,21827,11.2,13,5.7,8,9,41,3,100108,28667,6,7,3,5,9,8,10,1,3,10,7,Other,Tier 1,Online
20,50951,8.4,6,6.0,8,10,32,9,45581,45633,8,6,3,6,6,10,6,5,2,10,4,Male,Tier 1,Hybrid
35,106388,9.8,13,5.3,5,10,43,0,133207,71925,4,5,4,2,9,5,10,7,6,4,5,Female,Tier 3,Hybrid
45,113905,6.9,10,1.1,5,10,23,16,86013,37316,8,8,4,4,7,9,5,5,6,8,9,Other,Tier 2,Store
62,49389,4.4,9,0.6,4,6,9,9,73809,41391,6,5,3,7,6,6,4,9,7,3,7,Other,Tier 3,Store
51,93958,7.9,3,3.3,7,9,27,14,10304,83537,8,3,4,1,9,3,5,6,7,5,9,Other,Tier 3,Store
50,145514,6.8,12,4.1,5,5,28,6,134236,16478,4,5,1,4,5,4,7,9,2,5,8,Female,Tier 1,Hybrid
62,125605,4.5,3,1.8,2,3,5,14,74424,88322,6,4,3,5,6,8,6,9,5,10,4,Female,Tier 1,Store
27,49818,12.0,4,4.7,9,10,49,4,114538,37833,8,9,7,9,9,6,8,7,3,9,5,Female,Tier 3,Online
40,120788,9.5,9,4.0,10,9,32,6,91023,60861,4,1,1,5,6,7,7,8,6,10,6,Female,Tier 1,Hybrid
63,134970,6.3,1,3.8,6,3,8,17,72607,120215,9,2,3,6,10,6,5,9,5,6,5,Female,Tier 3,Store
51,130317,5.7,11,1.7,7,8,19,9,69441,100251,8,4,5,4,10,3,4,5,6,3,10,Other,Tier 3,Hybrid
40,147427,6.0,3,4.2,4,8,38,3,102654,53842,4,4,5,5,7,8,10,5,5,7,7,Male,Tier 1,Hybrid
34,133501,7.8,7,6.0,8,10,32,9,93377,112224,7,3,5,7,3,6,7,4,5,3,10,Male,Tier 3,Hybrid
57,162029,7.1,6,4.4,6,7,18,7,48012,67228,5,3,3,6,1,5,8,8,5,6,3,Male,Tier 1,Online
29,42186,10.9,14,5.7,4,9,31,0,102024,500,5,3,4,6,9,6,10,2,7,5,5,Female,Tier 2,Online
79,113421,6.5,5,3.2,2,6,28,6,76268,87203,6,2,7,6,3,3,3,10,4,6,5,Other,Tier 2,Hybrid
57,109587,3.1,13,1.5,4,5,11,6,40989,53634,8,9,4,6,5,6,7,10,4,6,2,Male,Tier 2,Store
53,134678,7.2,6,5.0,6,7,19,9,62481,54445,4,5,7,8,1,4,10,5,7,7,8,Other,Tier 3,Store
29,66009,9.7,7,5.9,8,10,25,13,5687,59035,8,5,5,3,4,8,6,4,4,7,6,Male,Tier 3,Hybrid
49,62406,10.7,11,4.8,9,10,45,3,130472,35808,9,3,3,6,5,6,10,6,3,9,3,Female,Tier 1,Online
38,176234,6.4,8,3.7,8,9,35,16,81155,120986,7,9,4,6,10,6,3,5,5,10,10,Male,Tier 1,Store
41,162711,8.7,10,4.6,5,8,39,2,87870,47070,5,7,4,6,7,4,10,7,6,3,10,Other,Tier 3,Hybrid
52,121231,4.7,5,1.4,6,7,17,6,96201,51143,5,4,5,8,9,8,3,8,3,4,10,Female,Tier 1,Hybrid
34,103957,6.0,14,3.1,7,7,26,7,70230,27136,8,4,3,2,6,8,7,3,6,7,10,Male,Tier 2,Hybrid
18,114657,11.0,6,6.0,10,10,49,3,147104,30758,3,9,7,3,7,6,10,5,1,3,6,Male,Tier 3,Online
50,150958,10.5,6,4.8,6,10,23,9,94541,70050,4,4,3,3,10,5,7,2,7,4,8,Male,Tier 1,Online
60,145521,4.6,7,2.3,1,4,0,19,8025,98873,9,2,5,8,7,1,5,9,3,6,5,Male,Tier 2,Store
33,193080,9.8,10,3.4,6,10,29,1,49270,70217,4,3,1,4,7,10,4,2,4,10,9,Female,Tier 1,Online
79,43838,4.8,7,2.7,6,4,21,15,31186,52089,8,9,4,10,3,1,2,10,7,10,1,Other,Tier 2,Store
34,149098,9.9,13,6.0,9,9,35,7,126022,63250,7,9,6,6,10,6,9,4,1,9,7,Other,Tier 2,Online
50,80484,6.1,7,3.5,4,5,6,9,11760,66139,10,2,4,4,8,3,7,7,3,4,6,Male,Tier 2,Store
21,70111,8.7,5,3.9,4,8,31,7,106047,69777,7,6,4,5,5,5,9,4,4,10,2,Female,Tier 2,Hybrid
50,120868,11.1,6,5.3,7,7,34,7,120380,29598,7,7,5,6,4,7,6,2,4,7,9,Other,Tier 2,Online
37,158778,6.9,14,1.9,8,10,32,12,54201,88092,5,2,4,1,5,7,7,5,4,7,9,Female,Tier 3,Hybrid
34,155362,7.4,12,3.0,6,10,35,9,135506,99422,5,9,5,2,7,5,6,4,1,6,8,Female,Tier 3,Hybrid
59,134930,9.8,13,2.9,7,10,32,11,128812,91480,5,2,2,7,10,4,3,7,5,3,2,Female,Tier 2,Online
46,250000,7.5,13,3.7,10,10,44,9,150000,87335,3,4,3,5,10,10,5,8,4,10,9,Other,Tier 1,Online
53,142679,7.3,7,5.1,3,7,27,10,20806,116984,5,8,6,4,7,7,10,4,4,8,10,Other,Tier 2,Hybrid
35,137569,6.8,10,6.0,5,9,28,6,42212,36195,6,4,3,5,3,5,7,6,3,4,10,Male,Tier 1,Hybrid
39,169868,7.7,8,4.6,8,10,22,7,117099,13640,7,3,5,5,9,8,7,6,1,9,6,Male,Tier 3,Hybrid
73,107261,3.6,5,0.3,3,8,22,14,101198,83730,6,5,7,3,4,9,8,8,7,6,9,Female,Tier 3,Store
65,93734,5.8,1,2.8,7,6,13,3,48918,500,8,3,3,6,6,1,6,7,6,6,4,Male,Tier 2,Hybrid
28,109653,9.2,8,4.8,4,10,49,1,107796,2801,4,8,4,7,6,5,7,6,1,4,8,Male,Tier 2,Hybrid
34,181746,8.2,7,4.2,10,10,43,3,150000,85015,4,6,1,4,8,4,7,5,6,10,10,Female,Tier 3,Hybrid
19,15000,9.2,2,6.0,6,10,49,0,81798,44771,6,9,3,7,6,7,9,4,7,9,6,Female,Tier 2,Online
50,170818,9.2,7,3.3,5,6,39,6,150000,77837,8,0,3,3,8,10,7,6,3,9,10,Female,Tier 1,Hybrid
40,146896,12.0,9,5.7,7,10,29,7,63265,97834,5,6,4,4,5,2,10,4,6,8,5,Female,Tier 3,Hybrid
52,176918,7.2,5,3.2,1,4,2,14,67772,95697,1,2,5,2,6,4,6,6,4,6,9,Female,Tier 3,Store
55,86194,8.7,9,2.9,6,8,19,10,17324,55117,4,4,7,1,6,8,9,7,4,4,6,Female,Tier 2,Store
53,160707,5.5,8,0.4,3,8,23,8,142950,81608,6,6,3,4,4,7,4,6,6,8,8,Male,Tier 2,Store
29,109295,6.4,7,3.7,3,9,36,10,75227,7257,6,7,5,6,6,8,5,7,3,4,6,Male,Tier 2,Store
42,88506,8.4,10,2.3,6,7,24,7,75284,4601,7,0,3,4,5,5,6,4,5,10,7,Male,Tier 3,Hybrid
63,95752,4.2,1,0.1,4,6,6,14,45930,58467,7,5,4,4,5,8,5,5,6,7,3,Male,Tier 2,Store
37,123003,9.0,5,3.5,6,10,49,5,127492,150000,2,8,2,4,5,8,4,5,6,8,10,Male,Tier 2,Online
53,97345,7.0,7,0.4,6,5,18,7,91580,41829,8,3,3,5,6,7,6,8,2,8,7,Male,Tier 1,Store
34,43080,8.1,8,3.6,2,10,41,0,84498,17464,9,8,3,8,7,6,9,2,3,10,5,Male,Tier 2,Hybrid
47,137073,8.8,10,3.0,6,8,23,7,83533,44408,6,9,4,5,3,5,10,5,4,7,7,Male,Tier 1,Hybrid
43,196341,6.7,12,1.5,7,10,32,8,142903,96806,3,7,7,4,5,7,7,5,2,9,9,Female,Tier 3,Hybrid
38,106736,10.8,14,5.0,8,10,45,0,139621,67515,6,5,5,5,9,6,8,5,1,6,10,Female,Tier 3,Online
68,134619,4.1,4,1.1,2,5,10,14,74510,93259,9,3,7,4,2,4,1,7,7,3,5,Male,Tier 3,Store
42,109039,4.7,3,2.8,7,10,24,5,69259,71307,9,6,2,1,2,7,7,6,8,6,4,Female,Tier 1,Online
54,73618,6.7,9,2.6,5,4,11,15,84533,74607,7,9,4,8,4,5,8,10,6,9,8,Female,Tier 3,Store
45,133356,8.1,5,4.1,6,9,37,8,105461,54868,8,9,3,9,7,7,6,6,7,6,9,Female,Tier 3,Hybrid
47,108914,8.2,9,3.1,5,10,49,0,83774,500,3,5,4,5,8,4,7,6,7,5,9,Other,Tier 2,Online
52,168504,8.1,6,2.8,4,10,23,8,94829,116964,3,4,2,3,6,5,5,3,2,5,1,Male,Tier 2,Hybrid
63,154433,4.4,9,2.1,5,6,30,2,88680,31670,8,7,4,4,3,6,6,4,5,7,3,Other,Tier 2,Store
34,119737,4.6,9,2.5,6,10,24,10,48357,83252,4,4,4,5,5,10,5,3,6,5,3,Male,Tier 1,Hybrid
18,27684,11.6,4,3.4,9,10,45,4,87401,29201,10,5,7,7,8,8,5,9,1,10,9,Other,Tier 3,Online
33,105973,10.5,5,5.1,10,10,44,4,91106,74940,8,8,6,2,8,7,6,2,2,7,3,Female,Tier 2,Online
44,137908,10.2,10,5.6,3,6,34,8,104799,46883,6,4,2,9,8,8,10,3,6,6,6,Other,Tier 2,Hybrid
36,97088,8.4,14,5.4,10,9,20,10,97028,32105,7,4,3,8,3,7,7,5,2,6,6,Female,Tier 2,Online
39,123328,7.8,14,2.2,5,6,27,5,122628,101425,5,4,3,5,5,3,6,9,7,10,6,Male,Tier 2,Store
37,76355,5.6,13,1.2,5,8,2,13,44136,46889,4,5,6,4,7,5,5,7,7,9,6,Female,Tier 2,Store
75,25675,3.7,6,1.0,4,4,9,19,17508,53870,6,5,5,8,8,4,3,10,5,9,6,Female,Tier 3,Store
56,121709,2.3,10,3.0,2,2,0,18,900,49311,7,0,4,5,5,3,4,9,6,10,1,Female,Tier 2,Store
65,99238,1.9,3,1.8,6,4,3,13,37651,22381,7,2,5,7,9,3,1,8,8,5,4,Male,Tier 3,Store
30,110414,8.0,9,4.6,8,7,14,16,87868,86268,7,3,6,6,3,8,9,9,1,7,8,Male,Tier 3,Store
41,114967,9.0,11,2.8,7,9,36,7,128116,95462,8,8,5,3,9,6,8,7,7,8,6,Other,Tier 3,Hybrid
23,146356,9.2,6,4.7,7,10,41,0,106934,55756,7,9,2,7,5,8,10,3,5,7,8,Male,Tier 1,Online
49,193337,9.5,2,2.4,6,6,26,5,119138,71878,4,2,5,6,7,6,9,5,6,7,5,Female,Tier 2,Hybrid
56,231596,2.7,9,1.6,2,4,8,14,127059,150000,7,2,5,4,3,6,5,9,8,6,6,Female,Tier 2,Store
42,107129,9.7,9,5.6,8,8,35,3,107547,92951,4,9,4,4,2,6,10,3,6,7,7,Male,Tier 3,Online
24,113488,8.0,6,4.7,5,9,35,10,58593,500,6,7,3,4,5,6,8,4,7,9,6,Male,Tier 1,Hybrid
58,128607,3.5,9,1.5,4,5,31,3,96781,67823,2,6,5,7,8,7,3,9,5,7,2,Female,Tier 1,Store
30,202108,10.8,14,6.0,6,10,43,7,93821,99668,3,5,4,7,10,8,8,3,2,6,8,Female,Tier 1,Online
20,79451,10.6,5,6.0,10,10,25,8,58038,35946,3,8,6,9,5,6,10,4,4,8,6,Female,Tier 3,Hybrid
55,112715,6.1,2,2.9,3,7,20,7,31338,99409,7,5,3,6,6,7,8,3,4,8,8,Male,Tier 1,Hybrid
29,120881,11.0,13,4.6,5,10,42,4,102098,90097,5,7,5,8,8,4,7,1,4,8,8,Male,Tier 2,Online
51,163931,6.7,7,3.4,7,7,29,9,81073,70460,5,2,4,7,6,6,6,3,5,6,6,Female,Tier 3,Online
52,244306,10.2,9,3.2,9,8,38,10,120717,80724,1,6,4,2,8,6,8,7,3,6,4,Male,Tier 1,Online
46,144127,11.0,5,3.7,6,9,35,8,91695,39672,7,3,4,10,6,9,4,8,6,4,8,Female,Tier 2,Hybrid
40,171819,7.3,6,2.9,7,10,32,4,148484,56346,5,3,3,9,7,7,10,4,6,2,8,Male,Tier 1,Hybrid
37,127684,9.9,8,5.2,7,7,22,10,73020,99034,3,4,4,10,5,4,10,4,4,8,2,Female,Tier 2,Hybrid
28,124106,10.2,9,5.3,7,10,46,11,143183,49186,6,6,1,4,2,5,9,4,1,8,6,Other,Tier 1,Online
30,70998,10.1,14,6.0,5,10,41,10,107237,55188,10,9,3,4,10,8,9,3,3,6,6,Other,Tier 1,Online
50,105941,7.8,5,5.7,10,10,35,5,117022,126211,8,4,5,4,6,7,7,7,7,8,4,Male,Tier 3,Hybrid
58,122979,7.5,7,4.1,4,4,19,14,94887,83147,5,4,5,7,4,6,7,5,8,6,9,Male,Tier 3,Store
54,93572,7.5,9,3.3,5,8,15,10,85319,90090,8,6,4,3,5,7,5,10,7,6,5,Other,Tier 1,Store
42,209471,7.0,9,3.9,6,8,24,9,106021,110439,4,2,4,5,8,6,5,6,3,5,8,Female,Tier 1,Store
41,185241,8.5,7,5.1,6,6,41,1,150000,88445,6,5,4,3,9,8,6,2,5,6,7,Other,Tier 2,Hybrid
53,175827,8.1,13,3.6,7,6,28,8,62744,129929,3,6,4,7,7,6,7,7,5,2,10,Male,Tier 2,Store
51,177589,5.9,12,2.7,5,9,29,6,78300,65483,1,2,3,9,2,6,4,3,5,6,5,Male,Tier 1,Hybrid
37,151016,4.9,12,4.1,6,6,21,13,94081,54491,2,8,7,8,5,7,5,6,3,10,5,Female,Tier 3,Store
61,71233,8.2,2,3.5,3,5,17,3,80916,55125,6,6,6,7,4,6,5,5,8,9,4,Female,Tier 3,Hybrid
63,190074,5.6,8,1.9,6,10,26,12,121976,150000,6,7,5,4,10,10,5,4,5,2,6,Male,Tier 1,Hybrid
39,27678,9.4,10,4.5,8,10,23,9,57956,38585,9,2,2,6,5,10,5,4,4,7,8,Male,Tier 3,Hybrid
46,103229,7.3,5,2.1,5,9,39,6,150000,99456,5,6,3,6,10,4,3,6,8,8,8,Male,Tier 1,Hybrid
27,113391,10.6,13,4.7,8,10,47,7,145946,38027,7,6,3,7,9,10,10,4,3,6,6,Female,Tier 1,Online
28,93955,8.9,9,5.9,7,9,27,16,76818,93734,8,6,3,6,5,4,6,6,1,7,10,Male,Tier 3,Hybrid
34,87014,6.5,14,4.0,5,7,9,12,24170,51614,7,4,3,8,2,4,9,3,6,6,9,Female,Tier 3,Store
38,146291,7.5,3,3.8,7,7,13,13,108638,77975,4,7,5,9,3,8,10,2,5,7,6,Other,Tier 2,Hybrid
47,179412,8.6,8,2.2,7,4,19,10,113785,134080,1,5,4,1,5,7,4,6,7,6,9,Male,Tier 1,Store
47,157379,4.1,7,2.1,3,6,13,12,98677,96519,4,3,5,7,8,7,9,9,4,8,6,Female,Tier 2,Store
49,54717,5.8,6,2.6,4,7,42,10,56627,69868,6,2,5,8,6,2,4,9,3,6,4,Male,Tier 3,Store
70,146861,8.3,9,0.4,6,8,21,13,110121,78183,8,0,3,7,8,8,5,7,5,8,1,Male,Tier 1,Hybrid
55,131328,4.5,8,4.0,6,5,11,11,3819,125782,7,5,3,7,1,4,7,10,5,7,1,Female,Tier 1,Store
39,66956,8.7,5,2.9,4,7,29,3,42271,1393,10,8,2,6,6,2,8,4,4,5,6,Female,Tier 3,Store
49,212202,5.1,5,3.0,3,4,0,17,27039,128949,1,5,6,8,7,4,7,10,5,8,5,Female,Tier 3,Store
52,89434,6.8,8,2.1,4,1,14,7,75478,34968,7,6,5,10,4,7,6,8,9,9,6,Female,Tier 2,Store
22,68614,12.0,1,6.0,7,9,49,0,90955,47826,6,6,2,9,5,8,10,1,3,10,3,Male,Tier 1,Online
28,31615,10.1,2,5.7,8,10,33,0,50291,500,8,5,7,5,4,3,8,5,4,9,8,Female,Tier 3,Online
57,80496,7.3,9,3.0,7,7,17,6,82569,55625,8,4,7,8,4,6,3,8,9,4,3,Female,Tier 2,Store
40,103945,8.7,3,3.0,5,9,44,7,75178,106533,7,8,2,4,7,7,9,6,5,5,8,Male,Tier 2,Hybrid
43,80826,9.9,12,4.5,8,9,27,9,83312,43219,6,4,3,5,2,3,8,6,5,8,2,Female,Tier 1,Hybrid
35,250000,7.4,2,3.0,3,9,26,11,132855,119100,4,5,4,4,9,5,7,4,3,6,9,Male,Tier 1,Store
67,143293,5.3,6,2.8,3,7,24,6,56329,80292,6,5,3,6,2,7,6,8,5,7,1,Male,Tier 1,Store
21,196043,8.7,8,4.0,7,10,41,2,150000,77239,6,4,2,4,8,10,8,4,1,7,8,Female,Tier 1,Hybrid
78,29701,2.7,11,0.0,3,4,0,19,900,54710,8,5,1,8,5,4,5,10,10,6,3,Male,Tier 2,Store
40,138634,8.0,2,3.6,9,9,30,7,150000,42149,5,6,1,7,3,7,4,3,4,6,8,Male,Tier 1,Hybrid
62,43130,5.3,4,3.6,6,7,22,11,55981,20094,8,6,6,6,6,6,5,10,9,4,3,Female,Tier 3,Store
59,49613,7.8,8,2.7,6,7,24,11,50280,87272,5,4,5,4,9,3,4,5,4,6,3,Female,Tier 3,Store
22,112683,10.3,5,6.0,4,10,40,5,30291,57568,8,1,3,5,8,7,10,5,5,5,10,Female,Tier 1,Online
21,104688,6.6,1,3.2,5,10,32,10,92822,12648,7,1,4,7,9,2,8,5,3,9,5,Female,Tier 2,Hybrid
27,51731,6.4,3,5.0,6,9,18,13,60854,102545,5,4,3,8,3,5,8,4,3,8,5,Other,Tier 3,Store
39,154455,10.3,3,5.5,5,6,25,3,126211,60118,3,7,5,4,6,7,10,4,5,9,8,Male,Tier 1,Online
43,147683,8.4,10,6.0,4,6,28,10,143042,76268,4,7,6,5,4,7,8,6,7,10,1,Other,Tier 1,Store
38,161044,8.4,8,3.8,10,10,44,0,53077,20585,4,5,4,3,10,9,7,3,4,8,9,Other,Tier 3,Hybrid
42,97059,8.4,6,6.0,5,10,40,5,111495,71354,6,7,1,6,7,8,10,4,3,5,9,Female,Tier 2,Hybrid
24,134743,8.4,1,5.4,4,10,34,11,68463,109107,1,8,2,2,9,8,10,7,1,6,6,Female,Tier 1,Online
48,75450,6.7,7,4.6,5,8,33,10,110695,75160,4,4,4,5,3,6,10,9,3,6,10,Other,Tier 3,Hybrid
32,48265,9.8,9,5.5,9,9,44,0,127597,30217,8,9,4,7,6,8,8,6,6,8,5,Female,Tier 1,Online
40,73338,8.4,3,4.4,4,9,33,5,68404,65084,8,1,4,7,8,4,8,6,6,10,5,Female,Tier 1,Hybrid
71,75306,5.3,4,2.5,5,5,7,16,9696,43605,6,5,5,7,3,6,7,6,9,6,4,Male,Tier 2,Store
32,144168,7.0,14,2.9,9,10,31,10,88660,119812,6,9,6,5,7,5,5,7,5,8,4,Male,Tier 1,Hybrid
56,131740,5.4,13,2.0,3,8,20,12,47292,86805,4,8,4,1,7,5,5,7,6,7,5,Female,Tier 2,Store
67,134667,5.4,1,2.3,4,8,26,5,88694,67107,2,6,6,9,9,5,2,4,4,8,6,Other,Tier 2,Store
57,60016,3.6,6,2.8,6,5,13,10,43915,68395,7,4,1,10,9,5,6,6,5,10,1,Other,Tier 1,Store
52,190473,7.6,9,3.9,7,9,27,17,80694,143385,5,2,3,5,3,10,8,7,7,6,6,Male,Tier 1,Hybrid
30,165065,9.4,10,3.7,8,5,10,9,52081,40232,3,2,6,4,8,3,7,5,3,4,7,Male,Tier 3,Store
53,142155,6.8,10,2.3,8,5,0,18,51086,62603,2,0,4,6,7,6,3,10,6,5,1,Female,Tier 3,Store
48,92602,5.9,11,1.4,7,10,29,15,22943,94999,7,4,5,5,5,8,5,10,6,10,5,Male,Tier 1,Store
61,158243,5.3,5,1.1,1,7,20,8,77433,67938,7,7,5,4,7,7,2,7,4,5,1,Female,Tier 2,Store
41,165759,7.3,5,6.0,5,6,13,6,65275,500,6,7,4,8,4,6,10,4,4,6,9,Female,Tier 3,Hybrid
39,141428,4.1,12,3.7,5,10,38,11,126906,77791,1,7,6,6,8,9,10,3,4,10,8,Female,Tier 2,Store
30,115583,8.0,5,4.8,6,10,32,4,84465,69804,7,4,5,6,10,8,9,4,4,5,5,Male,Tier 3,Hybrid
41,183885,9.1,8,4.2,4,5,22,7,134833,115261,8,7,3,8,3,9,10,4,5,7,4,Male,Tier 1,Hybrid
18,142189,10.8,9,6.0,6,10,40,0,80269,29782,6,7,2,7,5,10,10,3,6,9,4,Male,Tier 1,Hybrid
32,46185,10.2,7,4.7,6,5,21,8,18309,16304,6,6,4,6,6,6,10,10,8,6,4,Female,Tier 3,Hybrid
51,161076,7.3,4,4.4,5,7,18,6,69324,79227,4,6,4,5,10,7,5,5,4,8,5,Other,Tier 2,Store
45,123958,8.0,11,6.0,2,7,17,15,65234,58583,7,5,4,3,1,5,10,7,4,7,4,Other,Tier 2,Store
57,105035,9.6,10,3.1,4,4,19,9,55232,76796,8,6,2,3,7,4,6,8,6,5,8,Female,Tier 1,Store
52,182662,9.4,8,3.9,8,7,10,19,60962,136249,4,3,4,8,6,8,8,6,6,7,5,Other,Tier 2,Store
42,190934,10.4,9,3.1,7,8,33,11,101971,112633,1,3,4,3,5,9,10,9,6,7,6,Other,Tier 2,Store
57,90966,6.8,12,4.2,5,8,13,19,20405,105094,7,5,7,5,10,7,10,10,6,10,4,Female,Tier 3,Store
43,88751,6.3,3,5.8,6,7,24,9,82671,86587,4,4,6,9,5,9,6,10,4,9,8,Female,Tier 1,Store
42,86439,9.8,6,4.5,7,6,33,4,73115,55839,5,1,4,5,10,5,9,9,4,5,3,Male,Tier 3,Store
34,169350,11.2,14,4.3,2,8,36,2,98104,26866,4,9,3,4,9,7,7,8,3,8,8,Female,Tier 1,Store
55,83718,5.3,5,1.0,3,5,12,18,60649,57243,9,6,3,8,3,3,6,8,4,9,8,Male,Tier 3,Store
48,140252,8.5,1,3.1,4,8,23,12,107778,93334,8,8,6,6,7,6,8,7,7,10,4,Other,Tier 2,Store
22,61423,6.5,3,3.4,5,8,36,13,58738,67618,9,8,5,3,9,9,8,3,5,5,2,Female,Tier 1,Hybrid
50,84371,7.4,9,1.2,8,10,37,10,120438,111765,6,9,3,7,8,4,8,7,7,8,4,Male,Tier 2,Hybrid
30,136559,11.0,12,4.5,10,10,44,0,71984,84740,3,8,3,6,10,9,4,6,4,2,6,Male,Tier 2,Online
48,88297,6.2,5,3.9,4,5,12,8,37360,40377,6,3,7,5,2,3,6,8,2,7,5,Male,Tier 3,Store
56,171503,8.1,10,2.6,4,5,16,4,39312,132421,5,9,2,4,6,4,7,3,4,9,6,Other,Tier 1,Store
33,195278,7.9,12,6.0,3,6,25,11,116244,30358,6,4,5,6,2,6,8,8,4,6,5,Female,Tier 3,Store
68,148345,5.4,6,2.8,5,8,13,10,58271,53466,4,6,6,6,7,5,1,10,5,9,8,Female,Tier 3,Store
42,205009,9.5,9,3.8,6,8,33,10,113693,16396,4,8,3,3,6,7,9,4,6,6,10,Female,Tier 2,Hybrid
38,116548,6.9,10,1.9,8,8,37,9,106472,83444,5,4,2,1,8,6,4,8,5,10,4,Female,Tier 1,Hybrid
46,121337,8.6,11,1.8,7,10,36,10,89300,92769,6,9,4,3,6,10,5,6,5,10,8,Male,Tier 1,Hybrid
18,115094,10.9,3,4.0,7,10,45,2,113261,46808,8,6,5,7,10,3,10,2,1,3,3,Female,Tier 3,Online
29,112540,7.5,9,5.2,8,10,38,13,100704,130279,5,9,3,5,5,8,9,8,3,5,6,Other,Tier 2,Hybrid
41,101586,8.9,7,2.6,5,10,37,4,69359,44765,5,3,4,7,8,9,7,5,8,3,8,Other,Tier 2,Online
44,129891,8.4,6,3.2,2,7,38,0,150000,32206,4,7,4,4,1,2,5,4,7,9,7,Female,Tier 3,Hybrid
72,110768,6.5,3,2.8,4,4,21,3,42257,47664,3,5,3,7,6,2,4,3,9,5,5,Male,Tier 2,Store
42,78756,7.2,8,2.5,4,6,16,7,52277,62485,5,7,7,3,8,4,5,8,3,6,6,Other,Tier 3,Store
46,127706,8.7,7,3.1,3,9,37,8,109962,62735,5,3,4,8,8,7,5,6,7,6,6,Female,Tier 2,Hybrid
43,87107,4.6,7,1.8,3,5,7,10,22862,25017,6,1,3,9,4,7,10,6,3,5,10,Female,Tier 2,Store
31,182919,7.9,6,5.1,10,10,39,6,67857,28866,7,8,2,1,8,7,8,5,4,6,8,Female,Tier 2,Online
51,168109,7.2,2,2.9,7,7,14,16,66307,31397,5,5,7,4,7,4,5,7,5,7,8,Female,Tier 3,Store
48,80191,10.2,6,5.2,8,10,43,4,129192,23156,9,6,5,6,10,5,7,6,4,8,8,Male,Tier 2,Hybrid
68,52616,4.3,1,3.3,6,5,10,18,4180,50875,7,4,5,4,4,6,6,8,2,9,4,Male,Tier 2,Store
47,45258,7.8,3,3.2,7,7,8,19,12148,128955,7,3,6,6,4,5,6,10,3,7,4,Male,Tier 3,Store
45,29294,10.0,13,5.3,7,9,40,8,101190,500,9,3,6,6,6,5,5,4,2,6,6,Male,Tier 3,Hybrid
24,24889,2.8,1,6.0,5,7,6,11,900,27434,9,4,3,7,5,7,10,9,4,9,7,Female,Tier 2,Store
72,119792,5.1,9,1.8,4,4,6,19,30214,88354,5,0,2,3,7,3,1,8,6,8,6,Female,Tier 2,Store
21,87031,9.3,1,6.0,7,10,44,0,108162,3472,6,8,4,7,7,8,5,7,3,5,6,Male,Tier 3,Online
43,66466,9.9,11,4.6,7,8,42,3,82261,43653,4,8,6,8,6,5,10,7,7,9,9,Male,Tier 3,Hybrid
45,57084,5.9,9,4.5,4,7,6,17,900,84187,6,5,4,7,1,8,4,8,1,10,7,Male,Tier 3,Store
38,210485,4.2,8,5.6,4,8,29,7,91031,67662,5,4,7,4,7,3,10,6,5,10,8,Male,Tier 2,Store
42,109404,6.6,7,4.3,4,7,17,12,64707,40729,3,5,5,8,4,6,5,5,8,10,7,Female,Tier 3,Store
61,165658,1.3,8,2.9,6,6,9,15,72016,81377,7,0,5,4,10,5,9,7,7,5,5,Female,Tier 3,Store
57,205366,6.7,12,0.5,6,7,15,10,89824,113036,3,1,5,1,10,7,1,5,5,4,4,Male,Tier 1,Store
41,118075,5.2,6,4.3,5,5,8,12,55699,54332,8,3,3,5,5,6,10,8,7,10,5,Other,Tier 1,Store
36,128381,5.2,7,2.6,10,10,26,17,100942,131654,5,6,5,6,7,5,8,7,7,3,3,Male,Tier 3,Hybrid
26,96855,10.9,8,6.0,5,8,30,0,73830,64311,3,3,6,5,1,7,8,4,3,9,4,Other,Tier 3,Hybrid
52,143337,6.7,11,5.8,3,7,16,7,53948,85308,10,7,5,7,3,1,7,3,3,7,5,Female,Tier 3,Hybrid
50,146717,6.8,13,5.1,3,10,49,3,133152,106553,4,9,3,8,8,6,6,4,4,6,6,Female,Tier 3,Hybrid
39,209162,8.6,9,6.0,7,10,49,0,125329,82819,2,5,5,5,10,10,10,3,2,6,6,Other,Tier 2,Online
33,159570,8.6,9,5.8,6,10,35,7,150000,123465,5,0,2,6,10,4,6,8,4,9,4,Female,Tier 2,Hybrid
38,134819,9.3,7,4.0,7,6,21,5,105298,20122,5,7,5,8,9,3,10,8,3,5,9,Male,Tier 3,Store
49,169735,4.8,7,3.2,6,7,15,12,94241,96242,4,1,5,4,1,5,8,5,5,10,7,Female,Tier 1,Store
47,134777,5.8,5,3.2,5,10,19,11,61909,52085,1,5,5,5,10,4,8,7,2,5,9,Female,Tier 3,Hybrid
34,126467,8.2,11,4.8,7,10,35,8,94817,34320,5,3,4,5,9,8,7,5,7,3,7,Female,Tier 1,Hybrid
57,96462,6.7,7,3.1,5,6,6,8,99131,57616,7,6,5,6,5,6,4,7,9,7,3,Male,Tier 3,Store
30,144546,6.0,11,6.0,4,10,29,9,92678,78997,5,6,5,5,5,10,8,4,6,10,8,Other,Tier 2,Hybrid
63,78353,4.5,8,1.8,5,6,11,10,14560,56554,7,3,6,4,5,5,6,7,6,7,10,Male,Tier 3,Store
23,46132,9.4,4,5.1,7,7,31,16,35380,103240,8,8,1,4,6,8,10,6,3,8,3,Other,Tier 1,Hybrid
46,141406,8.1,6,2.8,7,7,44,2,86718,66485,6,7,5,6,7,3,10,4,3,2,10,Other,Tier 3,Online
29,53336,7.1,10,5.5,7,10,36,9,60721,500,4,7,3,10,5,9,9,4,2,7,10,Male,Tier 2,Hybrid
66,189404,3.5,7,1.9,2,3,8,13,63849,66379,4,0,4,6,3,3,4,8,3,4,5,Female,Tier 2,Store
40,113750,8.8,12,5.1,6,10,49,7,123071,96013,4,6,1,1,9,7,7,6,4,5,10,Male,Tier 2,Online
59,77117,4.1,8,3.4,2,7,23,16,18820,20481,6,2,6,3,8,6,6,9,8,9,4,Other,Tier 3,Store
46,132420,4.8,3,1.9,7,6,12,11,55696,129414,8,6,5,6,6,6,9,7,3,8,4,Female,Tier 3,Store
63,120272,5.5,6,3.1,7,7,24,13,62361,60738,7,3,5,7,4,4,8,8,4,8,4,Other,Tier 1,Store
42,173967,10.2,12,3.8,6,10,42,0,150000,32884,3,9,1,8,7,8,6,3,1,7,5,Male,Tier 1,Online
53,101791,5.7,9,1.8,7,8,25,15,89787,55743,6,6,1,4,10,5,2,10,2,5,9,Female,Tier 1,Store
26,122726,7.1,8,5.2,8,10,33,5,150000,32577,8,7,1,2,6,7,9,4,6,8,5,Female,Tier 2,Online
53,110896,7.1,1,4.1,8,10,36,7,96660,12217,3,4,2,6,8,6,6,8,7,2,8,Male,Tier 3,Hybrid
73,38932,5.3,1,1.1,5,4,20,12,33264,46194,7,4,3,6,5,6,7,10,4,7,3,Female,Tier 1,Store
39,212321,7.8,8,3.4,6,6,18,12,87825,80465,10,4,4,4,8,6,8,9,4,6,2,Male,Tier 1,Store
47,101310,7.2,11,4.0,5,6,35,7,103115,64052,6,9,5,6,8,7,8,6,2,5,7,Female,Tier 3,Store
43,116881,8.8,9,4.2,4,9,32,6,113618,73412,8,3,5,6,10,7,1,5,4,10,8,Male,Tier 2,Hybrid
58,152682,5.5,11,3.0,6,7,20,0,58516,14541,9,5,4,5,8,9,7,6,9,10,3,Male,Tier 1,Hybrid
18,74548,7.7,1,3.0,7,8,19,10,36444,81626,7,4,4,5,5,3,10,5,7,10,6,Male,Tier 2,Hybrid
29,178750,4.7,14,4.9,8,10,20,9,135112,58713,9,5,4,3,4,9,7,3,3,5,6,Male,Tier 2,Hybrid
49,141516,5.1,12,3.1,5,5,5,17,48456,117113,6,2,4,5,3,6,8,8,8,6,10,Female,Tier 3,Store
45,167877,6.3,5,3.3,6,6,18,11,121398,75535,6,5,7,2,7,5,10,7,2,2,4,Other,Tier 3,Store
30,77168,9.3,5,6.0,6,9,45,0,134808,500,8,9,6,9,4,3,6,5,2,9,5,Male,Tier 3,Hybrid
63,202500,4.6,5,1.1,3,5,21,11,135230,110276,2,4,2,7,3,4,4,8,4,4,9,Male,Tier 1,Store
39,142399,5.6,13,4.7,6,7,13,8,79110,70805,7,8,7,3,1,7,9,7,4,10,5,Other,Tier 3,Hybrid
44,112101,5.9,9,2.4,6,5,27,10,61656,71299,4,5,3,5,5,6,6,6,5,6,6,Male,Tier 3,Store
62,99597,6.3,2,3.8,7,9,22,8,95452,82016,5,8,4,9,7,3,9,9,4,3,7,Male,Tier 3,Store
57,148942,7.2,7,1.3,5,8,23,6,45444,9853,6,7,6,6,5,6,6,10,6,10,5,Male,Tier 2,Store
50,141954,8.6,4,2.6,9,6,24,5,59658,62977,4,5,6,9,6,7,9,4,5,2,6,Male,Tier 3,Hybrid
24,160841,10.2,6,6.0,7,10,46,0,150000,18072,1,8,5,6,9,7,8,4,4,6,3,Other,Tier 2,Online
48,166011,5.6,5,0.6,4,5,13,19,72904,107085,6,5,1,7,4,5,6,10,8,8,7,Female,Tier 1,Store
20,87345,12.0,3,6.0,5,10,49,2,113797,106922,9,9,3,5,7,4,8,4,4,7,1,Male,Tier 2,Online
29,108128,8.9,6,6.0,4,7,21,5,82494,27639,4,3,3,7,9,5,10,2,5,8,4,Male,Tier 1,Hybrid
40,98130,8.2,10,4.1,5,8,28,13,57646,74573,4,6,5,4,1,6,7,5,6,10,8,Male,Tier 2,Store
55,135769,5.1,10,3.5,7,6,30,0,47248,57609,6,6,4,9,7,7,7,6,7,7,5,Female,Tier 2,Store
55,114720,8.5,2,0.9,5,5,13,6,55467,69033,5,4,2,2,3,4,6,6,4,10,4,Female,Tier 2,Store
48,142770,6.6,9,4.4,5,7,15,12,11914,108304,5,0,4,7,3,10,7,8,6,6,5,Male,Tier 2,Store
42,112152,6.4,4,4.2,5,7,22,15,88268,67835,8,4,5,7,3,10,9,7,4,8,8,Other,Tier 2,Store
23,126006,9.6,6,5.7,9,10,37,14,122303,75672,5,5,4,5,6,4,7,5,1,9,6,Female,Tier 2,Hybrid
42,145840,9.3,3,4.1,7,10,46,9,125101,97833,10,6,4,4,10,4,5,8,2,5,9,Female,Tier 2,Online
32,115573,8.6,11,4.2,6,10,29,10,65038,47897,7,9,5,9,6,8,9,7,2,10,5,Other,Tier 3,Online
42,115593,8.5,11,3.5,7,10,49,3,128284,51286,9,6,4,5,9,8,9,5,3,4,10,Female,Tier 3,Online
79,50536,5.8,5,1.0,1,5,4,19,13868,112741,7,0,3,4,4,7,3,10,8,6,3,Female,Tier 3,Store
58,124751,6.5,13,3.4,7,10,44,7,148496,39948,4,7,3,8,8,7,6,3,5,10,1,Female,Tier 3,Online
32,148101,9.5,10,4.5,2,7,30,16,45095,90257,4,9,2,6,10,3,7,6,3,10,3,Male,Tier 2,Store
44,137264,4.0,10,3.4,4,7,26,11,148190,75904,7,1,6,6,10,6,7,6,4,7,7,Female,Tier 2,Store
56,142886,5.2,12,4.3,5,6,6,7,47236,46808,6,6,3,5,7,4,8,3,5,10,1,Female,Tier 1,Hybrid
48,89779,7.4,6,1.6,5,9,36,12,85867,74224,5,3,7,5,8,8,6,7,7,6,6,Male,Tier 2,Store
18,16374,6.2,1,5.0,7,8,29,10,60885,39701,6,9,3,7,6,7,6,3,1,6,3,Male,Tier 3,Store
53,201523,6.7,12,4.8,3,6,24,11,122143,89811,6,1,2,2,7,3,10,5,5,10,5,Female,Tier 1,Store
49,155178,8.2,6,4.9,5,9,27,11,124644,88433,4,9,3,6,7,4,8,6,5,8,2,Other,Tier 2,Hybrid
40,105576,7.3,9,3.2,4,4,30,12,85117,78305,8,5,2,3,8,2,7,6,5,10,7,Other,Tier 2,Store
42,44657,8.1,10,4.4,6,7,20,14,25254,90090,8,3,6,6,7,10,7,5,7,8,9,Male,Tier 2,Store
53,64482,9.1,10,0.1,10,6,22,7,47703,58787,6,3,3,7,8,5,5,7,7,8,7,Female,Tier 3,Store
64,134710,1.6,8,2.5,4,1,0,10,53481,39531,6,0,4,6,2,1,9,9,4,10,5,Female,Tier 1,Store
44,75662,7.4,10,2.9,7,8,38,7,99092,37629,6,2,5,6,7,9,7,7,4,4,8,Female,Tier 3,Hybrid
21,58883,8.1,3,5.6,9,10,35,13,75228,59057,9,6,2,3,3,1,10,6,2,8,4,Female,Tier 2,Hybrid
37,142239,12.0,4,2.9,6,9,49,4,150000,55064,5,8,7,4,10,7,7,2,7,9,8,Other,Tier 2,Online
45,108630,8.0,8,6.0,5,7,22,8,79285,85412,3,5,5,7,7,7,10,5,6,10,10,Female,Tier 1,Store
63,96540,3.8,8,0.0,4,3,1,14,30672,111271,10,4,4,6,1,1,4,7,7,4,1,Female,Tier 3,Store
18,55289,9.6,4,6.0,7,10,49,5,99124,65333,5,9,3,8,10,5,10,4,3,5,2,Female,Tier 2,Online
72,182045,6.2,9,5.6,1,7,28,7,121236,73740,6,9,4,8,9,7,8,8,5,6,2,Female,Tier 2,Store
50,58480,10.0,14,3.6,5,10,45,6,94331,40396,4,7,7,4,10,6,2,7,4,10,2,Female,Tier 2,Online
38,162499,9.4,8,5.2,6,10,40,11,132871,100111,6,7,4,4,5,6,7,5,5,10,9,Other,Tier 1,Hybrid
44,56229,5.9,9,3.9,7,6,22,10,66981,78062,7,3,4,5,9,5,8,3,3,2,2,Male,Tier 2,Store
48,114640,4.1,4,4.3,6,5,9,12,85763,78495,6,3,5,3,9,5,9,5,3,4,8,Female,Tier 2,Store
36,155506,7.8,6,2.0,6,9,31,7,117711,86314,6,5,6,3,5,7,6,3,7,8,5,Other,Tier 3,Hybrid
55,133544,1.7,8,4.3,6,4,6,13,56131,57312,6,4,4,2,1,3,7,8,7,7,9,Female,Tier 1,Store
41,156759,9.5,4,4.0,6,9,29,0,81165,51352,7,9,4,8,8,7,7,4,7,7,2,Male,Tier 2,Online
38,205333,7.2,14,5.9,6,10,32,1,121396,89206,4,6,5,3,8,10,10,3,1,10,10,Female,Tier 2,Online
28,127574,12.0,7,3.3,8,10,42,7,112301,33724,5,9,5,5,9,7,7,2,3,9,7,Male,Tier 3,Online
39,178045,7.2,6,2.2,3,9,27,3,140542,71342,5,4,1,7,9,8,4,6,4,8,6,Male,Tier 1,Hybrid
25,71895,11.8,14,6.0,6,10,49,2,104807,107365,8,9,3,6,10,10,10,3,5,10,10,Female,Tier 2,Hybrid
23,130773,10.6,6,6.0,8,10,49,0,116919,19230,6,6,3,5,5,4,9,4,2,7,3,Male,Tier 2,Hybrid
43,15493,7.1,7,1.7,10,8,27,0,36392,4854,5,4,5,8,4,5,5,2,2,9,10,Female,Tier 3,Online
52,79125,7.5,9,5.4,9,10,29,11,90159,106817,8,3,6,8,10,8,5,8,1,9,6,Male,Tier 3,Hybrid
25,126602,11.3,6,4.8,5,7,21,18,75899,94999,6,7,7,4,6,5,7,6,2,7,1,Male,Tier 3,Store
40,118850,8.3,7,5.3,7,10,35,2,48897,32896,6,6,2,5,6,7,7,6,5,10,4,Female,Tier 1,Store
27,95230,9.4,14,6.0,6,10,31,7,60087,7227,4,2,6,7,6,7,8,4,7,8,6,Female,Tier 2,Hybrid
36,168788,10.2,8,3.8,6,10,39,6,111701,135638,3,7,3,4,3,10,5,6,6,4,5,Female,Tier 1,Online
76,173839,5.6,5,3.1,8,6,6,19,57816,70416,3,5,7,7,5,7,4,9,8,4,8,Male,Tier 3,Store
42,96123,10.5,3,4.2,5,6,30,4,38873,500,6,9,5,8,10,4,6,1,5,9,6,Male,Tier 2,Hybrid
23,103808,9.8,1,4.0,9,10,49,0,134678,769,4,4,3,7,8,6,7,4,5,6,4,Female,Tier 1,Online
32,132152,7.6,6,4.9,7,10,28,10,45705,89555,5,4,2,6,8,8,10,2,5,9,10,Female,Tier 3,Hybrid
18,112671,11.6,1,5.0,8,10,37,5,81880,34925,6,3,3,4,7,10,10,3,1,5,3,Other,Tier 2,Online
37,134262,8.8,9,3.4,6,10,40,0,126883,500,4,1,7,5,6,7,3,3,4,5,10,Other,Tier 3,Online
44,107719,6.4,7,5.3,4,3,2,19,900,20479,8,0,3,4,7,2,9,8,6,7,8,Other,Tier 3,Store
66,127956,3.1,3,3.3,1,3,0,18,57462,98273,4,5,6,7,5,2,4,10,5,7,5,Female,Tier 2,Store
42,139151,7.3,11,3.0,2,8,25,5,111379,70999,6,5,3,7,8,5,8,3,4,10,7,Male,Tier 1,Hybrid
48,164281,4.6,11,3.7,4,9,15,17,70750,126414,5,0,5,4,9,6,6,7,7,4,10,Female,Tier 3,Store
41,115970,5.2,9,4.9,4,10,37,10,100431,51232,6,9,3,5,10,5,10,3,5,6,3,Male,Tier 2,Online
59,87467,6.6,10,1.3,2,2,0,17,900,500,5,0,5,8,3,4,9,7,6,6,2,Other,Tier 3,Store
67,111564,2.8,2,1.5,6,8,32,6,76663,27451,6,9,4,5,7,3,5,10,7,7,1,Other,Tier 2,Store
48,165472,10.9,12,3.6,2,7,38,10,111714,85120,6,7,5,3,7,2,4,8,6,4,8,Female,Tier 2,Hybrid
61,149848,7.1,4,1.2,7,10,19,13,100734,127869,4,5,5,5,4,7,3,7,4,4,2,Female,Tier 2,Store
79,40845,2.3,5,1.5,4,4,0,6,900,6764,4,0,3,4,6,6,5,8,10,5,4,Female,Tier 1,Store
65,61133,6.8,5,0.4,5,6,5,17,44834,36544,8,5,7,4,3,3,1,9,6,6,8,Other,Tier 3,Store
33,110556,12.0,14,4.6,3,9,41,9,114321,54874,5,8,1,6,10,7,8,5,2,6,5,Male,Tier 1,Hybrid
70,83940,3.0,11,0.4,3,1,4,6,13766,85284,10,2,3,7,1,5,2,6,4,4,6,Other,Tier 1,Store
56,132129,5.1,8,3.7,6,9,32,6,75507,29193,6,4,3,4,10,10,2,10,10,9,3,Male,Tier 2,Hybrid
62,124065,1.0,11,1.0,4,3,3,12,70218,81284,4,2,4,7,6,3,2,7,8,8,3,Female,Tier 2,Store
24,113222,12.0,3,3.8,5,10,47,0,84575,5947,7,8,3,7,5,7,10,3,5,10,2,Female,Tier 2,Online
40,38553,10.3,7,4.1,8,8,37,5,92751,32625,7,8,3,8,6,6,8,7,6,8,6,Other,Tier 2,Hybrid
65,127000,5.8,10,0.9,5,4,21,10,35930,50439,1,2,5,5,10,2,6,7,7,8,6,Other,Tier 3,Store
55,168087,5.5,8,2.2,6,6,17,12,85082,53724,8,4,4,8,5,5,6,5,7,10,7,Male,Tier 3,Store
43,88698,9.5,8,4.3,5,10,24,18,94400,52037,5,0,4,6,4,3,7,8,3,7,4,Female,Tier 3,Store
64,233899,3.4,5,2.8,5,6,16,9,108058,80658,8,5,6,3,4,5,6,7,5,4,5,Male,Tier 2,Store
53,154774,6.1,5,2.4,3,3,6,8,57935,98018,5,0,6,5,4,5,5,5,8,4,10,Female,Tier 1,Store
62,156068,3.5,9,3.4,5,4,5,15,56041,69637,3,4,5,7,8,6,10,9,6,9,2,Female,Tier 2,Store
37,210980,11.2,14,3.3,5,10,49,5,150000,96453,7,7,5,6,7,7,5,6,1,9,7,Male,Tier 3,Hybrid
58,123943,7.6,11,1.3,3,6,13,4,30440,34604,8,4,1,4,4,2,2,4,3,10,1,Other,Tier 2,Store
27,204881,12.0,9,4.0,8,10,38,1,106925,15065,1,6,3,6,4,8,8,1,1,10,3,Male,Tier 1,Online
45,151901,8.8,9,3.6,4,9,37,0,73254,69452,5,3,2,4,8,1,7,5,7,3,9,Male,Tier 1,Hybrid
46,150492,9.0,9,5.3,6,9,39,3,150000,500,6,4,5,2,10,5,3,3,6,4,5,Other,Tier 3,Store
32,157037,8.3,12,6.0,5,9,30,4,73151,102598,5,7,4,6,8,7,7,7,4,5,6,Male,Tier 3,Hybrid
54,151442,5.4,11,2.7,5,7,8,10,69498,59236,5,1,4,6,2,4,4,9,5,10,5,Male,Tier 1,Store
52,144588,6.7,9,2.3,4,5,7,7,88453,31572,8,2,7,6,1,7,5,6,6,9,8,Male,Tier 3,Store
32,155664,9.5,10,5.0,4,9,33,9,100236,4720,7,7,4,3,3,10,9,7,4,4,10,Female,Tier 1,Hybrid
54,123594,5.9,1,2.6,7,7,29,6,81669,89370,5,9,5,5,9,8,6,9,7,7,9,Other,Tier 2,Hybrid
47,166457,8.2,3,4.2,7,7,23,13,64952,107677,4,7,7,5,5,9,8,6,3,5,5,Male,Tier 2,Store
71,75337,4.9,8,1.9,4,6,9,5,21958,46415,3,5,5,5,9,6,3,8,5,6,5,Female,Tier 3,Store
58,29522,9.5,14,1.5,5,4,37,4,104451,24120,7,9,6,5,6,7,6,7,6,5,6,Female,Tier 3,Hybrid
35,144380,8.5,12,5.3,3,4,38,10,132313,73559,8,5,2,2,8,3,6,4,3,9,6,Male,Tier 2,Store
45,130152,10.3,11,2.3,5,7,26,5,38183,52500,6,4,3,9,8,3,5,6,6,8,3,Male,Tier 3,Online
44,216313,6.8,6,4.4,6,8,18,16,99562,130935,3,4,2,1,8,8,6,6,6,7,9,Other,Tier 1,Store
42,163059,11.3,8,4.4,7,7,34,10,150000,112744,4,9,6,8,7,6,7,4,6,8,7,Female,Tier 2,Hybrid
63,126233,3.3,10,0.6,8,5,29,7,59758,36286,10,5,3,3,5,9,2,5,7,10,1,Female,Tier 1,Hybrid
40,116783,5.4,2,4.7,4,5,8,18,24845,95653,3,6,4,6,7,7,10,10,1,8,7,Male,Tier 3,Store
40,164473,8.1,5,3.1,9,9,31,13,97114,83675,5,5,5,6,7,6,5,9,6,3,5,Male,Tier 2,Online
58,176102,5.8,10,1.5,6,6,23,11,98189,103232,4,0,3,6,10,5,5,7,5,5,4,Other,Tier 2,Hybrid
48,152015,7.2,9,2.1,7,9,32,5,54627,17982,6,4,3,1,10,7,9,6,1,4,9,Male,Tier 2,Hybrid
54,85566,7.7,6,3.7,7,7,27,4,106795,33966,3,0,5,5,4,3,4,7,5,2,6,Other,Tier 3,Hybrid
27,68839,11.2,10,5.9,5,10,39,6,128482,7008,5,6,7,3,7,5,10,1,2,8,8,Other,Tier 3,Hybrid
54,101526,2.9,5,1.9,6,3,0,13,17694,129223,7,3,4,7,5,3,4,8,6,8,6,Male,Tier 1,Store
47,113154,6.5,5,1.4,6,2,21,8,89710,93360,9,5,3,8,6,3,5,4,4,6,9,Female,Tier 2,Store
57,51442,4.8,10,3.9,6,6,32,6,50913,43584,9,4,2,8,3,5,6,8,5,9,6,Female,Tier 1,Store
53,233821,6.0,13,3.9,4,6,10,16,150000,122030,7,6,6,7,8,4,7,6,4,5,8,Male,Tier 2,Store
54,83095,2.4,12,3.5,6,4,0,15,54118,97878,6,2,7,1,3,3,10,10,7,6,7,Male,Tier 3,Store
18,125024,5.3,9,0.7,4,10,25,10,139469,56349,8,0,3,7,10,6,6,2,2,10,6,Female,Tier 2,Hybrid
18,64459,9.1,5,5.3,8,10,35,4,69982,17356,8,8,4,9,10,8,10,3,2,3,8,Male,Tier 2,Online
55,196019,6.6,1,3.0,7,6,25,16,85191,122055,5,3,5,5,10,3,5,10,4,10,2,Male,Tier 3,Store
47,119881,5.8,12,2.6,7,10,26,12,68153,62081,3,5,3,6,6,3,6,8,5,8,6,Male,Tier 3,Store
25,86987,5.3,11,5.2,9,9,36,6,59359,1423,5,7,4,5,3,3,8,4,1,5,4,Male,Tier 2,Hybrid
40,41827,8.1,5,4.4,5,8,28,5,87902,12672,7,9,6,6,8,6,10,8,4,10,4,Male,Tier 3,Hybrid
69,98754,4.6,11,3.2,5,6,16,9,93306,75454,6,3,4,5,3,6,3,10,6,8,7,Male,Tier 2,Store
53,121364,4.3,7,2.4,3,6,27,7,53332,127250,8,2,1,9,9,1,7,6,4,9,7,Female,Tier 2,Store
51,149420,7.1,4,3.9,7,8,18,10,49309,43994,4,1,4,4,9,5,9,6,5,7,5,Female,Tier 3,Hybrid
60,239680,3.6,11,0.1,4,6,12,15,92561,109793,5,6,6,2,1,7,5,8,5,7,1,Male,Tier 1,Store
59,52641,6.2,4,3.6,3,9,35,9,50222,49378,7,8,1,9,8,7,4,10,6,2,3,Male,Tier 2,Hybrid
38,39930,9.2,7,3.4,5,7,21,9,28747,21867,3,5,4,9,5,4,8,5,7,5,5,Other,Tier 3,Hybrid
34,124456,6.5,12,2.5,5,5,10,10,99210,29260,1,5,5,6,5,6,8,6,1,4,9,Female,Tier 3,Store
54,61100,5.5,6,2.2,6,7,23,16,150000,59287,8,6,2,8,9,5,2,6,1,1,5,Male,Tier 3,Store
22,132081,7.8,3,6.0,6,10,24,7,81239,23162,7,2,4,6,1,6,8,2,4,4,1,Female,Tier 1,Hybrid
18,81030,7.9,4,6.0,8,6,21,14,61342,112783,2,5,2,5,3,8,10,5,3,7,2,Female,Tier 1,Hybrid
35,52124,7.3,11,4.0,6,8,32,11,85330,52356,10,4,7,3,9,3,5,9,4,10,8,Female,Tier 3,Store
55,136219,5.6,5,3.3,8,5,11,16,83415,87818,5,3,3,3,5,2,7,7,3,9,6,Male,Tier 1,Store
71,111374,5.2,1,1.0,6,6,16,16,79550,100456,7,8,2,2,2,4,2,9,6,5,6,Female,Tier 3,Store
62,82055,3.7,2,2.7,6,7,22,7,60706,60334,10,6,2,3,10,6,8,9,6,8,5,Male,Tier 1,Store
20,167409,12.0,3,5.6,10,8,49,4,150000,62802,6,9,3,5,10,8,10,4,3,9,3,Other,Tier 1,Online
67,115685,3.4,4,2.1,2,3,11,14,82358,57123,4,6,3,7,3,6,3,6,8,7,6,Male,Tier 1,Store
48,171327,8.5,8,4.1,5,10,31,12,97478,71242,5,1,6,4,9,8,7,7,7,10,6,Male,Tier 1,Hybrid
53,91766,7.0,6,0.8,1,7,22,3,40756,52459,6,4,6,6,5,2,3,7,6,5,10,Male,Tier 3,Store
18,183886,9.5,9,6.0,7,6,27,6,125625,86003,1,8,4,3,2,4,9,4,1,8,7,Female,Tier 1,Hybrid
43,132895,7.8,11,4.4,6,7,19,8,46042,99020,5,3,4,3,9,8,8,9,3,3,10,Female,Tier 1,Store
68,83890,5.9,6,2.7,7,6,13,7,54639,37816,7,3,7,8,6,5,9,9,9,8,4,Male,Tier 2,Hybrid
48,166362,7.1,6,3.6,5,7,25,11,137688,73766,5,8,4,5,10,4,8,8,7,7,8,Female,Tier 2,Store
44,128644,10.5,12,3.1,7,6,11,19,62395,78994,4,3,5,5,7,9,7,7,2,10,10,Female,Tier 2,Store
41,102145,10.6,6,3.5,10,9,43,6,131317,500,3,7,4,3,4,6,10,7,3,6,4,Female,Tier 3,Hybrid
41,90120,5.9,5,4.2,4,10,30,11,124555,49562,5,2,5,5,5,6,8,2,5,8,3,Female,Tier 2,Hybrid
18,15000,10.5,2,6.0,7,10,41,5,101489,500,8,6,5,6,6,10,10,3,3,10,1,Female,Tier 1,Hybrid
56,250000,6.6,4,3.3,4,9,36,8,150000,108245,3,7,3,2,7,8,3,3,6,10,4,Other,Tier 1,Hybrid
18,15000,11.2,4,6.0,8,10,46,2,59547,500,9,6,6,6,9,8,9,1,5,9,2,Male,Tier 3,Hybrid
56,99507,2.1,6,2.5,3,7,5,15,900,107007,2,5,1,7,5,9,6,3,4,5,10,Male,Tier 2,Store
43,144942,6.1,6,4.0,5,8,35,9,118608,62979,4,6,5,9,3,6,7,9,6,7,7,Other,Tier 2,Hybrid
76,134391,8.2,8,4.3,3,5,24,12,71928,113348,7,8,1,6,7,6,10,8,4,7,5,Female,Tier 1,Store
40,106709,9.9,5,5.6,6,9,42,2,129233,500,5,0,3,5,8,7,8,6,6,7,9,Male,Tier 2,Online
31,155353,12.0,9,6.0,4,6,24,13,60556,103878,8,5,3,4,7,8,10,4,7,4,7,Female,Tier 1,Online
52,155629,4.1,8,1.0,4,5,11,15,65422,105629,6,6,3,6,3,6,5,7,4,10,3,Male,Tier 1,Store
28,47004,8.0,11,4.4,5,10,43,2,106812,27077,6,9,5,9,5,7,9,3,3,5,5,Other,Tier 2,Hybrid
59,63699,2.0,5,2.1,6,4,11,8,82014,41578,6,3,5,4,10,3,3,9,7,6,1,Male,Tier 3,Store
40,77270,6.1,11,4.3,6,7,9,9,21096,22437,7,5,6,6,5,4,8,8,1,5,9,Other,Tier 2,Store
30,96549,8.7,10,5.1,7,10,33,9,86153,50537,8,2,5,8,7,8,7,6,1,8,6,Other,Tier 3,Store
49,47421,5.8,9,5.8,10,10,21,9,71237,31766,10,6,5,10,7,10,7,4,3,6,5,Other,Tier 2,Store
45,37294,5.5,10,3.4,4,8,23,9,51701,22196,8,5,3,7,4,6,5,8,4,4,6,Male,Tier 3,Store
69,208225,4.9,8,0.9,5,7,20,11,90880,139744,2,6,3,8,8,7,4,6,4,7,6,Male,Tier 2,Hybrid
38,147925,6.2,9,5.2,7,5,22,15,82711,96126,4,3,4,5,3,7,9,3,3,8,7,Female,Tier 1,Store
46,91201,5.7,5,3.9,4,10,34,3,121905,83432,1,9,5,8,5,9,9,2,2,10,7,Other,Tier 3,Hybrid
44,209646,9.0,9,5.5,5,7,16,10,122131,112549,3,3,6,2,5,5,7,5,6,7,5,Male,Tier 2,Store
55,163335,7.5,11,2.9,8,10,36,8,113726,39223,4,0,5,4,9,4,8,6,7,6,5,Male,Tier 1,Hybrid
51,82524,8.7,5,4.4,5,6,28,7,60663,500,8,7,3,4,8,8,9,7,9,10,7,Other,Tier 1,Store
70,38188,4.6,6,0.6,5,6,8,10,900,55841,6,2,4,5,3,7,6,3,7,9,2,Other,Tier 1,Hybrid
50,102022,5.6,5,2.4,9,4,28,9,51451,7672,3,2,4,7,10,4,6,9,2,6,6,Male,Tier 3,Hybrid
26,114828,7.6,11,2.7,6,10,25,7,97887,90934,4,5,5,5,9,5,7,6,4,4,6,Female,Tier 2,Hybrid
39,111646,10.8,6,5.9,2,10,35,6,89261,40819,5,7,5,7,10,6,10,5,6,6,9,Female,Tier 3,Hybrid
44,115217,7.5,9,1.8,6,10,36,0,72629,23404,9,5,4,2,8,3,10,4,1,8,8,Female,Tier 2,Hybrid
62,108045,4.2,6,2.3,6,7,30,5,105954,12831,3,5,6,8,9,7,8,4,2,5,2,Male,Tier 2,Store
39,122766,5.8,1,3.6,4,10,32,16,87508,99348,9,3,2,6,7,9,10,5,7,7,6,Male,Tier 2,Store
18,32124,11.3,8,6.0,6,10,36,4,120456,8847,9,6,6,3,5,8,10,3,3,10,6,Other,Tier 2,Hybrid
52,156346,5.4,8,2.3,2,5,17,13,42428,40853,4,6,2,6,6,6,5,6,6,7,5,Other,Tier 2,Store
48,226820,4.4,6,3.3,6,4,5,18,45004,53422,1,4,1,3,8,6,6,6,5,9,8,Female,Tier 1,Store
73,15000,5.4,6,1.6,4,7,37,2,58551,47341,9,2,7,7,7,3,9,4,5,1,4,Other,Tier 3,Hybrid
39,133041,10.5,14,4.8,4,5,27,6,53434,117454,7,6,4,5,4,5,7,9,3,9,6,Female,Tier 1,Hybrid
48,74102,6.4,10,2.1,9,8,35,7,88123,32159,8,6,7,4,10,8,8,6,6,5,9,Other,Tier 3,Hybrid
69,58812,5.3,5,3.2,5,4,17,4,52995,80921,10,5,4,10,5,6,7,4,8,3,2,Male,Tier 2,Hybrid
57,174275,7.8,12,3.6,4,7,49,1,150000,5460,4,9,4,5,9,4,6,4,8,8,2,Other,Tier 3,Store
54,77125,7.0,5,4.2,4,10,30,4,136844,66177,6,5,1,6,10,9,8,7,9,6,2,Female,Tier 1,Hybrid
18,52491,7.3,4,3.9,7,4,7,15,53450,67476,10,2,7,9,1,7,6,9,1,10,10,Male,Tier 3,Store
24,95549,6.6,5,4.8,8,10,49,1,73925,70001,6,9,6,7,5,7,8,2,5,5,7,Male,Tier 2,Online
62,121167,4.9,6,4.5,4,8,45,2,145697,50122,4,5,6,5,7,6,8,6,7,5,6,Other,Tier 3,Store
75,78044,4.4,2,2.1,6,8,21,12,76826,25335,4,7,3,9,9,5,3,8,6,5,7,Male,Tier 3,Store
41,124040,9.1,12,4.7,6,10,44,0,90349,68599,4,4,5,5,6,7,8,4,7,10,5,Male,Tier 2,Hybrid
43,156406,9.1,8,4.8,3,4,31,2,92885,78777,7,6,4,2,10,3,3,7,2,8,6,Male,Tier 1,Store
36,105097,7.9,10,5.6,7,10,35,5,125676,46732,5,1,7,5,1,6,7,3,1,1,10,Female,Tier 3,Online
37,44419,7.3,13,3.5,6,7,25,11,35763,35844,7,6,4,7,8,4,9,6,3,8,2,Other,Tier 3,Store
54,96317,6.3,3,2.7,6,8,22,5,29826,49531,9,6,4,7,9,6,7,5,8,9,2,Other,Tier 3,Store
44,113480,6.6,3,2.7,8,10,35,8,87295,61120,7,3,6,6,7,5,5,3,6,10,8,Other,Tier 2,Online
59,181169,5.5,12,3.5,7,7,21,19,102347,73491,7,4,2,8,4,7,10,9,7,6,1,Female,Tier 1,Store
45,121780,9.0,8,4.2,8,7,24,11,105952,113063,9,7,4,6,8,7,8,7,5,8,5,Male,Tier 1,Hybrid
51,120242,5.0,6,3.5,9,9,20,15,73407,87237,4,7,5,7,2,4,9,7,6,3,10,Male,Tier 1,Store
71,15000,2.1,1,0.6,1,6,14,8,27951,96272,10,6,6,5,4,5,6,7,8,5,5,Male,Tier 3,Store
70,74816,4.8,5,2.3,3,5,14,13,99554,86484,8,5,4,4,8,4,6,9,7,10,1,Male,Tier 3,Store
44,96686,8.4,4,2.0,9,9,22,5,78350,5638,7,5,7,6,4,8,3,9,3,9,8,Male,Tier 2,Store
38,61223,6.3,13,4.0,8,8,25,0,31621,82299,8,1,6,10,6,4,7,2,3,5,9,Male,Tier 2,Hybrid
53,136224,8.4,6,4.4,1,10,46,6,140920,64385,5,8,3,6,8,9,8,5,7,6,3,Female,Tier 2,Hybrid
37,178070,8.8,9,6.0,6,10,33,10,140646,56781,6,3,1,4,6,4,10,7,4,10,9,Male,Tier 1,Hybrid
61,131037,4.8,8,1.9,2,5,16,11,65949,87806,8,6,4,4,8,5,5,9,10,6,4,Male,Tier 3,Store
45,144726,9.5,4,1.8,4,9,38,14,138423,99399,7,4,6,4,2,8,7,7,4,10,2,Male,Tier 1,Store
63,148916,4.1,11,1.3,8,6,22,2,123209,9088,4,7,3,5,7,5,9,7,7,9,5,Other,Tier 2,Store
61,101469,4.0,4,0.0,1,4,13,13,82084,40019,5,2,5,5,6,7,3,10,9,4,5,Male,Tier 2,Store
57,145698,6.6,11,3.1,9,6,13,10,140664,41096,2,4,6,8,6,5,3,9,7,6,2,Male,Tier 3,Store
52,145514,5.2,7,2.0,6,6,17,10,25913,100227,7,7,5,4,4,1,6,4,5,4,10,Female,Tier 2,Store
47,50922,9.3,8,2.5,8,8,31,6,103831,37665,8,6,6,3,9,7,10,4,7,6,3,Male,Tier 3,Online
60,72194,9.4,9,3.4,6,7,34,2,62280,500,3,9,7,6,8,6,6,7,3,10,9,Female,Tier 3,Hybrid
78,122753,4.7,5,1.9,1,4,10,13,75627,67983,8,0,3,6,5,1,6,10,5,5,5,Male,Tier 1,Store
18,31612,8.0,2,4.6,5,8,30,16,62249,107627,5,9,7,10,3,5,10,9,5,4,2,Other,Tier 3,Hybrid
35,71512,10.1,11,4.6,8,10,43,2,77723,63883,5,9,4,2,10,6,8,5,7,5,3,Other,Tier 1,Online
45,211910,8.3,9,2.3,8,10,41,9,150000,58617,4,3,5,1,7,5,8,6,4,6,8,Male,Tier 1,Hybrid
37,110337,5.9,11,3.7,5,6,11,14,19328,130716,4,2,2,5,2,6,6,7,9,9,9,Male,Tier 1,Store
47,95766,5.9,4,1.6,3,7,19,15,88538,97518,5,4,4,7,2,7,6,6,2,10,3,Female,Tier 2,Store
55,46857,3.7,6,3.5,2,3,0,17,49578,60798,7,0,3,4,6,4,6,7,4,8,8,Female,Tier 3,Store
43,74826,7.8,13,3.3,6,8,25,11,58072,95776,7,4,7,8,10,4,7,9,4,7,10,Male,Tier 2,Hybrid
70,41983,3.4,6,2.8,3,4,19,13,25770,72486,8,8,6,7,8,5,6,10,10,7,1,Female,Tier 3,Store
35,104479,9.0,12,4.0,7,9,36,1,71420,51599,4,3,5,4,8,6,9,5,5,10,7,Other,Tier 1,Online
32,133278,8.2,5,4.0,4,9,20,5,122063,46616,8,7,5,7,6,8,7,5,5,5,5,Male,Tier 2,Hybrid
47,232182,7.5,5,5.1,4,7,24,9,100588,150000,6,6,5,6,10,4,9,9,4,9,10,Male,Tier 2,Store
68,116867,7.6,2,3.4,1,3,27,3,20654,19163,6,5,2,5,6,4,4,6,7,8,5,Female,Tier 1,Hybrid
47,182186,6.6,12,4.0,2,6,21,6,101032,66202,9,0,1,7,6,8,5,9,4,10,4,Female,Tier 1,Store
29,44787,8.6,3,5.6,8,6,18,15,31184,98538,6,5,2,7,6,8,10,9,4,8,7,Other,Tier 1,Store
66,106054,3.3,5,1.8,4,7,16,8,54551,61985,7,4,3,7,6,4,5,6,8,3,5,Female,Tier 2,Store
49,108248,8.5,5,5.1,3,8,24,6,80136,104248,5,8,7,6,10,5,7,4,4,8,3,Female,Tier 3,Store
47,86796,8.0,8,4.0,3,7,17,9,56934,68229,10,3,4,4,7,4,10,6,6,5,5,Male,Tier 3,Store
33,38501,7.9,14,4.6,4,8,25,9,25649,49708,4,2,3,5,8,4,10,8,2,9,1,Female,Tier 3,Store
38,153059,3.1,11,3.1,5,7,14,14,118601,79143,9,2,4,1,3,5,5,7,5,10,4,Female,Tier 1,Store
51,18405,8.0,5,5.3,1,5,35,9,75110,40634,10,8,5,3,7,6,10,6,1,3,6,Female,Tier 3,Store
57,145966,4.1,8,2.0,5,7,4,15,26891,84816,4,5,3,7,5,4,5,7,7,5,7,Male,Tier 1,Store
59,89538,2.4,7,1.1,3,7,3,6,6393,22350,6,2,6,7,5,8,2,6,5,10,3,Male,Tier 3,Store
44,139166,10.2,10,5.8,5,8,47,4,150000,14686,7,9,3,5,7,5,7,6,4,5,10,Male,Tier 2,Online
77,141182,4.9,6,1.0,1,4,11,14,124345,128323,5,4,4,10,6,3,5,9,9,7,3,Male,Tier 2,Store
62,111948,3.9,1,3.5,4,3,0,19,10461,133785,6,1,4,6,4,2,3,9,4,2,4,Female,Tier 3,Store
46,24944,7.1,7,6.0,10,6,24,15,3306,95455,8,6,6,8,5,1,10,1,8,6,9,Male,Tier 3,Store
62,153520,6.3,4,1.7,4,7,28,9,108553,57591,7,2,5,4,5,8,8,5,4,9,1,Female,Tier 1,Hybrid
41,171086,6.5,5,3.3,2,6,27,16,101403,51634,6,1,1,5,4,7,8,3,7,10,6,Other,Tier 1,Hybrid
45,144069,7.0,3,4.1,8,6,8,19,29316,82592,8,1,2,4,1,6,5,7,4,8,10,Female,Tier 2,Store
44,156186,8.2,8,4.9,9,10,29,11,87090,50149,4,3,7,4,2,5,8,4,4,8,1,Female,Tier 1,Hybrid
33,122698,9.2,13,6.0,4,10,28,8,136060,33557,8,7,6,5,5,5,9,6,4,7,10,Other,Tier 3,Hybrid
43,100767,7.5,10,4.0,6,10,28,6,38049,49004,7,6,5,3,8,8,6,6,3,4,7,Male,Tier 2,Online
44,130190,7.2,4,3.5,9,7,23,6,135757,17036,8,9,7,3,9,4,8,4,6,6,7,Other,Tier 3,Store
25,21886,10.0,13,6.0,8,10,49,6,105975,42105,6,0,7,7,10,7,8,4,2,4,7,Other,Tier 3,Hybrid
55,66066,12.0,5,4.5,6,8,49,0,130327,10789,9,6,3,2,8,7,8,6,7,2,8,Female,Tier 2,Online
40,132699,5.3,5,2.3,7,6,21,16,79814,60493,7,6,6,6,5,6,7,8,9,10,10,Female,Tier 3,Hybrid
50,38132,7.0,5,3.6,4,6,33,10,89601,46133,6,9,3,7,9,5,6,5,1,9,9,Female,Tier 2,Store
60,180510,6.3,3,1.7,4,5,22,7,94453,73331,3,3,5,1,3,4,5,8,7,5,3,Female,Tier 3,Store
20,80121,9.0,3,4.5,6,8,30,6,45044,62684,6,4,7,7,4,4,10,4,3,9,7,Male,Tier 3,Hybrid
60,95728,2.3,9,0.4,5,10,18,5,36226,31422,2,5,2,5,7,4,5,2,4,8,3,Female,Tier 1,Hybrid
55,133455,7.1,7,0.6,5,2,15,8,12952,44835,4,6,4,4,2,3,5,2,6,7,3,Male,Tier 1,Hybrid
52,153096,9.5,5,4.7,5,9,39,11,94833,92077,5,6,4,6,3,7,5,5,10,10,7,Female,Tier 1,Hybrid
26,33902,10.5,7,5.7,8,10,41,7,43671,65241,7,8,5,7,7,4,7,7,2,4,9,Male,Tier 3,Online
60,138654,7.5,6,2.3,7,8,26,13,148106,94423,5,9,2,4,5,3,5,10,5,3,4,Female,Tier 1,Store
32,153627,8.3,11,3.7,10,9,42,8,143460,104883,7,7,5,7,6,7,7,4,3,7,4,Female,Tier 2,Hybrid
53,84101,6.5,6,3.0,8,6,24,3,67362,54933,10,7,5,4,6,6,6,7,4,6,4,Male,Tier 2,Hybrid
37,120986,6.8,12,6.0,5,10,15,8,29340,91659,9,3,1,5,8,6,8,10,4,10,9,Male,Tier 2,Hybrid
56,120915,7.3,9,3.6,5,6,17,7,33761,30804,7,2,6,7,8,5,7,4,4,8,5,Other,Tier 3,Store
65,52937,6.0,7,1.9,8,7,11,13,37380,95130,8,6,3,8,2,5,3,10,7,8,1,Female,Tier 1,Store
36,119301,7.9,14,3.9,1,7,16,15,95714,20783,8,7,5,6,4,1,5,6,2,4,2,Female,Tier 2,Store
62,79136,5.5,2,2.9,4,4,17,9,62628,65195,1,1,2,5,5,7,8,4,8,4,3,Other,Tier 2,Store
67,115073,4.9,4,0.9,4,5,27,11,91265,66342,7,3,3,7,6,2,1,10,9,1,8,Male,Tier 1,Store
23,90770,9.0,2,6.0,5,10,47,0,147067,71434,6,6,6,5,5,10,7,3,3,6,9,Male,Tier 3,Online
38,197245,9.3,10,5.3,6,10,46,3,142069,102108,9,5,6,4,10,8,9,5,3,6,5,Female,Tier 2,Online
62,109703,6.1,7,2.5,1,4,8,4,26988,51862,8,3,7,7,5,5,3,6,7,6,5,Female,Tier 3,Store
56,89641,2.7,11,0.7,6,5,22,8,47044,62390,10,7,4,5,6,3,4,7,7,5,2,Male,Tier 3,Store
55,36544,5.4,8,1.5,9,6,13,9,42354,60222,7,1,6,7,5,3,4,6,3,6,8,Female,Tier 3,Store
40,144904,9.1,11,4.2,7,10,48,3,134504,17831,8,9,6,3,9,5,8,3,7,6,6,Female,Tier 3,Online
18,64051,8.8,5,2.7,7,10,44,10,106064,14079,7,6,5,4,7,8,7,9,2,5,6,Male,Tier 1,Hybrid
31,159747,7.3,13,3.3,6,9,35,15,112692,79712,5,3,3,6,7,9,6,4,5,8,9,Other,Tier 1,Hybrid
42,141298,6.8,13,2.7,5,8,17,8,82448,90741,10,2,1,7,4,9,8,6,5,9,5,Female,Tier 1,Store
24,74412,9.5,4,4.6,8,10,46,5,105501,75582,7,7,2,9,10,8,6,3,2,8,2,Male,Tier 1,Online
76,55056,6.1,1,4.5,3,6,13,12,56027,31907,10,0,4,2,10,6,5,7,7,4,1,Male,Tier 2,Store
43,59339,9.6,11,3.8,7,10,37,8,99079,47289,10,8,3,7,10,7,7,5,4,4,5,Male,Tier 2,Online
62,105161,5.1,2,3.0,8,6,18,18,26351,113144,6,7,3,10,3,5,8,7,6,8,3,Female,Tier 1,Store
18,67030,10.9,10,3.6,10,10,28,3,48641,49482,6,0,5,3,6,6,7,3,2,6,6,Male,Tier 2,Online
61,124778,5.5,4,2.5,9,5,3,12,85931,110213,7,0,3,6,5,7,5,8,5,9,5,Other,Tier 1,Store
43,74596,10.7,4,5.3,7,8,29,10,61009,500,7,6,7,3,6,3,7,7,7,7,7,Female,Tier 3,Hybrid
18,106185,8.3,3,5.0,5,6,21,11,66940,36351,6,5,3,6,4,5,10,5,4,7,7,Male,Tier 1,Store
47,129649,7.1,6,3.4,7,7,12,19,90023,105455,7,7,6,9,4,6,4,10,3,10,4,Other,Tier 3,Store
52,60614,2.4,4,2.6,7,5,14,8,76672,22369,8,2,4,3,5,10,6,4,4,8,10,Male,Tier 2,Hybrid
32,154647,8.0,8,5.5,4,6,17,9,79305,46939,7,8,4,4,3,6,10,5,3,9,4,Male,Tier 2,Store
34,47729,7.5,14,2.6,8,7,18,2,37137,50177,7,6,3,6,6,6,7,7,3,7,9,Other,Tier 2,Hybrid
44,126474,7.2,8,2.9,3,4,4,17,900,70537,7,2,4,10,6,3,5,5,2,5,4,Female,Tier 2,Store
34,102663,8.0,12,4.1,8,8,19,8,24452,14728,5,5,2,9,3,5,7,5,6,6,10,Female,Tier 1,Hybrid
34,64124,7.6,10,3.1,6,9,28,4,94186,63891,8,1,3,5,7,4,10,5,2,7,2,Female,Tier 2,Online
62,85851,1.5,1,0.0,4,6,10,17,15474,96130,4,4,6,6,3,5,2,5,5,8,4,Female,Tier 2,Store
58,164066,8.4,2,2.5,5,5,10,16,114947,72397,7,3,4,4,6,5,6,8,1,10,5,Male,Tier 2,Store
23,145975,10.6,2,4.3,6,9,38,7,125153,69403,7,6,2,5,10,4,5,10,1,10,8,Female,Tier 2,Online
35,161985,10.1,9,6.0,5,10,34,3,89348,66222,7,3,2,2,10,4,8,5,2,5,10,Male,Tier 2,Hybrid
43,132303,2.7,4,3.3,6,4,1,13,33836,46163,7,0,7,5,2,3,5,7,6,4,10,Female,Tier 3,Store
45,74001,9.0,13,2.8,5,9,27,11,26809,52709,6,5,4,6,1,2,6,6,4,7,4,Male,Tier 3,Store
24,195399,6.9,1,4.4,6,10,35,4,140681,37391,8,7,4,7,4,8,7,5,8,9,2,Male,Tier 2,Online
30,166100,9.5,10,3.5,7,6,38,9,78438,96992,4,4,5,8,4,4,2,2,3,4,7,Other,Tier 3,Hybrid
39,203985,5.1,10,3.4,4,6,19,14,77920,137123,4,7,3,5,5,4,6,9,3,10,4,Other,Tier 1,Store
45,250000,6.6,6,3.8,8,6,35,2,137475,77064,6,4,5,4,8,7,7,4,4,5,9,Male,Tier 3,Online
41,23542,8.8,10,3.9,5,10,44,0,93796,500,8,4,5,5,6,5,9,3,8,5,6,Other,Tier 2,Online
56,58480,6.7,10,3.3,6,9,29,6,21008,17789,9,8,5,6,5,5,9,7,10,7,1,Female,Tier 3,Hybrid
66,99965,3.4,7,1.9,6,6,1,14,53358,16097,6,5,5,8,1,6,3,10,7,6,5,Female,Tier 3,Store
49,126279,10.1,6,3.1,6,8,40,11,140875,51591,7,7,6,8,5,6,9,6,5,7,10,Female,Tier 3,Hybrid
79,59928,4.5,5,3.0,9,8,18,14,900,48444,9,6,7,7,6,5,7,10,4,2,3,Male,Tier 3,Store
59,132511,6.9,2,2.4,4,6,24,8,108173,66235,7,2,5,3,4,7,5,6,7,10,7,Female,Tier 1,Store
29,74694,7.8,8,5.4,5,7,31,12,112796,39686,6,7,6,8,6,1,10,4,4,9,3,Male,Tier 3,Hybrid
57,72679,6.3,7,2.5,6,6,19,12,95821,18797,4,7,7,4,8,3,6,8,3,8,1,Male,Tier 3,Store
44,194369,8.7,8,1.9,8,8,16,9,111028,144615,7,3,3,7,4,3,6,5,5,7,6,Male,Tier 1,Hybrid
42,197348,9.0,6,4.6,5,9,32,2,100302,56868,6,2,6,3,4,8,6,7,10,9,1,Female,Tier 1,Hybrid
68,168905,3.9,7,0.7,2,3,16,19,81679,87484,6,8,3,5,3,1,4,8,2,2,7,Male,Tier 3,Store
62,75009,10.0,4,1.4,8,7,29,11,80389,82873,5,3,6,9,4,6,5,10,6,2,7,Other,Tier 3,Hybrid
77,136232,5.9,7,1.2,3,7,30,10,44467,108811,5,5,3,7,10,7,5,7,9,9,5,Female,Tier 2,Store
63,104107,5.6,6,2.0,5,6,14,1,41767,500,8,5,2,6,8,4,8,2,3,8,1,Other,Tier 2,Hybrid
64,127885,8.2,5,2.0,6,9,25,10,49805,110221,3,7,4,10,5,7,7,8,7,7,4,Male,Tier 2,Hybrid
53,98742,9.7,11,2.0,1,6,28,12,51758,44338,7,2,7,5,4,4,4,5,7,5,10,Male,Tier 3,Store
63,90740,5.9,3,1.6,7,6,25,5,102597,30687,7,7,6,5,7,3,5,6,4,9,6,Male,Tier 2,Store
70,101584,3.6,10,1.5,3,8,14,9,44731,117455,4,2,5,4,6,6,1,5,4,6,7,Male,Tier 3,Store
57,104540,3.5,7,2.5,7,5,19,9,101925,49200,5,6,7,5,2,7,6,7,8,3,5,Male,Tier 2,Store
39,92457,6.9,9,2.5,7,8,21,3,97024,29533,9,5,2,6,6,5,5,3,7,7,5,Other,Tier 1,Hybrid
19,56888,9.7,4,6.0,8,10,32,7,74602,62754,8,7,4,10,7,10,10,5,5,8,2,Male,Tier 2,Hybrid
49,81624,5.1,7,2.8,6,7,20,2,63667,88713,6,8,4,4,6,8,8,7,5,5,7,Male,Tier 3,Store
34,96771,9.3,6,4.0,6,10,43,6,98048,28283,10,9,5,3,10,4,10,3,3,10,7,Male,Tier 2,Hybrid
19,50119,8.8,3,6.0,9,10,37,0,40454,61537,5,6,5,4,4,6,10,4,1,6,3,Female,Tier 3,Hybrid
60,172539,1.0,2,0.0,2,5,0,19,49173,103689,3,2,4,5,1,4,4,10,4,9,8,Female,Tier 1,Store
18,15000,6.2,5,3.2,6,7,13,9,29960,5654,7,1,4,7,3,4,10,6,3,6,3,Female,Tier 2,Hybrid
54,168735,7.9,7,2.6,4,10,37,5,150000,21488,7,8,4,5,10,7,7,5,4,8,4,Female,Tier 2,Hybrid
71,153004,2.9,3,3.6,8,7,8,10,88304,45014,6,4,4,1,1,3,7,7,7,10,1,Male,Tier 3,Store
36,91564,7.1,9,4.4,6,8,10,6,40303,34714,8,9,5,6,9,6,7,5,2,8,4,Female,Tier 3,Store
55,55503,3.5,8,3.2,8,9,22,14,900,60634,7,3,4,8,2,6,8,9,5,6,7,Male,Tier 3,Hybrid
35,152365,12.0,9,5.9,3,7,28,11,77618,28004,7,3,3,6,6,6,8,7,3,10,5,Female,Tier 3,Hybrid
54,96648,9.6,10,3.1,3,6,27,11,104861,80730,9,2,5,9,6,4,10,7,4,7,8,Female,Tier 2,Store
42,101455,11.2,10,4.4,3,10,38,4,126390,37180,7,4,3,1,6,8,8,4,9,9,8,Female,Tier 1,Hybrid
50,131889,8.5,7,6.0,7,6,37,6,84219,84342,6,8,6,4,4,5,7,8,4,5,9,Other,Tier 3,Hybrid
43,114529,5.8,12,2.3,8,5,11,11,27446,94732,6,5,1,3,3,6,5,7,7,7,7,Female,Tier 1,Store
43,114831,6.0,9,5.3,4,8,20,4,6288,46937,6,5,3,5,4,7,7,9,8,7,6,Female,Tier 3,Store
59,147917,5.5,14,3.4,1,5,21,7,65253,94541,3,7,1,3,10,5,4,6,5,5,5,Male,Tier 1,Store
49,186082,7.6,3,2.7,6,6,21,12,63481,125269,7,2,4,5,1,5,10,5,5,6,8,Female,Tier 1,Hybrid
52,25104,8.5,9,2.2,3,7,21,7,77989,58710,6,4,7,6,3,4,7,6,9,5,9,Other,Tier 3,Hybrid
58,85387,6.4,6,6.0,6,8,23,10,80174,29640,5,2,4,6,2,4,6,10,7,10,6,Male,Tier 2,Hybrid
43,115040,7.6,5,4.9,7,10,42,6,60304,57513,7,7,3,3,9,10,6,5,4,10,9,Other,Tier 1,Online
49,126377,6.0,8,3.8,8,7,0,15,900,94726,8,0,3,4,7,7,6,9,5,10,4,Female,Tier 1,Store
27,21327,12.0,10,4.2,4,10,41,2,54596,77614,10,6,3,9,8,9,9,5,4,8,10,Female,Tier 2,Online
26,67892,7.6,11,3.0,10,8,30,11,68879,72745,10,4,3,8,5,7,7,3,3,7,10,Other,Tier 2,Hybrid
18,72188,12.0,1,5.2,9,10,35,8,145433,103834,6,9,6,9,6,10,10,10,1,5,8,Male,Tier 2,Hybrid
58,176167,5.7,9,4.6,1,5,16,8,51471,49235,3,6,1,7,9,7,8,8,7,6,4,Female,Tier 1,Store
29,96668,6.8,13,5.2,7,10,33,6,61587,48301,5,6,4,6,7,7,10,6,8,4,4,Other,Tier 3,Online
60,124833,7.6,8,3.4,6,5,24,10,102810,48245,8,6,5,10,6,6,5,9,6,7,1,Female,Tier 3,Store
52,144602,5.0,4,2.0,7,8,28,13,118185,83879,4,3,3,6,4,4,6,7,8,10,10,Male,Tier 1,Hybrid
42,204242,5.9,1,2.4,2,8,28,2,99278,72015,4,4,5,4,6,9,9,4,5,5,5,Male,Tier 1,Hybrid
45,31048,8.8,9,4.0,4,10,36,2,56598,51863,5,4,5,6,8,3,7,7,5,10,4,Male,Tier 3,Store
26,132458,9.0,11,4.9,5,9,36,1,130197,94242,6,6,4,7,8,5,6,2,2,4,10,Male,Tier 3,Hybrid
38,172033,5.9,9,2.2,4,9,23,11,60652,23553,5,6,4,10,5,9,8,7,1,6,6,Female,Tier 1,Store
39,69674,8.8,4,3.4,7,9,34,9,79413,54073,6,8,7,7,5,2,6,3,5,7,4,Female,Tier 3,Hybrid
22,143132,10.3,3,5.5,7,10,29,11,137847,83300,4,2,5,9,10,8,9,4,4,7,5,Female,Tier 2,Online
25,29380,11.3,8,6.0,6,7,22,5,61185,16785,10,3,4,7,3,3,8,3,2,4,2,Female,Tier 2,Hybrid
38,131819,5.6,9,3.2,7,6,0,15,42023,85900,7,2,4,4,2,7,8,7,4,3,6,Male,Tier 1,Store
18,121063,8.5,3,5.8,7,10,39,6,89142,112701,8,7,4,7,4,6,7,3,1,10,5,Male,Tier 2,Online
43,125924,6.8,11,3.4,5,7,18,14,69041,58371,8,5,3,3,5,7,5,5,3,10,7,Female,Tier 1,Store
25,123840,7.0,11,6.0,10,8,30,6,44623,52592,6,4,5,6,10,6,8,5,3,6,10,Male,Tier 1,Hybrid
54,166988,4.5,14,3.3,7,4,9,5,116568,41256,7,2,5,4,5,6,7,5,7,10,3,Female,Tier 2,Store
36,144465,8.8,14,4.5,6,10,31,8,90432,67752,6,7,4,7,7,7,2,6,3,4,3,Male,Tier 2,Hybrid
26,73501,9.8,13,6.0,7,10,37,11,73207,58391,9,2,4,8,9,5,10,3,4,10,6,Male,Tier 2,Online
34,224502,10.8,8,4.4,6,9,28,3,89861,58279,2,4,2,4,9,8,7,6,5,8,7,Other,Tier 1,Online
48,103710,3.5,5,3.6,3,8,11,14,86586,118217,6,1,7,4,2,6,7,7,6,6,8,Male,Tier 3,Store
45,207729,9.8,6,4.7,6,9,29,9,113632,129093,3,4,5,5,9,4,9,4,3,7,4,Female,Tier 2,Online
40,104111,10.4,11,5.8,7,9,34,0,123199,69866,7,3,3,7,4,7,5,7,3,10,9,Female,Tier 2,Online
49,159295,6.1,10,2.5,5,6,13,17,32187,109960,2,4,1,4,10,3,6,10,4,4,5,Male,Tier 1,Store
59,159533,3.4,10,4.6,5,10,22,13,80853,85829,9,5,6,7,10,3,9,7,6,9,1,Male,Tier 2,Store
38,49637,11.2,6,5.4,8,9,41,8,135022,55066,7,4,7,7,9,7,8,10,1,7,6,Male,Tier 3,Hybrid
34,115420,5.1,12,4.5,5,10,18,10,90671,72926,8,8,4,5,7,9,4,3,8,6,7,Male,Tier 1,Online
45,98727,8.9,10,4.5,1,5,20,14,94091,61002,7,6,3,3,8,1,9,9,5,4,7,Female,Tier 2,Store
50,117809,5.5,5,2.8,9,10,19,15,65684,84409,9,0,5,4,7,8,6,9,7,6,7,Female,Tier 1,Store
54,74014,5.7,9,2.7,8,5,8,9,47413,11687,5,0,6,5,4,4,6,9,7,6,8,Male,Tier 2,Store
37,148087,2.2,11,4.2,9,7,0,18,26338,121795,7,3,4,6,5,7,8,8,1,9,1,Female,Tier 2,Store
31,179263,11.0,6,4.2,5,10,39,7,113000,62081,5,8,5,1,8,4,7,6,1,8,8,Female,Tier 1,Online
50,77647,6.4,10,2.4,5,7,29,8,31156,31569,3,6,3,5,6,3,9,8,6,1,5,Male,Tier 3,Store
52,188852,9.6,3,3.0,5,8,46,7,118808,62576,4,9,4,2,8,9,3,6,8,4,4,Female,Tier 3,Hybrid
42,210285,5.4,6,4.2,4,7,23,7,121361,91748,6,5,2,4,9,8,7,5,2,10,4,Other,Tier 1,Hybrid
34,151387,8.6,10,6.0,9,7,30,6,110667,120066,8,2,3,9,7,7,10,6,5,10,10,Female,Tier 1,Hybrid
72,126383,5.2,3,0.9,7,7,18,15,88487,134482,5,5,3,8,5,8,7,8,7,7,5,Male,Tier 2,Store
38,117848,8.3,13,6.0,3,9,27,5,111369,94909,6,4,3,5,7,5,4,4,5,5,7,Male,Tier 1,Hybrid
61,99076,5.1,6,1.6,5,7,22,2,50172,50093,7,2,4,8,7,4,3,6,6,4,5,Other,Tier 3,Store
63,107879,4.9,6,1.6,2,3,8,13,75069,28803,5,7,4,5,5,2,4,6,8,3,2,Male,Tier 2,Store
41,106308,9.7,6,3.1,6,8,42,9,120970,11398,6,8,6,4,8,7,9,7,1,10,10,Male,Tier 3,Store
32,68451,9.8,6,3.6,6,9,22,4,4915,500,6,2,4,6,6,5,8,4,3,8,10,Female,Tier 2,Online
49,30507,6.3,9,5.7,4,6,27,9,57412,37650,5,9,5,7,4,5,10,10,5,6,4,Female,Tier 3,Store
45,131901,4.5,7,4.4,8,8,6,7,53862,63845,4,7,7,5,5,2,5,3,9,8,8,Other,Tier 3,Store
18,50405,10.7,1,5.0,9,10,46,8,76659,500,10,5,1,4,10,6,10,6,4,10,4,Female,Tier 2,Online
64,29911,3.9,4,2.6,2,7,38,0,77698,500,4,7,2,6,6,5,1,7,7,3,5,Other,Tier 3,Store
41,48074,9.5,4,5.0,5,8,38,3,99582,7519,8,3,3,6,7,5,8,7,5,10,9,Other,Tier 1,Hybrid
18,79237,8.6,4,4.2,8,10,19,16,76900,150000,10,3,7,6,4,4,9,8,5,7,4,Female,Tier 3,Store
39,106268,6.9,13,3.2,7,10,48,4,101311,26069,5,4,3,8,9,8,4,2,5,8,8,Female,Tier 1,Online
67,157685,5.0,4,3.3,4,5,29,4,116852,500,5,8,7,4,9,9,8,5,9,8,3,Male,Tier 2,Store
44,96462,6.1,8,4.3,5,9,20,6,57394,42917,7,8,4,7,10,6,10,5,6,8,4,Other,Tier 1,Hybrid
42,63736,7.6,8,5.5,6,9,16,15,67459,14248,6,2,5,9,1,6,10,5,7,6,10,Male,Tier 2,Store
38,173135,5.6,9,4.7,7,9,36,12,112992,115114,6,7,5,4,10,6,5,6,3,6,6,Female,Tier 1,Hybrid
41,111258,9.2,8,3.8,3,9,48,0,116183,8229,5,9,6,3,10,6,8,3,5,10,7,Female,Tier 1,Hybrid
55,40770,4.5,4,0.0,4,8,19,3,57872,51524,9,5,4,5,6,4,5,2,7,10,9,Female,Tier 2,Store
24,134915,10.0,1,5.4,5,10,45,1,78267,29793,6,9,3,5,6,6,6,9,4,10,2,Female,Tier 3,Online
54,95296,3.7,2,3.9,3,2,1,14,6069,34156,5,0,5,5,3,8,9,3,3,3,5,Male,Tier 2,Store
23,135543,8.2,2,5.0,4,10,20,9,93434,107139,7,5,4,5,8,6,10,9,1,5,4,Other,Tier 3,Store
39,115489,7.7,11,5.1,6,8,27,7,69823,74521,8,7,2,5,5,9,6,9,3,10,5,Female,Tier 1,Store
21,53651,12.0,6,5.0,7,9,49,5,77811,23752,8,6,5,7,7,2,7,4,2,10,4,Female,Tier 2,Hybrid
31,37140,2.7,7,4.3,5,4,5,10,14220,12468,8,1,3,7,9,4,10,7,1,5,8,Female,Tier 1,Store
46,113184,7.0,9,3.8,7,8,36,2,64436,24942,10,7,5,9,7,3,10,5,5,5,8,Female,Tier 3,Online
19,66794,8.7,4,6.0,8,10,32,10,92255,10273,10,8,4,5,8,5,10,5,2,10,1,Male,Tier 3,Hybrid
38,120502,6.8,10,5.4,5,7,17,7,76515,61583,6,9,3,6,2,5,9,9,4,7,10,Male,Tier 3,Hybrid
53,158057,7.2,10,1.5,3,8,23,11,118023,96382,8,4,4,6,4,6,5,6,6,4,10,Female,Tier 2,Store
19,31171,9.1,8,6.0,8,10,38,9,78920,22746,6,8,3,6,8,4,10,1,4,9,1,Male,Tier 1,Online
18,79437,9.2,4,4.8,7,10,26,12,85478,45526,5,3,3,6,6,8,7,3,3,10,1,Other,Tier 1,Hybrid
52,107920,4.8,8,1.7,3,5,19,10,57803,53110,8,4,6,7,1,2,4,5,1,9,8,Female,Tier 2,Store
49,142128,9.3,6,3.4,4,9,41,3,140852,34722,7,6,3,3,8,9,8,7,6,3,1,Female,Tier 1,Hybrid
41,132160,7.7,10,3.6,9,8,18,9,66341,38401,10,5,1,6,5,8,7,8,5,4,9,Female,Tier 1,Store
43,93346,9.2,3,2.5,7,4,18,5,39526,10176,5,5,5,6,3,4,7,2,2,4,6,Male,Tier 3,Store
71,81339,8.7,7,1.9,2,7,22,13,86417,19772,5,4,5,7,8,5,5,10,6,5,1,Female,Tier 2,Store
40,68438,4.5,8,3.9,8,7,16,8,31013,12051,7,1,3,6,6,7,7,5,5,5,5,Other,Tier 1,Store
37,112340,7.9,14,2.4,7,7,21,10,76747,74943,8,4,6,5,3,4,4,4,1,5,1,Male,Tier 2,Store
33,56836,8.8,8,4.2,4,5,13,14,73430,63816,10,4,4,5,2,3,10,4,3,7,7,Other,Tier 3,Hybrid
39,123752,4.5,10,2.0,8,6,17,9,59243,82537,8,7,4,7,7,2,6,5,4,7,5,Other,Tier 3,Store
66,149794,4.3,10,2.6,3,9,7,14,44135,71204,8,6,3,6,2,5,3,7,5,10,1,Female,Tier 1,Store
18,59207,11.2,6,6.0,10,10,49,3,85763,500,7,7,5,8,5,10,10,1,1,8,6,Other,Tier 2,Online
59,67114,3.2,8,1.5,1,3,0,13,900,114577,8,3,5,7,2,2,5,8,9,4,3,Male,Tier 1,Store
47,177615,9.0,5,4.6,8,8,40,16,100814,119640,2,8,6,5,9,3,5,6,5,6,5,Male,Tier 3,Hybrid
69,27825,4.3,5,2.0,1,3,15,8,63762,12880,9,3,3,4,6,2,3,9,6,6,1,Female,Tier 2,Store
53,185614,4.9,11,2.3,5,5,20,15,110976,132684,2,4,2,6,5,5,7,7,2,9,7,Male,Tier 1,Store
53,104343,6.8,5,6.0,1,6,24,7,72268,60567,9,6,6,5,5,9,7,4,3,5,8,Female,Tier 1,Store
18,58845,10.4,4,6.0,5,9,38,4,62228,64269,6,4,2,9,3,5,9,2,4,10,3,Female,Tier 1,Hybrid
52,165044,4.2,7,4.4,5,10,28,8,96383,128916,5,1,2,4,3,5,10,7,4,4,7,Female,Tier 2,Store
55,133170,2.8,2,1.8,6,3,0,15,900,13100,6,3,3,3,8,5,4,7,5,7,2,Male,Tier 1,Store
52,119644,4.8,7,0.6,4,7,20,16,109677,2554,8,2,3,7,2,4,2,5,8,7,4,Other,Tier 3,Store
41,104465,2.7,6,0.9,8,6,4,10,31997,39977,8,3,6,4,3,5,7,3,2,7,5,Male,Tier 3,Store
51,103965,5.9,7,0.7,5,6,12,16,58949,500,8,2,3,8,6,3,4,10,7,4,4,Other,Tier 2,Store
28,178051,6.5,9,4.7,5,9,32,7,147699,73868,4,3,6,5,5,6,9,6,5,10,6,Female,Tier 3,Hybrid
18,79461,10.5,5,5.5,9,10,39,2,95251,56543,7,9,4,9,4,8,7,2,2,10,5,Male,Tier 1,Online
39,71163,8.8,14,5.5,3,9,36,7,145502,62667,6,6,6,6,6,6,10,2,1,4,8,Female,Tier 3,Hybrid
37,49219,7.7,14,6.0,7,7,32,7,55703,23285,6,9,6,1,4,7,7,6,1,3,4,Male,Tier 3,Store
65,37664,3.1,2,1.9,2,5,5,11,24647,65770,9,6,3,3,5,6,4,3,3,8,4,Other,Tier 1,Store
40,109616,7.9,8,3.3,5,7,28,7,113472,500,2,7,6,7,5,7,9,5,6,10,5,Female,Tier 2,Hybrid
44,204023,4.8,10,3.5,5,6,16,11,62921,87650,8,5,4,3,9,8,9,9,6,7,6,Other,Tier 2,Store
39,108168,7.5,12,5.1,6,8,30,14,39722,148097,3,7,4,10,4,5,8,6,1,5,8,Male,Tier 2,Hybrid
79,115189,6.2,2,1.3,4,7,30,2,120755,8779,9,2,4,6,5,4,4,9,8,10,3,Other,Tier 3,Store
74,15722,1.0,6,0.0,8,3,0,15,5935,33698,6,5,3,6,5,6,3,9,3,6,1,Other,Tier 3,Store
50,82925,6.9,8,4.0,5,8,39,1,48833,34111,10,9,3,4,8,7,7,3,2,7,5,Other,Tier 2,Online
31,198494,5.3,12,4.6,7,10,26,2,89996,60123,9,4,3,7,5,7,7,6,7,10,7,Other,Tier 2,Hybrid
67,115330,7.4,9,4.1,6,8,26,9,91482,44225,7,4,4,1,8,4,8,4,4,7,5,Male,Tier 2,Online
59,229717,5.6,7,3.1,5,8,18,8,65691,61587,6,5,3,5,6,7,3,8,7,5,4,Female,Tier 1,Store
23,68333,8.1,1,4.0,8,9,29,9,60745,500,9,2,3,6,6,3,9,4,6,10,3,Male,Tier 3,Hybrid
43,38815,6.0,10,4.3,6,9,27,9,27120,500,4,8,3,6,7,10,6,9,5,6,7,Male,Tier 2,Store
58,30694,3.5,4,3.3,7,7,6,12,31923,118846,5,5,4,7,6,3,9,7,6,6,5,Male,Tier 2,Store
58,134764,8.6,4,4.7,3,7,23,11,95839,64713,8,7,2,8,10,8,7,9,7,6,3,Male,Tier 1,Store
26,66886,9.4,14,3.3,9,10,44,0,82284,43260,9,9,5,9,9,7,9,1,4,7,4,Male,Tier 2,Online
49,122664,7.4,7,3.4,6,10,43,14,134983,124287,7,7,1,3,8,7,8,7,7,8,9,Other,Tier 1,Hybrid
46,123577,7.9,11,2.5,6,10,44,4,120934,88512,7,4,5,5,9,10,7,4,7,9,6,Female,Tier 3,Hybrid
33,90834,6.6,7,2.5,5,9,43,8,101082,12634,5,6,3,8,9,6,7,7,5,8,7,Male,Tier 1,Hybrid
40,127597,7.3,9,2.3,4,7,29,9,89364,65824,9,4,3,6,7,7,8,8,3,9,5,Female,Tier 2,Store
63,96550,6.1,8,4.2,3,6,21,4,70319,59136,7,4,1,4,6,6,2,2,6,4,3,Other,Tier 1,Hybrid
40,92540,9.0,7,5.9,1,7,35,4,38034,71172,4,4,3,7,8,5,10,7,8,8,4,Female,Tier 2,Store
35,103112,7.4,12,3.9,7,10,45,4,86703,75427,7,6,3,6,9,9,9,6,1,10,9,Female,Tier 1,Online
38,106316,9.4,9,3.7,6,10,35,5,83948,66154,7,5,4,5,6,9,6,6,8,5,6,Female,Tier 1,Hybrid
31,79563,11.4,9,6.0,9,10,27,14,82752,91153,9,7,2,4,8,9,9,5,5,6,4,Male,Tier 2,Hybrid
25,15000,6.9,10,3.1,5,7,24,10,16530,26367,10,2,6,7,6,7,1,5,6,7,7,Female,Tier 3,Hybrid
67,76285,4.0,9,2.9,5,4,9,13,70589,46161,10,1,3,6,9,6,6,10,9,10,4,Female,Tier 2,Store
50,167199,3.6,5,3.7,8,9,36,0,128828,22757,7,5,3,8,2,6,7,8,2,8,8,Male,Tier 1,Hybrid
40,108524,5.1,9,2.2,6,9,9,10,67424,81735,6,6,1,7,3,7,9,7,3,6,6,Male,Tier 2,Store
65,96359,2.8,10,2.9,5,6,2,19,900,99448,8,3,7,8,6,5,4,10,7,10,3,Female,Tier 3,Store
39,125208,8.5,9,4.2,8,9,25,4,141941,26511,4,1,5,9,6,5,9,5,1,10,8,Female,Tier 1,Hybrid
36,93120,7.0,12,5.6,3,7,16,15,96375,38266,4,6,4,7,5,8,10,9,3,5,3,Female,Tier 3,Store
41,187399,8.3,9,3.5,5,8,16,19,90361,96360,4,5,4,8,4,6,6,10,8,9,5,Female,Tier 2,Store
58,66474,4.3,4,2.6,3,5,7,9,900,56481,9,7,5,7,7,6,7,8,7,10,1,Other,Tier 2,Store
44,33696,4.2,12,2.0,5,5,18,9,73545,500,6,6,3,3,9,3,7,5,5,7,8,Other,Tier 2,Store
56,170026,6.3,9,2.0,2,5,5,15,78809,53911,3,3,5,9,10,7,4,10,9,8,5,Female,Tier 1,Store
56,144427,4.0,9,2.4,6,5,10,13,122497,36635,4,3,5,6,3,9,1,8,5,9,4,Female,Tier 1,Store
47,184385,4.0,6,4.6,5,9,22,9,60193,40256,4,8,5,5,3,7,5,6,2,2,6,Male,Tier 3,Store
53,171451,5.1,8,3.5,4,4,5,13,58456,96926,4,1,1,7,7,1,6,10,4,4,6,Male,Tier 1,Store
30,103813,9.6,9,3.6,8,10,36,9,126885,84597,9,3,1,5,9,5,7,6,2,6,8,Other,Tier 3,Hybrid
32,51548,8.9,10,5.8,7,8,23,10,900,50102,6,0,6,4,1,3,8,4,6,10,4,Female,Tier 3,Hybrid
56,146129,2.2,8,0.0,3,5,0,16,70478,136883,5,4,1,5,2,3,6,7,3,10,4,Male,Tier 1,Store
42,152569,7.2,5,3.6,4,7,13,8,71360,36768,4,3,5,4,4,6,7,6,6,6,7,Female,Tier 3,Hybrid
34,141172,7.4,8,3.8,4,8,26,12,132916,128798,6,9,4,4,8,4,6,4,7,8,10,Female,Tier 1,Store
77,166975,2.2,1,0.8,1,4,11,19,32771,79407,7,7,4,5,4,5,9,10,5,6,3,Male,Tier 3,Store
38,178823,8.7,14,4.6,7,10,26,6,125783,102717,4,5,4,2,6,7,10,6,2,5,7,Female,Tier 2,Online
36,123378,5.1,14,5.1,6,10,26,13,127059,106154,3,7,5,8,6,2,8,10,4,6,9,Female,Tier 3,Hybrid
62,82420,6.6,8,2.9,6,6,22,15,65962,17926,3,7,3,6,5,7,8,7,6,7,7,Male,Tier 1,Store
41,101460,5.4,2,1.2,8,8,19,6,96046,43391,9,0,4,6,6,10,4,5,6,10,8,Male,Tier 2,Hybrid
38,82815,8.7,5,5.9,6,8,21,13,45352,91147,10,3,5,8,2,4,10,5,4,4,7,Male,Tier 3,Store
55,91768,8.2,5,3.9,4,9,40,3,114484,500,5,6,6,5,10,1,8,5,6,8,5,Female,Tier 3,Hybrid
63,121427,4.4,10,2.9,7,4,10,19,58882,64938,7,4,1,3,1,4,6,10,10,10,2,Other,Tier 1,Store
48,145758,5.1,10,1.8,6,7,15,6,68116,50799,6,3,4,4,6,7,8,5,4,8,5,Female,Tier 2,Store
22,64245,12.0,2,5.2,7,10,44,0,127352,500,5,7,4,4,8,7,10,2,7,6,8,Male,Tier 2,Online
53,96209,5.5,9,5.6,7,6,21,11,33824,118865,7,8,2,4,3,8,9,6,5,4,3,Female,Tier 2,Store
31,117823,8.4,14,6.0,9,6,5,13,30423,69267,8,0,4,4,3,5,9,4,5,9,7,Other,Tier 2,Store
43,120058,5.5,8,4.9,3,8,22,11,67827,61926,4,0,7,5,10,7,10,1,5,5,5,Female,Tier 3,Store
33,83527,9.2,11,5.9,6,10,38,0,128005,26402,8,7,6,4,2,6,8,1,2,7,5,Male,Tier 2,Online
53,101334,5.3,8,2.0,5,7,20,12,110383,92959,3,4,5,7,1,3,5,10,4,6,5,Male,Tier 3,Store
41,156036,7.0,5,1.8,8,9,9,15,51638,102789,5,5,5,5,2,5,4,1,7,8,7,Female,Tier 3,Store
47,123993,7.4,4,3.7,8,10,40,4,106277,500,4,9,4,7,7,5,6,8,5,10,7,Female,Tier 2,Hybrid
63,80911,9.0,7,2.3,3,6,24,6,117634,55147,10,4,5,7,8,7,4,7,7,4,6,Male,Tier 3,Hybrid
70,57314,3.0,12,0.8,5,7,12,12,51218,39053,10,2,3,7,5,5,4,10,9,1,2,Female,Tier 3,Store
33,105304,8.6,11,5.0,7,10,44,4,116008,43180,8,4,4,6,10,8,5,8,3,10,8,Other,Tier 2,Online
41,123523,8.2,8,4.4,7,8,33,3,150000,49861,5,9,4,5,8,5,9,6,6,5,9,Female,Tier 3,Hybrid
59,122328,5.0,6,2.0,3,9,25,11,95746,78451,7,3,4,3,7,5,5,8,6,4,5,Male,Tier 2,Hybrid
48,168091,8.8,4,4.4,8,6,16,10,49210,53935,7,3,2,5,3,10,7,5,5,6,7,Female,Tier 1,Store
49,116852,5.5,8,3.5,4,4,5,9,45553,89237,7,9,5,5,1,5,8,5,2,7,5,Male,Tier 1,Hybrid
34,96728,8.8,5,5.4,6,10,27,3,120033,8294,2,8,4,6,4,5,10,9,2,10,5,Female,Tier 2,Hybrid
34,202665,8.4,12,4.3,7,10,38,7,112615,51732,8,9,4,7,7,8,5,4,5,6,6,Female,Tier 1,Hybrid
46,147963,9.0,6,2.7,8,8,24,13,42371,89036,6,6,6,5,3,5,5,5,4,9,6,Female,Tier 2,Online
42,178897,10.7,2,5.5,4,4,22,10,100437,89318,4,5,1,1,4,8,6,8,2,9,8,Other,Tier 1,Hybrid
50,102256,8.9,4,2.2,9,9,39,0,59885,40175,1,7,5,4,9,7,8,8,6,8,4,Other,Tier 3,Hybrid
50,116665,6.6,9,2.8,3,6,10,17,37542,105048,5,2,6,8,7,4,7,7,1,8,5,Male,Tier 2,Store
51,93730,7.3,7,2.3,7,7,1,8,47056,63107,10,6,5,6,3,6,6,2,7,6,6,Male,Tier 3,Hybrid
47,226304,6.2,11,4.7,5,10,31,7,137784,80263,5,6,5,5,8,9,7,3,5,3,10,Male,Tier 3,Hybrid
35,116107,9.2,12,4.8,5,6,32,8,83811,55523,8,2,4,7,7,7,10,1,2,9,2,Female,Tier 2,Hybrid
55,122339,6.0,8,1.1,4,6,30,14,110882,43753,7,7,3,5,10,5,7,7,4,3,7,Male,Tier 1,Store
33,35797,8.9,9,3.4,6,8,32,7,85737,12322,7,5,5,3,5,8,8,4,5,5,5,Other,Tier 3,Hybrid
46,217004,6.1,9,4.5,6,8,31,13,150000,67619,6,8,4,4,10,4,6,5,6,4,5,Male,Tier 3,Store
54,127451,5.4,11,2.9,4,8,33,0,118311,55545,6,7,2,6,8,8,7,7,7,6,6,Male,Tier 2,Hybrid
74,113854,3.6,6,0.5,7,5,12,13,50152,76737,9,5,2,7,3,5,2,8,6,6,1,Female,Tier 1,Store
45,114545,7.8,13,5.8,6,8,21,6,69539,77982,2,3,4,5,6,5,6,8,4,4,1,Other,Tier 2,Store
44,92047,6.0,3,4.6,5,7,23,9,900,26557,4,8,5,6,8,2,8,6,9,10,4,Male,Tier 2,Store
52,88671,6.7,4,1.7,4,9,36,4,92738,84782,7,2,4,6,8,8,8,7,5,8,7,Male,Tier 2,Hybrid
78,147771,2.8,4,2.2,6,6,9,14,110775,118009,5,7,5,3,7,6,3,10,5,4,5,Male,Tier 3,Store
55,108727,6.6,11,2.5,8,8,34,10,95485,46893,5,6,5,8,7,5,7,4,9,5,6,Male,Tier 2,Store
44,123173,5.6,7,3.5,9,10,24,16,102036,129314,10,6,5,4,1,9,6,5,4,10,7,Male,Tier 1,Hybrid
44,171210,9.9,9,2.9,4,6,27,11,85217,85383,4,5,6,1,10,6,6,5,6,10,5,Male,Tier 3,Hybrid
33,191905,7.7,8,3.3,6,10,20,8,87960,52358,7,7,2,5,6,6,9,4,3,10,7,Female,Tier 2,Hybrid
79,116174,5.4,7,2.7,2,4,14,14,72528,59584,5,1,6,5,5,5,6,10,8,8,5,Female,Tier 3,Store
30,80425,8.9,6,6.0,8,8,34,4,117112,36758,10,5,4,6,7,5,6,2,5,10,4,Male,Tier 2,Hybrid
47,162707,7.4,8,4.5,3,8,21,8,73963,107196,6,6,3,3,1,4,6,6,6,5,9,Other,Tier 1,Store
39,135573,4.7,6,4.6,6,7,20,9,56259,111570,9,4,4,5,6,8,10,7,6,5,7,Male,Tier 1,Store
28,193823,6.7,11,4.5,5,9,15,3,74534,64547,5,0,5,3,8,8,9,5,4,8,4,Other,Tier 2,Hybrid
67,30315,7.0,6,5.0,1,8,40,7,87303,71419,5,6,2,9,9,7,7,9,5,2,3,Female,Tier 2,Store
58,189281,3.5,1,3.4,6,6,18,6,87861,40156,6,3,4,5,5,5,7,8,5,8,7,Female,Tier 3,Store
41,121584,8.2,4,5.8,6,8,32,6,119538,500,7,5,6,8,7,5,8,4,3,10,7,Male,Tier 3,Online
71,77214,6.2,5,1.6,5,7,14,14,14619,76146,4,7,7,8,8,7,6,8,7,9,4,Female,Tier 3,Store
52,118188,6.8,8,4.9,5,8,21,11,69354,70851,7,0,3,4,8,9,6,6,3,6,5,Female,Tier 1,Store
67,89415,7.9,6,2.6,6,8,26,11,55628,80197,8,4,6,8,5,5,6,10,4,4,4,Male,Tier 3,Store
27,132877,9.5,14,4.0,5,9,39,1,128117,49071,10,5,5,9,10,7,9,1,2,4,7,Male,Tier 2,Hybrid
65,128178,5.9,8,2.8,6,5,24,6,119861,59122,5,2,3,5,7,4,5,9,6,5,1,Male,Tier 3,Store
31,77266,8.3,10,3.5,9,9,23,6,40624,21336,7,4,4,9,6,7,9,3,2,6,7,Female,Tier 3,Hybrid
52,174677,7.9,5,3.5,7,9,30,9,136924,68116,2,4,3,2,4,7,3,5,8,9,4,Male,Tier 1,Hybrid
32,84629,7.0,12,3.0,8,6,30,8,106387,48237,7,4,4,7,5,5,10,1,3,5,7,Female,Tier 1,Store
43,225323,7.6,4,3.5,8,10,35,9,150000,110940,6,2,5,1,9,7,8,8,6,4,8,Male,Tier 3,Online
48,140639,4.1,9,3.4,6,7,11,11,46012,38547,5,5,6,6,5,5,4,6,2,5,4,Other,Tier 2,Store
38,94095,4.0,7,0.0,5,9,41,5,72983,25251,7,8,3,6,7,7,3,6,2,10,5,Male,Tier 3,Hybrid
46,177078,7.6,5,4.4,6,6,22,5,105510,87871,7,5,2,3,10,5,8,6,5,10,3,Female,Tier 1,Hybrid
31,143407,7.7,9,4.9,5,9,42,8,137182,150000,6,4,4,8,7,9,9,6,5,7,9,Male,Tier 2,Online
35,100059,8.0,13,4.3,7,5,8,9,33702,42719,8,4,1,8,4,2,8,7,3,10,7,Female,Tier 3,Store
32,92503,9.5,7,5.8,6,10,37,4,101348,76802,5,9,3,7,8,7,9,7,4,9,4,Male,Tier 1,Hybrid
63,223829,3.7,8,1.8,4,3,7,13,61213,129332,4,5,1,2,7,7,5,9,8,9,4,Female,Tier 1,Store
67,83851,5.1,1,2.2,5,4,12,16,61546,105446,7,7,5,5,5,4,1,8,7,6,1,Male,Tier 3,Store
76,126388,1.0,5,0.0,1,3,4,8,53176,84688,6,6,7,7,3,7,2,9,5,4,4,Male,Tier 3,Store
70,65402,3.2,7,1.9,6,7,6,4,900,500,6,1,6,5,5,7,5,5,6,3,5,Female,Tier 2,Store
70,130616,4.4,1,0.2,2,4,12,7,113231,125244,2,6,5,7,6,5,3,9,10,7,6,Female,Tier 3,Store
45,21431,7.3,4,4.2,6,4,0,15,900,48486,10,3,4,4,6,4,4,3,3,5,1,Male,Tier 3,Store
49,125594,8.9,7,4.0,5,9,19,8,92933,89695,8,3,5,3,4,6,8,2,8,8,9,Female,Tier 3,Hybrid
38,121352,7.7,10,1.8,6,8,39,0,149774,26659,5,8,4,9,8,3,3,6,6,9,8,Male,Tier 1,Online
54,157231,5.7,7,2.1,4,6,21,14,111310,79526,6,6,6,8,5,6,6,10,7,9,6,Other,Tier 3,Store
41,77054,8.7,9,4.0,6,6,34,7,81321,63079,7,9,5,2,1,5,7,5,6,7,4,Male,Tier 2,Hybrid
53,122670,4.1,11,2.1,5,7,36,2,132043,34130,10,9,4,8,9,6,3,8,7,1,6,Female,Tier 1,Store
49,44080,3.3,7,1.5,6,4,0,12,900,7149,7,2,7,8,4,4,3,3,1,6,7,Female,Tier 3,Store
53,120657,10.1,6,2.0,7,9,42,5,143196,108632,8,8,4,2,6,5,4,5,6,9,6,Male,Tier 1,Online
37,155807,9.2,11,5.6,7,10,49,7,150000,88427,4,9,6,6,9,8,9,3,1,10,9,Male,Tier 2,Hybrid
60,83111,1.0,7,0.5,4,4,0,16,11264,68849,7,2,4,5,2,3,5,7,6,8,5,Female,Tier 3,Store
38,67606,7.3,7,3.5,5,10,39,3,96310,39103,7,8,5,8,7,7,6,8,3,8,5,Female,Tier 3,Hybrid
45,44178,7.1,8,4.0,5,5,15,12,27976,28496,5,8,3,8,5,6,5,6,7,6,9,Female,Tier 2,Store
41,166578,8.1,1,3.5,4,8,18,10,76522,69310,6,0,2,4,5,5,8,6,4,6,6,Other,Tier 2,Hybrid
43,170799,7.1,8,4.8,6,9,17,9,67605,56130,5,8,4,1,5,5,7,7,3,6,6,Male,Tier 1,Hybrid
37,192686,9.5,9,3.9,6,10,35,11,89616,106917,5,6,7,4,6,5,6,4,5,8,8,Female,Tier 3,Online
18,78199,9.4,1,5.3,2,10,37,2,53029,29465,5,4,5,8,5,3,10,2,3,7,4,Other,Tier 3,Hybrid
57,91570,4.4,3,2.0,4,10,18,12,81660,5701,8,4,4,9,2,10,5,7,6,8,2,Other,Tier 2,Store
32,154670,8.1,13,4.0,8,8,32,11,125404,78083,7,6,6,5,7,4,7,6,2,7,6,Female,Tier 3,Hybrid
33,108961,8.7,10,5.1,7,8,25,6,90589,13091,2,6,4,8,6,3,10,3,6,9,3,Female,Tier 2,Hybrid
71,71623,5.4,11,2.2,3,5,0,15,46218,22669,3,0,2,5,3,7,3,9,8,5,1,Other,Tier 1,Store
57,187606,8.5,11,4.1,5,7,29,12,99156,68315,5,1,4,4,5,6,6,8,7,5,5,Male,Tier 1,Store
50,186368,6.5,9,2.7,6,6,5,18,900,93005,7,0,4,8,7,5,5,10,4,7,6,Male,Tier 3,Store
45,101042,6.9,14,4.6,5,10,30,3,35894,9664,10,7,4,8,5,7,7,8,4,8,10,Female,Tier 3,Hybrid
49,64083,8.7,3,3.7,5,7,21,4,58693,30433,9,6,1,5,1,7,6,4,9,6,10,Male,Tier 2,Hybrid
27,58921,9.4,6,3.8,8,10,42,9,103186,32154,7,6,7,7,9,6,10,5,4,5,6,Male,Tier 3,Online
33,141805,11.2,10,4.4,3,10,36,4,91551,48559,8,6,3,6,9,10,10,2,1,7,7,Female,Tier 1,Hybrid
79,49712,5.2,4,0.5,3,6,10,9,24079,70269,4,4,4,9,4,7,2,7,6,1,6,Male,Tier 3,Store
22,104802,11.2,2,5.3,9,10,49,5,108506,37609,7,6,7,6,8,7,7,5,7,9,1,Male,Tier 2,Hybrid
57,140430,6.1,6,2.7,6,10,19,13,123399,77002,5,8,4,5,4,9,6,8,3,7,8,Female,Tier 1,Store
45,111929,7.9,11,3.3,2,8,32,7,79094,44932,8,8,1,10,5,9,7,8,10,7,3,Female,Tier 1,Store
31,109572,10.1,9,5.3,10,10,43,8,150000,45541,7,4,3,4,5,3,9,4,5,6,8,Female,Tier 2,Online
57,146651,7.4,5,4.1,4,6,16,14,63244,116342,5,3,4,7,10,5,7,8,8,7,7,Female,Tier 2,Store
59,102741,2.9,12,1.6,4,3,0,19,31575,93250,7,6,3,6,3,7,5,8,4,10,2,Male,Tier 2,Store
52,125878,5.2,11,1.9,5,5,6,17,24646,130452,6,5,1,5,1,8,7,9,5,6,4,Male,Tier 2,Store
34,111093,4.2,8,3.7,7,7,22,9,142318,93773,4,3,7,7,6,6,7,2,2,9,6,Other,Tier 3,Hybrid
33,99842,6.9,13,5.6,4,8,36,8,86108,65993,6,4,3,6,8,5,7,4,1,10,6,Male,Tier 2,Hybrid
77,117261,4.3,4,2.1,3,7,27,6,137526,57032,7,4,4,5,6,3,10,10,8,10,5,Male,Tier 3,Hybrid
22,56945,10.0,6,4.3,5,9,25,2,53848,41432,8,6,3,7,5,7,5,7,2,5,3,Male,Tier 3,Online
37,156074,6.0,13,1.1,5,10,24,7,77999,81700,6,2,5,3,5,6,7,5,4,5,8,Male,Tier 2,Hybrid
19,129844,7.6,5,4.5,8,10,32,10,37650,134639,8,4,4,4,9,8,10,1,2,8,3,Female,Tier 2,Hybrid
61,138067,4.7,3,4.0,3,6,24,7,109604,5879,5,6,3,9,6,9,5,7,5,5,3,Male,Tier 2,Store
51,153323,5.7,7,2.9,6,6,18,10,82950,76182,10,3,1,4,8,8,7,8,4,9,9,Male,Tier 1,Store
38,72260,7.1,4,6.0,6,9,22,13,95894,69787,10,0,4,10,3,7,7,7,5,9,6,Female,Tier 1,Store
40,87085,9.5,1,2.5,10,8,29,9,99004,80568,10,3,3,4,6,8,5,5,5,4,7,Female,Tier 1,Hybrid
47,161565,7.1,3,5.8,10,7,28,12,86834,61611,5,3,3,4,10,5,10,10,6,10,5,Male,Tier 1,Hybrid
56,160372,6.0,4,2.0,7,9,28,7,126543,70024,9,6,1,7,10,6,6,6,6,3,10,Female,Tier 1,Store
54,130484,5.8,5,1.0,6,9,35,6,74450,75373,4,9,2,8,7,8,2,5,6,4,8,Male,Tier 1,Online
55,143252,4.8,9,4.5,10,10,21,5,55320,72787,7,5,6,7,3,5,6,9,9,10,7,Other,Tier 2,Hybrid
41,174047,8.3,3,2.9,5,7,31,4,121675,84379,4,9,3,9,6,4,7,6,3,7,6,Female,Tier 2,Store
18,42688,9.3,1,5.9,10,10,46,2,47949,24291,6,3,7,9,8,5,7,2,5,6,4,Male,Tier 3,Online
20,15000,8.8,1,5.8,6,9,49,8,125060,88446,8,8,4,6,5,6,10,4,3,8,7,Male,Tier 3,Hybrid
52,212760,11.4,6,3.5,4,9,38,5,126638,500,7,4,4,1,10,8,8,6,9,5,9,Female,Tier 1,Online
59,110610,5.4,11,2.5,6,8,25,3,67270,1233,5,8,6,7,2,5,8,6,1,7,6,Other,Tier 2,Hybrid
23,36671,11.4,1,5.2,6,10,39,5,70159,500,5,8,4,7,6,6,7,5,6,9,5,Other,Tier 2,Online
26,115021,7.6,11,4.5,3,6,13,5,900,75483,8,3,4,5,10,4,10,2,5,10,8,Male,Tier 1,Store
40,109105,7.0,9,3.1,7,9,40,6,54692,36770,9,6,7,7,9,9,7,6,2,4,10,Other,Tier 3,Hybrid
59,58993,5.1,9,3.5,7,5,19,11,64347,77108,6,5,4,3,4,1,6,4,7,7,6,Other,Tier 3,Store
52,144821,6.2,5,2.2,8,4,19,12,62629,33556,6,7,7,8,8,10,5,9,7,4,9,Other,Tier 3,Store
59,81404,7.8,3,2.4,5,7,42,9,119380,500,5,9,4,10,7,5,10,8,3,8,1,Female,Tier 1,Hybrid
31,28025,11.1,11,5.7,5,6,44,4,130328,65020,9,7,3,4,10,8,8,4,1,5,4,Other,Tier 3,Online
40,105376,6.8,10,1.9,6,5,4,8,900,89492,7,4,4,10,1,9,5,6,5,10,7,Male,Tier 2,Store
55,161239,7.8,9,3.8,3,1,20,6,51941,67351,8,1,7,1,7,3,6,7,5,7,5,Other,Tier 3,Store
51,140529,6.3,4,1.9,10,7,21,7,89639,36571,7,2,5,8,3,3,4,7,5,10,8,Female,Tier 2,Store
37,145902,5.2,5,4.7,7,7,28,8,150000,67194,8,4,1,3,7,3,6,7,1,8,9,Other,Tier 1,Hybrid
43,112420,10.0,6,6.0,9,10,37,1,23888,23630,8,6,2,5,8,9,10,5,3,7,4,Other,Tier 2,Online
26,76969,7.4,7,4.5,9,10,30,9,35997,66067,8,8,4,7,5,4,7,7,2,3,5,Female,Tier 2,Online
44,97144,10.4,9,6.0,7,7,24,13,59617,42159,9,6,7,8,7,5,10,7,6,10,3,Female,Tier 2,Hybrid
45,121421,6.7,12,2.2,3,8,24,11,109375,66853,6,2,6,6,8,6,4,10,8,6,10,Female,Tier 2,Store
52,221929,6.5,8,4.5,4,1,5,8,100399,84491,1,0,4,4,1,2,8,6,4,7,1,Male,Tier 3,Store
68,99708,4.1,7,0.6,5,5,14,18,65078,78087,7,3,7,2,6,1,4,8,4,8,7,Female,Tier 3,Store
69,122462,2.7,5,2.0,2,7,8,19,6256,104202,3,5,4,9,10,7,2,9,9,7,4,Male,Tier 1,Store
27,105816,4.9,8,2.6,6,7,17,15,150000,92106,5,7,3,3,6,7,9,7,2,7,6,Female,Tier 1,Store
18,188560,10.2,2,5.4,6,10,36,3,103983,40549,3,8,7,4,7,8,10,3,3,8,2,Male,Tier 1,Online
28,64589,12.0,8,4.0,6,10,48,6,136430,2302,10,7,3,8,8,4,6,3,1,10,4,Female,Tier 1,Hybrid
48,94706,6.5,8,6.0,8,8,25,15,90145,58707,9,2,6,3,7,7,9,9,5,7,9,Other,Tier 3,Store
73,157408,1.7,5,4.0,6,4,0,9,39707,52956,6,1,5,2,3,4,7,7,3,8,5,Male,Tier 2,Store
59,124451,5.5,10,2.3,7,7,29,3,150000,5829,9,5,6,4,6,2,5,7,4,3,2,Other,Tier 3,Hybrid
60,121352,8.8,4,3.5,8,6,37,5,125296,104032,7,9,2,5,3,6,6,10,7,7,5,Other,Tier 3,Hybrid
29,152579,12.0,12,6.0,6,10,34,10,71295,116460,5,8,5,6,10,9,7,10,1,8,8,Other,Tier 2,Hybrid
51,123230,7.7,12,2.4,8,9,49,1,83725,16167,9,9,1,5,7,8,7,1,8,8,6,Other,Tier 1,Online
53,135616,8.4,9,4.6,6,8,39,0,95006,48516,5,5,6,9,9,6,7,5,6,1,5,Female,Tier 3,Hybrid
77,77919,2.2,4,0.0,5,7,11,12,30495,48595,6,5,4,5,5,4,3,9,9,8,6,Female,Tier 3,Store
28,81389,8.9,10,5.4,7,10,19,5,38285,53365,7,4,2,7,8,5,9,2,5,6,7,Female,Tier 2,Hybrid
31,104851,8.1,10,5.3,7,10,35,0,117035,44834,7,5,3,8,8,5,10,4,5,3,10,Male,Tier 2,Hybrid
55,143876,6.7,4,4.9,5,9,36,4,55351,69797,3,5,2,4,8,8,7,7,3,5,5,Other,Tier 1,Store
69,153366,5.2,6,2.0,2,5,8,14,100098,139335,6,8,3,8,4,1,5,8,6,5,5,Female,Tier 1,Store
39,79939,9.0,7,3.4,5,9,42,7,103342,40595,10,4,4,6,7,5,10,8,9,10,6,Male,Tier 3,Hybrid
41,171005,8.1,3,2.9,5,7,32,0,136460,500,4,9,1,5,5,9,6,5,8,7,8,Other,Tier 1,Hybrid
79,97179,2.6,1,2.7,2,5,0,11,12440,89353,6,3,7,5,4,6,5,9,7,1,6,Other,Tier 3,Store
68,94282,1.8,1,1.0,4,5,20,10,34598,80230,5,7,3,6,4,5,8,10,6,5,4,Female,Tier 2,Store
43,175474,7.6,6,3.8,6,10,25,3,131295,49642,4,5,2,3,5,10,3,2,8,8,8,Female,Tier 2,Hybrid
46,140589,6.7,6,4.3,6,7,23,9,33220,59214,5,6,6,7,3,4,6,10,2,8,3,Male,Tier 3,Store
48,170669,9.5,1,3.3,5,8,20,13,41707,124188,3,2,5,7,8,9,7,6,4,7,10,Female,Tier 1,Hybrid
64,91499,5.9,6,2.7,3,3,0,7,37342,46055,5,5,6,1,8,2,6,9,5,3,4,Female,Tier 2,Store
45,147464,6.6,13,5.6,6,6,6,17,42623,50753,8,2,5,10,4,7,7,7,4,6,7,Male,Tier 1,Store
29,71264,7.3,10,5.7,6,10,17,13,24288,83698,9,7,3,6,10,5,4,7,4,10,6,Female,Tier 1,Hybrid
62,33441,10.1,11,2.7,4,6,30,9,24503,77962,10,8,4,7,5,4,4,9,8,8,7,Male,Tier 2,Store
44,69417,8.3,9,4.6,2,5,32,11,60441,91344,7,4,4,10,5,4,6,7,2,7,6,Female,Tier 3,Hybrid
44,90475,8.4,14,3.0,8,5,20,8,12305,117124,8,5,5,7,3,6,4,4,7,10,4,Other,Tier 2,Hybrid
49,114290,5.9,3,3.9,8,9,24,8,91662,71708,5,2,3,6,7,7,9,9,3,10,10,Other,Tier 1,Store
18,29847,11.9,5,4.2,6,9,35,9,93946,34535,10,8,4,8,9,7,8,2,2,5,3,Male,Tier 1,Online
40,163868,7.2,1,4.4,5,8,30,7,79114,52295,5,1,5,5,5,6,10,4,6,8,3,Female,Tier 3,Hybrid
49,167672,7.5,14,5.1,7,7,25,9,80622,123602,3,5,6,4,5,7,9,9,5,9,10,Male,Tier 2,Hybrid
34,46096,7.2,12,6.0,8,8,41,11,76040,32356,6,6,3,3,10,6,10,1,2,8,9,Female,Tier 3,Hybrid
56,198960,4.0,4,2.6,5,8,17,15,54276,150000,8,4,2,7,5,4,4,4,6,5,8,Male,Tier 2,Hybrid
57,40890,3.0,9,0.7,9,3,0,19,31981,42811,9,2,3,5,6,4,6,9,7,7,1,Female,Tier 3,Store
30,204275,9.0,11,4.6,7,8,18,1,36861,40831,3,6,4,6,5,7,9,5,3,8,8,Female,Tier 3,Store
35,50869,7.0,9,3.9,6,10,25,17,42931,79842,7,7,2,7,7,5,10,8,4,5,8,Female,Tier 1,Store
30,90208,6.5,12,5.0,5,10,40,0,52856,500,6,9,2,6,7,9,9,4,5,8,8,Female,Tier 1,Hybrid
39,138947,11.0,4,2.0,7,10,40,3,107590,64563,9,5,5,3,9,4,3,5,3,10,7,Other,Tier 3,Hybrid
43,157770,6.0,5,3.8,5,8,19,3,43217,46247,8,7,5,4,7,7,9,1,4,6,6,Female,Tier 1,Hybrid
54,190547,6.2,9,2.7,4,9,36,6,150000,76030,7,9,5,3,8,6,10,6,3,6,9,Other,Tier 3,Hybrid
46,68633,4.8,12,3.3,8,9,11,10,53088,35246,7,2,5,3,7,6,4,6,7,9,5,Female,Tier 3,Store
29,69576,11.3,13,5.1,7,10,49,0,101132,65696,6,4,3,8,7,8,9,3,4,5,7,Male,Tier 2,Online
30,89866,10.5,7,4.9,5,10,42,0,91085,500,10,3,4,5,1,7,9,5,3,6,5,Other,Tier 2,Hybrid
59,192067,5.9,7,3.5,5,7,26,10,85478,89428,7,7,4,2,6,8,7,6,6,5,1,Female,Tier 1,Store
38,145877,11.0,9,3.7,5,8,41,0,74210,38967,6,4,7,9,9,5,7,7,2,9,6,Other,Tier 3,Online
44,151307,7.9,8,3.6,4,10,36,5,115612,5616,6,3,3,5,5,6,5,1,6,6,3,Male,Tier 1,Hybrid
38,192151,7.9,4,6.0,7,9,27,10,99048,123457,8,4,3,5,9,7,10,7,4,6,5,Male,Tier 1,Store
18,95698,8.5,1,4.7,10,10,28,8,95427,43660,10,0,4,5,6,6,7,4,5,9,2,Male,Tier 2,Online
61,153507,5.9,7,1.1,2,7,34,4,115732,41741,8,5,4,6,7,5,3,7,6,7,3,Female,Tier 3,Store
26,103591,10.2,14,4.3,6,10,37,2,58395,29484,7,4,4,7,7,6,10,2,4,6,9,Female,Tier 2,Online
35,187795,6.9,12,0.9,6,7,19,10,75331,96770,5,6,5,2,9,6,6,6,4,5,8,Male,Tier 1,Store
30,169842,8.9,9,6.0,10,9,41,3,150000,31529,5,3,7,7,9,2,10,1,6,8,3,Female,Tier 3,Online
36,185097,9.5,5,2.6,2,10,49,8,125550,68749,3,8,1,3,10,7,7,5,8,10,3,Male,Tier 1,Hybrid
23,82147,5.9,6,3.2,7,8,29,7,38186,17805,5,4,3,6,3,5,9,3,4,10,1,Female,Tier 1,Hybrid
60,176415,6.8,1,2.4,6,7,20,13,131490,88320,7,0,2,3,7,7,4,10,9,7,3,Female,Tier 1,Store
21,145571,10.2,2,3.7,5,9,48,0,121856,78268,8,4,6,7,8,5,8,3,2,10,5,Other,Tier 1,Online
18,190698,7.0,5,5.1,3,8,22,1,63765,39115,5,7,4,4,6,7,10,7,4,7,2,Male,Tier 1,Hybrid
48,121444,6.5,7,4.9,7,10,32,9,112267,84648,7,9,3,7,5,7,7,5,2,6,9,Male,Tier 1,Online
38,138544,9.0,8,5.9,9,8,40,1,116943,9001,5,5,6,6,7,7,6,5,5,3,8,Female,Tier 2,Online
35,97772,10.4,9,5.8,8,10,38,6,98786,68664,8,5,7,5,5,8,10,5,4,9,4,Female,Tier 2,Online
22,184247,8.2,1,6.0,10,7,18,8,104425,61559,10,5,5,1,9,6,9,4,4,5,7,Male,Tier 1,Hybrid
45,131536,5.8,1,3.8,3,8,27,13,107198,80015,4,3,5,4,3,9,5,8,8,10,9,Female,Tier 2,Store
61,171539,6.8,1,3.1,4,8,29,7,70920,62221,8,3,3,1,5,9,5,9,8,8,5,Male,Tier 1,Hybrid
39,117474,10.4,9,5.1,6,9,34,0,114506,71418,4,7,5,6,8,4,6,5,4,7,4,Other,Tier 3,Hybrid
32,147893,6.9,11,4.6,7,5,25,16,83164,48543,6,4,2,6,6,7,8,7,3,9,5,Female,Tier 1,Store
66,132396,3.9,6,0.5,5,7,6,6,31523,69359,6,2,4,5,2,4,2,6,4,9,1,Female,Tier 2,Store
42,86269,5.4,9,3.7,4,10,32,7,80472,77396,5,4,4,3,1,7,6,8,3,2,7,Male,Tier 3,Store
55,196948,6.9,9,2.4,7,7,17,11,130242,82931,3,7,4,3,5,5,5,8,5,10,7,Female,Tier 1,Store
36,130207,3.9,10,1.6,7,5,29,12,107841,100647,10,8,4,5,6,6,7,8,4,3,6,Other,Tier 3,Store
44,137434,3.9,4,1.2,4,5,6,16,43701,118353,7,0,3,5,2,4,4,7,2,6,7,Other,Tier 2,Store
18,93469,7.1,6,6.0,9,10,45,2,95693,42009,3,4,3,7,10,8,9,3,4,10,3,Female,Tier 1,Online
67,101723,4.5,7,0.7,4,3,0,8,32447,56640,3,4,1,7,2,7,4,9,5,9,6,Female,Tier 1,Store
19,164464,12.0,2,4.0,8,10,45,4,142886,35666,8,2,5,4,6,6,7,1,2,9,6,Male,Tier 3,Hybrid
51,83602,7.9,6,4.4,5,7,21,12,59053,74513,6,4,2,7,5,7,7,7,6,7,4,Male,Tier 3,Store
18,121961,7.7,8,6.0,5,9,22,3,95089,38093,9,0,3,5,6,10,9,6,3,10,6,Female,Tier 1,Store
48,106230,1.8,6,3.6,6,9,17,12,28987,56720,7,6,5,6,4,2,4,6,3,1,7,Male,Tier 3,Store
30,15000,8.0,14,3.1,8,9,35,6,84175,50759,9,9,5,6,9,5,9,5,1,8,8,Female,Tier 3,Hybrid
35,98963,8.7,11,4.4,8,7,22,7,88665,37501,1,8,1,5,3,8,6,5,1,5,10,Other,Tier 1,Hybrid
55,133710,8.0,9,2.4,6,8,39,5,82466,34201,3,4,5,4,5,7,7,4,6,5,10,Other,Tier 2,Store
72,48431,8.0,1,2.2,5,8,46,1,97953,69093,5,7,2,7,8,7,3,6,6,6,5,Female,Tier 1,Store
36,205097,9.1,14,5.3,7,10,32,0,142514,55605,5,6,3,6,10,6,7,5,7,5,8,Female,Tier 2,Online
51,145621,6.6,1,3.4,5,8,31,3,51825,4973,4,4,4,3,9,7,5,7,5,10,8,Female,Tier 2,Hybrid
49,152840,4.6,3,2.0,1,5,12,16,37654,150000,5,4,4,5,6,2,9,8,8,8,6,Male,Tier 2,Store
45,106014,6.8,12,3.3,4,5,18,13,106279,88595,8,5,6,8,7,5,7,7,4,8,4,Male,Tier 3,Store
25,59273,8.3,4,4.4,8,9,34,5,135743,25453,7,8,1,10,2,6,9,4,5,3,7,Male,Tier 2,Hybrid
54,100613,9.0,8,2.2,6,10,45,7,54641,37464,8,8,1,7,10,5,8,10,6,8,5,Female,Tier 2,Hybrid
35,60326,8.3,7,3.5,8,10,45,1,93947,40049,9,6,5,6,8,5,6,3,3,7,5,Other,Tier 2,Hybrid
37,101753,12.0,4,5.2,4,7,35,3,33827,67898,7,6,1,5,7,10,10,6,4,4,4,Male,Tier 1,Hybrid
75,72419,5.3,7,3.6,3,8,26,9,45015,9798,4,7,1,6,7,8,7,9,10,6,4,Male,Tier 1,Store
37,98044,7.1,13,1.3,7,10,38,9,125504,46145,5,5,7,5,10,5,4,4,5,8,6,Male,Tier 3,Hybrid
18,88371,9.2,7,4.1,7,10,38,6,36275,13925,8,8,4,4,6,6,10,3,3,9,8,Female,Tier 1,Online
42,92992,8.3,10,3.7,5,10,44,6,98682,6739,7,4,5,6,10,8,9,5,4,4,7,Male,Tier 3,Hybrid
44,138685,9.1,11,3.4,5,6,22,10,103213,63912,1,8,7,3,7,8,7,3,2,8,4,Male,Tier 3,Store
69,104316,2.4,1,0.0,3,8,25,5,57164,69199,10,0,5,9,7,6,3,7,9,8,7,Female,Tier 1,Store
64,138453,3.5,1,2.5,3,3,7,18,45935,128462,6,7,3,6,3,2,5,10,8,5,8,Male,Tier 3,Store
49,127105,9.0,4,3.5,6,10,40,6,120106,40603,6,7,5,5,5,8,4,6,6,5,10,Female,Tier 3,Hybrid
44,204058,9.4,6,3.8,6,10,42,2,145950,57282,7,7,1,6,10,2,8,5,3,7,4,Other,Tier 1,Online
44,149093,4.9,9,2.2,4,9,18,10,35872,43844,10,1,3,6,3,6,6,7,6,6,7,Other,Tier 1,Hybrid
60,139092,6.4,8,2.1,4,1,10,7,22119,72240,9,4,4,3,2,6,7,4,9,6,4,Female,Tier 2,Store
60,161841,6.4,10,1.9,4,8,31,5,112170,20196,7,7,4,5,6,3,3,4,4,5,1,Female,Tier 2,Store
79,117499,1.0,3,0.0,1,3,0,15,900,110528,8,1,3,5,1,2,6,10,8,8,4,Female,Tier 1,Store
43,154729,10.4,5,2.9,9,10,28,7,99174,36593,8,6,5,6,7,7,7,6,1,4,10,Male,Tier 2,Hybrid
73,125283,5.1,5,1.7,3,6,9,5,140892,59561,6,6,5,8,3,7,6,7,5,6,8,Female,Tier 2,Store
37,167489,8.5,9,3.9,8,10,38,10,150000,86605,6,1,4,5,7,8,8,10,1,8,7,Male,Tier 2,Online
71,201089,4.3,8,0.0,6,6,31,9,88188,39034,4,3,2,9,5,6,3,10,6,4,8,Other,Tier 1,Hybrid
41,144051,9.0,13,6.0,7,10,36,5,142140,17271,6,5,1,4,7,7,10,7,4,7,7,Male,Tier 1,Hybrid
52,152732,5.0,6,4.0,8,6,5,16,48949,25983,7,3,2,9,4,7,7,5,1,10,4,Female,Tier 2,Store
22,81074,10.2,7,2.3,5,9,38,5,150000,37942,5,4,7,7,5,8,9,2,1,10,2,Male,Tier 3,Hybrid
43,162916,2.7,5,2.4,5,6,21,9,101799,79345,6,4,3,10,8,8,5,5,5,8,8,Female,Tier 1,Hybrid
58,187979,7.4,11,1.4,8,8,29,7,106578,113601,4,6,3,3,8,5,4,8,7,10,5,Female,Tier 1,Store
36,98866,7.3,10,1.8,10,7,24,8,28157,46299,5,4,6,8,8,5,4,4,3,7,9,Male,Tier 2,Online
69,82606,3.7,1,2.2,6,4,0,15,6646,55500,5,2,4,6,6,7,5,9,9,10,1,Other,Tier 1,Store
26,151565,11.3,9,6.0,6,9,37,7,83658,50448,7,6,4,4,10,6,10,4,2,10,7,Male,Tier 1,Online
43,145722,9.8,8,3.9,3,6,27,7,67736,72068,7,6,2,3,7,6,6,3,6,8,3,Male,Tier 1,Online
33,63221,5.7,9,6.0,5,10,38,15,45750,500,8,9,2,8,6,7,9,9,1,8,6,Female,Tier 2,Hybrid
43,137409,4.5,9,3.2,6,8,14,4,72564,36934,4,7,4,3,3,7,7,5,5,7,5,Female,Tier 2,Hybrid
51,208041,6.8,9,4.6,2,9,28,8,116711,81540,6,9,3,5,7,5,10,4,4,9,7,Male,Tier 2,Hybrid
43,140079,9.3,9,2.5,5,9,33,12,87845,500,4,2,5,8,5,8,7,5,2,5,9,Male,Tier 2,Hybrid
68,15311,2.1,1,0.2,2,4,8,10,26419,33607,9,4,5,7,6,7,2,9,6,6,5,Male,Tier 3,Store
70,121862,5.5,3,2.1,2,6,0,11,24095,65908,7,0,5,4,5,8,7,7,5,4,7,Male,Tier 1,Store
22,85753,11.8,4,6.0,4,9,37,6,126930,52813,6,8,6,5,6,6,8,2,2,4,5,Male,Tier 3,Hybrid
40,200331,10.6,9,4.9,7,6,22,4,102863,16343,4,5,2,6,5,4,4,6,8,8,8,Female,Tier 1,Store
54,103178,5.5,6,3.4,3,8,22,12,58748,82589,4,3,4,8,6,6,10,8,5,3,1,Female,Tier 3,Store
45,51706,6.1,5,2.1,7,7,22,13,21643,85440,7,3,3,4,7,8,6,7,6,10,6,Other,Tier 2,Store
46,229533,8.9,3,3.4,4,7,19,10,101703,62091,6,9,4,5,7,4,4,7,4,6,6,Male,Tier 3,Store
18,128088,9.5,1,5.1,4,10,36,9,74430,74852,9,1,6,7,6,5,10,4,2,4,2,Male,Tier 3,Hybrid
18,66449,6.1,8,4.5,6,6,27,10,86296,47189,5,1,4,7,5,6,8,6,3,5,1,Female,Tier 2,Hybrid
44,169821,8.5,8,2.9,8,10,38,8,150000,63524,6,9,2,10,7,5,8,9,5,10,6,Other,Tier 2,Hybrid
46,126885,7.9,4,4.2,6,9,29,12,94165,61634,6,6,4,6,7,6,5,5,5,9,10,Male,Tier 3,Store
48,222426,7.6,5,1.4,8,9,20,11,118454,115968,3,4,4,7,4,4,6,10,4,3,7,Other,Tier 3,Online
46,99814,5.6,10,4.6,5,7,29,10,73076,37629,9,3,4,7,4,7,8,6,4,5,10,Male,Tier 3,Store
18,105054,11.3,3,6.0,7,10,38,0,47163,23417,5,9,4,9,7,2,10,8,3,9,8,Male,Tier 2,Online
23,41030,7.0,3,6.0,10,10,32,12,136548,78126,8,6,5,10,5,8,9,8,1,10,8,Male,Tier 3,Hybrid
45,133660,8.1,6,5.2,4,10,33,0,101241,47094,4,6,7,4,6,7,8,7,3,10,3,Female,Tier 3,Hybrid
63,176826,7.4,6,1.5,4,5,0,13,54774,149278,9,3,4,7,3,5,3,7,6,8,1,Female,Tier 1,Store
56,136180,7.0,9,3.6,9,7,32,14,126468,43290,8,8,3,5,6,7,6,8,7,3,2,Male,Tier 2,Store
29,171125,6.9,11,4.7,7,9,23,1,94099,92032,4,3,5,4,3,3,8,1,3,9,5,Other,Tier 3,Hybrid
26,106991,10.1,9,5.0,5,10,34,8,98160,111438,9,3,3,4,9,6,7,8,1,9,10,Male,Tier 3,Hybrid
26,93980,12.0,9,4.7,10,10,49,1,104227,52001,7,9,3,6,7,6,9,2,5,7,5,Male,Tier 1,Online
62,98693,1.6,4,1.6,5,6,18,10,38144,14001,6,4,5,5,8,4,4,10,6,10,1,Female,Tier 3,Store
43,208251,6.6,9,3.4,9,8,32,6,87088,123166,3,4,6,3,5,6,8,4,3,7,6,Male,Tier 3,Online
39,150525,4.1,7,6.0,8,10,24,4,143073,37220,5,8,5,5,3,7,10,7,7,8,8,Female,Tier 2,Store
33,85538,10.3,13,4.4,5,10,49,1,150000,46233,7,2,5,3,6,10,5,9,5,9,7,Female,Tier 3,Online
62,112429,5.0,5,2.9,6,8,40,9,111384,88143,5,0,2,6,10,9,8,3,4,8,6,Female,Tier 2,Hybrid
79,66970,4.0,1,0.5,5,8,18,9,53490,14311,9,6,3,7,4,4,3,10,7,5,4,Male,Tier 1,Store
29,46787,7.9,9,3.8,7,9,29,12,48718,76390,8,5,6,6,5,9,6,5,5,4,4,Female,Tier 3,Store
55,171662,7.4,4,4.0,4,4,1,14,61759,120925,5,3,6,1,5,7,9,7,2,10,8,Male,Tier 3,Store
18,152127,10.4,1,5.9,7,10,38,8,131846,49533,6,9,3,3,8,4,7,6,2,10,3,Other,Tier 1,Hybrid
29,108562,10.4,5,5.3,4,10,39,6,103455,20639,4,8,6,5,10,7,7,3,1,2,5,Female,Tier 3,Hybrid
54,148664,4.5,4,2.6,4,10,37,2,104148,54641,1,3,4,8,10,9,6,8,4,7,9,Female,Tier 2,Store
46,105029,9.6,2,5.3,5,10,33,12,68492,75037,5,6,2,6,3,6,5,6,8,7,8,Female,Tier 3,Online
41,143197,9.2,4,4.5,8,10,37,6,116075,73012,5,3,6,6,4,7,8,1,6,7,6,Male,Tier 3,Online
55,161339,6.1,7,4.2,5,8,20,7,103613,101666,3,7,6,10,5,5,7,7,6,6,10,Male,Tier 3,Hybrid
45,205025,8.0,9,5.5,7,9,19,9,149476,150000,5,9,3,3,3,5,10,10,10,4,10,Other,Tier 2,Store
68,159546,3.0,1,2.2,5,8,26,5,119413,55252,4,1,4,7,10,8,6,7,6,6,3,Male,Tier 3,Store
58,76556,4.5,7,3.6,6,8,34,13,43701,94385,9,8,4,8,6,5,5,9,8,8,2,Male,Tier 3,Store
38,194771,8.1,6,3.9,8,7,21,13,99970,87359,4,4,5,5,8,6,7,6,6,6,8,Male,Tier 2,Hybrid
41,128312,4.0,4,2.2,6,8,22,10,129550,73005,5,7,6,6,4,7,8,6,3,5,1,Female,Tier 3,Hybrid
21,191807,6.9,4,5.9,7,10,43,10,150000,95433,4,7,1,2,6,9,10,7,1,4,4,Female,Tier 1,Hybrid
38,97540,6.3,8,3.6,8,8,40,2,80954,8646,9,5,6,5,3,6,6,4,6,6,10,Other,Tier 3,Online
46,122248,5.5,9,2.8,5,6,16,11,7837,36809,6,4,4,6,7,6,6,9,1,6,7,Female,Tier 2,Store
65,202410,6.2,7,1.9,5,5,9,14,64730,54261,7,5,5,4,5,8,4,10,6,7,2,Male,Tier 3,Store
18,15000,8.0,5,4.8,5,10,37,11,80936,64907,8,4,4,8,2,5,8,3,4,4,3,Male,Tier 3,Online
35,109671,8.9,8,5.5,7,7,22,5,79499,49899,8,5,5,5,2,7,9,5,5,10,4,Other,Tier 2,Hybrid
66,100368,4.9,9,2.7,3,4,8,8,55655,57697,9,5,4,4,7,4,2,10,4,9,6,Other,Tier 2,Store
22,113710,10.0,4,6.0,10,10,48,2,62602,53642,10,8,4,9,7,5,5,1,1,10,1,Female,Tier 2,Online
36,96431,11.7,5,3.4,6,10,46,8,108649,37294,5,9,3,7,8,8,6,3,7,5,7,Male,Tier 2,Online
38,213164,9.0,9,3.5,3,10,27,10,72797,116165,2,6,7,5,7,5,6,9,3,4,3,Female,Tier 3,Store
38,145899,5.4,14,3.9,7,9,26,9,109970,97865,5,5,3,5,7,9,7,8,3,7,10,Other,Tier 2,Store
37,161212,6.4,13,2.1,5,7,22,16,91673,114362,5,2,3,2,7,7,5,6,8,10,10,Female,Tier 1,Hybrid
44,167772,7.9,6,4.1,7,10,25,7,83420,78810,5,4,3,5,4,4,8,4,6,3,4,Female,Tier 2,Hybrid
24,108275,7.9,3,6.0,10,10,39,5,150000,10082,9,7,5,5,10,1,10,4,1,10,2,Female,Tier 3,Hybrid
71,85530,2.0,7,2.5,4,5,0,9,900,62320,7,4,7,7,2,4,5,10,3,7,1,Female,Tier 3,Store
38,141843,4.8,13,2.1,5,10,33,10,81685,136529,6,3,6,6,2,9,7,8,4,7,5,Male,Tier 2,Hybrid
70,234488,4.9,5,0.8,4,5,8,12,101130,142779,4,4,3,4,5,3,1,7,5,6,5,Female,Tier 3,Store
40,151352,6.0,9,3.8,4,6,26,3,109202,59134,5,7,7,4,8,5,8,7,9,10,8,Other,Tier 3,Store
56,89750,6.5,4,1.5,6,6,20,10,72506,41086,6,3,3,10,5,5,7,9,7,5,2,Female,Tier 3,Store
56,162865,8.7,2,3.8,2,7,32,2,97339,46976,5,1,3,9,9,9,5,9,6,8,7,Female,Tier 2,Store
37,101631,8.8,11,2.1,6,9,38,2,140418,3511,6,6,6,6,3,7,6,5,6,5,7,Male,Tier 3,Hybrid
63,101920,5.8,4,2.9,1,3,12,9,20647,54177,3,6,6,9,7,1,6,6,4,10,9,Female,Tier 2,Store
52,99714,8.6,9,3.4,5,7,16,7,70878,93135,6,5,2,8,3,3,7,7,4,7,6,Female,Tier 2,Store
69,33398,3.4,9,3.2,6,9,12,6,25765,39044,8,4,5,5,1,7,5,8,5,5,7,Female,Tier 2,Hybrid
73,15000,3.0,10,0.6,5,5,4,17,11496,108111,7,8,6,9,6,3,4,7,8,3,3,Female,Tier 3,Store
49,115861,7.2,4,2.2,6,7,26,9,67804,101682,7,6,5,8,10,7,8,9,6,9,9,Female,Tier 2,Hybrid
52,15000,7.0,6,4.1,6,9,36,4,98123,19083,6,8,3,8,7,3,9,4,4,4,10,Female,Tier 2,Online
40,116371,8.2,10,4.0,8,8,17,12,96893,93670,7,9,2,7,2,9,4,6,3,10,6,Other,Tier 1,Store
55,149842,6.2,5,3.1,4,10,22,8,96288,500,5,3,4,5,9,6,5,7,5,10,10,Female,Tier 3,Store
78,41757,2.9,6,0.2,3,3,8,19,32940,61503,9,0,4,10,1,3,1,5,10,9,1,Male,Tier 1,Store
42,163945,10.0,1,3.1,5,10,42,6,123011,52020,7,4,6,7,4,7,6,5,1,6,8,Male,Tier 3,Online
43,59389,7.3,6,3.2,7,10,38,2,93436,63419,4,6,5,5,5,9,5,5,2,6,10,Other,Tier 3,Online
51,131891,9.2,8,5.0,9,8,27,15,135213,92829,7,4,4,7,6,5,7,6,6,9,9,Other,Tier 1,Hybrid
56,57148,6.6,6,2.9,2,9,33,6,124316,500,10,6,2,6,4,5,10,8,3,10,7,Male,Tier 2,Store
61,71858,5.6,7,2.9,4,4,12,14,78283,48096,5,5,3,9,1,4,4,9,6,10,1,Male,Tier 3,Store
53,147353,8.9,8,3.9,6,6,30,7,98988,79325,4,4,4,6,8,4,6,5,6,7,5,Other,Tier 2,Store
59,119985,6.3,9,2.5,5,7,9,11,86237,93739,7,2,4,6,3,2,3,9,3,5,6,Female,Tier 2,Store
39,102169,9.4,6,4.2,5,8,26,13,50711,75605,8,9,5,8,7,5,8,4,3,7,10,Male,Tier 2,Store
45,139474,5.6,5,1.4,4,8,23,8,73146,76922,5,6,6,6,5,3,5,5,3,6,5,Male,Tier 2,Store
39,130349,9.1,10,5.4,4,8,38,6,59631,51355,4,6,3,4,8,3,7,7,4,8,10,Other,Tier 3,Store
64,183147,8.0,1,4.9,9,9,40,0,150000,115232,4,9,2,5,4,4,8,6,7,3,7,Female,Tier 1,Hybrid
46,149762,8.6,12,3.1,6,8,11,13,18453,69173,5,6,5,5,10,3,5,5,4,8,7,Other,Tier 1,Store
48,183697,8.7,6,5.3,7,8,39,13,112226,68138,5,8,4,7,8,3,9,4,4,3,9,Male,Tier 1,Store
63,82865,5.8,9,1.6,5,5,8,18,64492,68092,6,1,5,6,6,3,4,10,6,6,2,Male,Tier 2,Store
46,120385,6.9,11,2.1,3,5,7,16,75164,50892,10,5,4,3,1,6,5,5,5,10,4,Male,Tier 1,Store
51,82863,8.9,12,1.7,7,10,29,7,57535,5645,9,4,1,5,6,5,6,5,7,10,6,Female,Tier 2,Online
36,76260,6.0,11,4.0,10,9,20,18,76985,67246,8,3,3,6,5,6,8,9,1,10,6,Male,Tier 1,Hybrid
52,56924,5.2,9,4.2,3,8,26,11,26380,66166,8,9,1,6,8,7,8,8,3,6,3,Male,Tier 1,Store
36,142243,8.8,12,5.4,10,10,45,3,72179,79585,9,3,4,4,10,5,7,4,5,8,6,Male,Tier 1,Online
54,199057,7.2,3,4.6,2,8,35,0,132599,64155,4,8,2,6,10,10,7,6,7,8,3,Other,Tier 1,Store
47,150366,4.6,9,4.2,6,6,2,9,70683,61736,5,3,3,4,1,9,10,7,5,10,7,Male,Tier 2,Store
24,95163,7.7,6,6.0,10,8,23,8,82858,14354,5,4,5,4,10,3,4,5,2,8,5,Male,Tier 3,Hybrid
27,124961,10.1,14,5.8,8,10,39,12,121653,39504,7,9,3,6,5,8,10,5,4,8,9,Other,Tier 2,Online
18,58777,8.2,5,3.3,8,10,40,12,122003,84128,5,7,3,7,10,7,6,6,5,10,3,Other,Tier 1,Online
18,95605,11.5,1,5.6,8,10,48,5,88724,45012,6,9,2,7,7,5,10,6,2,9,5,Male,Tier 1,Hybrid
44,64193,8.6,9,3.3,3,6,31,0,63355,500,7,8,3,8,9,8,5,6,4,5,10,Female,Tier 2,Store
57,167165,5.6,8,0.7,5,5,26,12,139669,106987,7,5,1,6,9,4,3,6,7,6,3,Female,Tier 1,Hybrid
66,70739,6.1,10,3.2,6,6,22,17,67660,63803,6,0,3,7,5,5,6,8,7,2,4,Other,Tier 3,Store
26,29923,8.5,11,4.9,1,9,38,13,89267,42856,6,2,5,6,5,8,6,5,5,10,1,Female,Tier 2,Store
79,66167,3.5,4,3.3,8,6,14,15,43500,18867,8,4,4,6,6,6,5,10,5,8,4,Male,Tier 2,Store
51,101304,9.4,11,2.4,4,10,35,15,86931,52589,6,6,2,8,7,4,8,9,3,6,5,Female,Tier 3,Hybrid
40,90707,7.4,10,2.2,3,8,23,8,72667,38640,10,4,4,5,5,6,7,1,3,10,5,Female,Tier 3,Hybrid
41,86217,8.8,3,5.3,6,8,25,13,115215,51420,6,5,5,4,7,5,7,7,4,1,6,Male,Tier 3,Store
23,21899,10.4,2,5.0,5,10,49,7,58246,11736,8,6,6,10,9,5,10,5,6,7,1,Female,Tier 3,Online
18,15000,10.1,3,6.0,7,9,41,5,146772,500,6,5,4,9,5,10,10,5,5,9,7,Female,Tier 3,Online
65,98942,5.4,2,1.7,3,4,14,6,55296,49619,9,0,4,3,6,6,4,10,6,5,2,Female,Tier 3,Store
68,112295,6.4,12,1.7,8,8,25,7,74413,29872,7,3,3,10,3,6,4,5,7,10,4,Male,Tier 1,Hybrid
46,132614,6.2,8,2.6,3,9,42,0,91437,53116,1,5,2,7,9,8,4,4,6,7,10,Other,Tier 1,Hybrid
35,200838,8.9,8,6.0,6,8,18,18,130696,91780,5,7,1,6,6,2,8,6,4,9,10,Male,Tier 3,Store
24,127204,10.4,1,4.4,3,10,42,4,107571,30870,3,7,4,5,10,10,8,6,7,10,4,Male,Tier 2,Online
70,165842,6.3,9,3.0,4,7,18,7,112742,79462,4,0,5,4,1,7,8,4,6,6,10,Female,Tier 3,Store
63,121515,6.9,9,0.3,7,8,22,15,37563,150000,3,5,6,6,5,3,5,8,7,6,4,Female,Tier 2,Hybrid
25,149409,5.6,7,5.2,9,10,29,13,81854,94464,6,5,4,7,8,7,10,5,3,9,10,Female,Tier 2,Hybrid
35,204037,5.2,14,2.1,7,8,26,3,126197,119988,3,6,4,7,5,2,6,4,5,10,7,Male,Tier 2,Hybrid
47,133005,6.1,9,2.0,3,4,32,18,73434,107197,5,0,2,8,6,7,8,9,8,5,7,Female,Tier 2,Store
61,169241,6.7,6,3.5,4,6,23,10,71608,50222,6,8,2,6,6,3,6,5,4,7,4,Other,Tier 1,Store
66,172045,4.1,4,3.1,1,6,14,19,66379,136388,2,2,1,6,5,9,6,10,3,6,3,Other,Tier 1,Store
47,216807,6.6,2,4.2,10,9,21,15,69838,136831,1,6,3,3,4,7,6,6,5,8,7,Other,Tier 1,Store
20,111967,10.4,2,6.0,8,10,35,8,57853,73560,4,4,4,5,7,7,10,6,1,5,5,Female,Tier 3,Online
61,127744,8.7,5,2.2,3,6,26,2,127223,46179,5,4,3,9,10,2,4,7,1,3,4,Male,Tier 2,Store
52,75579,7.8,8,5.5,6,9,26,8,25594,39526,8,9,3,7,2,8,8,7,6,5,8,Male,Tier 2,Hybrid
37,97500,6.8,7,2.7,6,9,30,8,30753,33481,10,3,5,7,7,4,10,5,7,7,7,Other,Tier 3,Online
64,143960,3.5,10,0.9,3,7,8,13,96980,150000,4,3,3,4,1,7,5,10,5,6,5,Male,Tier 2,Store
58,157244,8.0,8,3.5,9,9,40,5,102364,54911,3,4,7,5,1,6,8,10,9,5,4,Male,Tier 2,Hybrid
54,103568,3.4,2,0.9,2,5,14,5,67277,8740,6,2,4,8,8,5,5,6,3,5,4,Female,Tier 1,Store
58,103585,5.7,13,3.7,6,4,13,11,36149,39085,7,1,4,10,6,6,7,6,7,7,1,Female,Tier 2,Store
51,87255,7.8,9,4.4,7,7,38,7,146821,42628,7,2,4,7,9,4,9,7,8,5,6,Female,Tier 3,Store
30,129467,6.0,7,6.0,3,10,20,9,73589,23864,7,7,6,7,6,5,10,6,4,6,9,Female,Tier 3,Hybrid
39,118122,9.1,8,4.6,6,9,29,9,75716,18002,5,3,6,3,6,9,9,8,6,5,6,Female,Tier 3,Hybrid
43,170187,9.4,12,4.7,9,10,38,4,127442,63238,5,4,5,5,6,8,9,6,5,7,6,Male,Tier 2,Hybrid
42,132646,9.3,8,5.7,4,7,34,10,102711,7414,5,2,7,10,4,6,4,4,1,6,5,Female,Tier 1,Hybrid
73,53565,2.1,1,1.0,3,5,0,8,59510,39867,8,0,7,7,1,4,8,6,10,5,3,Male,Tier 3,Store
24,34472,6.0,1,5.3,5,9,32,10,115539,7413,8,7,5,7,5,4,10,6,4,6,1,Other,Tier 2,Hybrid
53,112693,9.3,10,4.5,3,8,38,8,90000,49327,6,6,4,3,4,5,6,6,9,7,6,Female,Tier 2,Store
57,188449,7.8,14,3.4,3,7,36,7,110966,29007,5,0,5,5,5,5,7,4,7,4,1,Female,Tier 2,Store
64,130206,6.2,8,1.8,8,4,23,14,29610,100156,8,7,4,4,5,3,6,10,6,6,1,Female,Tier 3,Store
24,77788,3.4,5,1.8,8,10,34,0,79091,15269,7,4,2,5,10,9,5,2,6,5,4,Female,Tier 1,Hybrid
31,129883,8.3,7,6.0,9,7,36,9,86306,74857,6,6,6,4,7,1,10,5,4,10,7,Male,Tier 3,Online
41,189254,10.0,7,5.5,10,9,41,0,124871,46065,5,5,3,6,9,10,10,5,8,7,8,Male,Tier 2,Online
24,73665,7.6,2,5.8,7,10,31,10,123414,136533,8,9,7,8,6,8,8,7,4,6,3,Male,Tier 3,Hybrid
57,205126,5.6,6,4.6,4,9,30,9,89570,90190,8,1,2,2,4,7,10,8,8,8,8,Female,Tier 1,Store
45,111047,4.4,6,3.2,7,6,30,9,61185,21756,7,6,6,5,6,4,6,7,8,9,5,Female,Tier 1,Store
25,94077,9.5,5,4.4,6,10,31,12,88619,500,8,5,3,8,5,7,5,6,5,10,9,Female,Tier 3,Hybrid
23,167690,6.6,7,4.5,7,10,19,5,120022,90916,4,6,5,6,7,7,10,6,2,6,2,Male,Tier 3,Hybrid
54,120334,5.0,5,2.9,5,4,9,13,900,54044,8,3,6,7,6,5,5,7,4,4,8,Female,Tier 2,Store
42,147699,6.0,12,3.0,6,8,28,5,113026,10027,4,5,5,6,8,4,6,4,4,4,10,Male,Tier 1,Hybrid
39,211552,4.9,11,2.2,10,10,40,10,150000,76306,4,6,4,5,6,8,5,6,5,9,4,Other,Tier 2,Hybrid
37,107859,8.9,8,4.9,8,8,35,15,106538,91169,3,5,3,8,5,5,9,7,6,7,9,Other,Tier 2,Hybrid
32,122066,9.2,14,3.9,5,7,32,12,96224,74672,10,8,5,1,5,6,8,6,1,7,4,Male,Tier 2,Hybrid
50,44005,7.1,14,2.9,6,6,27,4,123451,9602,6,1,3,7,6,3,5,6,5,7,6,Other,Tier 3,Store
37,107661,8.0,14,4.7,6,7,40,4,86498,1076,8,2,4,7,10,6,7,3,3,10,5,Other,Tier 2,Hybrid
50,105966,7.3,9,4.4,6,9,28,6,51025,22842,1,3,5,5,6,7,10,8,6,6,6,Female,Tier 3,Hybrid
51,136985,4.2,5,2.9,3,5,5,19,88019,91861,10,2,5,6,9,5,6,10,3,5,5,Male,Tier 3,Store
58,79737,5.1,11,0.8,6,8,24,10,107472,75237,8,8,3,7,6,7,7,3,5,7,7,Female,Tier 2,Hybrid
54,171156,4.5,7,3.3,6,6,21,12,69381,55246,3,9,3,4,6,8,10,7,7,6,1,Male,Tier 1,Store
53,116632,7.2,2,3.4,6,8,30,9,59624,31215,5,6,2,4,4,7,7,5,4,6,8,Male,Tier 1,Hybrid
36,160641,9.3,9,3.4,8,9,26,9,107580,60283,4,2,3,5,5,4,6,7,2,8,3,Male,Tier 3,Store
27,120362,7.5,9,5.4,6,10,31,8,127718,43625,6,5,4,7,7,7,8,4,3,6,8,Female,Tier 2,Hybrid
33,73642,8.5,10,4.4,5,7,41,0,127499,32695,10,5,7,6,4,7,8,5,3,6,9,Female,Tier 1,Online
38,161507,8.1,14,4.2,7,4,19,10,55781,80089,2,2,4,7,6,7,10,5,4,9,8,Male,Tier 2,Hybrid
24,73349,11.7,9,3.7,8,10,46,4,76466,60023,7,6,1,8,10,9,10,2,1,7,1,Male,Tier 2,Online
54,81743,5.8,8,2.2,6,4,10,14,32903,31411,6,5,4,10,4,5,5,10,5,9,5,Female,Tier 2,Store
54,163758,6.8,6,4.7,7,7,22,10,47163,126881,7,7,6,6,3,5,8,9,4,6,10,Other,Tier 2,Hybrid
45,170561,5.5,11,3.2,9,10,28,2,95252,3441,5,4,7,2,7,6,3,6,5,4,4,Other,Tier 3,Hybrid
73,120445,6.0,4,1.2,3,4,10,14,62880,137277,8,8,3,5,5,5,2,10,9,7,8,Female,Tier 3,Store
40,99235,5.8,10,3.4,5,9,8,13,50611,54059,7,5,4,8,7,6,6,6,1,6,10,Male,Tier 2,Hybrid
50,63871,6.9,8,3.0,5,1,0,15,55435,53699,9,2,5,4,4,2,7,7,8,7,3,Male,Tier 3,Store
33,129391,8.1,7,6.0,4,6,22,10,92228,81941,4,3,4,4,6,5,8,6,2,7,8,Other,Tier 1,Store
32,83676,9.2,4,4.3,4,7,43,3,150000,15923,4,6,3,2,8,6,9,10,1,9,6,Female,Tier 1,Hybrid
61,149274,5.5,4,3.3,4,6,13,11,95922,102041,7,5,5,9,7,9,6,8,4,9,8,Male,Tier 3,Store
72,37865,4.8,6,2.9,4,4,0,9,900,25721,10,5,3,10,4,6,7,10,5,7,4,Male,Tier 3,Store
56,79007,6.2,1,3.7,7,6,0,19,30302,61343,7,3,3,9,6,6,4,9,8,4,3,Male,Tier 2,Store
52,151965,5.7,8,5.7,8,4,15,13,59653,65149,2,0,3,6,1,9,10,6,3,10,3,Other,Tier 1,Store
67,110607,7.2,2,4.5,5,8,22,9,104888,95551,7,6,2,7,8,3,6,7,8,5,5,Female,Tier 3,Hybrid
18,48761,8.3,1,3.3,7,9,47,8,60068,21184,5,7,1,5,10,5,8,6,2,5,7,Female,Tier 2,Hybrid
63,108265,4.7,4,2.4,10,6,8,11,59914,39743,6,8,4,6,10,4,2,7,6,4,5,Female,Tier 2,Hybrid
68,65616,5.7,5,2.1,7,8,23,11,76917,17644,7,6,6,6,7,3,5,8,7,3,1,Male,Tier 3,Store
38,150950,8.2,10,3.7,6,9,27,11,106830,71378,7,5,6,8,6,6,3,8,8,7,8,Male,Tier 1,Hybrid
79,34784,3.6,6,3.9,1,4,7,18,900,49515,9,8,2,9,3,2,5,10,5,7,6,Other,Tier 2,Store
50,148468,6.9,6,3.0,8,10,36,4,147622,19342,8,5,4,4,5,7,5,6,4,8,4,Female,Tier 2,Hybrid
36,151280,8.0,6,4.9,4,10,46,3,116935,10582,7,7,4,7,7,7,10,4,6,8,7,Male,Tier 2,Online
66,163789,5.1,3,2.2,1,5,3,15,92608,142846,7,2,4,8,4,9,4,9,4,7,1,Other,Tier 2,Store
42,168099,4.0,12,2.5,5,5,5,19,13659,91243,6,3,6,5,1,5,4,9,4,7,9,Male,Tier 3,Store
38,100572,4.9,14,0.0,6,7,5,12,78833,80407,5,0,6,8,6,5,3,7,5,9,6,Female,Tier 3,Store
18,74680,9.3,6,5.5,6,8,33,3,85530,17936,7,6,4,10,10,9,6,1,3,10,1,Male,Tier 2,Hybrid
18,67104,11.5,5,6.0,5,7,45,1,120465,11632,6,5,5,1,10,6,10,4,1,10,4,Female,Tier 1,Hybrid
64,123554,7.3,3,3.2,6,10,38,6,83176,69696,10,6,3,5,8,7,8,6,7,4,2,Female,Tier 2,Hybrid
30,128917,10.0,12,6.0,7,9,36,9,65711,63607,4,7,3,6,4,4,9,6,3,10,3,Female,Tier 3,Hybrid
29,23856,7.6,6,4.5,4,8,28,12,59331,22916,10,6,6,6,2,4,6,9,2,8,9,Female,Tier 3,Store
25,97109,9.5,11,4.0,7,10,32,0,71166,59123,7,6,7,6,5,9,9,1,4,6,10,Male,Tier 3,Online
35,110475,10.2,4,5.1,10,10,48,3,142341,72277,6,4,3,5,9,8,4,3,3,5,8,Female,Tier 2,Online
25,85004,8.4,10,4.6,4,10,49,6,143490,29216,7,6,4,6,10,7,10,1,5,5,6,Male,Tier 2,Online
51,130492,5.4,11,2.0,5,4,15,5,31908,46412,6,4,4,5,5,4,2,8,4,4,8,Other,Tier 3,Store
27,117470,9.6,3,6.0,5,10,39,2,106370,57388,3,6,1,7,6,6,10,4,3,4,9,Male,Tier 2,Online
18,56454,9.8,7,3.5,8,10,46,0,100349,500,6,7,7,5,9,7,9,4,1,9,9,Male,Tier 2,Hybrid
57,215264,5.1,10,3.2,3,2,0,11,900,105622,2,0,3,6,7,5,4,5,3,5,4,Male,Tier 1,Store
47,148955,9.5,5,3.4,3,8,18,6,97533,52880,3,4,5,6,4,5,8,6,7,3,6,Other,Tier 2,Store
45,174566,6.4,11,4.8,1,6,12,17,132217,144942,7,5,6,6,5,4,10,8,2,10,3,Other,Tier 3,Store
70,142710,6.1,4,1.9,6,8,34,3,95510,41383,6,0,2,5,8,10,4,10,6,7,5,Male,Tier 1,Store
44,201429,7.8,8,4.0,10,10,31,1,113991,71499,2,7,4,4,6,6,6,6,5,6,6,Male,Tier 1,Online
51,38388,5.0,6,5.4,4,7,28,6,72063,22359,9,3,5,6,6,6,10,4,1,8,3,Female,Tier 3,Online
72,100367,3.6,9,1.9,3,2,0,18,31574,95340,7,2,6,5,1,6,1,6,7,8,7,Female,Tier 1,Store
57,146536,2.1,7,1.5,8,6,4,10,39704,66381,5,4,3,4,9,6,3,8,4,6,2,Male,Tier 3,Store
53,163630,3.4,9,1.1,6,8,18,7,96399,53733,1,5,5,9,3,7,8,5,4,7,7,Other,Tier 1,Store
32,105851,10.5,6,6.0,4,9,46,0,100919,76051,6,6,5,5,7,6,9,4,5,5,4,Male,Tier 2,Hybrid
38,133821,9.3,14,5.3,5,7,38,6,106406,97913,4,7,3,6,3,7,9,3,4,8,5,Male,Tier 2,Hybrid
27,115340,9.5,12,6.0,6,8,16,14,134315,45932,2,4,4,6,6,6,10,3,2,8,4,Other,Tier 2,Hybrid
66,133703,2.4,4,2.3,3,4,15,19,64589,82443,4,1,3,7,6,5,4,5,9,10,5,Male,Tier 3,Store
73,125873,7.2,7,0.1,5,10,37,11,63122,60679,2,9,4,3,7,5,1,10,4,6,4,Male,Tier 2,Store
38,62570,7.8,14,3.7,9,6,17,5,107531,500,8,3,5,5,5,1,10,2,6,4,6,Female,Tier 3,Online
53,173993,10.2,6,2.5,5,7,40,5,136482,48331,4,5,4,8,9,7,9,8,4,7,8,Female,Tier 3,Hybrid
55,99533,4.4,7,2.5,4,10,20,11,69377,102811,3,5,4,6,4,6,3,4,6,3,7,Other,Tier 3,Hybrid
59,178794,7.1,5,3.1,4,7,17,10,89387,75932,2,6,3,4,8,4,8,5,1,5,6,Female,Tier 2,Store
61,197314,2.6,8,1.7,3,6,22,5,85146,37107,4,7,3,7,5,4,4,10,5,9,4,Male,Tier 3,Store
41,71160,5.4,4,4.7,7,8,23,7,38676,93925,5,0,5,7,7,10,5,6,5,10,8,Other,Tier 2,Hybrid
48,111710,5.2,4,3.6,4,8,16,12,106307,100469,2,3,6,3,8,4,7,3,6,10,3,Female,Tier 3,Hybrid
27,113049,5.7,10,6.0,6,7,27,15,114845,73339,8,2,5,4,10,5,10,7,4,9,8,Male,Tier 1,Store
24,84710,6.6,5,3.8,7,10,20,12,41549,62110,2,7,2,8,3,8,8,3,3,5,4,Female,Tier 2,Store
56,56182,8.5,11,3.4,9,8,29,12,103557,78518,7,9,4,6,8,5,5,8,4,4,4,Other,Tier 3,Online
18,36576,11.7,8,6.0,7,10,49,7,95516,40274,8,4,5,4,4,8,10,3,1,5,3,Male,Tier 2,Online
40,219907,10.3,12,5.1,5,8,23,9,94956,46939,9,7,2,4,6,7,8,7,1,5,1,Female,Tier 1,Hybrid
48,117765,9.4,4,3.5,4,10,49,0,123535,67786,10,6,5,3,8,4,7,5,3,5,5,Male,Tier 3,Online
46,180544,5.0,9,3.1,7,6,14,17,78143,150000,1,3,6,4,3,6,6,10,4,8,8,Male,Tier 3,Store
79,109747,3.7,3,2.3,3,1,0,8,7149,49339,5,4,5,10,1,5,4,9,7,9,6,Male,Tier 3,Store
64,203213,7.7,5,2.8,5,7,37,11,108304,91184,2,7,6,3,5,5,5,10,5,10,1,Female,Tier 2,Hybrid
38,119698,6.9,14,4.6,6,10,22,5,114794,86094,10,5,3,7,4,5,10,7,7,7,4,Female,Tier 2,Hybrid
27,105480,12.0,8,5.2,7,10,35,3,83703,22989,5,4,3,6,6,9,10,5,2,4,7,Male,Tier 3,Online
33,121837,8.9,6,5.3,4,10,36,0,78843,40627,5,2,2,4,7,4,10,4,2,5,7,Male,Tier 2,Online
41,214816,7.5,6,6.0,5,7,24,9,65260,51654,1,3,3,4,6,6,9,4,8,10,8,Male,Tier 3,Online
62,64139,3.7,11,2.8,2,4,0,19,27911,81216,3,0,3,6,3,5,5,6,7,4,7,Female,Tier 3,Store
64,98252,6.1,6,1.4,1,6,20,8,57902,72679,7,3,2,3,8,1,5,7,5,7,2,Female,Tier 2,Store
63,93792,5.9,5,3.9,1,5,28,9,78396,137342,5,2,4,7,6,2,7,7,9,5,2,Female,Tier 3,Store
28,94660,10.2,8,3.9,10,9,38,6,88062,19692,3,3,1,4,6,4,7,3,4,7,5,Male,Tier 1,Hybrid
37,250000,10.4,9,4.3,7,8,30,0,97085,108326,6,4,3,6,4,8,9,2,2,6,7,Female,Tier 1,Hybrid
23,114098,9.6,6,4.6,8,8,32,11,102724,63462,9,7,3,6,10,7,5,5,2,6,2,Male,Tier 2,Hybrid
52,125096,6.4,9,4.4,8,8,40,11,85882,72632,4,7,4,5,6,8,7,6,4,9,1,Male,Tier 1,Hybrid
42,121203,7.1,13,3.6,7,7,23,4,106830,44498,6,5,3,1,5,3,7,7,6,10,7,Male,Tier 1,Store
65,115282,6.1,6,3.5,3,8,24,9,62186,52409,4,4,2,4,1,6,7,6,9,8,3,Other,Tier 1,Hybrid
36,106536,8.9,10,4.5,7,4,10,9,39928,24134,6,3,2,1,7,4,10,3,4,10,4,Other,Tier 1,Hybrid
44,102178,6.0,11,4.9,3,4,3,17,38328,108013,7,1,6,8,3,3,10,4,3,9,3,Male,Tier 2,Store
52,125273,5.4,7,2.9,5,7,37,7,80443,81632,4,7,4,4,4,10,7,4,5,6,3,Female,Tier 2,Hybrid
50,88770,6.8,8,4.9,4,8,15,9,32500,38184,7,0,7,5,3,2,9,4,7,3,5,Other,Tier 3,Hybrid
69,96872,6.8,9,2.9,3,6,6,10,64664,83118,4,9,3,4,5,6,9,7,8,6,7,Male,Tier 2,Store
60,81695,5.8,6,1.4,3,6,22,14,53718,51369,7,2,4,10,5,6,4,9,8,8,7,Female,Tier 2,Store
26,103813,6.2,8,3.2,5,6,27,8,48086,74835,7,1,3,7,7,6,8,6,1,9,8,Male,Tier 2,Store
44,100994,6.3,8,4.3,8,7,17,8,82912,70006,5,5,4,2,4,2,8,5,6,4,10,Other,Tier 2,Store
47,147934,7.5,4,4.5,9,9,30,5,138219,62242,2,3,1,2,3,4,10,6,5,10,7,Female,Tier 2,Hybrid
49,77496,9.4,8,4.6,10,9,20,11,70845,32300,8,3,5,9,6,9,6,6,4,9,7,Male,Tier 1,Hybrid
30,106704,8.5,14,4.9,8,9,31,4,900,31352,7,6,4,6,5,10,8,3,1,7,4,Male,Tier 1,Hybrid
79,53386,6.5,3,1.4,10,5,23,11,92707,7774,7,4,2,10,5,8,5,6,6,7,10,Male,Tier 2,Store
37,72183,6.2,11,2.4,9,10,41,3,112330,29231,6,5,1,8,10,8,7,3,6,10,4,Female,Tier 1,Online
47,186346,5.6,2,2.5,8,8,16,6,42464,43053,4,6,5,5,5,3,3,7,4,6,7,Male,Tier 1,Store
79,93583,6.4,8,1.6,1,5,1,16,28630,53385,7,0,5,7,6,7,8,6,7,7,1,Male,Tier 2,Store
36,154032,8.7,3,2.8,7,8,49,1,119179,55889,6,6,5,7,7,2,8,4,2,7,4,Other,Tier 3,Hybrid
31,79561,7.3,14,3.8,9,10,34,6,60934,51891,7,9,6,4,10,7,7,3,4,5,8,Male,Tier 1,Hybrid
42,139042,9.4,9,5.3,7,9,24,14,106733,88028,7,2,4,9,6,5,8,6,3,7,4,Female,Tier 1,Store
69,103257,6.3,3,2.8,4,5,12,14,73243,85852,3,4,5,4,5,6,10,5,10,6,3,Female,Tier 2,Store
57,107261,7.6,13,5.4,6,10,26,6,89391,9398,5,9,4,2,8,8,10,7,4,8,3,Female,Tier 2,Hybrid
30,57728,8.2,7,3.6,6,9,39,9,110526,500,6,9,4,2,7,6,6,5,3,4,2,Male,Tier 2,Hybrid
48,119303,4.6,10,2.8,7,7,20,4,69064,20378,6,4,2,4,5,5,9,6,3,10,7,Female,Tier 2,Store
31,141088,7.6,6,6.0,6,9,33,12,124190,110622,8,8,3,5,9,7,9,7,6,5,3,Female,Tier 3,Hybrid
18,73442,10.7,10,6.0,7,10,25,8,69759,72726,9,3,3,4,6,7,8,1,2,5,8,Male,Tier 1,Online
36,121918,10.8,3,4.8,5,8,47,5,103474,52330,2,5,1,9,5,4,9,5,3,7,8,Male,Tier 3,Hybrid
46,114466,8.4,10,4.3,5,10,47,7,139103,60351,6,9,3,9,7,8,5,6,3,3,8,Female,Tier 1,Online
44,87653,7.4,8,3.0,4,7,38,5,69037,43223,7,9,4,5,9,8,9,5,8,7,4,Female,Tier 1,Hybrid
57,140016,7.8,5,2.6,7,8,41,7,117875,99117,7,5,5,8,8,6,6,10,6,10,5,Other,Tier 2,Store
54,115362,9.3,11,2.7,8,10,37,11,108894,49157,6,7,4,5,5,10,5,5,6,7,5,Male,Tier 3,Online
62,120612,7.6,5,2.0,4,6,22,8,97892,48168,9,3,3,6,6,8,7,5,2,7,1,Other,Tier 1,Store
79,109830,7.0,3,1.6,7,8,30,9,86470,35645,3,7,6,5,10,8,5,10,10,6,6,Female,Tier 2,Hybrid
20,97863,7.2,3,4.6,9,10,37,5,145873,71830,10,2,7,4,8,3,8,2,1,8,7,Male,Tier 3,Online
18,154482,8.5,7,4.9,6,10,37,4,92400,46421,5,7,3,7,6,5,10,8,1,5,5,Male,Tier 2,Hybrid
19,91520,9.1,4,4.9,5,10,25,7,107554,3173,4,1,5,3,9,10,7,3,1,5,5,Male,Tier 1,Hybrid
56,111324,6.9,11,2.2,4,3,16,0,56364,10780,8,7,6,8,4,1,6,8,6,4,3,Female,Tier 3,Store
74,95559,6.9,1,0.4,5,9,34,10,58275,500,4,6,5,4,9,5,5,7,5,5,5,Male,Tier 2,Store
62,91631,4.7,9,2.0,7,5,15,13,38156,94938,10,7,2,5,6,4,5,10,8,6,2,Other,Tier 3,Store
28,122241,9.2,7,4.2,7,8,48,4,149492,29268,5,4,4,6,9,6,7,6,5,1,8,Female,Tier 3,Hybrid
61,186617,6.7,8,2.2,10,6,17,12,58924,150000,7,5,1,3,5,5,10,10,3,7,7,Male,Tier 2,Store
45,178219,5.8,2,4.6,4,10,39,12,150000,80881,5,6,3,4,6,7,8,5,4,10,9,Male,Tier 1,Hybrid
54,170353,3.9,11,3.2,6,5,12,12,81812,97320,4,4,4,3,2,3,9,8,10,5,7,Other,Tier 2,Store
43,74662,8.1,3,4.7,7,8,37,7,45424,115551,7,6,5,7,8,4,8,5,5,3,10,Female,Tier 3,Hybrid
44,129650,4.7,7,1.8,7,4,15,8,58725,76283,5,6,2,8,4,6,5,7,6,5,8,Male,Tier 2,Store
24,43787,8.8,2,5.4,7,10,34,11,103030,59155,6,9,6,5,6,6,10,5,7,7,8,Female,Tier 3,Online
43,111100,9.2,7,6.0,4,9,33,2,113693,58409,6,7,4,5,8,8,10,4,4,8,7,Other,Tier 2,Hybrid
25,148069,9.1,13,6.0,3,10,47,7,103634,57409,6,6,3,4,9,9,7,5,4,7,6,Female,Tier 1,Online
68,119610,1.0,5,0.0,3,6,7,11,47663,65204,5,8,7,5,8,5,2,9,4,7,6,Female,Tier 3,Store
52,151044,9.8,12,5.1,8,10,39,2,101336,74376,5,6,6,6,10,8,10,6,4,7,9,Female,Tier 3,Online
76,64760,3.6,8,0.9,6,5,0,14,33102,73906,9,4,7,6,2,3,4,10,5,6,1,Other,Tier 3,Store
47,162836,6.5,8,2.8,7,9,21,2,142038,26134,3,2,4,6,6,7,6,4,2,8,7,Male,Tier 3,Hybrid
58,80792,2.2,3,1.7,5,3,0,12,46838,65658,8,6,4,5,3,2,4,7,4,10,3,Female,Tier 3,Store
41,93703,6.6,8,3.2,6,8,9,13,56667,46387,6,2,5,5,9,10,3,9,4,7,10,Male,Tier 3,Store
62,117160,7.3,4,1.9,2,6,14,7,70512,42707,4,0,3,6,7,5,3,7,3,9,1,Other,Tier 2,Store
39,82001,7.6,4,4.5,9,9,29,4,47441,31914,4,8,5,8,6,8,7,4,4,10,9,Male,Tier 2,Online
40,73553,7.1,7,3.0,8,8,30,8,74940,31526,6,7,4,2,4,9,7,6,2,9,6,Other,Tier 2,Hybrid
23,83647,10.3,4,4.2,8,10,30,8,93036,93552,7,3,3,6,10,5,8,7,4,9,1,Female,Tier 2,Hybrid
27,101853,8.1,5,4.3,5,9,36,14,57500,71184,5,5,4,5,8,3,6,6,3,5,10,Other,Tier 1,Store
47,106365,9.0,8,3.9,8,9,30,7,92535,74577,4,6,7,8,4,4,9,6,1,5,6,Other,Tier 3,Store
24,121449,6.8,3,4.1,3,7,24,11,95696,67198,3,8,3,7,6,7,7,8,3,4,2,Female,Tier 1,Hybrid
37,86409,6.2,5,3.6,4,8,11,9,78003,24746,6,0,5,5,5,6,9,5,6,5,7,Other,Tier 3,Hybrid
19,70780,7.9,7,6.0,6,10,30,8,111489,11004,3,4,6,8,8,4,10,6,3,10,1,Female,Tier 3,Store
39,94152,7.2,5,2.9,4,7,45,9,59279,62934,8,4,4,6,9,6,6,4,2,5,4,Female,Tier 3,Hybrid
30,98543,12.0,12,5.7,4,10,49,2,109448,500,9,8,1,8,7,9,8,2,1,7,10,Female,Tier 1,Online
56,30335,6.8,11,3.2,10,5,5,17,53010,95966,10,2,6,10,6,6,6,7,4,4,4,Other,Tier 3,Store
45,126226,5.7,2,3.4,5,8,24,5,74236,13254,3,8,5,9,10,5,8,10,4,7,4,Male,Tier 2,Store
68,150334,6.7,13,3.1,8,5,19,8,123831,62334,5,2,5,2,6,2,5,8,7,8,4,Male,Tier 3,Store
62,126716,6.1,11,3.5,4,6,14,9,100594,98212,8,6,1,3,4,7,6,10,8,3,7,Female,Tier 2,Store
21,76990,5.6,4,2.9,6,7,23,1,62205,17340,5,3,5,7,5,4,8,3,1,7,8,Female,Tier 3,Hybrid
48,124959,3.4,12,2.3,4,4,0,8,79891,500,7,3,3,6,7,4,9,5,6,8,4,Male,Tier 3,Store
43,113272,11.0,11,5.5,6,8,36,8,105620,9961,10,9,4,6,6,3,10,6,8,9,8,Male,Tier 3,Hybrid
56,53753,5.5,3,3.1,4,6,14,9,33478,500,5,3,7,8,8,1,9,8,6,7,10,Male,Tier 3,Store
67,15000,5.5,4,0.0,5,8,31,16,70228,11901,9,6,4,9,10,7,1,10,8,4,5,Male,Tier 3,Store
55,139042,6.2,14,5.2,3,6,16,16,94137,103679,4,4,1,4,4,2,10,7,5,10,7,Female,Tier 2,Store
33,176763,10.1,13,6.0,7,9,45,4,137755,49562,3,9,4,5,5,9,10,2,2,8,7,Male,Tier 2,Online
43,152499,8.2,9,5.5,7,8,34,9,102137,53871,6,8,4,4,8,7,10,7,3,8,3,Male,Tier 3,Hybrid
75,127693,8.6,5,4.0,10,6,39,7,136195,64277,7,9,5,6,2,2,9,6,8,5,5,Male,Tier 1,Hybrid
69,81650,4.1,9,0.0,3,6,16,14,62376,31640,4,4,2,5,6,7,1,9,9,6,7,Female,Tier 2,Store
54,112164,5.8,9,2.8,4,8,32,1,107673,500,6,4,4,5,1,4,7,4,9,6,3,Male,Tier 1,Hybrid
45,113835,8.9,6,2.8,10,10,35,12,44312,54249,5,9,6,5,7,7,6,9,7,7,7,Male,Tier 3,Hybrid
61,49389,2.9,1,1.8,4,8,13,13,69771,23390,8,1,4,9,4,4,4,10,6,5,7,Male,Tier 2,Store
52,139137,8.8,2,4.1,4,8,35,13,70942,85864,8,7,6,3,7,8,7,6,7,8,7,Female,Tier 2,Hybrid
34,173662,7.2,8,4.6,4,10,22,9,122189,78067,4,0,7,3,6,6,7,3,1,10,8,Other,Tier 3,Hybrid
53,157497,8.8,9,1.8,4,7,34,1,88582,20186,6,1,6,5,6,4,4,8,4,9,7,Female,Tier 2,Hybrid
61,154947,10.3,10,3.6,4,5,31,4,132116,95627,5,6,2,8,10,4,7,4,7,7,3,Male,Tier 1,Store
71,161639,7.3,6,4.2,3,5,10,12,78815,80365,8,0,1,6,1,4,6,10,7,7,8,Female,Tier 1,Store
25,64817,10.8,14,3.8,8,10,47,2,100581,36928,7,8,7,8,6,2,10,5,7,7,8,Male,Tier 3,Online
48,89460,4.3,12,3.2,4,6,12,10,69476,79399,6,4,3,5,5,9,9,5,8,7,8,Male,Tier 3,Store
45,97039,9.1,4,1.8,8,8,36,3,127816,51882,6,3,1,7,9,5,4,5,8,10,9,Male,Tier 1,Hybrid
32,161615,7.6,4,3.7,7,10,25,5,116547,33183,5,7,4,8,7,7,10,5,3,9,6,Female,Tier 1,Online
38,66062,7.5,6,3.7,5,5,19,15,47627,500,8,3,6,5,6,3,3,9,3,4,6,Female,Tier 3,Store
49,15000,7.6,7,5.2,6,10,33,8,89031,48903,8,5,4,7,9,8,1,10,7,4,4,Male,Tier 2,Hybrid
44,200544,8.9,12,5.3,6,10,30,6,147756,141285,2,5,4,7,7,5,10,5,6,5,8,Male,Tier 2,Hybrid
34,109363,9.0,8,5.0,7,10,37,0,129002,70338,9,5,4,5,7,6,6,4,4,5,4,Female,Tier 2,Online
49,78609,8.0,6,5.6,9,10,17,11,48737,94498,6,3,4,7,7,3,7,8,6,5,6,Male,Tier 3,Hybrid
18,83403,8.6,1,4.7,7,8,21,4,106153,60111,6,9,1,7,3,4,8,3,1,5,1,Female,Tier 1,Online
59,157298,8.3,4,3.2,3,7,23,12,44194,96595,5,9,4,5,5,4,8,7,6,10,1,Other,Tier 1,Store
68,159738,7.9,4,2.6,4,7,23,3,73309,21100,2,3,7,8,4,9,5,4,6,8,7,Female,Tier 3,Online
42,117620,7.9,14,4.3,4,5,31,1,78005,27355,4,1,6,4,2,4,6,5,5,5,6,Female,Tier 2,Hybrid
71,83179,2.8,2,1.8,7,5,13,7,65045,62513,9,7,3,6,7,4,3,7,7,8,2,Male,Tier 2,Store
72,228328,3.0,1,3.0,5,4,0,14,62242,94841,7,5,5,3,5,5,6,9,6,7,5,Male,Tier 3,Store
79,76180,3.1,2,1.0,3,7,14,11,42312,85147,5,2,1,6,6,4,4,10,5,2,2,Male,Tier 2,Store
48,121805,5.9,7,3.6,10,7,16,15,107205,56366,5,8,4,6,9,4,8,8,3,8,4,Male,Tier 2,Store
19,91224,9.9,8,6.0,6,10,35,7,108052,55185,8,7,2,10,3,5,10,5,1,9,1,Male,Tier 1,Hybrid
34,141243,8.2,9,6.0,8,8,35,3,116483,72168,5,7,4,7,3,10,10,4,3,6,3,Female,Tier 1,Hybrid
30,32067,11.1,14,6.0,8,9,28,8,47731,34644,7,4,1,6,9,10,10,9,6,5,2,Female,Tier 2,Store
39,147973,9.1,10,3.3,7,10,49,0,118705,12510,4,9,2,3,6,6,5,2,9,9,7,Other,Tier 1,Online
27,133671,6.3,14,3.6,10,9,18,18,84960,139133,6,3,2,6,3,9,5,8,5,5,6,Female,Tier 2,Hybrid
34,73981,10.3,14,5.0,7,7,28,13,150000,61398,5,6,1,7,5,7,10,10,5,10,8,Female,Tier 1,Hybrid
40,212447,5.5,1,2.9,7,9,28,6,124455,61109,6,5,3,3,7,8,8,4,2,10,8,Female,Tier 1,Hybrid
46,116804,11.0,9,4.6,9,10,43,0,73447,27237,6,6,3,1,6,5,8,2,2,4,4,Female,Tier 2,Online
58,136115,9.2,9,1.7,5,7,35,1,80827,34515,4,9,6,5,7,5,4,3,2,4,6,Male,Tier 3,Online
30,95228,10.0,10,5.4,5,8,45,9,100581,63907,8,5,3,4,9,4,8,5,4,10,4,Male,Tier 1,Hybrid
37,147711,9.4,12,5.8,5,9,38,10,90489,72194,10,9,5,7,9,9,10,7,5,1,10,Male,Tier 2,Hybrid
79,43722,5.1,11,3.3,4,6,10,19,70032,28648,7,0,5,10,1,8,6,10,9,8,5,Other,Tier 3,Store
41,90860,6.0,8,3.3,5,8,23,10,45908,53546,10,9,5,6,5,6,8,1,6,9,8,Female,Tier 2,Hybrid
46,162238,6.7,7,4.1,5,7,31,7,135114,111757,7,9,5,5,6,4,9,6,7,8,7,Female,Tier 1,Hybrid
51,125020,7.0,11,2.7,2,6,3,13,57579,68159,9,2,3,3,5,8,6,7,8,10,5,Male,Tier 1,Store
30,35406,9.3,7,4.5,7,9,47,9,72816,49772,7,5,4,9,10,8,8,6,2,6,6,Other,Tier 3,Hybrid
46,181466,8.0,14,1.7,7,8,32,5,95411,62253,7,3,6,4,2,6,7,7,2,5,8,Female,Tier 2,Hybrid
50,101857,3.5,13,4.0,5,9,35,9,150000,64227,1,8,3,4,8,6,8,6,5,8,5,Other,Tier 1,Hybrid
18,33868,6.5,5,4.8,10,7,30,15,95983,78638,4,7,4,6,6,8,6,4,3,7,5,Female,Tier 2,Store
60,136125,6.2,3,3.9,7,7,12,13,70764,71722,7,5,6,5,4,5,8,6,5,6,5,Male,Tier 3,Store
61,151412,7.3,1,3.4,6,8,27,12,77844,88487,5,6,7,5,8,4,6,8,8,7,2,Female,Tier 3,Store
56,96617,6.7,9,3.6,6,9,37,0,119633,64509,6,9,6,8,10,9,7,8,9,4,4,Other,Tier 3,Hybrid
71,124133,5.6,4,2.4,8,6,0,17,69545,97263,7,5,2,5,6,10,7,10,9,7,2,Male,Tier 1,Store
43,56837,6.3,3,4.0,4,6,18,11,57482,91788,6,1,6,6,9,5,10,3,4,6,6,Male,Tier 3,Hybrid
19,64945,11.1,6,6.0,8,10,27,6,90802,23633,8,6,3,7,3,7,10,4,2,4,3,Other,Tier 2,Online
58,86139,2.0,9,0.0,7,5,1,6,87201,9816,6,2,5,6,3,3,1,8,4,6,2,Other,Tier 3,Store
52,250000,8.4,10,4.2,5,7,33,5,81285,16543,6,8,2,1,7,5,6,5,4,10,8,Male,Tier 1,Hybrid
61,167481,8.4,2,3.8,8,3,5,19,69875,137424,4,0,2,4,1,3,7,7,7,6,7,Male,Tier 3,Store
18,119029,11.5,2,6.0,10,10,46,2,110862,10387,3,8,2,5,6,8,9,4,4,4,9,Male,Tier 3,Online
32,159028,8.5,9,6.0,6,9,28,16,93743,81003,6,4,1,4,5,8,10,5,4,7,6,Male,Tier 1,Store
18,117238,10.9,1,5.1,7,10,49,6,150000,96833,6,5,5,6,9,6,8,3,3,10,3,Male,Tier 2,Online
48,200123,6.7,7,3.7,7,7,30,6,102758,130900,3,8,4,4,5,6,6,6,5,7,10,Female,Tier 1,Hybrid
18,62865,8.2,4,4.0,7,10,32,7,48763,89026,10,9,5,3,5,1,8,2,4,7,2,Male,Tier 3,Store
18,131637,7.2,1,5.1,7,6,26,12,121008,75123,9,9,4,2,8,4,8,4,6,7,3,Other,Tier 2,Store
42,146453,11.3,6,5.2,6,10,43,0,133972,68277,5,5,5,7,6,6,7,7,7,7,4,Other,Tier 3,Online
33,150547,6.8,12,6.0,9,10,30,10,66434,38777,6,5,5,6,6,9,10,7,4,7,5,Male,Tier 3,Hybrid
47,125058,3.7,11,3.3,8,9,28,4,105560,57100,4,9,3,6,5,4,6,5,2,8,6,Female,Tier 1,Hybrid
39,163713,6.6,12,3.5,5,5,30,18,150000,110187,1,4,7,4,7,6,9,6,2,8,4,Female,Tier 2,Store
22,35849,9.3,5,4.8,10,10,37,6,50502,59628,9,1,7,8,10,3,9,2,2,10,7,Male,Tier 3,Online
30,128079,7.1,6,4.5,8,10,39,0,142062,61005,6,5,3,5,4,6,6,2,3,7,6,Other,Tier 3,Online
35,101785,6.7,8,3.6,7,6,23,14,51988,39546,7,5,5,4,9,5,5,5,2,7,7,Male,Tier 3,Store
38,197163,11.9,8,6.0,3,10,49,8,150000,104392,4,9,3,2,7,7,10,4,5,9,6,Male,Tier 3,Hybrid
24,139317,8.7,1,4.1,10,10,49,5,114943,36735,3,6,3,4,6,4,10,1,3,5,1,Male,Tier 3,Hybrid
18,116424,10.9,6,6.0,6,10,40,10,102246,69965,4,6,7,3,8,8,10,4,4,9,4,Female,Tier 3,Hybrid
35,112553,9.4,7,4.6,8,9,47,10,116783,70202,9,9,3,10,7,8,9,4,2,8,6,Female,Tier 2,Online
31,101600,9.4,10,1.2,5,6,26,12,54254,70605,7,1,3,5,10,7,5,8,6,4,10,Female,Tier 1,Store
58,114177,4.2,9,0.6,6,7,7,13,18272,61055,9,1,4,8,2,6,1,5,6,5,7,Other,Tier 3,Store
47,183792,8.3,9,3.3,4,8,43,8,99621,102391,3,9,4,7,7,4,9,7,4,9,9,Male,Tier 2,Hybrid
58,101302,6.0,11,2.3,6,6,17,19,55763,63617,9,5,2,7,4,4,7,10,2,10,1,Male,Tier 3,Store
49,169035,3.6,8,4.4,10,10,26,12,39554,65497,6,5,3,3,7,6,10,6,6,9,9,Female,Tier 1,Store
79,158683,5.1,9,0.3,1,5,15,16,84581,113479,8,7,1,6,7,6,3,10,5,3,1,Other,Tier 2,Store
45,107774,5.1,11,4.4,7,10,25,12,75594,54002,5,8,5,3,3,8,6,6,5,6,6,Female,Tier 2,Online
40,130657,7.3,7,1.6,4,6,25,4,15289,83507,6,6,7,6,7,7,7,5,1,9,10,Female,Tier 2,Hybrid
27,152861,9.7,5,5.3,4,7,45,0,137712,500,6,8,3,3,2,6,10,1,3,6,8,Female,Tier 3,Hybrid
58,172381,6.5,3,2.4,1,4,10,13,77972,95209,7,4,3,6,4,8,7,4,8,7,5,Other,Tier 2,Store
47,146446,4.7,6,1.6,7,8,30,6,100175,500,9,5,4,5,8,4,5,8,5,7,10,Male,Tier 3,Hybrid
60,43684,4.1,4,2.7,4,9,18,13,61420,64748,8,8,3,7,7,7,6,10,5,9,1,Female,Tier 3,Store
70,78522,8.6,8,3.3,3,6,30,10,130023,41537,5,6,3,4,8,6,5,6,7,4,4,Male,Tier 2,Store
43,104256,4.8,8,4.7,6,10,32,10,81933,66395,6,5,6,9,3,8,8,7,3,9,9,Other,Tier 2,Hybrid
46,195127,5.5,7,3.6,8,8,32,12,140262,33150,4,7,1,7,7,5,7,6,7,9,6,Male,Tier 1,Hybrid
48,103520,4.1,5,2.1,5,5,8,11,30583,96115,6,4,7,7,7,3,5,6,4,8,4,Male,Tier 2,Store
46,245682,7.6,6,2.6,4,6,32,9,134025,42421,1,6,2,2,7,7,4,10,6,10,10,Female,Tier 1,Store
76,59837,2.7,9,2.4,4,9,14,16,35763,73800,7,6,1,9,3,7,2,10,8,4,7,Female,Tier 1,Store
38,130613,7.3,13,5.6,1,5,12,9,23472,94966,6,4,4,6,4,2,7,7,4,10,2,Female,Tier 2,Store
20,79749,10.1,6,4.1,8,10,49,8,122587,38100,9,7,6,6,8,7,5,7,3,5,6,Male,Tier 3,Online
47,140037,6.9,13,3.9,3,7,21,6,50059,6156,6,7,7,5,5,8,8,7,3,7,8,Other,Tier 3,Store
62,103981,7.3,1,1.6,8,10,37,0,131969,32968,8,5,4,7,7,8,1,8,7,10,3,Male,Tier 1,Store
58,105520,3.5,10,0.9,5,8,16,12,60810,50210,6,2,5,6,8,8,4,8,7,10,6,Male,Tier 2,Store
33,132289,9.9,10,4.8,7,9,33,8,95711,30467,7,8,1,8,7,8,4,3,4,10,7,Female,Tier 1,Hybrid
46,81627,8.0,14,1.3,4,6,34,2,68009,11067,5,5,2,9,5,5,4,7,6,7,8,Other,Tier 2,Hybrid
48,156874,6.9,11,5.3,7,7,32,14,139622,45251,6,3,1,4,6,6,10,10,6,2,8,Male,Tier 1,Store
72,58620,5.9,5,3.4,6,4,30,6,64710,32006,7,3,4,10,8,4,8,3,8,8,2,Male,Tier 2,Store
44,120666,6.4,9,5.1,3,7,21,5,75712,37804,5,2,6,5,3,6,6,4,2,9,6,Male,Tier 2,Store
27,137096,9.7,10,6.0,7,9,39,0,99560,47899,8,5,6,6,6,4,8,2,5,9,7,Male,Tier 3,Hybrid
41,105344,6.4,13,4.0,2,8,20,6,66328,35438,5,6,7,6,5,2,7,1,6,6,6,Female,Tier 3,Store
46,147655,10.5,13,2.6,5,10,37,0,101593,77686,5,5,5,4,10,6,6,6,6,9,5,Male,Tier 1,Hybrid
60,157165,8.6,3,2.9,3,5,34,4,99217,148536,5,8,3,2,6,6,7,6,9,4,5,Female,Tier 1,Hybrid
43,198558,5.7,6,4.2,4,8,24,6,119123,62516,7,1,7,7,2,2,10,8,4,9,5,Female,Tier 3,Hybrid
46,102306,5.2,7,2.2,7,7,34,8,95837,10921,7,7,6,8,1,4,2,7,4,9,5,Male,Tier 3,Hybrid
64,43540,6.5,6,2.9,6,9,29,8,64515,40449,7,4,6,6,6,4,1,9,7,4,3,Male,Tier 2,Store
55,142067,3.6,6,1.8,8,9,25,6,92623,35400,5,1,5,5,6,8,4,4,1,8,8,Female,Tier 2,Store
58,15000,3.9,8,3.9,4,5,4,7,8885,1047,5,4,4,5,1,4,8,5,4,7,8,Male,Tier 2,Store
59,100006,8.9,10,2.4,8,9,39,4,75602,35349,5,5,6,6,2,9,7,6,3,10,7,Female,Tier 2,Online
53,66038,7.5,11,2.6,8,8,48,4,129714,13288,6,8,1,8,10,7,7,4,3,1,5,Male,Tier 3,Hybrid
64,136488,4.0,10,1.8,7,6,17,13,116518,78691,10,7,4,7,9,2,1,3,6,5,5,Other,Tier 3,Store
55,77213,5.5,10,1.3,7,8,17,16,118347,91624,8,6,7,6,4,3,2,10,3,4,3,Other,Tier 3,Store
67,157928,3.6,3,3.2,2,5,4,13,58026,72637,5,4,3,6,7,3,6,9,7,10,6,Male,Tier 2,Store
20,45689,12.0,1,4.2,5,10,48,0,90908,500,8,9,2,6,5,9,7,5,5,8,9,Male,Tier 2,Online
18,105356,7.4,1,6.0,6,10,32,9,90389,71913,4,8,3,8,6,9,8,6,6,6,1,Other,Tier 1,Hybrid
49,246543,7.0,4,3.1,6,8,18,9,71775,114052,5,5,5,5,5,9,7,6,7,10,9,Other,Tier 1,Hybrid
59,91626,5.4,7,2.7,8,6,16,19,44110,150000,6,9,6,7,5,3,8,5,8,8,6,Male,Tier 2,Store
20,15000,8.7,9,4.6,6,10,47,10,118526,21196,8,7,2,7,9,6,8,4,3,7,5,Male,Tier 3,Hybrid
52,65901,4.0,11,2.0,6,8,21,8,51846,52688,9,4,3,7,7,6,7,5,1,10,7,Female,Tier 2,Store
35,156959,9.0,3,5.2,10,10,42,2,150000,64908,6,4,4,8,4,2,10,6,3,10,7,Male,Tier 1,Online
27,110605,7.4,4,4.1,5,9,39,1,89263,500,7,6,3,2,10,6,4,4,6,10,8,Female,Tier 3,Hybrid
64,116117,6.8,2,4.6,4,3,9,15,10939,87070,6,7,5,3,8,4,6,9,6,7,4,Female,Tier 2,Store
26,44657,9.7,13,3.5,7,10,31,4,128244,29808,7,4,4,8,10,6,6,5,6,6,10,Male,Tier 3,Online
63,138616,5.2,2,2.6,8,8,33,5,111582,79739,5,7,5,5,8,9,5,10,7,10,8,Female,Tier 1,Store
61,145817,5.7,10,2.4,8,9,25,7,78545,27571,5,4,4,3,7,9,3,6,10,7,4,Female,Tier 1,Hybrid
53,152592,7.7,5,2.7,8,7,32,15,150000,117010,8,6,5,6,7,8,5,8,5,7,6,Male,Tier 2,Store
46,120516,5.5,2,4.5,3,6,11,10,126681,69691,7,0,2,2,5,3,5,7,5,6,7,Female,Tier 2,Store
36,108824,10.1,5,5.7,10,10,37,2,125098,32681,8,7,1,6,5,6,8,2,8,2,7,Female,Tier 1,Online
61,154322,6.0,10,2.4,5,8,24,9,150000,6660,4,3,6,6,4,6,9,7,3,6,5,Male,Tier 3,Store
59,115083,5.2,6,2.8,3,5,7,17,89327,85034,2,4,4,4,8,8,7,6,2,7,6,Male,Tier 1,Store
37,154565,9.6,13,2.6,8,10,25,8,150000,85525,7,9,5,9,8,8,5,6,5,8,4,Male,Tier 1,Hybrid
60,155542,3.5,7,1.5,6,5,6,10,96713,50815,7,3,4,3,2,5,7,9,9,10,8,Female,Tier 2,Store
61,167188,5.9,5,1.3,6,4,22,8,61544,19612,6,7,6,1,7,6,7,9,4,9,8,Male,Tier 2,Store
64,95874,8.0,4,4.1,4,9,25,13,59068,48584,9,2,5,5,5,8,5,9,6,6,2,Female,Tier 3,Hybrid
19,26559,8.6,1,5.6,8,9,39,3,88962,500,10,8,6,9,3,7,8,1,4,10,4,Female,Tier 2,Hybrid
56,129091,4.6,14,1.9,5,8,34,6,76790,74957,2,6,5,4,4,7,4,8,10,5,9,Female,Tier 2,Store
34,108311,6.9,12,4.0,8,9,27,8,98864,37978,7,1,1,6,8,4,8,8,4,8,5,Other,Tier 2,Store
57,114550,7.5,7,4.9,7,8,25,9,76261,54111,6,7,5,7,7,6,9,5,7,4,5,Other,Tier 3,Hybrid
52,129162,6.8,7,4.5,2,8,27,10,85588,102169,4,9,4,4,1,7,5,7,3,5,10,Female,Tier 2,Store
37,164021,7.3,8,3.4,5,10,31,17,126175,89985,8,6,4,6,7,7,6,7,5,10,10,Female,Tier 3,Hybrid
56,196164,10.2,10,4.2,6,7,19,11,116078,86711,2,4,3,3,6,8,8,7,6,10,3,Female,Tier 1,Store
52,60858,8.6,7,2.4,4,10,49,6,104254,7969,8,6,4,8,10,9,5,8,4,10,6,Female,Tier 3,Hybrid
54,114345,8.4,11,3.2,4,10,48,7,129660,26479,6,3,5,1,9,7,4,10,4,5,7,Female,Tier 2,Hybrid
44,114278,9.4,11,2.8,5,10,28,6,60955,60300,4,6,4,6,7,6,3,10,3,8,5,Female,Tier 1,Store
51,71282,6.4,11,4.6,7,9,35,2,126991,500,8,6,6,2,5,3,8,6,2,6,2,Female,Tier 3,Online
52,171724,6.0,12,4.0,2,9,32,9,73217,65004,8,6,5,4,10,6,9,2,4,10,6,Male,Tier 1,Store
41,127425,8.5,7,5.0,10,9,20,8,83053,831,5,1,4,3,9,4,7,6,7,10,10,Male,Tier 1,Hybrid
34,47941,8.1,7,5.3,8,10,49,7,117683,39079,10,9,5,8,9,5,10,5,1,6,3,Female,Tier 3,Online
34,71774,7.5,9,3.4,7,6,29,10,119002,26952,7,5,5,9,6,2,6,9,1,8,6,Female,Tier 2,Store
32,167354,8.9,10,5.7,9,10,34,6,143154,48127,6,2,2,6,6,6,9,7,2,9,5,Female,Tier 2,Hybrid
52,97565,6.6,9,2.6,5,9,31,1,80442,15838,8,5,5,3,5,6,9,3,3,6,4,Female,Tier 3,Online
41,219149,8.8,5,5.5,9,10,29,7,150000,52898,7,1,5,4,1,8,10,4,6,8,1,Female,Tier 2,Hybrid
79,40735,6.8,3,1.9,4,6,24,8,30028,18162,8,8,4,8,8,7,7,8,9,9,5,Male,Tier 2,Store
54,64392,6.1,3,4.5,6,7,34,6,53254,500,7,5,2,5,6,5,6,4,3,6,8,Male,Tier 3,Hybrid
25,139312,9.7,10,6.0,10,10,48,6,118245,46539,5,8,4,6,4,3,7,2,5,10,6,Female,Tier 2,Online
78,73149,2.3,9,1.5,8,5,7,11,94364,99523,6,3,4,6,1,5,4,8,8,5,2,Female,Tier 3,Store
46,101859,6.7,1,4.1,4,5,11,13,39321,97863,3,3,4,10,8,5,7,5,3,6,4,Female,Tier 2,Store
46,193067,8.7,1,3.3,5,10,44,0,150000,109780,6,9,5,2,3,6,8,8,7,8,5,Female,Tier 1,Online
53,160826,4.5,3,1.1,2,7,5,17,33267,125603,1,3,2,5,8,5,2,7,3,5,5,Male,Tier 1,Store
29,138783,9.6,11,6.0,7,10,36,6,102107,62102,7,7,4,5,9,7,8,1,3,8,5,Male,Tier 2,Online
50,98512,7.9,7,5.1,4,5,34,10,83078,29926,10,9,2,4,1,5,8,7,2,7,8,Female,Tier 2,Hybrid
57,104578,6.7,11,2.7,1,6,34,12,110966,82805,6,5,5,4,6,7,6,8,7,6,7,Male,Tier 2,Hybrid
60,127295,5.4,6,3.8,6,6,6,15,88256,119900,5,2,1,4,4,7,8,7,4,8,3,Other,Tier 1,Store
68,71704,2.6,2,2.4,6,5,14,18,71229,40619,5,3,2,8,6,8,4,7,3,5,7,Other,Tier 1,Store
64,100707,5.5,6,2.4,6,8,21,13,96997,92216,8,7,4,6,4,8,7,7,3,9,6,Other,Tier 1,Hybrid
70,17559,1.0,5,0.0,5,5,4,5,4000,30338,10,5,4,7,10,7,1,7,8,3,5,Female,Tier 3,Store
26,134578,11.0,9,4.9,6,8,41,0,121208,87080,5,5,6,6,9,5,7,2,1,10,6,Male,Tier 2,Online
33,141915,7.7,14,6.0,6,9,47,11,125622,105121,6,9,2,7,1,7,10,6,1,10,6,Male,Tier 2,Online
76,28755,4.4,6,2.8,5,6,17,4,72999,1930,5,4,5,6,8,6,4,9,10,10,2,Male,Tier 1,Store
38,92074,8.3,11,6.0,6,10,40,5,92050,28742,6,4,3,7,10,3,9,2,4,6,10,Male,Tier 3,Online
77,63637,4.8,7,2.5,2,2,3,12,54314,43472,5,3,4,8,6,2,7,9,8,4,5,Other,Tier 2,Store
65,156384,3.9,3,3.2,8,6,10,11,32669,83814,6,4,4,5,9,8,5,7,7,7,1,Female,Tier 1,Store
41,152010,8.4,3,6.0,5,7,37,13,101933,115394,4,6,5,5,8,5,5,5,6,10,7,Female,Tier 2,Store
53,111120,4.2,4,0.8,2,5,12,17,32274,137930,8,1,2,6,4,6,5,10,8,3,4,Female,Tier 2,Store
43,141488,8.9,4,2.8,6,10,44,5,150000,500,7,8,6,6,10,7,7,6,6,9,8,Male,Tier 2,Hybrid
31,116927,10.3,6,5.3,6,8,37,4,150000,71687,7,3,6,8,7,3,10,6,4,9,2,Other,Tier 1,Online
35,125944,8.6,14,5.3,3,9,26,6,104723,77473,8,1,1,5,8,10,7,3,5,6,7,Male,Tier 1,Store
71,146251,1.0,3,1.7,8,5,0,16,44388,84834,3,5,6,6,6,4,4,7,10,9,2,Female,Tier 1,Store
67,91443,5.3,5,2.6,3,7,25,5,37774,33564,8,9,3,10,3,9,8,10,7,9,2,Male,Tier 2,Hybrid
32,100611,7.7,11,4.0,10,10,33,6,123943,56065,7,6,5,5,10,6,9,8,6,6,4,Female,Tier 2,Hybrid
64,103054,3.6,3,2.6,6,6,1,17,60041,115298,8,2,2,9,1,5,3,10,9,10,5,Other,Tier 1,Store
59,87014,7.5,12,3.5,1,7,18,13,122921,63718,3,5,7,4,5,3,6,8,6,4,6,Female,Tier 3,Store
44,149239,9.6,12,3.5,9,10,38,5,108373,9842,6,7,4,4,7,7,5,5,4,8,6,Female,Tier 3,Hybrid
41,105801,6.2,8,6.0,5,7,17,12,78320,77697,5,6,2,9,7,6,6,9,3,5,6,Male,Tier 3,Store
36,15000,11.6,5,4.4,8,10,49,2,97742,1304,5,3,1,9,7,6,8,5,5,7,6,Female,Tier 3,Online
67,154076,3.8,5,1.1,3,6,11,15,88909,79355,7,1,3,3,3,5,3,10,4,7,1,Female,Tier 1,Store
52,142289,1.2,3,1.9,1,6,8,15,37057,82710,8,0,3,5,3,9,5,10,2,9,6,Female,Tier 1,Store
48,139439,6.1,10,5.2,7,4,6,8,58651,31502,8,6,4,7,8,6,8,7,7,4,4,Male,Tier 2,Store
27,106152,9.3,14,5.8,8,10,39,15,84176,34874,7,7,5,6,5,2,9,6,5,6,4,Male,Tier 2,Hybrid
32,104795,10.4,12,4.9,7,10,49,0,138243,25125,6,5,3,3,10,7,8,2,2,5,6,Female,Tier 2,Online
41,100826,10.0,8,3.9,4,10,30,4,150000,89729,8,8,2,7,6,7,7,7,1,5,6,Male,Tier 2,Store
72,84476,4.2,5,1.5,5,4,20,10,45122,67992,10,9,4,8,5,5,3,8,6,4,4,Female,Tier 3,Store
59,90009,1.3,7,0.5,7,5,3,19,23973,107386,7,4,6,7,4,5,6,7,3,10,4,Male,Tier 3,Store
33,137472,12.0,10,5.7,4,9,25,2,49141,18496,10,4,5,3,6,7,8,6,5,9,10,Female,Tier 1,Online
58,152040,6.2,7,1.5,7,6,20,8,125791,44882,4,7,5,4,10,6,4,9,2,6,2,Female,Tier 3,Store
54,90242,8.5,14,3.4,6,10,48,1,129204,12224,9,9,4,3,5,8,3,7,1,5,5,Female,Tier 2,Hybrid
26,93616,10.0,4,4.2,4,10,30,9,110257,48884,7,3,3,2,7,4,10,5,5,7,7,Female,Tier 3,Hybrid
69,33776,5.0,5,3.3,1,5,0,17,30944,110044,4,5,5,7,1,1,5,7,3,10,4,Female,Tier 2,Store
38,125396,7.9,13,5.3,7,10,41,7,137825,112436,4,7,4,5,8,3,10,4,3,6,8,Male,Tier 2,Hybrid
18,82320,9.3,8,4.4,7,10,29,11,79941,59944,7,6,4,10,3,9,7,2,4,10,3,Male,Tier 3,Hybrid
61,113381,7.4,9,3.3,10,7,27,1,120754,64224,2,4,6,6,5,8,8,7,5,4,6,Other,Tier 3,Store
56,87461,7.9,3,2.1,8,8,40,8,68750,18262,6,6,3,1,7,5,5,8,9,9,5,Female,Tier 3,Store
24,115545,10.2,9,5.9,7,9,35,6,132138,36618,4,9,3,4,10,6,10,5,6,9,5,Female,Tier 2,Hybrid
41,166628,4.4,5,1.6,7,8,27,7,98127,69634,4,8,3,3,7,5,8,6,1,10,10,Female,Tier 2,Hybrid
46,125992,4.2,12,1.7,4,7,19,8,47816,56603,9,6,3,9,8,4,4,7,5,5,4,Male,Tier 2,Store
42,114792,9.9,5,3.9,2,6,18,13,113070,54536,8,5,4,7,8,4,7,6,6,10,1,Other,Tier 1,Store
58,97869,3.5,5,2.3,5,4,17,6,52579,92315,4,3,4,4,6,2,3,5,7,10,1,Male,Tier 3,Store
36,93138,5.6,11,5.1,7,7,14,12,48334,30486,2,4,6,6,4,1,10,5,8,5,7,Female,Tier 3,Store
57,115712,7.8,4,3.4,6,8,26,0,85194,51272,1,2,2,5,4,8,3,4,7,7,1,Other,Tier 1,Hybrid
28,145433,9.5,4,5.6,6,10,47,8,133525,92806,5,6,4,5,9,7,9,3,1,7,4,Male,Tier 2,Online
44,171439,4.2,11,2.9,4,6,29,10,123949,110735,5,4,3,6,4,5,5,7,4,6,4,Male,Tier 1,Store
62,46567,6.5,7,3.6,3,5,13,10,83523,12162,6,8,6,7,5,1,10,6,6,5,1,Female,Tier 3,Store
59,158229,5.1,12,2.5,5,4,0,17,42414,110473,5,7,6,2,1,2,9,7,3,7,3,Male,Tier 3,Store
57,58345,7.1,12,2.1,6,10,35,6,107040,37069,9,1,2,8,9,7,4,10,6,8,6,Other,Tier 1,Hybrid
55,89878,6.7,12,3.5,9,9,35,7,97257,28376,8,6,5,5,2,5,7,6,5,10,8,Female,Tier 3,Hybrid
65,139448,5.2,8,2.3,2,7,20,8,68385,83106,6,5,5,5,9,10,6,7,6,7,6,Female,Tier 2,Store
54,139800,6.9,5,1.7,7,7,23,8,21302,65512,5,7,1,6,5,6,5,5,6,10,7,Female,Tier 2,Store
29,97805,4.8,8,3.9,7,8,18,15,35161,81295,2,4,2,6,6,6,9,3,3,9,7,Female,Tier 2,Hybrid
64,111212,6.9,5,2.6,2,6,25,9,71974,71134,9,7,6,9,4,7,7,4,3,4,5,Other,Tier 2,Store
38,101728,7.5,5,4.4,10,9,29,5,70839,59699,5,5,4,4,5,7,9,5,4,10,8,Female,Tier 1,Hybrid
52,170547,7.1,14,1.5,2,6,24,3,106520,99582,6,5,6,5,8,5,3,4,4,6,2,Male,Tier 1,Store
49,129748,9.4,10,3.1,4,8,43,0,127996,71477,5,2,2,6,9,7,3,4,8,6,5,Male,Tier 1,Hybrid
24,206756,7.1,8,6.0,6,10,29,13,136135,20674,6,9,2,10,1,7,10,2,4,6,7,Other,Tier 2,Hybrid
21,85198,10.6,2,6.0,4,8,43,6,53481,51774,7,2,2,6,10,7,7,3,1,7,2,Female,Tier 2,Hybrid
60,146334,3.8,8,0.5,3,5,16,10,86913,38515,9,0,3,5,5,4,7,7,8,1,3,Female,Tier 1,Store
46,43414,7.1,9,2.8,6,9,28,6,32788,44754,9,6,1,8,6,4,9,7,10,5,10,Female,Tier 3,Store
45,90623,5.3,8,3.4,2,6,18,11,137750,79550,5,8,1,4,3,4,4,6,4,5,8,Male,Tier 1,Store
45,179325,9.7,8,3.1,6,9,35,9,142070,67161,7,8,2,5,10,7,4,5,7,9,6,Male,Tier 1,Store
31,67954,9.0,5,1.7,5,10,33,3,84563,28038,5,7,7,6,4,6,7,2,2,8,7,Other,Tier 3,Online
47,198751,5.8,7,3.5,3,8,20,19,55414,146264,7,9,5,5,6,3,5,8,6,3,9,Male,Tier 2,Store
22,101368,9.4,4,6.0,8,10,32,7,56122,40300,7,9,2,5,6,5,10,6,5,10,5,Other,Tier 1,Hybrid
65,176204,4.3,5,2.2,8,5,0,9,45856,17747,5,1,3,4,5,9,8,5,5,8,7,Male,Tier 2,Store
44,110609,6.3,6,4.9,6,10,41,1,147360,47440,8,7,3,5,5,9,8,7,3,8,10,Female,Tier 2,Online
34,88801,8.0,7,5.1,4,8,27,4,30056,34412,7,6,5,6,6,10,10,6,4,6,2,Female,Tier 3,Hybrid
41,124363,10.1,12,4.1,5,10,46,0,123424,12712,8,3,4,8,8,7,10,3,5,4,10,Other,Tier 2,Online
43,131310,8.1,4,3.7,6,9,31,0,110850,30375,6,6,7,2,7,7,5,7,3,7,9,Other,Tier 2,Hybrid
41,202861,8.8,5,2.3,4,9,27,18,118212,135625,4,9,3,4,5,10,7,7,3,8,8,Male,Tier 2,Store
49,114850,5.1,10,2.9,7,8,25,12,91221,73960,6,9,1,7,10,4,8,5,2,4,7,Female,Tier 2,Store
62,36845,6.4,9,4.6,2,6,23,10,75508,119102,4,3,5,5,5,5,7,7,6,9,1,Female,Tier 1,Store
57,160979,3.4,12,1.0,8,7,11,14,39887,127389,5,3,4,6,3,6,5,9,7,7,4,Male,Tier 1,Store
45,125127,5.1,5,5.3,7,7,16,12,30302,30653,5,6,6,8,3,7,6,8,3,9,5,Male,Tier 3,Store
63,159275,5.6,7,3.8,8,5,18,12,57085,32910,10,5,3,3,3,7,8,4,8,4,4,Other,Tier 2,Store
37,109827,8.5,6,5.5,6,10,47,0,110999,30610,7,6,5,3,10,4,8,5,1,7,6,Other,Tier 2,Online
21,160471,10.6,6,5.5,8,10,39,5,89241,100203,3,9,3,5,5,3,7,7,3,9,2,Male,Tier 3,Hybrid
53,200626,6.4,4,2.9,3,6,17,5,97078,128119,6,4,3,6,4,4,7,8,8,7,5,Male,Tier 2,Store
55,57936,5.4,12,1.8,2,7,22,7,70855,31345,5,4,5,6,10,4,4,8,9,3,3,Female,Tier 3,Store
65,101708,5.6,5,3.5,3,5,10,11,40453,26598,4,2,4,9,2,4,6,7,4,5,1,Male,Tier 2,Store
43,66602,9.3,3,6.0,5,8,35,4,71615,14850,7,4,4,3,3,8,10,8,5,8,7,Male,Tier 1,Hybrid
59,134323,6.4,3,2.8,4,3,9,1,27256,38548,3,4,4,3,5,4,8,9,5,6,4,Other,Tier 3,Store
42,90955,6.7,11,4.0,4,8,9,10,82771,83447,7,8,6,5,3,5,7,6,7,8,8,Other,Tier 3,Store
67,184934,4.8,4,1.6,5,4,5,12,73704,150000,5,3,5,4,8,5,3,9,9,8,5,Female,Tier 1,Store
40,15000,6.4,3,2.2,5,5,17,16,2608,61720,10,5,6,6,3,7,8,6,2,7,6,Other,Tier 3,Store
59,90174,5.2,10,4.1,4,7,9,17,900,97363,6,0,5,3,4,6,9,10,7,6,6,Female,Tier 3,Store
55,190838,5.4,13,2.8,7,8,20,14,39361,80040,5,0,2,1,6,8,8,7,5,7,5,Female,Tier 1,Store
18,119886,7.3,5,5.2,8,10,36,6,95371,34570,2,4,3,3,5,6,9,1,4,8,2,Other,Tier 2,Hybrid
49,94277,5.0,5,3.2,8,9,27,12,60732,42502,8,4,2,5,3,5,7,6,9,8,2,Female,Tier 2,Hybrid
62,194817,4.3,3,1.0,4,8,14,7,94611,84026,4,8,5,5,6,4,2,6,1,7,2,Female,Tier 2,Hybrid
39,180582,8.4,14,3.6,7,10,38,5,140198,108760,3,2,3,3,8,7,5,4,3,9,4,Male,Tier 1,Hybrid
30,48961,9.1,7,5.5,10,10,43,2,71432,500,8,7,3,6,7,5,8,4,7,10,6,Other,Tier 2,Online
52,131109,9.7,5,5.2,5,7,37,5,126171,64395,9,8,4,9,6,5,8,9,1,8,6,Female,Tier 1,Hybrid
42,190837,7.1,1,4.8,9,10,42,12,150000,119899,1,9,2,4,4,3,10,9,3,8,8,Female,Tier 2,Hybrid
40,130246,9.8,5,2.9,5,9,34,7,131225,51803,6,4,6,7,4,6,10,4,3,7,4,Male,Tier 2,Hybrid
35,157605,7.3,10,5.8,2,10,18,11,55891,32491,4,3,5,6,10,7,5,7,6,4,4,Female,Tier 3,Hybrid
71,142737,3.8,2,0.9,3,4,4,11,35080,46086,5,3,7,5,3,4,4,8,3,4,5,Female,Tier 2,Store
54,121041,4.9,7,3.4,4,6,13,11,58685,58009,4,0,4,9,5,8,7,7,3,10,10,Female,Tier 2,Store
34,207364,8.7,7,4.9,5,10,41,8,144741,101071,5,1,5,3,5,7,10,5,2,8,6,Female,Tier 1,Hybrid
37,144674,9.1,9,4.5,7,10,46,2,101842,41605,8,8,3,4,7,5,7,5,6,9,10,Male,Tier 1,Hybrid
45,240736,9.8,8,6.0,6,8,28,4,131545,99102,1,7,5,8,5,10,7,5,5,9,6,Female,Tier 1,Hybrid
64,105399,4.5,8,3.3,3,6,13,14,60452,56098,5,4,6,6,7,9,6,10,7,5,4,Female,Tier 3,Store
47,123110,7.2,8,2.7,3,9,27,4,96569,500,5,3,5,4,2,7,6,5,3,3,5,Male,Tier 2,Hybrid
57,103546,3.5,7,1.1,6,7,13,19,86179,133877,5,3,6,6,3,6,8,10,6,3,1,Female,Tier 3,Store
79,15000,6.9,11,1.9,6,8,16,13,900,78268,2,4,4,10,8,2,3,10,5,9,5,Other,Tier 2,Store
49,201801,6.3,6,3.4,7,8,25,15,92044,120174,1,0,4,5,3,4,6,2,3,9,10,Female,Tier 1,Store
58,131173,8.0,9,1.3,6,9,42,6,89855,89445,5,8,1,4,6,7,5,3,6,10,5,Male,Tier 1,Online
19,109176,7.1,4,3.7,7,10,36,9,140658,88642,8,5,3,6,7,6,10,7,2,9,1,Female,Tier 1,Hybrid
66,153591,1.0,4,0.0,6,7,0,13,58084,95564,6,3,5,6,9,7,1,7,5,8,6,Other,Tier 1,Store
39,136014,12.0,7,4.5,6,10,38,8,87330,74628,5,6,5,6,7,5,10,6,6,2,5,Male,Tier 2,Online
63,80624,8.0,10,2.1,3,7,21,13,57417,41942,6,3,5,4,6,7,4,10,5,4,6,Female,Tier 1,Store
40,110018,5.8,8,3.3,6,7,12,10,72979,31282,7,0,1,2,3,10,8,6,3,8,5,Male,Tier 1,Hybrid
66,48920,3.5,10,0.5,6,3,0,19,900,90927,8,3,3,8,4,8,4,8,9,9,3,Other,Tier 1,Store
45,147366,8.1,5,4.7,8,10,26,6,25688,59976,9,5,6,5,6,6,8,6,3,5,8,Other,Tier 3,Hybrid
35,135164,8.0,13,6.0,5,8,22,15,121776,99144,7,3,3,5,1,7,10,4,3,9,6,Male,Tier 2,Hybrid
75,41461,5.1,3,3.4,2,1,4,19,53532,68763,8,4,5,4,3,3,5,10,2,5,2,Other,Tier 2,Store
56,123142,2.7,1,2.7,7,7,6,17,45783,37393,7,4,7,4,1,5,4,3,10,7,3,Male,Tier 3,Store
43,65131,6.4,6,4.2,5,8,17,12,900,63132,6,3,6,6,5,5,6,7,7,6,7,Female,Tier 3,Store
32,132005,8.5,7,4.2,5,10,28,10,72927,75647,5,5,2,7,6,6,10,4,5,6,10,Male,Tier 2,Hybrid
18,15000,7.8,5,6.0,6,10,37,6,88718,63526,10,4,7,8,10,8,10,7,2,10,7,Female,Tier 2,Hybrid
40,115383,8.4,2,6.0,3,9,30,3,68336,38484,6,5,5,7,9,5,6,3,7,7,8,Female,Tier 3,Store
36,122482,7.6,7,3.2,7,7,32,0,76519,500,6,0,4,5,9,5,7,1,2,9,8,Male,Tier 1,Hybrid
54,195300,5.8,6,2.0,4,6,16,9,73991,46288,6,2,2,3,5,7,6,8,3,7,2,Male,Tier 1,Hybrid
51,143999,9.3,6,4.4,7,8,49,11,101086,124295,8,8,1,6,5,5,6,10,3,9,9,Other,Tier 1,Store
50,123971,8.8,7,2.5,9,10,42,1,145267,11977,7,5,5,5,8,4,9,3,5,10,7,Male,Tier 2,Online
50,202460,5.0,1,3.2,7,10,19,11,108691,87654,3,5,5,3,9,7,8,6,7,7,5,Male,Tier 1,Store
58,93122,5.3,10,2.0,5,6,4,17,31261,109167,7,6,4,4,3,7,5,8,5,5,3,Female,Tier 1,Store
21,144130,8.3,9,3.8,6,8,31,12,121222,11238,5,5,2,5,9,5,4,6,1,6,3,Female,Tier 3,Hybrid
23,110140,10.1,5,3.4,10,10,42,5,114204,48722,4,0,2,8,2,10,5,4,1,10,4,Male,Tier 1,Online
39,35913,4.9,14,3.3,9,10,32,11,89804,67380,6,8,6,5,5,5,8,5,4,9,5,Other,Tier 3,Online
43,95221,6.0,5,2.7,4,6,19,6,55801,53734,3,2,7,10,1,5,4,5,2,8,5,Male,Tier 3,Store
52,150383,6.7,9,1.9,7,6,16,13,104116,93713,7,1,3,7,7,8,5,7,6,4,1,Male,Tier 2,Hybrid
53,119256,4.4,9,2.3,7,3,0,12,44643,62426,9,1,3,7,5,6,6,6,6,9,10,Male,Tier 1,Store
62,41071,2.8,5,1.2,2,5,0,19,900,64937,8,0,1,10,6,6,5,8,5,5,4,Male,Tier 1,Store
50,94090,3.7,1,2.6,4,8,35,7,82906,75863,7,3,4,7,7,3,4,5,8,6,5,Male,Tier 3,Store
23,15266,10.9,4,6.0,6,10,44,3,83279,53506,6,3,6,3,6,8,10,1,8,8,5,Female,Tier 1,Online
43,88494,5.5,4,3.9,5,5,23,6,30185,95835,7,4,3,6,5,6,7,6,5,4,4,Female,Tier 1,Store
54,196294,7.2,4,3.2,8,10,30,10,73676,141683,4,4,7,7,4,3,7,8,6,4,9,Other,Tier 2,Hybrid
49,166926,2.7,10,3.2,1,5,0,10,34684,147438,6,4,3,1,6,7,5,7,7,7,6,Male,Tier 3,Store
19,127371,10.7,4,6.0,8,10,43,7,124229,25143,6,3,2,5,5,5,10,6,6,7,3,Other,Tier 2,Online
18,116736,7.1,10,4.6,5,10,31,0,54350,23250,8,4,4,7,7,10,9,5,5,5,9,Female,Tier 1,Hybrid
27,36656,6.9,14,5.4,8,7,14,4,22715,40408,10,8,4,3,4,7,9,7,1,5,1,Male,Tier 3,Store
25,112078,7.8,14,5.0,6,10,48,1,81534,44296,4,8,4,6,10,5,9,4,3,9,5,Male,Tier 2,Online
57,123481,4.5,4,1.8,4,6,2,19,67366,24763,6,4,3,7,3,6,3,6,4,6,5,Female,Tier 1,Store
71,135757,6.3,3,3.8,2,2,13,14,24287,80197,4,3,4,4,3,3,7,10,6,4,5,Female,Tier 3,Store
39,97534,7.0,5,4.0,7,9,32,10,90869,86713,5,7,4,6,9,7,1,6,4,3,7,Other,Tier 3,Hybrid
55,120712,6.9,11,2.7,8,10,46,0,100875,500,6,5,1,5,9,6,7,7,7,4,7,Female,Tier 1,Hybrid
38,100748,10.0,8,4.2,6,8,34,4,85269,58648,7,8,3,8,9,7,4,4,6,9,8,Female,Tier 3,Online
31,26624,9.3,7,3.0,10,10,28,6,57143,500,6,3,5,5,9,9,7,4,5,7,7,Female,Tier 3,Online
46,93510,4.8,11,2.2,5,9,20,14,81666,90269,6,5,4,5,8,8,5,7,5,6,8,Female,Tier 2,Store
39,161974,10.8,3,6.0,7,10,48,0,111502,46189,8,5,2,6,8,10,8,7,3,8,10,Female,Tier 1,Online
54,191225,7.7,10,0.9,5,7,27,11,94405,74167,2,5,3,2,6,4,5,6,7,2,6,Male,Tier 1,Store
30,149942,6.0,8,5.1,6,7,20,9,103741,73234,2,5,2,4,8,6,10,7,4,10,5,Female,Tier 2,Store
55,131315,6.0,6,3.7,10,3,13,8,111111,17528,8,4,6,3,10,3,8,7,8,2,3,Female,Tier 3,Store
77,120471,4.7,3,0.0,2,4,0,9,900,93774,5,6,3,3,3,1,7,10,5,7,6,Male,Tier 2,Store
57,154674,8.7,7,2.2,5,10,19,8,84258,54529,4,4,5,1,7,7,3,6,6,8,6,Male,Tier 2,Hybrid
43,162046,5.7,12,4.8,8,7,14,18,39692,60767,6,2,4,9,10,5,7,6,4,8,3,Female,Tier 2,Store
45,168759,9.6,8,3.8,6,8,16,8,122368,110029,6,6,3,6,4,7,7,5,5,7,8,Female,Tier 1,Store
43,103029,5.9,6,4.7,5,10,25,4,66064,50275,7,5,4,8,10,6,6,2,6,9,6,Female,Tier 1,Online
46,52873,10.7,12,5.0,4,8,30,2,85039,15010,9,6,7,4,7,4,9,3,4,8,5,Other,Tier 3,Online
42,113895,3.8,5,3.1,2,6,3,16,59017,48704,4,2,5,3,1,7,9,9,6,7,7,Female,Tier 3,Store
44,147641,6.8,9,5.5,4,9,20,12,46927,108235,6,9,5,2,3,7,4,7,10,7,5,Male,Tier 3,Store
56,198269,10.3,5,4.6,2,8,30,5,150000,69617,5,3,3,5,8,5,8,7,7,8,5,Female,Tier 1,Hybrid
59,59532,5.4,13,3.7,7,7,23,10,109619,71773,3,4,3,5,6,7,7,9,6,6,2,Female,Tier 2,Hybrid
44,134696,6.0,14,2.6,6,7,20,12,34386,109886,6,2,5,6,2,9,6,6,3,6,7,Male,Tier 2,Hybrid
39,184583,8.3,12,4.7,9,10,48,3,114603,41247,5,9,2,10,6,6,10,6,2,6,3,Male,Tier 1,Online
34,102764,8.2,14,3.7,7,8,41,1,108178,18584,3,6,3,10,8,7,7,2,1,7,7,Male,Tier 1,Hybrid
40,59582,5.6,12,3.4,1,7,21,6,59978,36188,7,4,5,7,7,5,6,7,6,5,6,Other,Tier 2,Store
56,137077,6.6,8,2.4,3,6,22,10,79759,76159,1,2,6,7,3,7,7,8,4,5,2,Male,Tier 3,Store
37,122141,6.7,4,4.0,9,6,24,4,82962,21655,7,5,5,7,5,2,9,5,1,6,6,Other,Tier 3,Hybrid
36,52515,5.4,6,3.8,6,10,34,4,70273,36712,10,6,3,10,8,7,10,6,1,9,5,Other,Tier 2,Store
63,47482,6.1,11,3.1,6,6,13,7,46999,59594,8,1,2,5,8,5,7,7,3,6,7,Other,Tier 2,Store
49,99284,4.3,3,1.9,2,7,13,10,76494,27569,10,0,6,6,3,7,7,5,3,4,10,Male,Tier 2,Store
61,138653,4.6,3,3.0,1,2,19,10,73370,25184,4,6,2,5,2,6,7,6,9,10,6,Other,Tier 1,Store
42,168227,7.2,10,1.9,4,6,11,13,55233,30676,8,1,5,7,5,5,5,6,5,7,7,Male,Tier 2,Store
51,84748,9.2,7,2.9,1,8,32,4,122074,37345,10,9,1,3,10,8,5,7,6,5,2,Female,Tier 2,Online
58,168665,6.7,6,3.6,4,5,23,5,150000,50567,10,3,3,3,5,5,2,3,5,8,6,Female,Tier 1,Hybrid
18,168764,9.6,2,4.6,7,9,31,2,71090,12993,5,0,5,2,7,7,10,5,2,7,1,Female,Tier 1,Hybrid
39,170549,10.6,14,4.0,10,10,49,11,89650,93626,6,8,6,3,10,7,7,6,2,10,5,Male,Tier 2,Online
51,70158,7.5,8,5.1,4,8,21,11,51645,61697,5,5,4,6,7,7,8,8,8,10,7,Male,Tier 2,Store
25,159454,11.6,9,6.0,10,10,42,8,150000,30900,8,9,5,3,7,6,8,5,2,10,7,Male,Tier 3,Online
71,31779,4.0,8,1.4,4,4,14,12,18243,23367,7,5,2,7,1,1,3,8,6,8,1,Female,Tier 2,Store
59,161969,9.5,14,4.1,4,9,25,14,99491,142121,2,6,5,6,5,7,9,7,6,8,1,Male,Tier 3,Online
53,109808,6.2,9,5.0,4,5,25,10,80390,130682,7,5,7,8,7,3,7,10,1,8,10,Other,Tier 3,Store
54,82597,3.1,7,2.1,2,6,8,12,48738,71530,4,1,4,6,9,8,7,10,6,2,5,Male,Tier 3,Store
47,127759,5.5,9,2.4,9,10,28,10,76384,500,6,6,5,5,8,7,9,6,1,7,7,Male,Tier 3,Store
27,25967,5.5,12,2.2,10,10,17,13,12971,4907,8,2,5,6,6,7,5,7,2,9,8,Other,Tier 3,Hybrid
60,54508,7.0,3,1.3,5,10,26,0,66964,500,5,5,3,9,10,9,4,8,8,10,8,Male,Tier 2,Hybrid
45,104763,4.1,5,3.2,8,6,24,8,46429,37718,9,4,4,5,8,1,10,5,5,9,5,Male,Tier 2,Store
28,142520,9.7,10,6.0,9,10,48,0,91785,90918,6,9,3,3,3,7,7,4,3,4,3,Male,Tier 1,Online
37,124953,7.6,8,3.2,6,10,43,3,104526,73976,5,1,4,6,6,4,8,2,3,8,9,Other,Tier 2,Online
36,214307,3.8,7,5.3,4,5,6,19,58130,101607,3,0,5,1,5,6,10,7,4,9,5,Female,Tier 1,Store
35,76314,9.8,8,6.0,10,7,45,2,101110,8387,9,6,7,4,6,6,7,2,9,7,1,Male,Tier 3,Online
53,124712,8.6,7,2.2,5,10,39,2,90746,82945,5,3,6,7,3,5,9,2,7,6,9,Male,Tier 2,Hybrid
24,102459,5.8,3,5.6,9,10,31,9,118004,3028,7,6,3,2,9,4,10,7,3,10,3,Female,Tier 1,Hybrid
44,50333,7.2,9,3.8,6,8,25,11,58983,28405,5,2,5,8,10,5,9,9,3,5,10,Male,Tier 3,Store
40,248761,6.8,3,4.6,6,10,33,1,107710,75977,6,3,2,5,10,8,7,5,7,6,8,Male,Tier 1,Hybrid
68,117067,1.9,7,0.6,6,6,11,13,900,77226,6,8,2,6,5,10,4,10,8,9,4,Other,Tier 1,Store
35,134953,9.4,10,3.3,5,9,42,0,63235,21199,8,9,4,5,7,5,4,4,4,5,7,Female,Tier 3,Online
56,190914,8.7,5,3.8,5,10,27,9,73757,42575,5,2,6,4,6,5,10,7,5,9,6,Male,Tier 2,Hybrid
28,164137,10.7,12,4.2,7,10,44,5,150000,40313,6,4,6,4,6,5,6,3,1,10,2,Male,Tier 2,Hybrid
48,107230,3.5,4,2.5,4,8,6,14,71723,70289,7,3,4,5,7,5,7,10,4,9,4,Female,Tier 2,Store
42,130263,4.5,9,4.0,5,7,10,12,900,62232,8,3,4,2,3,2,9,7,4,6,2,Female,Tier 1,Store
60,45838,6.9,1,1.9,4,10,40,1,81937,29664,8,6,4,5,9,4,7,5,4,5,5,Male,Tier 3,Hybrid
23,72949,9.0,3,5.2,10,10,33,5,42957,500,6,5,5,6,10,6,6,6,6,8,6,Other,Tier 1,Hybrid
38,136387,9.1,13,2.5,7,10,42,0,76155,47775,6,9,5,5,8,6,7,5,6,8,7,Female,Tier 2,Online
40,99225,5.9,8,1.4,6,10,31,8,89664,51552,6,7,6,7,7,8,5,3,5,8,7,Female,Tier 2,Online
50,125136,9.6,4,5.3,9,9,41,9,79592,44662,10,6,5,4,4,5,6,5,6,6,7,Female,Tier 2,Hybrid
18,90032,11.1,3,6.0,8,10,42,4,92838,74646,2,5,5,4,9,9,8,3,4,10,4,Female,Tier 2,Online
68,15000,2.9,4,1.9,7,8,33,9,106399,11599,9,3,2,5,7,6,5,9,6,6,4,Female,Tier 2,Hybrid
33,147940,6.5,9,4.3,8,10,31,7,140525,75095,6,5,7,2,6,5,6,4,8,8,7,Female,Tier 3,Online
25,83207,9.4,10,6.0,6,9,40,2,141810,53626,4,6,4,8,8,6,10,3,2,8,6,Male,Tier 1,Hybrid
42,134168,6.3,12,3.7,7,5,16,13,81071,87556,4,1,3,4,2,1,5,6,6,2,4,Female,Tier 3,Store
30,81835,10.4,14,4.0,4,9,34,5,63617,26017,4,5,3,8,7,8,10,3,3,9,4,Other,Tier 2,Online
50,208046,5.2,7,4.5,3,5,12,13,72306,99139,4,1,3,2,6,6,8,10,6,7,8,Male,Tier 1,Store
30,79333,11.8,6,6.0,6,10,41,2,101791,44755,8,4,4,7,9,8,10,5,4,2,7,Male,Tier 3,Online
44,206498,12.0,3,4.8,5,6,32,9,150000,35962,1,9,2,7,8,7,8,9,2,4,4,Female,Tier 3,Hybrid
43,43196,8.7,10,3.5,6,5,11,4,13536,20970,8,4,6,5,7,3,3,9,5,10,5,Other,Tier 3,Store
53,136372,4.2,12,3.4,3,5,24,5,43012,45933,5,4,2,4,6,7,5,5,2,5,9,Female,Tier 1,Store
49,120657,7.9,7,4.2,7,6,25,12,150000,81193,1,0,7,9,5,4,9,9,1,7,10,Female,Tier 3,Store
46,143998,6.4,8,3.6,7,10,33,6,72276,101430,10,5,5,7,5,3,6,5,6,7,7,Male,Tier 2,Online
52,112769,5.3,10,4.0,6,4,9,7,30869,83924,6,2,6,6,3,5,10,7,5,8,10,Other,Tier 3,Store
58,102249,6.1,2,2.6,4,5,9,10,3565,8727,6,3,5,5,4,7,1,8,5,4,1,Female,Tier 3,Store
59,142265,6.8,7,1.9,6,6,18,14,73481,99080,5,7,4,7,5,7,4,10,2,1,4,Other,Tier 1,Store
49,142296,6.5,9,4.0,6,10,29,9,105731,78203,3,6,3,4,8,9,8,8,4,6,5,Male,Tier 2,Store
23,31299,7.0,4,4.3,7,10,36,10,79615,35030,7,8,3,10,10,7,10,5,3,8,3,Female,Tier 3,Hybrid
61,173241,5.6,8,2.7,4,5,6,19,73574,117325,7,5,3,4,4,6,6,8,2,6,4,Female,Tier 2,Store
51,210124,6.3,5,2.3,5,6,19,14,97591,117087,3,4,2,9,6,8,5,9,5,7,4,Male,Tier 2,Store
42,192545,7.3,9,3.7,7,6,12,5,70074,54916,5,8,2,6,4,7,10,7,2,7,7,Female,Tier 1,Store
53,143639,7.4,10,4.0,3,7,34,8,104080,57218,4,4,7,1,10,6,4,6,2,6,2,Male,Tier 3,Store
44,245554,5.5,4,5.1,7,10,25,7,74876,66671,4,4,5,6,7,7,9,8,7,10,5,Female,Tier 2,Hybrid
37,150660,9.9,5,5.1,8,10,39,11,109464,60775,4,9,5,8,8,9,10,7,4,4,4,Other,Tier 2,Hybrid
31,148249,7.8,6,3.3,8,10,37,9,111149,105930,4,8,7,4,6,7,6,4,5,10,10,Female,Tier 2,Online
40,179845,8.0,6,3.8,4,10,36,11,76695,35284,4,6,6,3,7,7,8,6,5,7,8,Female,Tier 2,Online
24,96440,9.4,1,5.7,6,10,29,3,89592,67159,7,9,3,9,3,7,7,2,3,10,2,Male,Tier 3,Hybrid
61,157873,4.8,5,2.2,4,5,20,12,67836,75070,7,7,4,10,3,6,5,10,4,1,3,Male,Tier 2,Store
24,136577,10.3,3,5.0,4,10,45,8,104201,30230,2,9,7,8,10,7,9,6,3,7,1,Male,Tier 3,Hybrid
25,134021,10.4,9,5.2,5,10,44,4,150000,35836,9,9,3,4,6,8,10,2,1,9,3,Other,Tier 2,Online
42,147139,6.7,9,2.4,9,7,10,13,46129,50671,5,5,7,6,2,2,6,8,3,10,3,Other,Tier 3,Store
55,170747,6.1,11,3.5,1,8,14,12,20518,73370,8,2,4,7,2,7,8,7,4,10,9,Male,Tier 2,Store
79,182640,2.6,4,0.0,5,3,0,11,48223,113807,3,7,4,4,7,9,4,8,6,9,1,Other,Tier 1,Store
50,136668,6.7,4,4.5,6,7,12,13,115771,35826,6,1,6,5,2,3,6,5,9,9,10,Male,Tier 2,Store
60,21906,4.0,10,0.5,8,7,14,12,35534,19808,8,4,2,7,3,3,7,9,7,8,2,Female,Tier 1,Store
37,143145,7.4,13,4.9,8,10,36,11,119356,97687,7,3,3,6,10,6,7,6,3,10,9,Female,Tier 2,Hybrid
49,106900,8.5,4,4.4,6,9,28,6,124218,82186,9,7,6,7,8,6,9,4,4,6,10,Male,Tier 3,Hybrid
52,191737,5.5,3,3.1,5,8,21,5,131422,49015,3,4,1,6,8,8,6,9,3,7,6,Female,Tier 1,Store
45,201666,10.1,12,4.2,8,8,21,2,93059,10990,4,3,6,6,4,4,10,8,5,9,2,Other,Tier 2,Hybrid
48,158048,5.8,3,5.1,7,10,36,6,63448,57183,5,6,3,5,9,9,10,5,2,10,7,Female,Tier 1,Online
22,172853,9.8,7,5.1,9,10,41,2,58043,63648,6,7,2,5,5,8,10,8,7,7,10,Other,Tier 3,Hybrid
48,164623,6.5,9,3.8,4,7,19,11,75191,98648,5,5,5,6,5,5,10,6,4,8,7,Other,Tier 2,Store
47,147637,6.0,12,5.0,6,8,31,4,97166,45602,3,8,3,10,4,7,7,4,8,5,4,Male,Tier 1,Hybrid
30,66822,10.2,8,5.2,4,8,37,7,125297,101343,8,9,2,5,4,7,10,4,5,10,5,Female,Tier 2,Hybrid
38,187057,9.1,10,5.3,8,8,24,2,73593,39392,2,4,4,1,5,7,10,4,5,5,10,Male,Tier 3,Online
42,155644,7.7,8,5.9,7,8,30,13,139903,105407,6,5,7,8,10,2,7,5,4,6,10,Male,Tier 2,Hybrid
59,105493,4.5,5,4.2,5,8,35,5,107220,6474,6,5,5,6,7,6,7,7,4,3,6,Female,Tier 2,Store
20,32405,9.1,3,4.0,7,9,40,7,109698,500,8,8,6,5,10,8,8,1,6,10,1,Male,Tier 1,Online
56,67959,5.8,14,3.5,7,6,14,13,13950,56958,8,0,6,6,6,2,7,5,5,8,5,Male,Tier 3,Store
55,76070,4.7,5,1.3,5,10,30,8,117237,43858,10,6,3,8,3,5,7,7,5,8,7,Male,Tier 2,Store
42,88124,11.1,8,4.7,5,10,29,6,43259,50729,8,3,6,4,5,6,9,2,4,8,2,Female,Tier 3,Hybrid
26,127178,10.1,14,6.0,10,8,23,17,54647,84376,6,5,6,5,5,6,10,6,1,7,7,Female,Tier 2,Store
64,110092,5.2,2,2.4,7,7,10,11,22121,3447,6,4,2,2,1,5,9,8,8,6,1,Other,Tier 1,Store
37,78537,7.0,6,4.4,5,6,23,7,62333,52049,8,6,5,3,10,4,8,6,1,9,7,Other,Tier 3,Store
29,75531,10.7,9,3.9,6,10,30,11,45362,59871,6,8,5,4,4,4,7,4,3,8,5,Male,Tier 3,Hybrid
45,15000,11.0,9,4.2,7,8,38,0,125361,500,9,8,4,5,10,4,7,3,8,10,2,Female,Tier 3,Online
63,101741,1.6,2,1.9,9,6,15,6,80122,80754,8,3,6,4,8,1,3,7,7,5,5,Male,Tier 3,Store
19,31131,10.4,7,5.6,6,10,49,1,88312,40318,7,8,4,7,6,4,8,1,6,7,4,Other,Tier 2,Online
40,127089,6.3,3,4.4,5,7,25,7,54429,66868,1,9,3,3,1,10,6,6,7,8,4,Other,Tier 2,Hybrid
18,56100,10.1,4,2.7,6,10,41,3,90313,35131,10,9,1,9,6,7,7,3,2,8,1,Male,Tier 1,Online
64,113367,5.0,9,3.0,8,8,30,7,105689,60130,5,9,7,8,4,5,7,9,6,4,2,Female,Tier 3,Hybrid
20,112679,8.6,1,5.3,8,10,39,8,111201,810,2,7,6,9,3,3,10,5,1,10,3,Other,Tier 3,Hybrid
48,150699,5.3,11,1.8,4,8,9,10,48411,112734,3,3,1,5,4,6,10,7,6,10,9,Male,Tier 1,Store
64,151414,3.4,2,3.7,1,4,2,14,34659,130902,6,0,7,8,4,2,7,8,4,4,3,Other,Tier 3,Store
33,177264,9.1,5,5.5,7,7,23,9,120659,129430,5,8,4,7,7,8,9,6,4,2,6,Female,Tier 3,Store
42,130525,9.1,14,4.3,5,6,29,6,95419,35512,10,7,6,2,7,3,9,7,2,7,10,Female,Tier 3,Store
51,175918,8.5,6,3.8,9,10,39,3,129971,14910,5,8,3,8,10,6,7,4,6,8,8,Male,Tier 2,Online
39,77949,9.9,10,4.7,9,10,26,12,76329,100038,8,6,7,8,5,5,8,5,8,6,9,Male,Tier 3,Online
18,78342,8.8,1,5.2,7,10,49,9,150000,57964,5,8,3,5,10,4,10,5,2,5,5,Male,Tier 3,Online
44,217299,6.3,5,1.5,7,9,33,9,101049,83605,5,9,5,6,6,8,6,2,6,9,9,Male,Tier 1,Hybrid
71,151618,4.8,3,1.2,5,5,3,19,63084,122864,7,5,5,5,2,1,5,10,7,3,6,Male,Tier 3,Store
44,75271,6.5,7,2.3,1,6,17,16,41868,1913,7,4,3,4,2,6,9,7,3,8,6,Other,Tier 2,Store
20,115100,9.6,3,4.9,7,10,31,13,72404,78411,8,8,5,4,8,8,9,3,6,9,2,Female,Tier 2,Online
45,224915,6.8,6,6.0,1,5,14,11,125850,68397,6,5,3,4,7,3,6,6,6,9,7,Male,Tier 1,Store
66,45641,2.4,5,1.0,3,5,11,14,52041,47025,6,6,2,8,9,3,2,5,3,9,4,Male,Tier 2,Store
40,134161,9.0,1,5.9,8,9,29,2,94127,57466,6,3,4,5,3,7,8,4,6,10,1,Female,Tier 2,Online
52,108767,6.0,5,4.1,5,6,11,13,72573,80932,3,4,1,8,6,8,7,5,6,5,7,Female,Tier 1,Store
32,169010,6.9,4,2.9,5,6,23,7,64860,50309,8,1,3,5,6,1,6,3,2,9,9,Other,Tier 1,Hybrid
18,194274,9.5,1,5.7,7,9,47,1,150000,86442,9,8,2,3,10,4,10,3,3,8,2,Female,Tier 1,Hybrid
67,111377,6.4,2,2.6,5,7,18,8,23685,33534,4,7,5,3,6,8,6,6,10,10,7,Male,Tier 3,Store
71,53747,3.4,4,1.8,6,5,4,14,22310,47777,3,0,3,4,2,4,7,7,5,3,7,Male,Tier 2,Store
30,150536,7.5,11,3.2,8,8,33,12,142313,115437,1,5,3,2,6,8,10,4,1,10,4,Female,Tier 1,Hybrid
41,146208,8.5,11,4.7,6,4,19,8,69360,59293,7,3,3,4,7,7,9,9,6,7,4,Other,Tier 2,Store
18,59054,11.5,6,4.2,5,10,46,7,102296,40991,5,9,5,5,9,4,6,5,5,5,4,Male,Tier 3,Online
44,190065,8.6,8,4.4,6,8,26,6,116784,500,5,2,5,6,4,8,10,5,5,4,8,Male,Tier 2,Online
62,74110,1.0,6,2.0,7,3,4,11,51126,8603,6,7,2,7,7,5,6,5,4,8,2,Other,Tier 1,Store
62,125536,5.7,12,2.0,6,6,21,14,50564,68041,2,9,1,7,6,7,6,9,8,10,2,Female,Tier 2,Store
52,70266,5.2,8,4.1,8,5,16,8,900,55501,9,0,6,7,3,6,9,6,5,6,7,Other,Tier 3,Store
69,81580,3.6,5,2.8,5,8,10,10,86815,46248,7,4,1,8,3,3,9,9,5,4,5,Male,Tier 3,Store
42,57784,6.0,8,2.4,6,8,21,8,48466,31477,6,0,6,9,5,3,4,6,6,9,6,Male,Tier 3,Store
47,159695,7.1,3,4.7,8,9,29,10,117807,89253,7,6,5,4,7,6,8,7,5,5,7,Male,Tier 3,Hybrid
49,85123,7.7,4,2.1,4,7,13,17,106748,71389,8,0,5,8,2,2,6,8,6,5,2,Other,Tier 2,Store
27,107909,7.6,11,4.8,8,9,28,0,97670,15728,8,7,7,7,6,7,7,3,4,4,9,Male,Tier 3,Online
34,138536,7.1,8,1.9,5,7,19,12,66394,81405,2,4,3,7,6,6,2,4,2,6,7,Female,Tier 3,Hybrid
53,87326,5.0,14,5.6,3,4,7,18,16981,131680,5,4,5,6,2,6,8,6,3,10,3,Male,Tier 1,Store
49,194792,6.5,9,4.1,10,9,32,12,110861,72081,3,8,1,4,10,4,6,3,9,10,4,Female,Tier 1,Hybrid
33,27030,9.0,9,3.3,7,10,30,6,34468,16739,8,9,6,5,7,7,10,6,4,10,8,Male,Tier 3,Online
52,123833,8.6,10,4.9,6,6,38,8,73232,57605,7,9,1,6,9,5,8,3,5,9,4,Female,Tier 1,Hybrid
31,115281,7.9,11,5.4,8,10,43,1,105227,33959,6,2,3,4,5,6,9,1,5,4,7,Male,Tier 3,Online
36,124969,8.2,14,5.2,8,6,21,15,104362,100326,6,3,3,5,5,6,7,6,6,8,9,Other,Tier 2,Store
51,126648,8.3,9,2.6,3,8,30,10,85001,51917,6,3,5,7,5,9,6,7,3,7,9,Other,Tier 1,Store
61,91228,5.4,1,2.4,7,4,13,10,124301,77127,7,3,4,6,7,3,7,10,7,6,6,Female,Tier 3,Store
30,147565,8.6,13,5.1,4,7,19,8,122615,115702,4,4,5,7,3,6,9,2,5,5,4,Male,Tier 2,Store
45,103530,7.7,12,3.7,7,8,15,14,49683,74710,6,4,6,5,7,7,3,4,1,6,7,Male,Tier 3,Hybrid
36,198488,7.8,9,4.5,1,9,44,7,150000,50821,5,5,4,5,7,10,9,2,3,3,6,Male,Tier 2,Hybrid
46,41089,8.9,6,3.8,6,8,30,6,77993,39350,4,9,4,5,3,4,9,2,6,6,4,Female,Tier 3,Hybrid
43,199789,3.9,5,3.7,6,10,44,4,121870,75105,4,9,6,5,2,9,10,8,2,5,8,Female,Tier 3,Hybrid
55,226098,4.0,1,3.2,9,7,16,19,99000,150000,9,0,1,7,8,7,8,9,9,7,10,Male,Tier 1,Store
34,169835,7.3,8,6.0,7,9,38,8,145845,98295,3,5,3,3,9,4,7,2,6,7,5,Female,Tier 1,Hybrid
62,128970,5.4,3,3.7,8,7,13,3,63298,5445,6,8,5,5,3,7,7,6,6,6,4,Male,Tier 1,Hybrid
51,43241,7.7,10,3.0,8,9,29,6,25798,61423,9,4,3,8,6,6,7,7,1,6,2,Female,Tier 2,Hybrid
18,23268,8.9,1,5.2,4,8,22,5,65871,30283,8,5,2,5,6,4,8,6,3,7,3,Female,Tier 2,Store
56,122652,1.7,8,2.3,5,8,14,4,84114,58656,5,2,3,6,10,4,8,4,5,10,7,Male,Tier 3,Store
53,45831,8.3,1,3.6,6,8,34,5,92662,18983,6,4,4,8,8,9,7,7,6,1,6,Male,Tier 2,Hybrid
76,131124,2.6,5,2.7,6,6,7,7,53865,49357,3,8,5,10,4,6,4,7,8,9,1,Male,Tier 3,Store
59,90474,7.5,11,3.5,6,5,19,12,84614,37636,4,6,2,4,5,6,9,8,7,5,8,Male,Tier 1,Store
34,89394,6.3,12,4.1,4,6,10,12,29485,71311,5,3,3,9,9,6,10,8,5,5,3,Male,Tier 2,Store
31,96255,10.0,10,5.7,8,7,38,0,76770,7233,6,5,5,6,8,3,6,1,3,9,10,Male,Tier 1,Hybrid
51,94516,4.7,8,2.3,6,10,34,10,41196,61221,6,5,2,9,8,7,4,7,7,5,6,Other,Tier 1,Hybrid
62,109334,3.9,13,2.4,5,5,7,9,35575,47772,4,6,1,5,2,4,5,5,4,5,5,Male,Tier 2,Store
57,126559,7.2,7,1.5,8,5,24,9,124111,70622,3,4,2,7,4,6,5,5,6,3,5,Female,Tier 2,Hybrid
25,50668,7.6,11,6.0,8,10,30,4,58878,31477,7,3,3,2,6,5,10,4,3,7,8,Female,Tier 1,Hybrid
48,105124,4.7,9,1.5,7,7,4,5,12431,42316,7,4,4,8,3,3,2,4,8,6,8,Male,Tier 1,Store
69,93988,7.4,7,3.5,6,10,28,5,121231,57264,8,9,3,5,6,3,4,6,6,5,3,Female,Tier 2,Store
59,87259,5.9,6,0.0,7,8,28,11,51644,59431,7,6,6,4,5,7,5,9,6,6,1,Other,Tier 2,Store
37,102163,5.2,6,1.4,4,10,39,5,106675,20628,10,6,6,7,3,6,7,10,6,2,9,Female,Tier 3,Store
43,151126,12.0,7,1.6,4,7,20,10,112938,47180,3,0,2,5,7,3,4,8,5,6,10,Female,Tier 1,Hybrid
53,139417,4.5,8,2.4,4,9,19,11,64228,103361,1,4,2,3,2,5,7,5,3,6,4,Male,Tier 1,Hybrid
18,136555,10.4,5,5.9,8,8,27,8,74881,66164,1,5,4,7,1,4,10,8,3,10,2,Female,Tier 3,Hybrid
48,80050,7.1,5,4.7,7,8,27,8,93915,59417,6,6,6,5,5,6,6,6,7,6,8,Male,Tier 2,Hybrid
35,51833,6.9,12,5.6,6,10,25,10,127789,82808,5,8,4,9,5,7,10,6,3,7,6,Male,Tier 2,Hybrid
43,77279,9.7,4,4.9,3,7,25,8,46487,500,4,9,3,9,8,5,7,4,4,3,4,Female,Tier 3,Hybrid
24,35630,8.1,1,5.2,6,6,23,7,48791,500,9,6,6,9,4,1,6,6,4,10,2,Male,Tier 3,Store
53,93830,5.6,10,3.6,5,5,8,10,38205,139534,8,4,2,7,2,4,4,6,4,6,9,Male,Tier 1,Store
44,116734,6.5,4,1.5,5,10,26,6,73465,49403,1,4,4,4,3,5,6,8,5,6,4,Male,Tier 2,Store
38,60055,9.4,10,4.8,6,10,36,2,22713,90214,6,3,5,4,8,6,10,4,9,9,9,Male,Tier 3,Online
66,156947,4.3,7,1.9,3,4,12,11,56540,28953,5,8,2,2,9,8,5,4,6,6,5,Male,Tier 2,Store
66,69932,3.2,6,3.5,6,3,0,9,53102,67437,8,2,5,8,1,5,7,5,7,7,5,Other,Tier 2,Store
34,139296,7.9,12,4.2,8,10,47,3,127452,60399,4,6,5,3,10,7,8,2,4,8,8,Male,Tier 3,Online
47,37668,8.3,5,3.4,6,10,42,2,112435,32679,7,6,2,10,7,5,4,9,7,10,6,Other,Tier 3,Hybrid
18,53406,8.2,3,5.4,3,10,40,9,98782,9317,6,7,6,7,8,2,10,5,3,6,3,Female,Tier 2,Hybrid
45,92816,6.4,4,2.7,5,5,0,11,13912,79077,10,4,5,7,3,4,6,8,4,7,1,Female,Tier 3,Store
73,75330,3.3,1,1.7,2,7,5,10,76877,49509,6,2,2,4,4,5,3,7,4,8,4,Male,Tier 2,Store
25,149528,6.8,8,4.0,3,10,34,7,139853,38241,3,5,5,6,6,5,9,4,1,4,7,Other,Tier 2,Store
41,146622,8.7,12,5.3,7,10,36,4,113445,45204,5,5,4,2,10,5,10,3,6,8,1,Male,Tier 2,Online
39,213582,6.5,5,3.1,4,10,26,5,130202,76005,5,4,3,4,8,7,5,8,7,8,6,Female,Tier 1,Hybrid
47,138648,4.9,4,4.0,8,10,25,12,73404,125241,7,1,2,6,4,7,8,5,6,8,9,Male,Tier 3,Store
59,115326,9.9,5,4.3,4,8,27,10,113268,53039,7,1,7,8,8,4,8,8,8,9,2,Female,Tier 3,Hybrid
44,144165,7.5,10,3.9,1,6,27,9,150000,56737,4,9,3,6,7,5,6,6,7,4,7,Male,Tier 1,Store
33,125502,9.3,8,2.2,3,8,41,6,150000,97259,10,4,5,3,10,10,7,4,4,4,5,Male,Tier 3,Store
38,180110,9.1,14,4.6,4,7,32,0,115592,14179,4,3,5,8,4,7,8,3,7,6,5,Male,Tier 2,Online
18,46455,10.6,2,6.0,6,10,49,6,79717,27997,9,9,6,8,10,4,10,4,2,6,4,Female,Tier 3,Online
79,80247,2.1,6,0.8,8,8,4,9,43235,67346,9,3,6,8,6,5,1,10,9,5,5,Female,Tier 2,Store
49,110282,4.4,9,2.9,3,7,16,8,57927,60917,6,1,1,6,5,6,5,6,4,7,6,Other,Tier 2,Store
45,104510,4.8,10,2.2,4,9,32,5,118363,68077,3,8,3,7,4,7,3,3,3,8,10,Other,Tier 2,Store
42,149717,10.2,6,5.5,8,8,29,12,40247,44097,2,8,6,5,5,3,6,5,3,10,10,Female,Tier 2,Hybrid
46,86100,4.6,5,4.9,5,10,23,8,106846,79312,7,3,6,7,4,7,9,6,2,7,5,Male,Tier 1,Store
46,89148,7.9,6,3.9,8,8,31,8,126531,87824,5,3,7,8,5,5,8,9,4,10,5,Male,Tier 3,Online
29,127220,6.0,7,4.5,8,8,29,2,150000,60150,8,6,3,2,7,3,8,4,2,10,10,Female,Tier 2,Hybrid
28,97231,8.1,11,3.8,3,10,41,1,74333,3469,2,9,5,7,4,9,10,5,4,10,4,Female,Tier 3,Online
52,60783,5.0,6,3.3,3,8,34,7,85145,101223,7,4,6,5,8,3,7,4,2,9,8,Female,Tier 1,Hybrid
73,88886,3.2,10,3.5,6,5,8,7,114088,500,6,1,5,6,5,6,6,6,6,9,1,Male,Tier 3,Store
26,131962,6.5,14,4.5,5,8,38,0,150000,14680,5,2,4,5,10,6,10,3,5,5,2,Female,Tier 2,Online
49,150341,6.3,9,4.0,7,6,21,1,102642,33590,3,8,5,4,2,6,8,8,9,9,8,Female,Tier 2,Hybrid
75,57347,5.4,13,1.3,3,4,12,8,3981,48585,4,1,3,5,8,4,1,10,4,7,6,Female,Tier 3,Store
18,44324,8.6,3,4.2,8,10,34,8,62657,500,9,3,7,8,10,7,9,1,4,6,4,Other,Tier 3,Online
54,128277,3.7,8,0.8,6,4,16,17,47382,124975,6,2,1,3,7,7,2,8,8,7,6,Male,Tier 1,Store
46,146708,6.9,5,5.2,6,6,32,6,69698,63610,2,4,2,3,9,10,7,3,2,7,8,Male,Tier 1,Store
49,88261,6.8,8,1.4,5,7,0,15,55192,78771,7,2,4,8,6,7,6,7,7,4,7,Male,Tier 2,Store
24,39740,6.7,3,4.0,8,10,34,9,64841,38422,4,9,5,7,10,8,6,1,3,1,1,Female,Tier 2,Hybrid
42,149978,7.3,9,5.0,2,7,25,13,54774,37882,6,8,5,5,7,5,7,1,7,8,9,Female,Tier 2,Store
52,135734,5.9,4,3.6,6,10,32,10,70018,90326,5,9,4,2,10,6,7,5,5,6,5,Other,Tier 3,Store
60,126498,5.3,6,0.3,7,7,13,1,70533,51828,5,2,3,5,7,4,1,6,5,10,2,Male,Tier 1,Hybrid
34,149400,8.2,12,2.6,7,10,28,5,105985,76517,5,5,4,3,5,3,1,6,3,10,10,Female,Tier 3,Online
49,111944,5.7,9,3.4,5,6,12,19,55048,92842,7,1,5,7,8,1,8,8,6,10,7,Other,Tier 2,Store
18,73227,8.6,5,5.5,5,9,37,2,69506,42273,5,5,1,4,9,7,10,3,1,6,5,Female,Tier 1,Hybrid
18,109756,10.6,2,6.0,6,10,34,11,54772,82883,6,4,3,1,6,9,10,6,1,3,5,Female,Tier 2,Hybrid
65,155335,1.9,10,0.0,4,6,17,7,66886,96543,6,2,6,7,4,6,5,7,2,7,10,Other,Tier 3,Store
51,58537,6.9,6,1.9,9,6,15,14,82282,63621,7,0,5,5,5,3,4,7,4,9,9,Male,Tier 3,Hybrid
53,126785,8.1,8,2.2,5,10,37,9,108047,44011,7,1,5,5,4,5,6,4,4,4,7,Male,Tier 3,Hybrid
52,21947,4.6,8,2.7,3,5,18,9,15850,81420,8,6,4,10,8,4,2,10,4,4,6,Male,Tier 3,Store
34,112299,10.9,14,4.3,6,10,47,3,106748,61217,6,7,4,10,10,5,6,7,4,9,6,Male,Tier 1,Hybrid
36,90100,9.3,14,6.0,4,7,33,11,48666,24339,9,8,4,5,6,5,8,4,3,8,4,Other,Tier 2,Online
27,176304,11.0,7,5.1,9,10,43,4,150000,101324,7,3,5,5,7,9,10,2,4,9,10,Male,Tier 2,Online
18,141987,10.9,2,5.1,10,10,34,9,150000,66774,6,6,6,3,10,2,6,6,4,6,7,Male,Tier 3,Online
68,104177,3.3,5,1.6,6,9,24,17,70861,67510,6,5,7,6,5,9,3,6,7,3,7,Female,Tier 2,Store
27,58124,8.8,8,6.0,7,10,25,8,84814,500,5,7,6,8,8,5,10,5,1,8,8,Female,Tier 3,Online
26,15000,12.0,5,5.8,2,8,42,6,41478,9187,8,3,6,6,7,6,8,6,1,10,4,Female,Tier 3,Hybrid
34,93955,7.5,6,4.6,9,10,39,1,59320,45582,8,6,1,7,7,6,10,3,5,9,7,Female,Tier 3,Hybrid
48,71962,5.0,5,5.3,8,8,28,9,28290,66844,7,5,4,9,5,4,7,8,5,7,10,Female,Tier 3,Store
39,170766,8.2,5,4.0,9,8,35,1,112220,29753,7,4,5,4,6,5,5,3,7,10,10,Male,Tier 2,Hybrid
36,230736,6.0,5,2.8,5,7,13,13,68379,61926,4,4,3,5,7,3,6,4,6,6,6,Female,Tier 1,Store
35,103852,10.4,5,5.5,8,10,30,15,44763,47297,10,2,4,4,8,4,10,9,4,9,10,Male,Tier 3,Store
42,132125,8.3,6,1.6,6,10,49,0,135051,19468,7,7,3,5,6,10,8,5,4,10,8,Female,Tier 2,Online
46,150588,7.4,4,2.6,7,10,26,7,101315,90743,6,5,1,5,4,8,7,8,6,8,3,Male,Tier 1,Online
48,176095,7.3,9,2.9,6,7,18,9,85757,81888,5,2,5,5,4,5,5,9,5,7,6,Male,Tier 1,Hybrid
53,113540,7.3,6,3.3,2,8,21,12,90512,43849,5,5,6,3,7,8,8,8,5,10,9,Female,Tier 2,Store
54,159580,8.3,7,4.5,8,10,41,4,114430,75063,8,6,5,6,9,7,10,7,6,6,5,Male,Tier 3,Online
39,92762,9.5,10,4.5,1,10,24,7,31596,48553,4,2,2,3,6,7,10,3,2,5,9,Other,Tier 2,Hybrid
71,36945,2.6,3,1.4,5,6,15,13,22059,68743,8,2,2,7,7,6,6,8,7,7,6,Other,Tier 2,Store
57,128918,7.8,2,5.3,8,5,18,7,77387,58242,8,8,1,9,6,6,7,8,9,10,8,Male,Tier 1,Store
37,183263,7.3,8,6.0,6,9,25,9,102717,27483,6,6,7,4,2,8,8,7,7,5,4,Female,Tier 2,Store
38,69461,6.0,5,2.7,8,7,20,12,53749,84710,4,3,4,5,5,5,7,4,3,9,8,Other,Tier 3,Store
32,165315,7.5,5,4.7,5,10,20,17,96202,118110,5,3,4,2,8,10,10,5,6,10,10,Other,Tier 1,Store
78,71435,3.1,5,2.3,2,4,3,13,29766,78320,9,0,4,7,5,5,4,9,7,6,3,Other,Tier 3,Store
19,71982,8.1,3,4.6,4,10,23,7,45553,67416,9,7,7,5,8,8,2,4,4,5,1,Male,Tier 3,Store
47,68349,6.7,10,2.5,7,10,29,10,28891,99376,5,4,4,5,10,5,8,6,5,8,5,Female,Tier 3,Hybrid
47,191689,7.3,8,4.7,6,6,21,12,62692,105834,4,7,4,10,2,6,10,8,7,1,8,Other,Tier 3,Store
32,119600,10.1,3,6.0,7,10,39,4,85525,16058,7,7,6,8,5,8,10,6,7,5,10,Male,Tier 2,Online
33,15000,10.2,9,3.4,6,10,42,5,60846,500,9,9,3,8,4,9,8,2,4,7,5,Male,Tier 2,Hybrid
28,71310,7.3,9,4.3,7,6,13,12,35159,50618,8,7,4,5,4,7,5,3,5,10,10,Other,Tier 3,Store
32,53814,10.1,6,3.4,7,10,45,0,85169,29989,10,6,7,3,5,6,9,2,4,3,4,Female,Tier 3,Online
51,183073,8.6,6,3.5,4,9,25,14,107988,111791,7,5,5,7,2,6,5,7,7,6,4,Other,Tier 3,Store
60,129893,4.9,3,4.9,3,4,18,5,67738,13721,9,1,3,9,2,6,10,6,10,5,3,Female,Tier 3,Store
30,66348,8.4,7,5.3,4,10,42,10,125475,34083,10,6,3,6,6,7,10,6,6,5,5,Other,Tier 1,Online
78,33674,1.1,6,1.9,3,4,1,16,45996,80694,6,0,3,5,10,10,6,10,6,7,3,Male,Tier 2,Store
45,15000,8.8,11,3.3,4,4,17,13,41486,84378,8,0,4,8,4,3,4,7,3,6,5,Female,Tier 2,Store
18,88746,7.7,4,6.0,4,7,7,15,79469,105255,6,6,4,10,5,8,9,7,6,8,5,Male,Tier 1,Store
51,188286,5.7,8,2.8,3,5,16,1,68401,49085,5,5,4,6,2,7,6,5,4,6,9,Female,Tier 1,Store
60,80143,7.7,11,4.1,8,6,35,9,106810,122879,5,0,6,6,4,4,3,10,7,7,3,Male,Tier 3,Store
48,92015,8.5,6,2.6,3,7,25,8,32382,23974,7,2,2,6,3,5,6,8,4,4,6,Other,Tier 3,Store
50,146831,8.5,2,2.9,1,8,22,1,125001,16466,5,2,3,8,3,7,5,4,9,9,5,Female,Tier 1,Hybrid
55,87981,7.6,4,3.8,10,10,28,11,27399,41922,6,9,4,5,4,3,6,9,5,10,7,Male,Tier 2,Store
32,45405,5.6,10,4.5,7,10,29,6,63227,21452,6,6,5,6,5,7,6,6,6,10,9,Female,Tier 2,Hybrid
27,15000,8.4,14,4.1,7,9,32,2,73559,500,5,5,5,8,8,4,9,3,4,5,10,Male,Tier 1,Store
31,179419,7.9,10,2.8,8,10,42,4,105821,75499,7,9,1,4,10,8,8,9,8,9,10,Other,Tier 1,Hybrid
52,175346,8.1,3,3.8,3,7,19,11,111693,500,5,0,3,3,7,7,7,10,4,6,7,Other,Tier 3,Store
64,95419,5.7,8,4.3,4,8,40,1,104072,51493,4,5,5,5,5,2,8,8,5,5,2,Female,Tier 3,Hybrid
43,136990,6.6,8,4.3,6,8,21,8,69485,90968,4,4,3,4,10,5,8,8,4,7,5,Male,Tier 1,Hybrid
60,122926,6.6,5,2.7,7,4,24,7,57357,27468,3,6,7,8,10,10,8,5,2,9,6,Other,Tier 1,Store
39,51251,7.0,2,4.5,7,7,13,11,38873,33276,7,2,3,3,4,4,6,8,5,8,8,Male,Tier 3,Store
39,132345,9.8,6,4.6,6,8,32,5,53070,47908,9,2,4,5,7,7,9,7,2,6,7,Female,Tier 2,Store
55,166943,5.7,4,3.1,8,5,21,2,81167,108466,6,3,4,9,7,8,8,7,5,4,6,Male,Tier 1,Online
38,109298,7.4,6,6.0,6,5,0,15,20794,76143,8,6,4,6,2,5,10,6,1,8,10,Male,Tier 1,Store
59,118218,6.6,3,0.4,2,6,19,5,70755,11341,4,2,4,4,5,6,1,8,7,6,1,Other,Tier 3,Store
42,96715,7.7,11,6.0,5,9,40,1,85261,500,7,6,5,5,3,6,9,4,3,10,7,Male,Tier 2,Store
69,127034,5.6,4,1.3,1,4,7,12,80658,44564,7,7,2,5,3,6,4,6,5,6,1,Other,Tier 2,Store
54,139393,3.6,9,3.5,3,7,0,19,24418,132268,5,1,5,4,2,4,5,7,4,8,4,Female,Tier 2,Store
72,76663,6.9,12,3.5,4,9,22,5,36477,30543,8,6,2,6,5,8,7,5,5,7,2,Other,Tier 2,Store
39,55177,5.7,11,4.4,8,8,9,12,103460,89613,9,4,4,3,6,5,7,7,7,7,8,Female,Tier 3,Store
66,162732,3.8,11,2.0,7,10,25,9,117916,51733,3,5,4,2,10,6,6,7,9,4,5,Female,Tier 3,Store
78,42628,6.8,2,1.7,6,8,12,11,44299,23970,6,1,5,7,3,6,3,10,8,8,4,Male,Tier 2,Store
46,220501,8.7,2,3.5,8,10,30,9,130949,114330,2,2,3,5,8,9,9,7,2,6,4,Male,Tier 1,Hybrid
48,192202,7.1,14,1.0,5,9,21,11,94847,65059,4,5,5,7,4,8,2,4,8,8,3,Female,Tier 1,Store
38,195674,10.4,9,4.0,5,10,41,7,150000,60778,4,7,4,9,10,3,7,5,5,6,5,Male,Tier 2,Hybrid
53,140058,5.6,7,2.7,4,8,30,6,42034,19949,5,4,3,4,9,5,5,5,8,7,6,Male,Tier 2,Hybrid
24,15000,8.5,1,6.0,5,10,38,2,49750,500,5,5,5,7,8,8,9,5,1,10,1,Male,Tier 3,Hybrid
38,167328,7.8,7,5.7,2,10,35,6,140779,84351,7,4,5,5,8,9,10,5,3,6,7,Male,Tier 2,Hybrid
53,186838,7.8,12,2.4,6,7,24,10,86008,96472,7,6,1,6,7,5,7,7,5,8,5,Female,Tier 1,Hybrid
27,105305,8.1,7,4.5,9,10,49,5,129170,114329,10,7,6,4,7,6,10,4,1,8,8,Other,Tier 3,Online
50,155032,8.5,9,1.9,7,8,21,4,72651,45042,4,5,3,6,7,6,7,6,3,7,9,Other,Tier 1,Hybrid
38,112546,7.9,14,3.3,5,7,32,0,140114,23115,6,2,4,7,4,6,4,5,9,7,5,Male,Tier 2,Hybrid
63,173431,7.9,10,3.6,5,5,19,7,111829,60321,8,4,4,9,7,7,7,6,7,6,3,Female,Tier 1,Hybrid
66,152111,1.0,5,1.1,5,3,0,19,97312,88318,2,5,3,6,3,5,6,10,7,4,5,Female,Tier 3,Store
43,130946,5.9,1,2.5,5,6,23,0,81437,65165,6,6,4,5,7,8,4,4,5,3,3,Male,Tier 2,Hybrid
32,88273,10.2,13,6.0,5,10,31,4,112948,500,8,9,3,8,3,10,10,2,6,8,4,Male,Tier 2,Hybrid
34,44437,10.7,5,3.9,6,10,37,7,118607,25611,6,6,4,3,10,8,9,1,3,6,1,Other,Tier 3,Online
54,119961,5.8,9,0.6,8,8,11,7,54560,26375,9,1,5,6,5,4,3,6,3,9,7,Female,Tier 3,Store
32,74892,5.9,11,4.1,9,8,16,5,55381,12934,7,4,6,5,6,6,9,4,6,9,8,Female,Tier 2,Hybrid
40,155959,9.1,4,4.9,9,7,33,6,136746,74103,4,9,4,1,8,3,7,10,5,4,10,Female,Tier 3,Hybrid
48,105469,5.2,12,2.5,7,4,7,10,37636,500,7,4,3,5,3,4,5,8,6,6,8,Male,Tier 1,Store
36,103900,9.4,10,5.7,6,10,33,6,144240,41964,8,7,5,3,8,8,7,5,6,8,5,Male,Tier 2,Online
79,117303,1.0,3,2.5,5,3,0,12,900,80853,8,2,1,6,5,4,2,7,8,4,7,Female,Tier 1,Store
52,88201,5.9,11,4.9,4,7,26,7,70330,57709,7,0,6,1,4,8,8,7,1,6,5,Male,Tier 3,Hybrid
32,180929,8.7,7,4.3,4,10,41,7,96290,57091,8,7,5,6,6,8,5,5,3,2,6,Other,Tier 1,Hybrid
63,67883,9.2,8,2.4,9,10,33,10,73350,55139,7,9,5,5,6,6,7,10,6,6,5,Female,Tier 3,Hybrid
43,76768,5.3,7,1.4,7,8,12,9,38254,8366,3,5,6,7,5,8,8,7,7,5,4,Male,Tier 3,Store
38,135495,6.0,8,1.6,8,6,19,10,49812,44138,9,1,7,4,3,6,6,7,2,5,7,Male,Tier 3,Hybrid
57,170788,6.6,9,1.2,4,5,22,8,124948,142473,8,8,1,4,2,7,4,7,2,5,6,Male,Tier 1,Store
18,47009,7.9,2,5.5,5,6,14,16,56536,122099,4,5,5,8,4,3,10,5,4,2,5,Male,Tier 2,Store
27,141040,9.1,12,6.0,5,8,34,0,104096,38213,8,8,1,7,10,7,10,3,5,10,6,Male,Tier 2,Hybrid
59,89987,4.2,6,0.7,2,3,7,13,15744,31283,7,6,7,4,5,4,4,7,6,9,5,Other,Tier 3,Store
79,60773,2.7,5,0.2,6,4,18,8,63504,28125,6,3,5,7,5,8,6,8,6,8,4,Male,Tier 3,Store
42,171871,11.6,14,3.1,4,9,46,5,130182,76367,1,8,6,4,4,5,5,3,6,8,8,Female,Tier 3,Online
55,126673,9.4,7,0.6,7,9,41,8,121174,74516,7,9,2,6,6,5,6,7,4,7,2,Female,Tier 2,Hybrid
43,87813,7.9,8,2.6,7,8,30,6,75677,61805,6,0,3,8,5,8,10,6,5,1,7,Male,Tier 1,Store
59,165556,5.3,12,3.5,6,8,17,6,127037,25455,6,9,7,6,7,6,8,8,5,3,4,Female,Tier 1,Store
54,193336,8.0,4,4.9,7,10,36,7,97111,94103,6,4,3,5,2,8,8,9,7,10,4,Female,Tier 1,Hybrid
45,27371,9.7,3,4.9,4,6,36,7,130491,55456,5,9,6,8,7,4,5,6,6,4,4,Male,Tier 3,Store
41,147587,9.5,5,4.8,4,8,40,9,114754,26309,6,6,3,8,9,8,10,7,7,7,6,Male,Tier 2,Hybrid
24,114079,10.5,5,6.0,8,10,17,13,5190,89352,2,3,7,6,5,6,10,2,6,10,6,Male,Tier 2,Online
49,142920,8.0,4,4.0,5,8,42,0,150000,56300,7,6,6,8,9,2,7,8,1,1,4,Female,Tier 3,Online
51,170759,6.5,12,4.0,7,4,0,10,57646,98695,5,2,1,3,1,5,4,9,6,9,5,Male,Tier 1,Store
29,67428,7.6,8,3.6,2,7,41,5,101666,10459,8,9,4,6,10,5,10,4,5,3,6,Other,Tier 3,Store
54,207713,4.1,13,4.2,4,7,16,13,94444,64964,4,2,3,1,5,4,8,6,2,10,10,Other,Tier 1,Store
56,185138,9.8,6,3.1,4,10,41,7,138319,68966,4,6,4,7,9,7,6,4,5,10,1,Female,Tier 3,Hybrid
51,161890,5.8,13,4.3,6,7,16,11,82781,125147,5,3,3,2,7,5,8,6,8,5,8,Female,Tier 2,Hybrid
48,73540,7.9,8,4.5,4,5,34,3,61648,20786,10,9,7,4,7,4,6,7,3,8,4,Male,Tier 3,Store
30,173897,12.0,8,4.6,4,8,49,4,131871,26140,7,8,5,3,10,7,9,6,4,8,4,Male,Tier 3,Online
59,53691,3.8,10,0.6,4,3,4,8,28707,11380,6,3,7,5,2,2,1,6,3,6,4,Female,Tier 3,Store
30,62096,9.5,13,6.0,5,10,49,5,83193,67164,10,4,3,6,4,3,10,1,2,9,7,Female,Tier 3,Online
62,217084,4.3,5,3.0,7,10,23,6,106103,101506,4,8,3,4,7,8,7,9,5,3,8,Female,Tier 1,Hybrid
32,93006,7.1,11,4.8,9,8,31,10,85073,50686,9,5,3,7,6,4,10,4,4,5,5,Female,Tier 2,Online
21,121705,2.8,2,4.7,7,7,23,8,93434,74203,7,5,3,5,6,8,7,4,5,10,5,Male,Tier 1,Store
57,195947,4.6,10,3.4,8,6,13,19,128437,96292,3,2,6,6,4,9,7,8,10,8,1,Male,Tier 1,Store
51,187641,7.2,3,1.6,5,6,26,10,107743,97761,4,4,3,7,6,8,7,8,2,7,9,Male,Tier 1,Store
33,103178,10.9,13,6.0,5,10,37,6,132820,34519,6,9,1,6,2,7,10,7,6,9,5,Female,Tier 1,Hybrid
59,119891,3.8,6,2.0,3,8,11,14,56148,118876,1,0,3,2,6,4,5,8,5,9,7,Male,Tier 2,Store
26,93753,8.9,14,4.5,10,9,28,9,50212,111287,5,4,4,7,9,3,6,7,1,8,10,Female,Tier 2,Store
36,124532,6.5,13,6.0,5,8,31,5,78152,100820,6,8,4,5,6,2,7,4,6,10,7,Female,Tier 2,Store
53,177286,7.5,10,3.9,3,10,45,10,146857,67763,6,2,6,1,10,7,10,5,6,4,9,Female,Tier 3,Hybrid
40,149885,9.1,12,3.2,5,7,33,0,94546,38054,7,3,5,4,5,4,5,4,3,5,5,Female,Tier 3,Store
66,43009,5.2,5,0.6,6,2,14,6,28915,5370,8,5,7,7,5,3,3,6,8,7,8,Female,Tier 3,Store
25,109846,9.7,2,5.5,7,10,45,3,87126,10858,6,9,4,9,6,7,10,4,1,10,5,Female,Tier 1,Hybrid
66,60752,7.9,5,2.0,8,7,17,8,900,38247,10,8,4,9,3,4,3,8,5,7,6,Male,Tier 2,Store
53,127178,6.1,7,4.7,5,9,31,8,108923,69182,8,5,5,4,9,8,4,6,7,8,3,Other,Tier 3,Hybrid
23,181615,10.0,9,6.0,10,9,34,6,129471,81357,3,7,6,4,6,7,10,3,3,7,3,Male,Tier 2,Online
18,57162,7.3,2,3.3,6,7,11,9,16699,11053,8,3,4,6,2,6,6,6,1,10,2,Other,Tier 2,Hybrid
60,152843,6.1,8,1.9,3,4,6,10,105614,146836,7,2,5,7,6,4,8,4,9,3,5,Female,Tier 1,Store
24,65242,7.0,7,6.0,5,8,22,4,59265,500,10,3,4,6,7,9,9,4,4,7,7,Male,Tier 2,Hybrid
34,214096,10.4,8,5.4,8,10,30,12,104531,108261,3,5,3,2,7,3,8,6,4,5,10,Female,Tier 1,Hybrid
60,165751,7.0,1,3.0,7,8,21,5,88935,89800,2,3,3,5,5,7,7,6,9,10,9,Female,Tier 3,Store
50,153319,7.2,3,4.5,6,7,37,5,97200,60563,5,5,2,6,5,7,7,7,6,8,8,Male,Tier 1,Hybrid
42,229547,6.8,5,3.1,2,4,9,14,75117,98830,4,7,1,5,1,6,6,6,6,9,10,Female,Tier 1,Store
22,86436,11.7,6,5.0,8,10,42,4,50371,30570,10,7,2,6,4,6,8,4,5,5,1,Female,Tier 3,Online
40,103867,7.4,12,5.3,7,6,24,17,65286,114465,7,7,6,6,7,3,7,9,7,5,8,Male,Tier 2,Store
49,23174,7.7,8,4.4,4,10,17,9,26937,92893,10,1,6,9,4,10,9,7,6,7,7,Male,Tier 3,Store
38,156775,6.0,13,3.0,9,10,32,14,67218,77304,7,6,3,2,4,7,4,4,3,7,7,Female,Tier 2,Hybrid
42,104691,6.8,7,4.7,7,6,24,9,43448,77609,8,3,6,8,6,6,9,8,3,6,6,Other,Tier 3,Hybrid
37,161391,9.3,6,4.4,7,10,32,5,106931,91261,6,2,3,8,5,7,6,5,1,6,6,Female,Tier 1,Online
48,98427,7.1,14,3.7,3,4,3,11,52096,121785,9,7,4,6,3,6,4,8,5,4,6,Male,Tier 2,Store
26,15000,8.5,8,3.6,5,10,24,11,39216,41117,8,4,7,5,1,7,7,4,5,9,4,Male,Tier 3,Hybrid
42,129055,5.8,10,4.3,5,4,5,19,28642,82348,8,0,2,4,6,4,5,9,6,6,7,Male,Tier 2,Store
40,139525,4.1,9,2.3,5,8,20,8,69845,31343,5,1,5,10,9,8,3,8,7,6,4,Female,Tier 2,Store
18,74240,10.8,4,4.5,5,6,28,9,10122,80691,7,4,6,7,4,6,10,4,2,5,3,Male,Tier 2,Store
76,112418,2.9,9,1.1,6,4,0,12,900,92362,8,4,4,2,7,5,5,10,7,5,7,Female,Tier 2,Store
18,94298,10.4,2,5.6,7,10,45,4,150000,78147,7,9,4,5,7,5,8,1,8,9,2,Male,Tier 1,Hybrid
59,198927,4.2,10,1.7,7,7,9,12,129359,113486,7,6,3,5,5,4,5,6,4,6,7,Female,Tier 1,Store
53,152222,3.2,4,0.6,2,4,3,17,29138,101603,3,1,4,8,6,5,3,2,9,7,9,Female,Tier 2,Store
57,138673,7.5,10,4.7,8,10,34,8,127549,108534,4,8,7,5,7,4,8,6,4,6,6,Female,Tier 2,Hybrid
49,116939,9.5,10,2.0,8,10,35,2,130125,23389,6,6,4,7,8,9,7,7,7,7,7,Male,Tier 1,Hybrid
50,167183,5.8,4,3.7,9,6,12,13,66794,114536,3,3,2,5,5,8,10,2,7,5,3,Male,Tier 2,Hybrid
38,141033,5.8,11,2.7,1,8,15,15,86545,71197,2,4,4,7,7,6,8,8,2,3,8,Other,Tier 1,Store
27,137044,7.1,10,3.7,8,10,32,0,90908,81811,6,5,1,5,5,9,5,4,4,1,4,Male,Tier 1,Online
18,86918,10.1,4,5.3,9,10,37,9,84645,51068,8,7,5,6,10,6,5,5,3,10,2,Male,Tier 3,Hybrid
66,151104,4.9,7,4.0,6,10,32,8,120043,52216,10,8,5,3,7,1,6,6,6,6,3,Female,Tier 3,Hybrid
60,53731,5.7,9,3.2,3,3,7,16,9549,46417,6,9,3,8,2,2,5,8,7,9,1,Male,Tier 1,Store
53,88285,6.3,5,3.1,5,7,8,15,38866,55227,6,7,7,7,3,6,7,9,8,7,10,Female,Tier 2,Store
24,128879,11.1,2,5.6,8,7,38,7,93554,34057,6,8,6,7,6,7,10,4,7,3,3,Male,Tier 2,Hybrid
48,103735,7.6,9,3.8,4,7,26,7,6654,35719,7,5,3,9,5,5,8,9,6,7,6,Male,Tier 3,Store
29,155493,8.6,13,6.0,6,10,41,11,150000,60068,6,3,7,5,5,5,10,6,2,7,6,Female,Tier 2,Online
42,105035,6.3,3,4.7,7,8,21,7,85627,500,5,3,5,4,8,5,10,3,6,1,6,Female,Tier 3,Hybrid
79,77476,6.0,2,0.1,1,4,3,15,4116,100881,10,4,4,6,6,8,2,8,7,3,4,Male,Tier 1,Store
54,149637,4.8,8,2.5,7,5,15,12,97298,63526,6,2,3,3,3,5,5,6,7,6,9,Male,Tier 1,Hybrid
26,104796,8.8,5,6.0,10,10,22,8,106056,25314,7,6,4,5,1,10,7,4,1,8,6,Male,Tier 2,Hybrid
37,103222,9.7,3,4.9,8,10,44,8,106355,54739,5,7,3,8,8,6,5,2,6,8,4,Other,Tier 3,Online
30,99782,8.4,9,5.3,6,10,38,6,126490,73491,10,5,3,9,10,5,10,5,4,9,6,Other,Tier 3,Online
45,78248,5.4,11,2.4,8,7,27,6,78337,70292,10,5,5,6,9,5,4,8,5,3,6,Male,Tier 2,Hybrid
38,174819,7.3,12,4.2,6,10,31,5,117137,42348,6,2,1,1,4,6,7,10,1,8,6,Male,Tier 1,Store
60,160118,2.9,2,3.4,4,5,3,16,43884,32395,6,6,5,5,3,2,5,5,8,6,7,Other,Tier 2,Store
24,121443,10.3,2,5.6,9,10,48,4,114264,78656,4,8,2,7,3,5,8,6,8,7,5,Male,Tier 3,Online
66,125692,6.0,5,1.9,10,7,17,12,89026,70383,7,6,5,8,5,4,3,7,4,10,6,Female,Tier 2,Hybrid
47,140868,6.3,7,6.0,5,7,24,7,74266,34891,3,5,4,7,1,8,8,8,6,8,2,Other,Tier 1,Store
52,148577,3.5,11,0.2,8,5,5,17,3237,59692,6,1,3,7,9,9,5,8,9,4,6,Other,Tier 1,Store
34,116960,7.6,7,6.0,5,10,38,9,87294,36217,10,8,5,8,9,7,10,4,5,6,7,Male,Tier 2,Online
23,66857,12.0,5,6.0,5,10,26,7,80108,28060,3,6,4,4,5,5,10,3,6,8,1,Female,Tier 3,Online
18,120724,9.2,6,6.0,10,10,31,11,90204,52552,7,5,5,3,5,8,10,4,4,4,7,Male,Tier 3,Online
58,126349,7.4,8,2.4,6,7,22,11,132756,75929,6,4,6,2,7,8,3,8,6,8,8,Male,Tier 1,Store
68,112410,2.5,3,4.4,2,6,15,14,83875,107231,4,2,4,6,6,3,9,10,6,3,2,Male,Tier 3,Store
47,151077,10.2,3,3.8,9,8,34,10,136925,89260,7,4,3,5,9,5,8,7,2,3,5,Female,Tier 1,Online
73,123737,2.1,6,1.2,3,3,9,16,91264,82068,5,3,3,5,5,2,5,5,4,2,1,Male,Tier 2,Store
48,155698,9.7,12,5.2,4,7,42,0,142614,50271,6,6,6,2,10,3,8,6,9,10,7,Female,Tier 3,Hybrid
35,78745,7.5,8,5.6,9,9,28,5,47168,56674,8,5,3,7,6,8,10,4,6,6,5,Female,Tier 2,Hybrid
23,136938,7.5,4,4.0,10,10,40,10,128421,54683,8,4,3,3,9,8,10,7,3,6,5,Female,Tier 1,Hybrid
65,183281,4.9,9,1.0,6,5,0,15,63194,73799,5,5,4,4,2,7,2,4,7,7,5,Other,Tier 2,Store
49,101869,9.8,5,3.5,5,7,31,2,81780,42162,5,5,5,6,7,6,9,6,7,7,1,Female,Tier 3,Store
65,125123,3.8,6,2.7,3,5,14,6,6996,41926,10,2,3,6,6,7,7,3,9,10,6,Female,Tier 2,Store
51,123198,8.9,6,2.8,4,7,33,6,136167,90828,4,6,5,3,8,2,8,5,3,10,10,Other,Tier 3,Hybrid
70,30129,6.1,8,4.2,5,5,31,8,96899,20643,9,2,3,9,4,5,6,10,6,8,2,Male,Tier 1,Store
39,114586,8.6,3,5.3,5,9,40,0,54420,500,7,5,3,7,5,3,10,5,2,4,6,Female,Tier 2,Online
44,123186,7.2,8,5.6,7,7,27,13,28923,150000,4,7,4,5,8,10,10,6,5,7,8,Female,Tier 1,Store
51,70573,7.8,5,3.3,7,10,24,10,52458,30918,7,7,4,8,5,7,6,5,2,6,8,Male,Tier 2,Store
18,117311,9.7,3,6.0,8,10,45,2,115605,31892,4,4,5,4,8,5,9,4,4,6,7,Male,Tier 2,Hybrid
53,131087,8.1,9,4.2,6,8,18,12,20431,82593,8,6,4,3,6,6,4,10,8,10,6,Other,Tier 1,Store
43,90134,8.3,13,4.0,5,6,40,6,88536,39239,3,7,6,4,6,4,6,4,5,7,8,Female,Tier 3,Hybrid
62,165782,5.6,4,5.5,3,7,32,5,150000,67993,3,8,4,5,2,6,7,2,7,7,2,Female,Tier 2,Hybrid
49,162335,8.1,7,1.9,9,10,33,5,120003,80787,4,5,6,1,9,7,1,7,5,7,10,Other,Tier 3,Hybrid
64,30867,10.8,12,1.4,6,10,43,0,80903,29567,9,4,7,8,6,9,2,4,5,1,2,Female,Tier 3,Online
45,96449,8.6,9,4.5,3,7,33,7,85132,76040,8,4,4,4,7,6,6,9,5,10,8,Other,Tier 1,Hybrid
57,83548,5.2,10,4.2,8,10,26,9,41205,37780,8,0,2,4,4,4,9,5,3,8,6,Female,Tier 1,Hybrid
52,172100,5.2,8,0.8,7,8,31,2,86337,500,8,5,3,1,8,4,6,3,7,5,3,Female,Tier 1,Hybrid
37,130184,6.7,12,6.0,1,9,28,0,90153,17821,8,5,1,3,8,4,9,7,4,10,9,Female,Tier 2,Store
44,174763,7.3,6,3.1,4,5,26,10,133280,26309,5,2,4,5,5,9,7,6,5,5,8,Male,Tier 1,Hybrid
63,166153,4.9,3,2.3,9,9,25,7,59510,27386,7,3,5,5,7,6,5,9,10,8,1,Female,Tier 2,Store
59,79009,4.4,11,2.7,7,10,30,4,98888,18245,8,4,3,4,7,7,6,4,5,5,2,Female,Tier 1,Store
62,117590,6.5,5,2.7,3,6,17,12,96716,84529,6,5,1,4,5,7,1,4,4,4,2,Female,Tier 1,Store
63,79002,5.1,1,4.2,4,7,12,10,65835,108373,4,3,7,2,4,7,6,10,5,9,4,Male,Tier 3,Store
62,143145,7.3,3,3.1,4,7,18,14,96369,94987,7,5,2,6,3,6,7,8,6,5,4,Male,Tier 1,Store
40,127496,7.4,10,5.0,4,8,28,9,127657,68130,5,2,6,4,10,4,9,8,3,8,4,Female,Tier 2,Hybrid
44,122999,5.7,11,2.0,5,8,24,14,101536,83022,8,4,5,5,3,5,3,6,4,6,6,Other,Tier 3,Store
22,114831,8.0,1,4.7,4,10,37,7,109689,93756,10,6,4,5,4,8,7,3,3,7,7,Male,Tier 3,Hybrid
23,76445,10.4,7,4.7,9,9,40,7,85132,9153,8,6,1,8,7,6,9,6,4,10,1,Female,Tier 1,Online
34,44136,9.5,5,5.5,5,10,25,8,54729,37146,6,1,7,6,4,5,5,5,6,10,7,Other,Tier 3,Hybrid
33,77346,9.2,7,4.7,4,8,35,5,105982,100400,9,6,6,10,5,5,4,7,3,8,4,Female,Tier 3,Store
79,61127,6.2,14,2.0,3,9,13,12,900,15577,9,6,5,6,3,6,2,9,8,5,3,Male,Tier 3,Hybrid
29,63226,9.8,13,4.8,4,7,32,10,111718,81852,8,6,4,6,5,4,7,6,3,9,9,Male,Tier 1,Hybrid
52,172543,2.5,6,2.1,6,7,22,12,131874,57837,5,7,3,4,5,6,8,6,7,7,7,Female,Tier 1,Store
66,195049,8.3,1,1.9,1,9,27,5,129877,53897,3,2,2,6,4,6,5,8,8,7,1,Female,Tier 2,Hybrid
39,147079,8.7,13,5.2,7,10,37,9,119179,49410,6,8,5,6,6,9,9,8,2,6,10,Female,Tier 2,Hybrid
70,86124,5.7,1,3.1,7,8,18,5,13243,57053,8,5,1,6,7,7,3,4,3,5,4,Male,Tier 1,Store
27,55699,12.0,14,5.6,4,8,29,7,45019,500,6,2,4,8,7,5,9,7,6,9,2,Female,Tier 2,Store
43,149768,9.4,9,3.8,7,10,38,2,120460,52039,5,7,4,4,9,9,2,4,5,7,8,Male,Tier 2,Online
43,105653,10.8,8,3.7,5,9,31,1,69190,68101,7,4,5,5,10,5,4,1,5,4,7,Female,Tier 2,Hybrid
59,122754,5.2,11,3.6,2,4,26,13,120623,140981,7,6,2,7,5,4,10,10,6,9,1,Female,Tier 1,Store
31,141385,7.3,11,4.0,7,8,49,0,150000,500,8,9,4,3,6,7,10,3,6,8,9,Other,Tier 3,Online
20,15000,6.3,1,4.5,8,10,35,6,62332,22283,7,2,4,7,5,9,9,6,1,5,5,Male,Tier 1,Online
46,100410,10.1,8,4.6,8,8,29,9,45779,87800,6,4,6,8,8,10,6,5,10,7,8,Female,Tier 3,Hybrid
56,154857,11.8,4,4.3,8,6,29,5,117730,85305,5,5,3,6,7,6,7,5,9,9,2,Other,Tier 2,Online
18,102719,8.7,5,4.6,7,10,38,12,98785,146253,2,4,4,6,8,4,10,5,1,9,1,Other,Tier 3,Online
44,133999,6.9,8,5.4,6,9,19,2,95349,11130,9,3,4,6,6,10,7,1,1,6,10,Other,Tier 1,Online
36,152457,9.0,14,3.2,5,9,49,1,150000,93850,2,7,5,4,5,5,5,3,6,6,5,Female,Tier 3,Online
44,147274,8.9,4,3.6,2,8,33,5,150000,26778,7,8,5,4,8,6,3,6,1,7,7,Female,Tier 3,Store
40,125030,9.9,12,4.3,5,6,31,2,145621,78371,8,8,3,2,5,6,10,6,2,5,5,Male,Tier 1,Store
21,61078,7.7,1,5.2,9,9,36,8,71718,1294,9,1,4,3,8,4,9,9,3,10,7,Female,Tier 1,Store
42,95410,7.0,10,3.3,10,8,34,5,61089,54393,10,5,4,5,7,4,6,5,4,7,2,Male,Tier 3,Hybrid
28,99445,11.8,9,5.9,9,10,38,5,109794,17758,10,4,1,2,9,2,10,1,6,8,3,Female,Tier 3,Online
41,173018,9.6,12,4.2,6,10,39,2,150000,99853,6,8,4,6,6,7,7,1,8,4,6,Other,Tier 1,Online
57,131767,6.6,9,1.0,4,8,26,4,79928,50923,6,8,4,5,9,7,1,6,3,9,6,Female,Tier 1,Hybrid
55,172008,8.2,5,2.5,8,6,22,1,80773,90295,4,9,1,7,5,7,6,7,2,5,6,Other,Tier 1,Store
37,114740,8.1,3,6.0,7,7,37,8,150000,16918,8,7,2,7,10,3,6,4,2,7,6,Male,Tier 3,Hybrid
68,204288,1.8,6,2.3,3,4,0,14,50215,96565,3,4,1,2,1,5,5,10,6,6,5,Male,Tier 2,Store
45,149468,7.6,6,3.5,9,9,40,15,123403,56537,7,7,7,7,7,7,8,5,1,7,9,Male,Tier 3,Hybrid
42,61158,6.8,3,4.5,6,5,15,12,7295,500,7,3,3,5,3,4,6,6,2,8,10,Male,Tier 1,Store
40,83908,6.4,12,3.7,7,10,34,9,94975,69394,6,3,7,5,6,7,5,3,7,5,7,Male,Tier 2,Hybrid
25,105751,11.5,13,5.4,8,10,47,8,123132,123808,10,9,4,8,10,3,10,4,6,7,4,Male,Tier 2,Online
32,139209,7.5,13,6.0,6,8,32,6,43450,45279,2,8,5,6,10,6,10,6,5,7,7,Female,Tier 3,Store
18,59318,10.0,6,5.2,5,10,35,3,70160,41395,10,5,5,9,9,10,10,5,3,9,5,Male,Tier 2,Hybrid
29,101847,12.0,3,5.3,8,9,31,5,129034,92770,8,6,4,8,8,6,10,10,1,3,1,Female,Tier 3,Hybrid
30,139892,9.1,10,5.7,6,7,24,15,74267,81237,4,5,4,2,6,9,10,7,3,10,10,Male,Tier 1,Hybrid
43,176165,12.0,6,3.3,7,10,49,9,135296,82129,6,8,3,6,10,8,6,7,3,5,3,Other,Tier 1,Online
62,141148,7.1,5,3.0,5,9,39,8,109537,88138,7,5,7,5,10,5,9,4,7,8,2,Other,Tier 3,Store
46,130876,6.8,9,4.0,8,7,30,9,60676,61648,5,4,4,3,5,6,4,4,7,8,6,Female,Tier 2,Hybrid
50,18667,11.4,7,5.1,3,9,43,4,106609,11215,6,8,6,4,10,6,7,5,2,6,7,Female,Tier 3,Hybrid
61,87545,4.3,3,1.5,5,8,29,12,85029,22203,7,3,2,5,7,5,7,5,6,5,4,Female,Tier 2,Store
37,95766,8.6,5,6.0,6,8,19,5,88979,500,9,4,5,5,1,6,10,4,6,10,5,Male,Tier 1,Hybrid
58,118445,6.2,10,2.4,3,7,12,16,98810,84207,4,5,3,5,4,4,4,10,5,9,5,Other,Tier 2,Store
27,113685,9.3,5,6.0,5,7,33,14,105982,10905,6,5,5,7,6,9,10,8,1,8,7,Other,Tier 2,Hybrid
51,81450,8.5,12,4.1,6,7,32,12,130665,65492,4,7,5,4,5,4,7,4,6,8,5,Female,Tier 2,Store
42,156736,7.3,8,5.3,7,10,25,4,92794,110864,9,5,4,6,1,10,10,7,6,7,4,Other,Tier 1,Hybrid
43,75399,6.4,11,2.8,9,9,23,17,2021,47287,10,6,3,7,6,5,6,7,5,5,4,Other,Tier 2,Hybrid
50,145880,9.4,11,2.7,8,8,27,11,64636,121536,4,4,4,4,10,5,8,6,4,9,10,Female,Tier 2,Hybrid
22,100130,9.5,1,4.0,5,10,47,2,89457,64245,8,7,1,6,7,3,6,2,5,8,1,Other,Tier 1,Online
33,164032,10.6,8,5.6,10,7,48,2,150000,500,7,9,3,6,6,8,9,9,6,10,8,Male,Tier 1,Online
22,148580,8.8,5,5.0,5,10,36,6,124965,47025,5,3,4,6,8,6,9,6,1,9,1,Female,Tier 1,Hybrid
20,153233,9.6,2,3.4,8,10,38,7,111409,34070,9,9,3,3,5,9,10,4,3,10,7,Other,Tier 2,Online
33,80123,7.1,1,3.6,4,9,26,8,61731,71604,6,4,6,1,7,10,7,6,6,10,3,Female,Tier 3,Hybrid
34,83569,8.7,6,3.1,4,10,43,6,85512,1504,3,4,6,4,4,4,5,7,1,10,6,Female,Tier 3,Hybrid
46,183136,8.1,14,4.7,2,7,32,9,150000,58848,4,6,7,9,2,8,7,3,4,7,5,Male,Tier 3,Store
30,173925,7.5,5,3.6,6,10,40,2,80499,73896,6,4,4,4,1,10,10,5,6,1,7,Other,Tier 2,Hybrid
32,142733,6.0,12,4.0,3,7,15,13,900,97257,6,3,6,2,4,8,6,5,4,10,2,Female,Tier 3,Store
57,128839,7.6,14,4.6,6,4,7,17,46366,96930,7,4,3,5,2,5,8,8,3,2,9,Female,Tier 1,Store
79,53212,1.1,9,0.0,5,6,6,17,13660,65981,7,5,7,7,2,7,5,9,8,3,7,Female,Tier 3,Store
72,66582,5.8,4,3.2,5,5,29,7,54569,21227,5,7,6,6,7,7,4,9,4,8,7,Female,Tier 2,Store
53,144069,8.4,4,3.2,5,7,38,5,114547,56037,8,6,3,6,10,7,8,7,6,10,7,Female,Tier 2,Hybrid
39,189963,7.1,2,3.7,7,8,33,9,134866,65339,5,6,5,3,10,4,7,4,1,9,10,Female,Tier 2,Online
45,162383,7.9,8,6.0,7,6,35,9,109823,93806,6,7,4,8,3,3,8,6,4,9,2,Other,Tier 2,Store
40,162373,9.7,4,5.8,8,10,43,0,150000,73280,6,6,7,1,6,8,9,5,7,6,7,Female,Tier 1,Online
44,101082,8.4,8,3.4,2,7,30,7,66262,90506,6,5,2,7,10,7,4,4,4,9,6,Female,Tier 1,Hybrid
37,131037,6.3,9,5.0,3,10,35,5,150000,63650,7,2,4,5,8,6,10,3,5,4,8,Female,Tier 3,Hybrid
39,86362,6.2,12,4.2,8,7,20,13,88892,136479,5,8,1,7,6,4,8,5,3,7,1,Female,Tier 2,Hybrid
46,18368,10.0,9,1.3,8,10,35,3,8333,500,10,8,6,6,9,5,6,6,5,10,7,Female,Tier 3,Online
42,55052,9.7,1,1.9,6,10,28,4,20631,17696,6,7,1,9,10,9,4,6,8,5,10,Other,Tier 1,Hybrid
37,92312,12.0,12,6.0,6,10,36,0,69299,19310,6,9,2,3,10,8,6,5,1,9,4,Male,Tier 1,Hybrid
65,147612,6.8,7,2.0,3,7,35,14,101482,35253,7,3,5,6,9,7,6,9,7,3,6,Female,Tier 3,Store
51,89108,6.8,10,4.0,6,10,27,3,71320,3224,9,5,5,7,7,8,7,6,6,6,9,Male,Tier 3,Online
36,231714,6.0,13,3.5,5,9,32,7,118029,81582,4,9,1,2,7,9,5,9,1,6,3,Male,Tier 1,Store
43,141664,8.9,9,4.1,2,6,31,11,97216,75502,8,7,2,6,6,4,8,7,3,9,3,Other,Tier 2,Hybrid
37,144980,9.9,11,6.0,10,9,32,4,83692,61174,4,9,3,1,9,7,9,4,6,9,8,Female,Tier 1,Online
43,163524,6.3,3,4.6,5,6,21,11,76340,9865,7,6,1,1,5,5,6,2,4,6,9,Male,Tier 2,Store
53,172842,8.4,6,5.0,1,5,21,10,86803,35494,6,6,6,5,7,6,10,5,7,4,9,Other,Tier 2,Store
21,105768,9.9,6,6.0,7,10,40,0,69409,33780,5,7,5,5,10,7,8,1,1,6,5,Male,Tier 2,Online
40,42969,8.5,10,5.5,8,8,32,3,84069,56857,6,5,6,7,1,4,10,7,6,5,2,Other,Tier 2,Online
48,91910,9.0,5,3.8,6,8,31,0,110631,31300,7,8,5,6,2,6,6,3,6,6,6,Male,Tier 2,Hybrid
77,30271,6.9,1,1.8,3,4,11,8,37247,79937,9,2,7,8,7,3,5,8,10,4,6,Male,Tier 3,Store
56,32480,3.6,6,2.2,1,3,0,15,900,12712,9,0,5,5,5,5,7,5,5,6,5,Female,Tier 3,Store
38,142020,5.4,9,4.6,8,9,24,15,107638,90926,3,6,3,4,8,5,7,4,1,3,9,Other,Tier 3,Store
57,123344,6.9,11,4.0,2,3,20,14,105207,105605,6,3,4,6,7,5,6,9,4,8,1,Other,Tier 2,Store
45,156545,8.9,11,5.1,7,8,22,8,72350,103431,6,3,3,6,4,6,8,6,4,9,7,Female,Tier 2,Store
26,77693,10.3,14,5.6,1,9,42,9,138853,65878,5,3,4,4,7,5,8,6,7,7,10,Female,Tier 1,Store
65,159572,3.5,10,3.1,6,4,10,14,150000,93262,6,6,6,5,8,4,5,8,5,6,2,Female,Tier 2,Store
53,163210,6.1,9,2.7,4,8,32,15,128492,106142,4,2,4,3,4,6,6,9,1,10,3,Female,Tier 2,Store
62,141921,7.7,7,4.1,5,2,8,15,52655,86673,4,2,3,7,4,3,7,9,5,9,4,Male,Tier 1,Store
43,113885,7.2,7,4.0,7,9,33,17,108746,88017,5,0,2,5,6,8,3,7,5,10,7,Male,Tier 1,Store
46,190710,7.0,9,3.7,6,6,25,6,120771,118949,7,7,1,4,6,8,6,4,7,5,6,Other,Tier 1,Hybrid
43,108314,7.6,9,1.8,6,7,30,13,87107,93052,7,7,3,7,8,4,5,7,3,5,5,Other,Tier 2,Hybrid
64,87185,5.1,2,0.5,8,7,13,17,47931,105335,4,3,6,10,2,4,1,5,7,6,4,Female,Tier 3,Store
69,134838,5.0,4,3.6,5,6,15,18,66738,128332,7,5,4,5,8,6,5,9,6,1,8,Male,Tier 2,Hybrid
46,98315,4.9,7,3.9,2,3,3,17,30349,69508,9,0,3,5,8,3,7,6,5,10,10,Female,Tier 1,Store
46,58017,5.1,13,0.7,3,7,18,9,92907,37950,8,8,1,4,4,10,3,8,2,10,9,Female,Tier 1,Store
56,44537,5.6,13,1.0,2,4,11,12,19455,45343,7,6,4,7,6,2,4,7,6,7,4,Male,Tier 1,Store
47,143857,4.8,10,4.0,4,7,10,12,88187,103853,4,6,6,7,6,5,8,7,5,7,10,Female,Tier 3,Store
49,210225,5.9,6,4.5,7,6,14,16,131226,97706,6,5,3,5,1,8,6,6,6,5,3,Other,Tier 2,Store
29,30816,10.3,14,6.0,7,10,37,4,67132,500,6,4,4,10,10,8,10,1,9,6,8,Other,Tier 3,Online
59,125037,4.1,2,1.8,3,6,17,12,10959,23021,8,4,4,6,7,8,5,10,5,10,4,Female,Tier 2,Store
45,114113,7.0,9,2.4,5,6,22,5,100343,76523,4,3,7,4,7,6,4,5,4,5,7,Female,Tier 3,Store
42,187598,8.2,9,1.9,6,10,22,10,66912,57483,6,3,4,4,2,7,5,6,2,9,8,Other,Tier 2,Store
46,153302,7.5,5,2.9,6,10,35,9,86606,56235,8,8,4,4,2,6,7,6,5,4,1,Male,Tier 1,Hybrid
65,173639,4.3,3,2.9,4,6,27,6,116138,86289,5,7,3,6,4,7,2,7,6,1,4,Male,Tier 1,Store
27,89408,10.3,4,4.4,7,10,40,5,112417,57977,3,5,5,9,7,5,10,7,6,8,10,Female,Tier 3,Hybrid
62,93061,3.9,4,1.6,9,10,35,5,120860,4815,6,4,6,9,9,5,2,5,7,2,7,Female,Tier 3,Hybrid
36,110904,5.2,4,3.4,6,6,9,6,68187,65508,6,0,3,5,3,6,7,4,3,10,8,Male,Tier 1,Store
31,124883,10.5,1,6.0,9,10,39,2,139524,74014,4,1,4,7,8,9,10,3,2,10,6,Male,Tier 2,Online
50,114572,7.2,7,3.4,4,9,17,4,65734,129359,6,3,4,5,3,7,5,7,8,5,10,Male,Tier 3,Store
23,72464,8.7,4,4.5,7,8,35,8,76261,68379,10,7,7,9,7,7,8,4,1,9,4,Other,Tier 3,Hybrid
55,108339,4.2,2,1.1,1,4,8,11,44242,78805,5,7,3,10,8,7,3,7,5,8,4,Male,Tier 1,Store
59,37912,5.6,8,3.1,6,7,10,18,900,68536,8,7,2,4,8,7,5,8,2,5,4,Male,Tier 2,Store
72,42420,2.7,5,1.6,3,2,0,14,49538,42608,9,2,3,10,4,3,7,9,7,8,6,Other,Tier 3,Store
27,15000,9.8,4,4.2,7,7,27,9,87072,51228,8,9,6,8,9,8,7,2,1,5,10,Female,Tier 2,Hybrid
18,15000,10.2,1,6.0,8,9,32,2,76433,48368,8,5,5,5,4,6,9,1,3,5,5,Male,Tier 2,Online
18,130585,9.1,1,3.5,6,10,37,2,110760,73227,4,9,5,5,4,3,9,1,3,6,9,Female,Tier 2,Online
48,148922,5.2,11,2.7,5,5,13,13,150000,66651,7,5,6,2,2,1,3,8,6,6,5,Male,Tier 3,Store
33,70981,7.3,6,5.7,5,10,42,5,94161,65885,8,7,4,8,1,8,8,3,3,7,4,Male,Tier 3,Hybrid
68,104225,4.7,4,1.9,1,5,22,12,61404,116339,10,8,4,8,4,2,7,10,9,7,6,Other,Tier 3,Store
38,137980,8.7,10,2.1,5,8,34,9,150000,47135,5,6,5,4,6,5,6,6,2,7,6,Male,Tier 2,Hybrid
55,139544,7.0,9,4.8,5,7,17,17,82139,67251,6,5,7,6,4,2,7,7,6,5,4,Other,Tier 2,Store
50,219397,6.7,4,3.4,10,7,13,8,133764,88891,4,2,1,3,5,6,10,6,5,10,2,Female,Tier 1,Store
37,116300,7.3,7,3.7,6,9,22,1,101840,6936,9,6,4,4,8,7,6,3,2,8,2,Female,Tier 2,Online
41,110681,8.7,10,4.3,9,9,36,10,67343,58996,8,6,3,6,10,7,8,7,10,5,9,Other,Tier 2,Hybrid
30,189629,10.7,10,5.4,7,9,49,0,150000,84606,5,7,2,6,6,6,6,2,3,10,5,Male,Tier 1,Online
53,182724,3.7,5,2.3,3,7,15,13,98583,108874,5,6,2,2,9,3,4,7,6,10,10,Male,Tier 1,Store
57,117972,4.1,6,2.9,3,7,28,2,97609,33277,6,9,4,6,8,7,4,8,9,10,6,Female,Tier 3,Store
51,94360,2.1,8,4.1,8,10,22,9,86064,65860,8,8,2,4,4,7,6,5,7,9,9,Other,Tier 1,Store
79,33198,5.4,7,4.5,4,4,0,12,39131,74788,8,4,3,7,6,2,6,7,7,6,1,Male,Tier 2,Store
52,48397,6.2,1,3.1,9,8,32,7,11970,10844,10,6,5,9,7,3,7,6,4,9,5,Male,Tier 3,Store
30,151243,8.0,10,3.1,6,5,11,11,35640,94052,10,4,6,5,3,7,5,6,5,5,5,Female,Tier 2,Store
33,88630,8.7,7,3.7,10,7,16,11,69950,87426,6,4,5,7,5,4,7,4,4,6,3,Other,Tier 3,Hybrid
31,125051,7.1,11,3.3,7,9,45,6,141990,7286,6,9,6,5,9,5,5,4,7,10,4,Female,Tier 3,Hybrid
51,93374,5.5,14,1.8,6,4,18,12,52814,33599,5,1,4,10,5,8,5,7,7,4,9,Other,Tier 2,Store
75,58223,6.5,8,0.1,4,7,19,18,64276,46593,10,6,4,5,6,4,6,9,5,5,3,Male,Tier 2,Store
77,179806,3.3,8,0.0,6,5,9,12,91592,83816,10,4,4,2,7,5,1,9,8,9,1,Female,Tier 1,Store
18,21645,7.1,4,4.0,3,6,14,7,24939,7093,8,5,4,9,2,5,8,6,3,6,1,Female,Tier 3,Store
29,171719,10.2,14,3.9,8,9,43,3,126566,18654,1,2,5,5,6,8,7,4,3,9,7,Female,Tier 2,Online
57,211095,8.3,2,1.6,6,10,44,6,150000,66748,6,8,5,3,8,7,4,7,9,8,2,Female,Tier 1,Hybrid
57,152041,8.1,9,3.5,7,6,19,14,61408,108493,3,1,3,6,10,9,6,5,5,9,3,Female,Tier 2,Hybrid
45,162018,6.9,12,2.0,4,10,30,10,117979,70752,10,1,5,4,8,6,6,4,5,8,10,Female,Tier 2,Hybrid
20,153347,12.0,4,6.0,6,10,49,4,103806,36314,4,8,4,4,6,7,10,4,4,8,4,Other,Tier 1,Online
61,195101,9.8,2,4.1,7,9,42,9,115415,91141,3,9,3,3,8,6,4,9,8,6,4,Male,Tier 2,Online
24,127246,9.9,4,4.0,4,8,42,5,105880,5049,5,1,4,7,6,5,10,7,4,8,4,Male,Tier 1,Hybrid
27,81818,8.2,6,4.6,5,10,35,8,75349,147950,10,9,4,5,5,4,8,7,5,5,4,Male,Tier 2,Hybrid
40,178145,8.4,5,4.4,8,7,23,13,135371,121473,5,5,5,7,6,5,6,6,7,8,10,Other,Tier 1,Store
57,86778,3.4,6,0.6,2,6,17,11,74946,93427,6,2,7,3,9,4,1,5,3,6,3,Female,Tier 3,Store
55,141482,6.5,5,4.9,5,9,31,2,103992,85799,1,8,1,3,10,6,4,5,5,8,5,Female,Tier 1,Hybrid
65,32239,5.2,3,2.6,5,5,19,7,94499,50147,8,7,7,5,2,4,7,7,10,7,2,Male,Tier 3,Store
45,151376,5.4,14,3.5,4,5,23,10,56642,114690,5,7,5,8,9,5,7,5,2,3,9,Female,Tier 2,Store
31,27015,6.6,9,4.1,3,6,15,8,30856,84728,10,4,3,7,4,4,6,6,2,5,6,Male,Tier 2,Store
44,112388,6.7,6,5.2,1,10,33,2,39319,58656,9,6,1,3,10,8,8,4,5,10,4,Female,Tier 2,Hybrid
42,200680,8.2,11,4.3,5,8,20,8,77435,79812,3,4,3,2,10,6,7,6,4,4,3,Male,Tier 1,Store
40,83020,6.1,9,5.7,9,7,20,12,40054,65953,5,5,5,5,7,7,9,7,1,5,5,Female,Tier 3,Hybrid
21,58840,10.8,1,4.8,10,10,45,0,92091,32517,9,7,3,10,3,5,8,2,1,10,6,Other,Tier 1,Online
52,193028,6.9,5,3.7,6,8,18,2,72644,88785,4,3,4,4,6,3,6,6,8,7,6,Male,Tier 2,Store
37,179838,9.9,7,5.0,6,10,35,3,140087,36094,4,7,5,8,7,7,7,9,4,7,3,Other,Tier 2,Hybrid
63,15000,7.5,5,2.8,6,7,31,3,61728,23014,10,6,7,9,1,7,2,7,7,4,2,Other,Tier 3,Hybrid
36,22235,8.4,5,3.2,9,10,44,2,137036,35608,5,7,5,4,6,7,7,3,4,5,6,Male,Tier 3,Online
40,120028,9.2,1,2.3,7,9,26,8,49239,64009,3,5,2,7,3,6,6,7,5,6,10,Other,Tier 3,Hybrid
29,21645,6.6,10,6.0,8,8,26,5,128310,63494,8,4,7,6,4,2,9,6,3,9,9,Male,Tier 2,Hybrid
45,176234,10.1,13,6.0,6,7,33,12,84177,131835,6,7,2,3,7,8,10,6,5,4,7,Male,Tier 1,Hybrid
36,141485,8.5,12,5.6,3,8,34,2,60678,16606,5,3,1,3,9,9,8,1,5,4,9,Male,Tier 1,Hybrid
27,133723,7.7,13,5.7,7,10,37,2,80804,6027,2,9,5,4,6,2,8,5,5,10,6,Male,Tier 3,Hybrid
38,81315,4.6,6,2.3,9,6,17,3,72903,80270,6,8,5,6,6,5,3,5,7,6,8,Other,Tier 3,Store
45,69799,6.8,9,3.7,3,6,22,10,88093,12020,5,5,5,7,2,5,6,7,3,8,4,Female,Tier 2,Store
53,152085,8.6,9,3.6,4,8,28,10,150000,132417,5,3,1,4,4,8,6,7,5,5,6,Female,Tier 1,Hybrid
39,166938,6.5,14,4.8,3,7,7,19,55879,126495,7,1,4,6,1,6,10,5,3,4,5,Other,Tier 3,Store
75,44987,5.9,2,3.7,2,2,6,16,900,89108,9,5,5,3,8,2,6,8,9,1,1,Other,Tier 3,Store
66,81769,6.1,6,1.9,2,4,4,10,900,500,6,6,6,8,5,1,4,6,7,7,1,Male,Tier 3,Store
41,109291,6.6,13,5.4,8,6,28,5,80418,57361,7,6,6,5,3,6,10,6,5,10,9,Female,Tier 3,Store
29,51193,9.4,10,5.4,6,8,28,10,71489,55273,10,9,6,5,1,5,10,5,3,9,3,Female,Tier 3,Hybrid
54,126540,4.4,9,1.2,1,5,5,16,10507,99802,10,6,3,5,3,5,4,7,5,3,5,Male,Tier 1,Store
59,163270,4.6,13,3.3,7,8,25,10,138974,106382,1,3,6,9,7,9,6,8,6,7,1,Female,Tier 2,Store
18,144362,12.0,5,6.0,7,10,49,1,113412,83068,3,2,4,3,10,6,10,4,2,7,7,Female,Tier 2,Hybrid
47,108561,7.3,10,1.5,3,7,27,12,91710,69481,7,5,5,7,7,7,5,7,3,7,3,Female,Tier 2,Store
28,55438,12.0,10,6.0,7,10,34,3,84070,52597,7,5,4,5,8,5,10,5,1,8,3,Female,Tier 2,Online
50,186303,6.7,5,3.6,5,5,32,10,119678,82926,6,7,4,4,9,6,7,5,3,9,8,Male,Tier 3,Hybrid
25,147647,8.6,14,3.2,5,8,36,6,85410,33319,6,8,7,7,4,3,8,3,4,10,4,Other,Tier 3,Hybrid
58,187429,7.6,6,3.1,5,7,16,13,24057,150000,2,4,3,4,4,7,4,10,5,9,3,Other,Tier 1,Store
41,183530,10.2,10,3.8,4,10,49,3,123969,54206,7,7,5,5,2,6,5,4,5,8,8,Male,Tier 2,Online
54,207804,6.8,4,1.0,4,9,36,7,149081,99544,5,9,5,2,6,7,5,4,5,6,6,Male,Tier 2,Store
49,72023,9.8,6,2.7,6,10,40,2,88551,57410,7,5,4,5,9,4,9,7,7,1,7,Female,Tier 3,Hybrid
33,168088,4.4,9,4.3,6,7,5,13,49056,127191,4,9,2,7,1,6,10,4,5,9,10,Male,Tier 1,Store
46,158777,7.6,9,3.6,8,10,35,15,138949,81437,7,4,5,5,7,8,1,8,5,8,6,Female,Tier 2,Hybrid
48,241877,6.6,10,4.5,6,4,29,2,137071,65522,5,7,5,6,8,8,8,2,8,6,2,Female,Tier 2,Online
49,87420,7.8,8,4.7,5,10,39,8,113853,29678,6,9,6,8,9,7,6,8,5,6,1,Female,Tier 3,Hybrid
64,71007,3.1,1,1.5,7,7,8,19,34765,34379,5,6,3,7,3,6,2,8,3,6,3,Female,Tier 2,Store
42,155138,8.3,7,4.0,8,10,43,6,144621,28114,4,4,2,8,9,5,7,6,2,7,6,Female,Tier 1,Online
62,80214,5.6,10,3.3,6,10,43,2,85768,38279,8,4,1,7,5,6,7,6,10,9,5,Other,Tier 1,Online
21,173073,9.2,1,6.0,8,8,29,10,900,37409,7,4,2,5,9,7,9,2,4,5,4,Male,Tier 1,Hybrid
46,137518,6.3,5,1.4,6,9,36,0,91677,69060,4,4,6,9,4,5,3,5,7,5,7,Other,Tier 2,Hybrid
73,41221,4.7,7,1.3,4,9,18,6,58893,11393,9,5,2,4,5,9,2,6,10,2,2,Female,Tier 2,Hybrid
60,65941,7.2,5,4.0,6,7,23,9,64669,72106,6,7,3,9,6,4,9,9,5,8,3,Female,Tier 3,Hybrid
64,163544,5.5,8,0.5,2,6,14,9,58857,69198,4,5,1,7,4,7,5,8,3,6,4,Other,Tier 3,Store
46,114169,7.3,10,4.2,5,8,42,5,134130,74176,6,6,4,6,6,6,10,8,5,5,8,Male,Tier 3,Online
41,236654,5.1,9,3.3,3,9,26,6,132579,125996,6,7,2,4,9,5,7,2,4,6,8,Female,Tier 1,Hybrid
34,174388,12.0,10,5.6,8,10,49,1,144115,18424,7,3,1,5,7,7,9,6,5,8,7,Male,Tier 1,Online
49,172077,11.9,5,4.7,9,8,42,9,114850,142761,7,9,5,5,6,6,6,4,6,6,4,Female,Tier 2,Hybrid
41,98192,8.6,14,5.3,7,9,39,5,127031,500,7,6,5,6,8,5,10,6,4,6,5,Other,Tier 2,Online
52,157542,8.1,8,4.4,8,8,37,10,103673,100487,5,9,3,1,8,7,9,10,5,9,7,Female,Tier 1,Store
40,198430,11.2,10,5.6,7,10,40,3,150000,103583,7,9,6,4,9,7,10,2,6,9,5,Male,Tier 3,Online
62,37870,7.2,7,2.7,5,9,28,11,19086,51209,6,1,3,5,6,7,6,7,8,7,3,Other,Tier 2,Store
53,172065,7.8,1,2.8,3,5,28,8,97508,119626,7,2,4,3,10,5,9,7,3,8,8,Female,Tier 3,Store
59,86375,7.0,11,2.6,4,4,16,10,33042,58963,6,8,6,8,6,4,5,8,8,7,4,Female,Tier 3,Store
50,166916,7.9,5,2.1,7,9,28,10,105951,145326,5,8,4,2,2,7,6,10,5,9,9,Female,Tier 3,Hybrid
41,124248,10.5,2,4.4,3,8,37,5,48046,96800,5,2,4,5,7,4,6,4,4,10,9,Other,Tier 1,Hybrid
23,120541,8.7,2,6.0,8,9,26,9,76596,65011,9,8,5,6,8,6,9,2,1,10,3,Other,Tier 2,Hybrid
45,196162,7.8,8,3.0,6,9,48,5,150000,91201,4,4,4,6,10,3,2,5,3,9,7,Female,Tier 2,Hybrid
75,134530,3.5,6,3.1,5,2,14,6,52417,20249,8,6,3,4,4,6,2,7,8,6,3,Female,Tier 2,Store
45,80815,6.8,8,1.5,3,6,19,13,88806,85529,10,5,4,10,9,1,3,9,3,3,2,Male,Tier 2,Store
56,143898,6.8,8,1.5,6,6,18,8,100131,75736,6,5,3,5,3,9,5,9,2,9,6,Other,Tier 1,Store
79,27775,9.6,1,3.6,4,8,38,2,61408,500,9,9,6,7,10,10,5,10,6,6,4,Female,Tier 3,Hybrid
65,72228,5.3,1,3.3,2,5,0,19,36454,127863,5,4,5,7,4,9,3,8,6,1,1,Male,Tier 2,Store
32,94787,7.9,13,5.4,5,7,30,9,103736,112138,5,6,5,6,4,9,7,5,6,5,6,Female,Tier 2,Hybrid
51,100793,6.6,6,4.5,5,7,8,17,88511,73557,6,1,3,7,3,6,8,7,4,3,4,Female,Tier 2,Store
46,210492,6.3,7,3.1,4,6,36,5,89226,142163,5,4,5,5,4,7,9,5,1,4,6,Other,Tier 1,Hybrid
68,95150,6.4,5,2.0,1,7,30,10,108808,88603,10,2,4,4,6,6,7,4,2,5,1,Female,Tier 3,Store
18,106643,7.6,4,4.4,5,10,43,2,127471,52925,9,6,5,6,10,8,10,2,1,4,1,Male,Tier 1,Online
32,50357,8.7,12,3.9,8,10,47,0,97534,500,7,9,4,9,7,4,6,3,3,10,3,Male,Tier 3,Online
43,107459,8.8,3,1.9,3,6,21,9,62278,109283,4,8,5,6,9,1,5,4,5,2,7,Other,Tier 2,Store
26,95400,5.2,8,3.6,10,10,27,10,91462,26262,5,6,2,5,6,6,5,3,6,8,5,Male,Tier 2,Hybrid
42,210035,8.0,7,3.8,5,7,12,11,82975,66202,7,7,7,6,8,6,7,5,6,5,5,Male,Tier 2,Store
45,198090,8.9,5,5.3,8,10,41,5,100456,90725,4,4,4,4,6,9,5,4,3,8,8,Male,Tier 3,Online
18,100108,7.8,6,2.7,2,10,36,1,100099,32183,6,4,3,8,8,6,5,6,7,9,1,Female,Tier 2,Hybrid
54,158936,6.4,6,3.8,6,4,9,14,106470,119250,3,1,4,5,10,4,8,10,7,6,9,Male,Tier 2,Store
52,165964,10.3,14,4.8,5,6,29,4,123878,65558,4,3,4,2,4,7,6,6,5,10,4,Male,Tier 1,Hybrid
30,57370,11.9,13,4.0,9,10,43,6,72941,30958,9,5,4,7,10,7,9,2,3,7,5,Female,Tier 2,Online
34,109540,8.9,13,5.8,7,9,31,9,85057,61058,6,5,5,5,6,10,10,8,2,9,8,Other,Tier 1,Hybrid
40,123322,8.4,6,2.4,6,10,37,2,92510,28333,5,3,4,5,3,9,6,4,6,1,8,Other,Tier 3,Online
38,161317,8.8,5,4.8,5,10,31,7,118260,59526,5,7,4,8,10,6,9,5,6,10,6,Female,Tier 2,Store
22,15000,10.5,3,5.7,7,10,44,3,85808,74766,6,6,5,5,6,7,10,6,1,7,3,Female,Tier 3,Online
22,63671,10.7,7,2.9,9,10,39,3,72790,94278,4,9,4,2,3,8,9,7,4,7,5,Female,Tier 1,Online
36,79944,7.2,14,5.0,6,3,0,12,86331,112811,5,1,6,8,4,8,10,4,7,10,8,Male,Tier 3,Store
20,39409,7.7,6,6.0,8,10,20,7,69733,39278,9,3,6,5,9,5,10,3,4,7,1,Male,Tier 2,Store
48,88084,8.6,13,2.6,8,10,30,17,900,106570,10,7,2,7,10,5,9,9,5,7,10,Female,Tier 2,Hybrid
64,104651,4.8,2,1.4,3,5,7,16,65884,137246,7,3,5,3,6,3,6,9,9,9,2,Female,Tier 2,Store
35,87621,9.6,6,5.0,7,10,43,5,80777,12396,8,5,6,8,8,4,6,3,2,2,7,Female,Tier 2,Online
53,127537,8.6,10,4.9,6,6,21,0,124046,38301,5,2,5,4,7,6,9,4,8,9,4,Female,Tier 2,Hybrid
18,110123,6.3,8,2.6,4,8,16,16,3398,133993,3,2,3,4,8,5,5,8,1,10,3,Male,Tier 1,Store
34,45856,7.6,13,6.0,9,10,33,5,66839,6456,7,9,4,10,7,5,10,4,3,4,5,Male,Tier 2,Hybrid
62,113651,5.8,6,3.0,1,2,8,8,49039,87192,6,3,2,4,4,5,5,5,5,3,4,Female,Tier 3,Store
53,140187,5.3,9,3.5,3,8,25,5,146392,58117,8,9,6,8,5,4,4,4,4,6,5,Other,Tier 3,Hybrid
66,240555,10.9,6,4.3,5,10,36,2,99282,51100,5,3,4,1,4,6,6,9,5,8,3,Other,Tier 1,Store
37,121217,12.0,8,6.0,5,9,49,8,150000,15900,5,9,7,3,7,8,7,6,4,10,10,Other,Tier 2,Hybrid
79,19722,5.3,2,2.8,4,6,28,7,129489,107812,7,7,4,6,6,7,5,7,8,4,3,Male,Tier 3,Store
60,115026,5.4,5,4.9,6,6,11,13,56231,88510,8,5,7,3,6,6,10,8,8,10,5,Male,Tier 2,Store
27,70437,11.1,4,5.7,10,10,36,10,74618,68297,6,4,2,7,7,6,10,3,3,7,6,Female,Tier 2,Online
37,52141,8.5,7,5.9,5,8,20,7,58858,72629,8,3,4,10,9,1,10,7,4,6,7,Female,Tier 3,Hybrid
37,164084,8.2,14,4.6,4,8,31,4,137725,110742,8,5,6,4,7,10,7,5,6,1,1,Female,Tier 3,Hybrid
44,62327,7.9,2,5.5,3,6,14,18,62487,87361,9,2,5,6,9,3,8,3,2,4,6,Male,Tier 3,Store
45,162630,6.2,1,0.1,5,9,29,12,72639,61792,7,2,4,9,6,4,4,8,2,4,2,Male,Tier 2,Hybrid
46,126985,7.5,12,5.5,7,9,27,9,48075,67560,6,0,4,4,6,9,10,6,5,10,9,Female,Tier 1,Store
55,155833,2.1,2,4.0,7,7,8,13,70954,92257,5,6,5,7,7,4,6,8,8,5,10,Male,Tier 1,Store
62,85535,9.2,7,3.2,6,6,41,5,97621,25281,9,7,2,4,4,4,7,7,4,6,6,Other,Tier 1,Hybrid
52,146898,7.0,4,3.6,4,4,7,19,61883,139574,6,6,4,6,8,7,7,7,2,6,8,Other,Tier 1,Store
44,182575,7.1,11,3.0,6,9,31,12,127023,107455,6,0,1,5,8,8,6,5,5,1,5,Male,Tier 2,Hybrid
41,146742,7.2,6,2.8,7,10,34,3,116900,43767,7,7,6,3,6,6,7,5,5,5,3,Other,Tier 2,Hybrid
53,95302,9.0,11,4.5,6,7,41,13,112506,85914,8,4,4,5,4,5,10,8,7,9,7,Female,Tier 1,Store
45,111256,8.3,2,5.5,7,5,9,9,21261,106124,6,2,5,7,5,7,8,4,3,9,7,Male,Tier 2,Store
33,110407,8.2,4,2.4,5,10,26,9,65854,86958,6,9,6,5,6,8,8,1,7,8,4,Female,Tier 2,Hybrid
18,77239,10.1,3,5.4,7,10,43,0,107222,49603,10,3,6,9,4,5,8,1,5,5,5,Male,Tier 3,Online
65,93776,3.2,1,1.2,4,8,15,7,37313,103259,8,6,5,5,2,5,6,5,3,8,8,Female,Tier 3,Store
36,55063,7.0,9,5.1,7,10,44,0,136557,2272,9,8,4,6,8,6,10,7,1,2,5,Male,Tier 3,Hybrid
18,29386,8.3,6,4.1,7,10,37,3,85624,40930,6,5,3,10,8,8,5,2,1,6,7,Other,Tier 2,Online
39,162955,10.2,9,4.0,8,8,45,0,150000,72149,6,6,6,3,10,7,9,4,5,7,7,Male,Tier 3,Online
45,48661,5.8,11,5.7,7,6,11,13,13294,58562,6,3,4,10,7,6,7,4,1,10,6,Female,Tier 3,Store
49,171809,8.4,2,2.2,4,7,25,13,51950,72939,4,6,5,7,5,6,6,9,4,9,6,Male,Tier 1,Store
47,105647,6.0,10,3.8,3,5,11,8,68197,74483,8,0,7,2,2,3,9,4,4,9,5,Male,Tier 3,Hybrid
33,98941,10.9,4,6.0,10,10,30,2,55163,34834,8,4,4,6,10,9,10,3,2,10,8,Other,Tier 1,Online
54,146445,8.0,11,3.6,6,10,21,8,72108,46300,6,4,1,6,5,8,3,10,5,10,5,Other,Tier 1,Store
43,198709,9.3,10,5.6,8,10,41,4,102839,89694,4,4,4,3,6,5,9,5,1,10,6,Male,Tier 1,Hybrid
49,46787,5.4,5,2.0,7,7,14,9,47967,51341,6,4,6,3,4,8,6,5,4,4,3,Female,Tier 3,Store
58,91572,2.9,14,1.5,6,6,14,6,78686,16447,9,0,7,8,1,3,10,10,5,8,6,Female,Tier 2,Store
52,167482,7.4,8,2.8,1,6,22,10,77514,96185,2,2,5,2,8,3,8,9,6,6,6,Male,Tier 2,Store
37,123291,8.8,14,3.5,7,8,37,7,93379,96123,6,6,4,2,9,7,2,5,3,2,5,Female,Tier 3,Hybrid
55,122896,3.3,3,2.1,4,6,0,11,28361,104442,4,0,4,8,4,6,6,7,9,8,4,Female,Tier 2,Store
24,111352,6.3,1,4.8,10,10,32,11,53961,51380,6,6,3,7,10,8,7,5,2,10,1,Female,Tier 1,Hybrid
51,125309,7.2,10,4.9,8,8,30,9,137734,26862,10,9,5,5,5,10,6,6,4,8,6,Other,Tier 1,Store
31,115181,10.0,6,5.1,7,10,45,0,66758,75328,6,7,2,5,9,8,9,5,1,5,9,Other,Tier 1,Online
45,61938,10.0,8,3.3,3,10,41,0,108410,8134,7,9,5,7,7,8,9,5,3,6,9,Female,Tier 3,Hybrid
66,90108,6.4,8,0.3,6,5,38,14,121133,69167,8,7,5,5,7,3,4,10,4,6,7,Male,Tier 2,Store
57,157061,4.6,10,0.0,6,8,13,18,61044,98521,6,1,4,6,5,5,3,9,6,6,5,Male,Tier 2,Store
67,67628,2.8,5,3.0,4,3,0,19,17333,47445,7,7,4,5,1,8,6,8,6,8,4,Male,Tier 3,Store
60,106960,4.9,9,2.0,9,5,12,15,81769,85364,5,8,5,4,7,4,1,6,7,3,6,Male,Tier 3,Hybrid
57,65514,6.1,14,4.1,9,10,32,12,61591,32652,5,8,6,5,6,10,5,7,8,3,1,Male,Tier 3,Hybrid
56,80455,3.7,5,1.3,4,2,0,16,42826,69306,8,1,7,4,1,7,1,10,7,10,5,Other,Tier 2,Store
40,55687,6.3,8,3.4,5,10,27,6,67494,55215,5,4,5,4,6,7,7,7,1,8,6,Female,Tier 2,Online
55,95893,7.6,10,0.0,5,6,11,10,45208,41831,6,7,2,7,7,5,4,8,5,8,5,Female,Tier 2,Store
45,228611,7.6,10,3.7,7,8,18,8,88431,75500,5,0,4,3,4,3,9,6,2,10,6,Other,Tier 2,Hybrid
48,154089,6.2,10,3.5,4,9,31,2,116005,31811,6,7,4,4,1,9,7,6,6,6,7,Other,Tier 2,Online
38,62370,8.1,9,2.6,7,9,31,7,53007,69346,9,5,3,7,6,4,4,3,2,10,5,Female,Tier 1,Hybrid
59,96590,6.1,3,2.4,1,10,21,14,37152,94712,1,3,3,7,10,6,2,10,6,9,1,Female,Tier 1,Store
43,172752,7.9,3,3.2,6,8,28,4,104992,96938,2,2,2,7,5,6,1,5,6,10,6,Other,Tier 1,Hybrid
64,115673,11.3,8,1.3,7,9,42,8,87865,77522,4,8,4,5,6,7,9,9,6,3,7,Female,Tier 3,Hybrid
42,117182,10.6,8,1.9,6,9,36,0,110682,22357,7,6,3,6,4,6,9,5,9,9,8,Other,Tier 1,Hybrid
43,64750,5.6,6,3.2,3,7,14,9,900,24218,7,7,4,7,7,7,4,6,5,10,4,Other,Tier 3,Store
49,62089,5.5,9,3.1,5,7,17,8,51904,29982,8,6,4,5,5,2,5,7,4,3,6,Female,Tier 3,Store
47,166069,8.6,7,5.3,5,6,19,7,64383,85456,7,9,2,3,6,4,6,10,3,10,7,Other,Tier 1,Store
54,122798,6.9,4,2.2,6,7,30,14,66818,102504,7,9,1,3,7,7,6,10,7,1,8,Female,Tier 1,Store
37,195478,8.3,11,4.2,5,8,21,12,33392,77811,4,4,3,5,6,5,10,5,4,3,10,Other,Tier 1,Store
19,45919,9.3,1,6.0,9,10,42,5,105571,15298,9,6,4,8,3,10,8,2,5,8,3,Male,Tier 1,Online
49,176530,7.7,11,4.7,8,10,32,5,110740,43356,4,2,3,5,10,6,6,7,6,5,9,Female,Tier 2,Store
39,70442,11.3,7,3.1,5,10,39,10,66428,86017,5,2,3,6,4,10,7,7,6,10,3,Female,Tier 2,Hybrid
45,96506,10.4,10,4.4,4,8,29,5,104651,56864,4,5,5,3,4,3,9,5,6,9,8,Other,Tier 1,Hybrid
48,157182,8.9,6,4.0,8,10,33,8,44136,75588,5,4,3,7,7,10,10,8,5,10,1,Other,Tier 1,Hybrid
39,35382,7.8,6,3.5,4,10,38,12,86773,67218,6,7,7,9,9,9,7,6,5,8,10,Female,Tier 3,Hybrid
38,95288,6.0,11,5.6,8,6,21,13,111500,54704,7,3,5,2,6,6,7,5,5,10,3,Male,Tier 2,Store
43,77033,7.5,2,5.2,9,8,31,7,106760,45080,7,4,7,6,8,7,7,7,8,8,5,Female,Tier 3,Hybrid
22,84092,10.4,3,5.2,7,6,32,5,133088,93967,7,9,3,8,7,3,10,5,2,8,4,Female,Tier 3,Store
40,175174,10.1,3,3.3,8,10,42,7,150000,70015,8,4,4,6,7,6,8,7,4,8,7,Female,Tier 1,Online
19,25105,10.0,6,6.0,9,8,36,11,24006,75599,5,8,6,9,6,3,10,3,3,10,3,Female,Tier 1,Online
58,91090,6.5,4,2.5,1,6,14,7,72199,72990,6,6,3,7,4,7,3,9,9,9,3,Female,Tier 1,Store
57,147658,6.1,11,3.3,5,8,21,9,49378,76985,4,1,4,4,3,6,8,9,3,8,6,Other,Tier 2,Store
79,84324,5.3,7,2.4,5,3,19,16,47229,131034,6,9,5,7,6,5,4,10,7,9,4,Female,Tier 3,Store
44,27834,9.2,10,3.3,8,10,35,12,37656,11378,7,2,3,3,3,3,10,7,6,9,5,Female,Tier 3,Hybrid
28,187124,7.9,9,3.4,6,8,15,14,106211,74843,6,6,5,6,7,8,7,8,3,7,10,Other,Tier 2,Store
28,122246,10.7,12,4.4,6,8,42,0,98186,26122,6,9,5,5,9,7,8,2,2,3,4,Male,Tier 1,Hybrid
62,157554,4.4,5,1.7,6,6,17,16,78306,102679,2,2,4,1,4,4,7,7,4,4,7,Female,Tier 2,Store
30,104529,7.8,10,4.2,8,10,32,7,82709,89485,10,2,2,7,6,6,3,5,6,6,5,Male,Tier 1,Online
64,41291,4.2,7,3.0,6,7,27,8,33219,73075,7,4,3,6,6,5,6,7,3,10,1,Female,Tier 1,Hybrid
34,22972,7.6,7,3.2,6,10,42,8,104316,51371,7,7,5,9,7,9,6,7,2,10,8,Male,Tier 1,Hybrid
48,186520,9.0,5,4.5,7,7,35,8,150000,59831,6,9,6,6,10,6,7,5,2,8,7,Female,Tier 3,Hybrid
41,114524,7.4,8,3.7,6,5,23,2,129871,43206,9,7,7,6,5,1,6,3,7,8,5,Female,Tier 3,Hybrid
34,94850,8.8,8,3.6,5,10,30,6,72466,500,10,9,5,6,2,7,6,4,3,10,8,Female,Tier 3,Online
56,91545,3.2,4,4.0,7,6,7,11,73387,67581,8,7,4,6,3,6,8,6,7,8,5,Male,Tier 3,Store
50,156539,4.5,2,0.3,2,5,2,14,82546,150000,7,5,2,5,2,1,3,9,5,5,9,Male,Tier 1,Store
56,46493,1.0,4,1.4,3,5,0,19,25902,59628,6,2,5,7,5,8,5,7,5,6,5,Other,Tier 3,Store
44,158454,1.0,8,1.3,5,5,10,9,26388,93452,9,2,4,5,6,4,6,4,6,4,7,Female,Tier 2,Store
32,137542,11.5,12,5.5,3,8,38,4,112536,500,5,7,4,2,4,2,10,5,4,6,5,Male,Tier 3,Hybrid
42,139156,5.6,8,4.0,5,10,39,4,32488,49107,2,8,6,4,8,6,6,9,5,9,4,Female,Tier 3,Hybrid
38,169734,5.6,14,4.0,4,10,22,10,126631,66014,4,2,1,6,6,6,8,3,6,10,9,Other,Tier 1,Store
58,114175,6.1,10,5.4,4,4,26,13,78880,70223,6,8,1,9,9,4,5,7,4,4,6,Female,Tier 1,Store
71,36643,4.4,6,0.0,1,4,11,6,73250,53520,9,6,3,6,6,5,4,7,7,1,4,Female,Tier 3,Store
46,90292,10.4,14,6.0,6,7,39,2,88969,500,2,6,6,6,6,4,9,3,5,1,7,Male,Tier 3,Online
31,86242,11.6,11,6.0,1,8,35,14,97244,137751,7,5,1,7,8,7,10,6,1,8,4,Female,Tier 1,Store
31,46043,10.0,12,5.4,10,10,28,19,17545,54983,7,7,3,3,5,7,10,8,3,10,1,Male,Tier 3,Online
64,138314,1.9,9,2.1,3,8,32,10,138821,59322,6,4,4,4,6,10,6,10,7,8,8,Female,Tier 2,Store
27,60967,7.3,9,3.9,8,8,27,0,53566,26657,7,8,4,6,7,5,7,1,3,6,6,Other,Tier 2,Online
18,47331,10.1,2,6.0,5,10,48,4,119392,500,4,4,2,7,8,7,10,1,6,8,1,Other,Tier 1,Online
42,59046,8.2,11,3.6,4,6,17,6,57852,83828,4,4,5,7,1,6,8,7,1,9,4,Other,Tier 3,Store
58,177114,5.6,6,0.4,5,7,18,9,33095,109509,7,7,2,8,6,6,3,6,5,3,4,Male,Tier 1,Store
57,201475,2.8,6,2.5,7,6,27,11,126256,116190,3,8,3,5,6,10,7,8,7,8,7,Female,Tier 1,Store
57,49464,7.0,1,2.1,6,4,22,11,47882,29037,4,1,3,10,6,4,5,4,6,10,7,Female,Tier 1,Store
44,135932,5.3,4,3.8,8,9,24,8,131100,61004,4,2,5,6,7,4,6,7,3,7,5,Female,Tier 2,Online
32,153949,8.1,8,6.0,5,10,33,5,78346,88097,4,4,2,6,3,7,10,3,2,6,5,Female,Tier 3,Online
67,56053,3.4,9,0.2,10,5,20,11,83899,30376,9,5,1,4,5,1,2,10,4,3,2,Other,Tier 3,Store
53,118008,5.0,8,1.2,2,9,33,9,92270,68198,3,8,7,6,2,7,5,5,5,10,6,Male,Tier 2,Hybrid
56,105872,2.4,8,1.6,6,6,0,17,26079,80299,10,4,2,5,3,6,4,7,9,8,3,Other,Tier 1,Store
79,92715,5.6,1,1.2,5,5,2,17,20177,141081,7,1,6,3,3,4,4,9,10,7,1,Female,Tier 2,Store
54,101414,6.1,3,4.9,4,8,12,14,44248,51202,8,7,5,5,9,6,7,6,7,5,4,Other,Tier 1,Hybrid
51,107985,3.5,10,4.3,7,7,18,5,36457,48275,7,4,5,6,4,3,7,4,5,3,5,Other,Tier 2,Store
41,74897,6.7,6,4.2,8,10,24,3,41544,500,6,1,3,9,4,5,7,5,3,7,2,Female,Tier 2,Hybrid
69,67847,4.6,8,1.9,1,5,6,6,27462,20476,7,5,4,8,5,5,6,7,8,4,6,Female,Tier 2,Store
25,57460,8.8,9,4.5,6,10,27,7,16317,48412,8,2,5,6,9,4,7,7,4,6,9,Other,Tier 3,Online
45,166705,6.0,5,3.0,4,1,10,15,52075,75091,5,6,5,2,2,2,7,10,3,7,10,Male,Tier 1,Store
40,135027,8.4,13,3.7,5,10,32,3,90310,41822,8,9,5,9,5,8,8,5,1,8,10,Female,Tier 2,Hybrid
60,132656,5.6,8,2.7,4,7,25,7,64240,51496,6,8,3,1,3,6,5,7,3,7,2,Female,Tier 2,Store
49,141678,8.4,2,1.7,6,6,31,7,49729,127950,7,3,6,6,10,3,7,3,3,9,4,Female,Tier 3,Store
47,169047,8.3,9,2.9,6,5,9,12,91665,102844,2,3,3,7,5,2,5,7,6,7,8,Male,Tier 3,Store
44,133759,7.4,3,2.2,5,10,38,5,106531,18445,6,4,3,6,4,9,6,5,4,9,9,Female,Tier 1,Hybrid
48,176987,9.4,10,5.0,4,10,38,2,144980,33761,6,4,4,6,3,9,7,6,5,8,4,Female,Tier 1,Hybrid
31,117713,5.9,12,4.1,4,6,19,13,97929,66718,7,7,1,3,4,6,10,7,5,9,5,Male,Tier 1,Store
57,66268,7.0,4,2.1,9,9,20,13,7039,79445,8,7,3,1,8,5,3,4,6,6,2,Female,Tier 2,Store
65,67039,2.5,7,2.4,6,6,22,16,44218,76716,3,9,4,9,7,2,8,9,1,6,6,Female,Tier 2,Store
44,51202,8.8,10,4.2,5,7,22,11,94363,17174,6,7,3,10,1,8,7,9,4,8,5,Other,Tier 2,Hybrid
55,186240,1.4,10,2.5,1,5,5,14,83936,118423,3,2,6,5,9,5,6,5,8,6,10,Female,Tier 3,Store
49,73993,4.9,9,2.6,1,4,0,16,79814,102314,8,2,5,8,3,3,8,7,5,4,6,Female,Tier 2,Store
78,69069,4.2,4,3.2,7,7,16,10,34511,150000,8,5,1,5,3,3,1,6,7,4,8,Male,Tier 1,Store
49,97096,7.0,10,4.5,6,7,15,12,42119,43793,3,1,7,4,4,2,6,5,5,5,10,Male,Tier 3,Store
34,153220,6.8,7,4.6,3,9,38,5,117916,64790,4,3,3,6,6,7,9,5,2,9,6,Male,Tier 1,Hybrid
65,97303,6.2,7,2.1,7,4,8,19,42294,87837,6,5,4,7,3,3,3,10,6,6,6,Other,Tier 3,Store
47,123082,8.6,10,5.5,1,2,17,19,54187,106396,6,7,4,4,5,1,9,8,8,10,8,Female,Tier 2,Store
31,126446,12.0,13,6.0,5,9,35,6,97556,32441,6,9,7,8,7,5,9,6,6,9,4,Male,Tier 3,Online
52,31866,9.3,7,4.3,4,7,11,12,40544,76751,7,0,5,5,3,7,8,7,4,10,1,Female,Tier 3,Store
36,83215,6.8,10,3.8,3,10,36,9,50401,139135,5,5,4,9,10,6,6,5,4,8,9,Male,Tier 2,Hybrid
26,113181,9.6,6,4.9,7,10,43,8,104132,116582,1,7,1,6,4,6,9,4,5,9,1,Female,Tier 2,Hybrid
36,131470,5.5,8,4.8,6,7,26,9,57530,97439,5,3,3,7,3,8,8,6,8,5,10,Male,Tier 2,Hybrid
46,114649,7.5,6,2.9,7,6,21,5,92727,82173,7,5,6,4,3,4,4,6,3,7,8,Male,Tier 3,Store
76,53223,2.6,2,2.7,3,6,6,9,34494,111823,5,5,4,4,6,1,4,5,10,6,4,Male,Tier 3,Store
37,208955,5.4,11,5.2,7,9,32,12,148336,84013,3,0,2,5,1,5,8,6,5,5,8,Male,Tier 1,Hybrid
61,67692,8.0,8,4.4,6,10,37,5,99325,51560,5,7,1,5,8,10,7,2,4,10,1,Other,Tier 1,Hybrid
45,41184,9.3,5,4.1,6,6,37,2,40403,500,7,7,6,9,5,3,5,4,4,5,5,Male,Tier 3,Hybrid
46,153422,8.9,7,1.3,5,10,28,5,56468,100777,8,7,4,6,8,7,1,7,3,1,7,Male,Tier 2,Store
42,160986,5.7,11,0.8,6,7,20,8,100955,51869,7,3,1,1,6,6,4,5,3,7,7,Male,Tier 1,Hybrid
46,75149,6.8,14,1.9,5,5,20,11,95992,59031,10,8,4,8,4,8,4,7,8,7,9,Female,Tier 3,Store
56,145224,9.1,12,5.0,3,6,28,15,72887,85642,4,5,5,7,6,7,10,5,7,8,8,Other,Tier 2,Store
37,53742,9.8,10,1.2,10,9,41,1,94416,22953,8,7,3,7,7,5,6,5,3,5,4,Female,Tier 3,Online
48,59083,7.4,7,2.9,5,5,17,11,53961,115734,8,4,4,9,8,7,5,6,7,5,8,Male,Tier 3,Store
57,103128,4.1,12,2.0,5,6,14,17,28520,139352,5,0,2,2,2,4,6,8,6,7,3,Female,Tier 3,Store
29,101287,9.8,6,6.0,4,9,41,0,89810,38334,4,5,5,9,7,8,10,7,2,10,5,Male,Tier 2,Hybrid
34,109057,9.2,14,3.9,5,8,29,10,85358,78614,5,7,4,5,8,3,5,9,3,10,5,Male,Tier 2,Store
51,53208,8.1,2,5.4,5,8,32,10,49848,59927,9,4,7,4,6,2,8,10,7,6,7,Male,Tier 3,Store
49,56829,7.0,5,2.4,7,9,40,0,112807,16488,10,5,5,7,10,7,8,8,5,7,10,Male,Tier 3,Hybrid
79,152227,6.9,3,2.8,2,5,29,4,107652,99802,7,4,1,4,7,8,5,8,6,5,3,Male,Tier 1,Store
41,250000,5.8,9,3.4,7,5,24,3,76356,105661,5,5,4,7,8,8,10,5,2,6,10,Male,Tier 2,Store
19,90548,8.7,7,3.8,6,6,20,5,100199,18342,4,2,4,1,9,7,8,1,3,6,5,Male,Tier 3,Store
61,250000,5.8,1,3.4,4,7,38,3,150000,101504,6,9,6,6,4,4,4,4,5,6,5,Male,Tier 2,Hybrid
51,111494,6.9,8,3.0,7,9,28,5,83448,13352,8,3,3,4,6,6,6,6,4,5,5,Male,Tier 2,Store
43,138375,11.3,6,5.7,2,8,37,3,112767,45608,3,9,2,6,6,5,10,7,2,7,8,Other,Tier 1,Hybrid
18,28208,9.6,4,4.4,8,10,38,2,6882,47109,7,9,5,8,5,4,9,1,3,1,1,Female,Tier 3,Hybrid
64,179416,1.0,4,0.0,4,5,0,12,55332,69733,6,2,4,4,5,4,5,10,10,10,6,Other,Tier 2,Store
38,169313,8.2,12,5.2,4,8,33,4,54778,29700,2,2,1,6,8,6,7,6,3,8,6,Other,Tier 2,Hybrid
62,139089,7.4,9,3.0,5,7,30,9,110817,66850,4,6,3,6,5,9,4,9,4,5,5,Male,Tier 2,Hybrid
36,139696,6.1,7,6.0,8,10,33,8,57749,47025,3,5,5,7,3,3,7,7,5,3,6,Female,Tier 2,Store
29,54049,8.7,4,6.0,3,10,35,0,93154,31967,7,0,4,7,9,7,10,6,7,8,5,Male,Tier 3,Hybrid
50,198356,8.7,5,6.0,6,6,26,10,103451,80181,4,4,6,4,9,4,10,9,9,7,10,Other,Tier 3,Hybrid
34,160837,11.4,8,4.7,7,10,47,6,121502,26624,4,9,3,3,8,6,10,7,3,9,3,Other,Tier 1,Online
31,61976,7.8,14,5.8,7,8,38,12,84774,69242,9,5,6,6,8,4,8,4,4,8,10,Female,Tier 3,Online
68,69838,5.9,1,3.2,3,5,35,5,41691,43371,8,7,1,5,4,7,6,5,7,7,10,Female,Tier 2,Hybrid
67,75965,10.0,4,3.3,6,6,37,5,94067,500,9,5,3,6,9,10,5,6,5,3,1,Male,Tier 1,Hybrid
50,78986,6.5,4,2.8,6,6,28,8,118137,25071,7,0,2,5,8,4,4,10,6,4,7,Female,Tier 2,Store
57,218572,7.6,8,4.3,5,8,22,6,79644,60031,7,7,7,4,8,7,9,8,6,8,8,Other,Tier 3,Hybrid
69,48415,5.8,3,1.6,2,5,14,8,76883,83169,10,6,4,8,3,6,4,10,6,7,4,Other,Tier 3,Store
51,151608,8.9,9,3.9,6,8,28,10,93906,97191,4,2,4,5,4,5,4,7,8,6,7,Female,Tier 3,Store
54,84465,7.7,2,3.2,6,9,38,10,82762,103172,5,3,5,7,5,8,4,8,7,2,5,Female,Tier 3,Hybrid
62,189358,6.5,2,3.4,5,9,32,8,92416,52370,2,6,3,4,7,7,1,8,7,7,3,Male,Tier 2,Hybrid
76,137088,6.6,12,3.0,7,6,38,12,109174,150000,6,5,2,2,10,8,7,10,9,7,1,Female,Tier 1,Hybrid
42,159628,6.0,5,3.0,6,10,42,12,97223,88376,5,9,2,4,9,10,4,8,3,9,6,Male,Tier 1,Hybrid
20,68739,10.7,4,5.3,9,9,40,7,117768,93854,9,9,3,8,8,9,10,2,2,7,4,Male,Tier 1,Online
28,206674,8.4,13,4.6,6,10,30,2,109425,107644,7,2,3,5,4,9,6,2,6,7,6,Other,Tier 2,Online
46,93418,6.4,8,4.5,5,6,17,11,41014,64957,2,5,5,9,2,7,6,8,2,9,6,Other,Tier 3,Hybrid
46,217146,7.7,4,4.7,4,9,18,12,95086,105459,7,8,6,6,10,4,8,7,5,4,1,Other,Tier 3,Store
34,122431,8.3,6,4.1,3,8,32,8,80964,69161,8,7,6,6,6,7,7,5,5,6,6,Other,Tier 2,Store
43,117385,6.1,2,1.6,7,8,22,9,102366,55095,4,3,4,10,3,10,7,2,6,5,2,Female,Tier 1,Store
46,181054,4.8,4,1.7,4,9,29,4,98931,89130,6,7,1,8,10,8,5,8,6,8,6,Female,Tier 2,Hybrid
41,139008,5.7,6,4.9,7,9,32,7,146502,41055,5,3,3,5,7,7,10,5,3,6,7,Female,Tier 1,Hybrid
45,56830,6.7,6,2.7,7,6,22,8,77970,2817,8,6,4,4,1,6,7,7,7,5,8,Male,Tier 2,Hybrid
67,94372,4.2,5,0.9,5,4,12,11,58255,10443,6,1,1,7,4,5,4,10,6,7,2,Female,Tier 1,Store
58,104426,9.1,10,4.0,3,7,33,8,87395,30692,9,7,6,2,10,6,7,7,3,7,4,Male,Tier 3,Hybrid
53,175631,8.3,7,4.8,4,6,9,11,101852,88419,6,3,3,3,5,5,9,7,8,9,6,Male,Tier 2,Store
51,208982,7.6,9,0.9,4,8,37,10,142288,95649,6,3,3,5,6,3,5,7,7,10,4,Other,Tier 2,Store
35,98330,8.7,13,6.0,6,8,27,16,33102,113454,6,6,4,2,10,3,8,5,10,7,6,Other,Tier 2,Store
32,51468,10.1,9,6.0,8,9,37,5,38217,500,8,5,7,6,5,9,9,2,1,5,6,Other,Tier 2,Online
58,141312,6.6,2,3.2,6,8,21,12,95879,64030,8,3,5,5,10,7,5,5,6,6,9,Male,Tier 1,Store
38,176642,9.2,14,6.0,9,7,38,2,150000,44050,4,2,4,5,10,6,9,3,5,7,8,Other,Tier 1,Hybrid
69,130796,5.4,5,0.0,4,5,5,15,47621,72904,6,1,7,6,2,6,2,10,7,8,6,Male,Tier 3,Store
54,183140,7.1,14,3.3,3,7,36,7,127306,17051,1,4,2,3,7,3,8,7,9,8,4,Female,Tier 2,Store
61,35604,6.7,6,4.1,10,10,29,10,62379,500,9,2,5,9,6,10,9,8,7,7,3,Male,Tier 2,Hybrid
57,122205,6.7,11,2.1,4,8,33,11,119095,112472,4,8,7,7,3,10,5,7,7,6,4,Female,Tier 3,Hybrid
31,90950,9.4,9,5.5,9,9,31,3,102014,66649,6,7,4,8,7,3,6,3,3,10,10,Other,Tier 3,Online
51,46558,8.7,6,3.8,5,10,36,6,900,43586,10,8,5,6,4,3,8,9,3,6,4,Male,Tier 3,Hybrid
31,88426,11.1,6,4.4,7,3,6,17,19102,67865,7,3,6,7,3,4,6,7,2,6,4,Female,Tier 3,Store
50,77774,4.9,2,2.4,7,6,13,7,19667,83100,6,6,4,3,7,5,6,8,3,4,9,Female,Tier 3,Store
40,96829,7.8,8,4.3,8,8,40,10,80012,34786,6,5,4,5,7,7,9,4,5,7,10,Other,Tier 2,Hybrid
51,171311,7.1,7,3.4,5,9,26,10,150000,82017,4,3,4,4,9,7,8,5,3,3,10,Female,Tier 2,Hybrid
63,179827,4.8,7,1.3,9,9,29,9,150000,59573,7,7,3,5,7,4,7,9,4,10,6,Other,Tier 1,Store
50,92689,8.4,5,3.0,2,7,35,10,73387,43383,4,1,2,6,8,5,6,4,1,9,10,Other,Tier 1,Store
33,125253,8.2,10,4.6,6,10,34,7,114412,17811,8,8,3,4,8,6,8,2,8,5,7,Female,Tier 1,Hybrid
33,119177,9.3,14,6.0,10,10,38,15,85202,105012,9,5,3,4,8,8,6,8,2,10,6,Male,Tier 1,Hybrid
48,152363,8.5,10,4.2,6,7,25,12,138064,107700,6,9,4,3,4,10,7,7,5,4,4,Female,Tier 2,Store
55,213217,6.5,5,2.5,3,8,25,9,112348,118329,7,5,3,5,10,6,6,6,6,6,7,Female,Tier 3,Store
63,45907,7.6,11,2.0,6,7,14,10,45689,101371,10,4,3,4,4,5,6,8,4,7,3,Other,Tier 3,Store
69,126968,6.2,3,1.8,2,3,0,11,900,81427,8,6,6,7,8,1,1,9,5,9,8,Female,Tier 3,Store
26,127719,8.6,8,5.3,6,10,30,5,111035,55991,7,4,7,8,10,7,7,5,3,9,6,Female,Tier 3,Online
34,133896,7.9,9,3.6,3,8,36,2,102959,66686,7,4,3,8,6,3,7,7,6,6,10,Male,Tier 2,Hybrid
70,42155,4.2,7,0.6,9,10,34,3,102584,500,9,5,2,8,4,6,4,8,6,5,2,Male,Tier 2,Hybrid
46,56855,7.0,8,4.3,5,8,14,15,45483,93887,6,4,5,4,3,9,5,8,7,7,5,Female,Tier 3,Store
40,134666,8.3,7,3.6,5,7,32,0,143811,53899,6,2,3,8,8,5,5,10,8,10,7,Male,Tier 1,Store
52,181268,7.3,3,2.0,5,6,34,4,114098,45041,6,2,3,5,7,3,5,7,4,6,6,Female,Tier 2,Hybrid
57,110565,7.1,5,4.1,6,5,12,15,8202,109985,5,2,6,9,6,2,9,8,5,10,1,Male,Tier 2,Store
27,187198,8.3,14,4.8,8,9,30,7,116277,105150,4,3,2,6,8,4,10,5,4,8,7,Male,Tier 2,Store
36,67653,9.2,14,4.8,3,8,31,8,44636,27812,5,0,3,1,10,5,9,4,4,10,7,Male,Tier 3,Hybrid
26,109915,8.1,12,6.0,6,9,30,12,118262,76970,7,7,5,4,10,6,10,3,7,6,10,Female,Tier 2,Hybrid
24,58714,11.2,3,6.0,8,10,48,7,103470,39986,6,4,5,6,5,9,10,4,3,9,3,Male,Tier 1,Online
29,97031,6.5,12,3.6,9,9,25,14,110317,30206,9,6,6,4,5,10,9,4,8,6,7,Female,Tier 3,Store
68,166540,4.2,6,1.2,3,5,8,10,111943,55605,3,4,2,5,4,4,5,10,7,7,2,Female,Tier 1,Store
47,139222,5.0,9,2.4,8,7,20,8,88944,93040,6,7,5,2,1,3,7,8,8,6,7,Female,Tier 2,Store
34,127672,4.2,11,3.9,7,8,26,5,101115,23503,7,6,2,10,10,6,9,2,2,7,3,Male,Tier 2,Hybrid
35,234517,4.8,14,3.8,5,10,31,5,126544,129937,6,3,3,3,7,10,3,3,4,8,7,Female,Tier 2,Hybrid
18,93760,8.9,6,3.2,8,9,40,3,150000,74574,7,8,2,8,9,9,7,7,5,10,1,Female,Tier 1,Online
75,113721,4.6,2,2.6,6,8,20,12,81852,102512,6,6,5,2,7,6,3,6,4,7,8,Male,Tier 3,Store
49,83822,8.7,8,4.7,7,9,38,8,58006,70868,5,4,6,2,10,4,6,6,3,10,7,Male,Tier 3,Hybrid
48,110158,7.0,6,2.8,4,6,16,8,96238,66855,7,7,7,6,4,7,3,5,3,6,4,Female,Tier 3,Store
79,30518,4.9,3,2.1,4,7,24,10,17613,38694,5,2,4,5,6,7,4,8,6,7,6,Other,Tier 2,Store
71,80305,4.9,10,1.6,6,4,16,16,71997,108652,10,0,2,5,9,6,8,9,6,6,6,Male,Tier 1,Store
54,160084,7.3,10,2.9,5,3,5,17,52744,112128,2,7,3,4,6,4,7,8,4,9,8,Male,Tier 1,Store
44,174536,9.7,4,3.5,6,8,27,5,48772,75224,7,7,1,4,9,7,5,9,7,5,7,Male,Tier 1,Hybrid
37,15000,9.4,8,4.0,3,10,40,9,94100,36899,6,7,6,8,8,8,7,5,5,8,3,Male,Tier 3,Hybrid
25,29267,9.8,8,6.0,9,10,37,3,82319,500,10,2,4,6,8,4,9,1,2,2,6,Male,Tier 3,Online
64,89388,3.9,4,2.9,6,8,23,6,31349,30256,10,0,3,8,7,6,7,6,5,3,3,Female,Tier 2,Store
39,56884,6.3,9,3.9,7,10,29,15,33906,70133,10,5,4,5,7,6,7,5,3,9,5,Female,Tier 2,Hybrid
32,82432,10.5,2,6.0,4,8,26,6,57307,40766,6,6,1,5,8,5,8,4,7,5,1,Male,Tier 1,Store
57,72756,4.9,4,2.3,6,7,19,4,65933,12735,10,5,6,4,1,5,5,2,3,5,2,Other,Tier 3,Store
34,178199,6.5,7,4.6,10,10,38,3,150000,65737,8,8,3,5,5,7,8,5,6,8,3,Female,Tier 2,Online
32,86288,8.8,13,2.8,3,10,30,9,85576,87900,6,3,6,4,3,3,9,1,4,4,7,Other,Tier 3,Hybrid
35,71241,6.8,6,3.3,6,9,17,16,61162,77415,6,5,7,6,4,10,6,6,2,6,5,Female,Tier 2,Store
38,218090,8.4,14,4.8,5,9,27,7,90994,120714,3,1,6,7,9,7,7,7,1,10,10,Male,Tier 1,Hybrid
39,86303,10.5,9,6.0,4,10,31,7,59496,18414,9,6,4,6,9,5,10,2,3,7,4,Female,Tier 1,Hybrid
39,128538,7.2,8,2.8,6,6,32,8,64949,118465,2,5,4,7,10,6,6,4,6,10,9,Male,Tier 1,Hybrid
22,59644,11.7,3,4.5,8,10,46,7,112531,46774,5,6,4,8,10,8,10,2,4,7,7,Female,Tier 3,Online
73,69130,3.7,12,0.8,6,4,0,15,900,104554,4,5,5,7,6,2,4,10,9,1,7,Other,Tier 2,Store
29,117170,9.8,7,5.7,8,8,34,5,147031,22686,5,7,3,6,9,9,8,6,5,3,10,Male,Tier 3,Hybrid
33,129129,7.5,13,6.0,9,9,28,5,78655,23272,9,6,3,4,3,4,8,5,3,6,8,Other,Tier 2,Online
79,28956,4.0,8,1.7,5,5,14,16,70758,72986,9,0,6,10,2,3,5,9,8,10,5,Female,Tier 2,Store
51,125321,7.6,3,2.5,4,8,15,9,48206,45244,3,2,4,7,5,7,5,2,5,10,7,Female,Tier 3,Hybrid
21,15000,8.3,3,4.5,7,7,29,7,25277,82027,7,5,6,8,6,5,9,5,3,6,1,Male,Tier 1,Hybrid
62,211368,8.3,3,3.8,8,7,13,17,68324,66958,7,6,3,3,6,3,7,7,3,5,1,Male,Tier 1,Store
44,114101,9.0,10,3.4,6,10,41,7,97082,31438,3,8,3,4,10,4,10,6,3,5,5,Other,Tier 2,Online
34,99882,9.7,6,4.7,6,10,34,4,94433,18132,5,5,4,10,6,6,10,5,7,9,5,Female,Tier 2,Online
66,63062,6.6,8,2.1,6,7,32,10,73072,8474,4,5,3,4,10,4,6,7,7,1,7,Other,Tier 3,Hybrid
45,97022,12.0,5,4.5,8,7,24,3,90259,37278,5,4,5,1,9,9,8,4,6,6,7,Female,Tier 3,Online
40,126409,4.1,13,0.9,7,9,28,7,54885,66579,5,2,5,6,1,7,1,7,3,10,5,Female,Tier 2,Store
54,136888,8.8,8,4.4,6,7,19,5,84521,22908,4,3,3,5,4,6,8,3,5,7,9,Male,Tier 2,Store
59,188377,5.5,7,3.7,4,7,13,0,105205,67641,6,2,2,5,7,5,6,10,5,6,4,Male,Tier 1,Store
27,69488,7.0,7,3.5,4,8,38,2,93101,12939,3,8,3,5,7,5,9,10,2,10,7,Other,Tier 2,Hybrid
18,69004,8.1,5,3.7,7,10,31,3,79690,500,5,6,4,6,2,5,7,2,1,7,6,Other,Tier 2,Online
40,76857,7.7,7,3.4,6,8,32,13,90507,71828,6,9,5,6,6,4,7,6,1,5,6,Female,Tier 2,Hybrid
49,182522,6.6,11,5.4,4,5,17,10,66645,22187,7,5,5,4,4,2,3,3,4,10,4,Male,Tier 3,Store
72,54571,4.7,8,2.0,5,4,13,9,29528,52990,4,5,5,7,6,5,5,8,6,4,4,Female,Tier 3,Store
41,140927,9.3,8,5.2,5,10,32,6,97703,74879,5,2,3,6,2,5,9,9,5,6,6,Female,Tier 2,Store
35,111566,10.6,6,4.7,8,9,29,4,33672,65834,9,6,1,3,6,5,10,6,7,9,6,Other,Tier 2,Online
18,102001,10.3,6,6.0,7,10,47,0,108548,69036,6,4,3,5,7,8,10,4,4,4,4,Other,Tier 3,Online
66,51771,7.4,5,2.4,3,3,26,12,51862,54241,8,6,3,5,6,3,6,8,4,4,5,Female,Tier 3,Hybrid
32,133883,5.9,7,3.2,5,7,34,5,119563,83923,8,9,4,5,5,7,8,8,4,9,6,Male,Tier 1,Store
18,56406,7.0,4,4.1,5,10,29,1,62810,42463,9,3,1,3,4,10,8,2,5,5,1,Female,Tier 1,Online
20,53017,10.7,2,5.2,8,9,49,2,118958,17288,10,4,7,4,10,8,8,5,2,5,6,Female,Tier 3,Online
24,83582,8.1,1,2.6,8,10,39,4,64915,500,6,4,4,6,7,6,2,1,4,7,3,Female,Tier 1,Online
56,154178,4.2,9,1.9,6,8,11,17,62779,106563,10,2,4,4,5,2,4,7,5,8,1,Other,Tier 2,Store
27,31133,8.1,13,4.2,7,9,36,5,75862,24044,8,7,6,5,6,5,7,2,2,7,2,Male,Tier 3,Online
41,136495,7.9,2,4.5,6,7,37,11,138399,136991,7,6,2,6,7,5,10,5,1,3,8,Female,Tier 2,Hybrid
52,141239,4.2,7,1.4,4,9,21,7,87194,69894,10,8,7,6,2,4,6,10,7,9,6,Female,Tier 3,Store
58,155576,4.3,11,0.7,5,5,8,12,33155,100860,7,5,5,7,6,3,5,10,6,6,5,Male,Tier 2,Store
52,187873,7.7,12,3.2,8,10,49,0,147311,49681,6,9,4,5,3,9,6,7,5,10,3,Female,Tier 2,Online
37,151344,7.4,8,4.1,8,7,24,9,69765,67352,7,5,2,4,9,7,8,10,3,7,4,Male,Tier 1,Store
42,123299,5.7,7,3.8,7,10,21,12,121198,54375,5,8,5,3,9,4,8,6,6,6,4,Male,Tier 3,Hybrid
21,197887,5.1,6,4.7,7,10,16,13,114075,40800,7,1,4,6,6,5,10,5,1,10,3,Female,Tier 2,Store
71,90000,2.9,1,2.3,1,6,3,11,7820,68262,5,5,3,3,1,3,4,10,8,4,5,Other,Tier 2,Store
49,203867,7.0,7,4.7,6,9,43,8,150000,122496,3,7,3,1,2,7,8,7,8,5,8,Other,Tier 1,Online
51,125058,6.0,4,3.0,4,5,5,15,49453,54148,7,2,5,2,5,9,7,7,3,6,9,Male,Tier 3,Store
59,216946,6.7,3,2.6,3,7,34,3,129660,56286,1,2,1,1,10,7,3,10,4,5,5,Male,Tier 1,Store
47,111493,4.5,7,2.0,4,8,30,7,86124,62514,7,7,6,6,5,9,5,3,4,6,10,Male,Tier 3,Hybrid
25,82776,9.6,12,4.7,8,10,47,7,65010,59485,9,6,5,8,8,8,6,2,3,10,8,Female,Tier 2,Online
62,130131,7.8,8,3.9,7,8,27,6,55535,50078,5,3,6,3,5,6,5,4,3,9,5,Male,Tier 1,Hybrid
65,122068,7.2,1,2.4,10,7,24,2,64381,15923,9,3,5,3,10,6,5,3,8,8,4,Male,Tier 1,Hybrid
40,134684,10.0,11,4.9,7,7,16,8,53438,4228,6,5,5,6,7,3,9,4,4,6,8,Male,Tier 3,Store
52,131479,7.3,12,2.5,5,10,41,5,117057,55028,7,4,3,6,8,10,5,4,5,9,6,Other,Tier 2,Hybrid
53,93495,1.8,12,1.0,2,2,4,11,24250,52643,9,5,1,4,2,7,1,8,6,8,4,Male,Tier 1,Store
39,113126,8.8,14,5.6,8,8,43,10,129008,33383,10,3,5,7,7,2,6,6,2,5,7,Male,Tier 3,Hybrid
38,116086,3.4,9,5.1,5,6,0,19,23991,120321,9,3,5,6,2,5,10,9,5,8,5,Male,Tier 3,Store
29,128119,9.6,14,4.9,9,10,25,4,74485,54203,6,9,4,9,4,2,10,7,2,10,5,Female,Tier 2,Store
41,119934,5.6,12,1.6,6,7,11,11,98152,84033,3,4,3,3,6,1,6,7,7,8,4,Female,Tier 3,Store
37,113538,12.0,3,4.0,9,9,37,0,107789,500,8,3,5,8,5,4,9,3,1,6,10,Male,Tier 2,Hybrid
54,138487,7.2,4,3.5,6,9,27,5,84780,38294,6,5,5,6,3,6,6,8,7,6,4,Male,Tier 2,Hybrid
56,163368,4.3,5,2.8,5,8,11,15,87287,91562,5,0,1,3,3,9,8,7,9,10,4,Male,Tier 1,Store
29,31571,11.8,13,3.8,6,10,26,14,97815,83928,6,4,5,5,4,5,8,7,1,9,10,Male,Tier 1,Hybrid
18,62279,7.9,7,6.0,5,10,38,13,79200,81763,5,5,4,8,10,7,7,6,1,10,6,Other,Tier 2,Hybrid
45,113390,10.3,5,3.0,9,9,37,13,115024,53102,2,8,6,6,7,5,10,6,5,7,5,Male,Tier 3,Hybrid
59,143764,3.0,8,0.0,5,6,0,10,70333,86852,5,5,3,1,4,8,2,7,8,5,7,Male,Tier 1,Store
18,83755,10.0,3,5.0,6,10,49,0,150000,11097,9,3,3,7,7,7,6,2,2,10,4,Male,Tier 1,Online
49,66179,9.5,5,0.1,1,6,27,13,109409,72281,10,7,3,10,2,8,4,5,3,7,6,Other,Tier 3,Store
30,165521,8.8,13,3.9,2,10,37,6,123343,47888,6,2,1,7,1,8,8,6,4,9,5,Male,Tier 1,Online
47,194892,10.3,14,5.4,5,10,32,1,141630,60832,8,6,4,6,4,7,7,3,3,7,7,Female,Tier 1,Hybrid
35,101355,7.6,14,4.8,5,10,42,1,150000,50512,10,3,2,5,7,7,8,3,2,5,9,Male,Tier 3,Online
21,166633,8.6,2,4.1,7,9,32,10,93737,117575,8,3,2,7,7,5,6,4,2,4,3,Female,Tier 2,Online
47,62174,7.4,5,4.9,6,8,33,10,123847,20897,10,5,3,7,10,4,5,7,7,7,3,Male,Tier 3,Store
56,112020,4.2,3,1.2,7,6,0,17,66990,115960,6,5,4,3,10,3,4,8,5,6,4,Female,Tier 3,Store
45,92856,7.8,5,3.2,6,10,33,1,38216,500,2,3,3,3,8,7,8,3,1,4,5,Female,Tier 2,Online
18,35812,12.0,3,6.0,3,10,46,6,150000,25043,5,9,7,4,7,6,10,2,3,7,1,Female,Tier 3,Hybrid
21,175958,8.9,4,5.0,5,7,31,5,60222,59617,3,1,1,3,9,10,8,5,2,5,1,Male,Tier 1,Hybrid
18,82677,10.1,2,4.1,6,10,46,0,150000,63892,7,6,7,5,10,4,7,4,2,4,7,Male,Tier 2,Online
32,106644,6.1,8,4.1,6,9,24,3,89797,500,6,5,4,2,5,9,8,3,4,10,7,Other,Tier 1,Hybrid
79,18638,2.7,6,1.8,4,2,6,3,900,14038,8,7,5,6,4,2,4,6,5,1,7,Other,Tier 2,Store
44,87588,8.7,5,4.6,6,10,23,13,96028,86687,9,5,3,4,8,8,7,4,5,1,9,Male,Tier 2,Hybrid
29,169329,7.9,12,6.0,9,10,34,6,120118,62704,3,8,2,7,6,7,10,3,3,6,2,Female,Tier 1,Hybrid
46,188018,6.6,6,3.8,8,8,34,12,81398,111640,6,9,4,5,3,8,9,5,7,5,6,Female,Tier 1,Hybrid
57,172090,5.0,5,3.3,7,5,11,11,58298,112726,3,2,3,7,8,6,5,6,7,3,3,Male,Tier 1,Store
56,105794,6.6,3,4.5,3,8,19,14,65525,92319,6,7,4,6,5,5,10,7,10,4,3,Female,Tier 2,Store
39,174235,8.1,6,4.2,4,7,5,12,81499,94389,3,5,4,5,4,9,10,6,6,5,6,Male,Tier 2,Store
43,145218,5.9,11,2.3,2,6,12,9,77954,111374,6,3,1,4,9,5,8,6,9,10,5,Male,Tier 1,Store
75,126433,3.0,6,1.0,5,5,5,19,1042,149299,5,2,5,4,5,7,7,9,10,4,1,Male,Tier 1,Store
32,62404,10.2,11,5.8,7,10,33,9,77787,109274,9,6,3,7,6,5,9,4,3,7,5,Male,Tier 3,Hybrid
58,140518,2.0,13,1.7,6,10,14,4,125759,43542,5,7,3,3,2,8,6,3,9,4,4,Female,Tier 1,Store
48,167185,4.5,5,3.1,5,8,11,13,67511,79096,8,3,4,8,3,8,10,7,5,8,9,Male,Tier 2,Store
29,61787,7.2,7,4.5,9,10,41,7,117172,500,8,4,3,5,10,7,7,5,4,7,6,Male,Tier 2,Hybrid
60,116124,10.5,1,4.4,4,7,22,8,117061,91160,4,9,2,3,2,4,6,5,7,6,4,Female,Tier 2,Hybrid
50,186314,6.6,4,3.4,1,6,13,18,86957,118410,5,1,7,8,1,2,9,9,6,5,10,Male,Tier 3,Store
36,19901,8.1,10,3.9,5,10,29,10,30753,58999,7,9,5,7,5,9,10,3,3,1,7,Male,Tier 3,Hybrid
53,200438,6.3,9,2.2,5,8,25,7,110723,37729,6,5,4,7,7,8,7,6,5,9,6,Male,Tier 2,Store
49,176180,8.6,8,2.5,4,6,21,5,81304,70324,6,6,7,2,3,4,6,3,1,6,7,Other,Tier 3,Store
45,90515,7.5,12,4.4,5,7,23,8,95196,84729,4,4,2,6,2,5,10,5,8,6,8,Male,Tier 1,Hybrid
48,195765,5.0,8,1.6,6,9,15,6,96125,105339,8,5,1,3,9,7,6,5,5,7,10,Female,Tier 1,Store
24,123824,9.8,5,5.4,7,10,49,3,106352,66430,6,8,5,5,8,5,9,3,6,6,8,Male,Tier 3,Online
39,183952,6.0,5,4.9,8,9,17,12,91233,85105,5,7,4,5,6,8,6,9,1,5,9,Female,Tier 2,Store
24,57682,9.9,10,4.9,6,7,49,2,121705,35819,8,7,2,5,8,8,9,3,6,5,8,Other,Tier 1,Online
36,103747,8.2,14,5.3,8,8,33,16,74022,47577,3,6,3,7,7,7,8,5,7,6,1,Male,Tier 1,Hybrid
46,58735,7.7,6,1.9,7,8,47,10,73069,70703,8,9,5,9,5,6,9,5,4,4,1,Other,Tier 3,Hybrid
51,146140,6.5,7,1.4,7,8,34,2,119905,80009,7,5,6,6,2,6,4,2,6,5,5,Female,Tier 3,Hybrid
70,128506,5.3,9,0.3,6,6,18,6,49735,58184,1,7,5,4,3,6,5,10,8,4,1,Male,Tier 2,Hybrid
33,83894,10.6,11,5.2,5,9,49,3,136649,27005,9,5,3,5,9,4,8,5,4,3,7,Male,Tier 2,Online
36,128711,7.4,9,6.0,8,10,24,9,59410,38545,8,7,4,5,6,6,10,7,4,9,6,Male,Tier 1,Hybrid
36,79186,6.6,6,3.4,7,6,15,14,42176,150000,5,2,4,2,3,7,9,7,7,9,4,Other,Tier 1,Store
18,81704,5.2,5,5.2,7,10,37,6,84596,32646,6,6,7,8,6,4,10,4,2,8,2,Male,Tier 3,Online
42,150272,6.6,10,3.6,7,7,23,4,125292,77630,5,4,2,5,5,4,8,6,6,4,5,Female,Tier 1,Hybrid
59,172443,9.5,7,1.4,5,6,17,8,74950,88798,4,4,4,6,4,5,6,3,6,7,4,Male,Tier 3,Hybrid
48,170730,9.8,2,2.5,2,4,25,13,114593,117805,5,4,5,2,6,6,5,8,7,7,5,Female,Tier 3,Hybrid
38,75895,7.6,9,3.9,9,9,26,2,98289,39556,6,3,1,6,7,10,3,4,1,10,6,Other,Tier 2,Online
19,81940,11.5,4,5.3,6,10,49,5,111565,42940,1,8,4,6,9,6,9,3,2,7,5,Other,Tier 2,Online
57,40215,6.7,5,4.0,3,4,16,9,900,68438,8,4,2,8,7,4,8,6,4,6,5,Female,Tier 3,Store
34,97703,8.4,7,6.0,6,10,38,5,88543,99933,9,9,3,7,7,9,6,6,2,7,10,Female,Tier 2,Hybrid
46,142561,3.4,6,2.7,7,7,14,17,81573,74050,7,0,3,7,5,7,5,8,2,9,8,Female,Tier 2,Store
31,125236,9.2,9,2.4,5,10,29,9,137968,103086,8,2,2,7,6,7,5,4,6,2,5,Male,Tier 2,Hybrid
70,44909,4.8,1,4.2,4,2,0,15,26733,86397,3,1,6,8,1,4,7,7,5,9,6,Female,Tier 3,Store
48,120314,5.9,12,4.0,6,6,22,10,108809,48682,5,4,5,6,2,6,6,10,6,9,6,Male,Tier 1,Store
32,101869,7.6,11,3.6,7,8,40,0,80212,500,9,6,7,8,6,6,8,2,1,9,5,Male,Tier 3,Hybrid
51,132119,4.3,8,2.5,7,5,7,19,52319,84144,10,6,5,6,5,7,4,9,5,4,5,Male,Tier 3,Store
79,36615,8.2,10,0.3,6,5,16,14,79024,21444,9,4,3,10,7,7,3,6,8,5,2,Male,Tier 3,Store
48,69236,6.0,9,1.8,7,7,9,7,7597,72737,9,0,6,7,6,2,5,5,6,4,5,Other,Tier 3,Store
49,151667,7.3,14,2.7,10,8,20,7,53202,45446,6,5,3,2,6,8,6,5,5,10,6,Female,Tier 1,Hybrid
65,122697,3.9,8,1.4,5,4,7,6,99587,72218,7,4,2,7,7,6,6,5,9,8,6,Female,Tier 1,Store
27,179499,5.7,14,4.1,9,10,37,3,69309,50481,4,5,1,5,5,6,7,5,4,7,7,Male,Tier 1,Store
41,143499,12.0,5,6.0,5,6,40,11,107325,95236,4,2,4,5,10,5,10,5,2,1,3,Male,Tier 2,Hybrid
64,170220,7.4,6,1.8,2,6,15,13,31988,100910,5,8,3,5,5,6,6,8,8,5,6,Male,Tier 1,Store
45,135549,6.1,9,4.9,7,8,18,8,86675,89013,3,4,7,3,2,6,8,8,8,6,5,Female,Tier 3,Hybrid
18,124019,6.0,8,5.6,8,8,8,16,67696,67715,7,5,2,2,2,7,9,4,6,7,4,Other,Tier 1,Hybrid
49,148585,4.8,3,2.7,4,5,11,13,26560,98349,6,1,3,4,3,3,9,9,4,4,6,Other,Tier 1,Store
37,134394,7.8,8,3.0,7,8,28,7,106840,75044,5,8,6,6,8,7,7,4,6,7,6,Male,Tier 2,Hybrid
43,115125,9.4,11,3.0,2,10,38,4,111298,43260,5,5,4,4,8,10,5,4,1,7,4,Other,Tier 2,Hybrid
41,214212,7.5,8,3.6,8,10,26,5,91302,65219,5,4,4,5,8,8,6,10,4,7,8,Male,Tier 1,Hybrid
61,32414,5.2,1,2.5,6,5,1,19,23913,49105,6,6,5,10,5,3,9,8,6,9,1,Male,Tier 2,Store
18,119694,9.9,1,3.7,7,10,39,3,108032,46480,6,9,3,5,5,3,10,6,1,7,3,Female,Tier 3,Hybrid
51,98159,8.8,9,4.5,5,8,43,8,17918,92518,3,4,6,5,10,5,9,7,5,7,5,Male,Tier 3,Online
42,170300,7.1,5,5.1,8,10,32,10,67930,32415,6,6,2,5,10,10,10,5,6,10,5,Female,Tier 2,Hybrid
51,76546,6.3,6,3.2,7,9,24,13,28888,49126,10,5,5,6,3,4,7,5,3,4,6,Male,Tier 3,Hybrid
18,134942,10.9,1,6.0,7,10,49,3,119655,71387,6,6,4,10,9,3,10,1,6,8,8,Female,Tier 2,Online
48,99260,4.8,4,5.1,5,4,7,8,80708,36470,9,2,6,7,5,2,9,5,1,6,8,Female,Tier 3,Store
51,148179,7.5,10,2.6,5,4,18,11,77179,80456,9,6,3,1,1,5,5,2,5,5,4,Female,Tier 2,Store
65,174563,6.2,10,2.5,3,6,22,16,77154,107164,4,0,3,5,9,5,6,7,1,7,2,Female,Tier 1,Store
39,115521,4.5,5,1.8,8,10,37,2,64063,54632,9,6,2,5,5,9,1,7,5,7,8,Male,Tier 1,Hybrid
62,112849,7.2,7,1.9,9,9,26,12,78809,116690,6,5,5,4,5,4,5,7,5,4,4,Female,Tier 3,Store
52,134917,7.5,3,4.6,7,8,8,14,47379,58826,5,0,4,7,6,3,6,3,4,7,8,Male,Tier 1,Store
69,34508,4.0,1,3.6,6,8,9,12,900,44216,8,6,4,8,5,6,8,5,5,10,3,Male,Tier 1,Store
40,146779,8.3,8,3.2,8,9,38,0,127329,74720,6,5,1,4,5,6,9,4,2,9,7,Other,Tier 1,Online
49,89372,7.0,4,3.6,4,8,20,6,59970,45822,6,4,4,8,7,6,9,6,3,8,6,Female,Tier 3,Store
45,197510,4.3,12,3.5,5,6,11,14,101991,97237,5,4,3,2,7,5,10,6,7,10,10,Other,Tier 1,Store
53,105562,5.1,8,2.8,8,8,14,1,66775,500,8,4,4,8,6,5,8,4,5,7,7,Female,Tier 2,Hybrid
39,71217,10.8,13,4.5,8,10,48,8,130443,46870,4,6,2,5,10,9,7,6,4,8,7,Male,Tier 1,Hybrid
21,120135,7.8,1,2.2,5,9,44,0,142559,71088,9,3,4,3,5,7,4,5,3,6,7,Female,Tier 3,Online
39,100212,4.0,8,2.9,4,4,3,14,900,46658,4,5,3,5,1,4,9,8,6,5,3,Female,Tier 2,Store
58,71429,9.2,13,1.7,9,10,49,1,112250,19694,7,8,4,4,7,6,9,4,6,4,3,Female,Tier 3,Online
41,85240,6.4,5,4.7,4,8,26,11,45479,87605,5,5,4,8,4,5,9,6,2,9,7,Male,Tier 3,Hybrid
41,115670,5.7,10,2.4,9,7,20,19,47425,71567,7,6,5,4,8,7,4,6,5,10,1,Female,Tier 2,Store
21,41553,8.3,2,6.0,9,10,39,6,122936,10150,5,6,1,7,7,3,10,4,3,6,3,Male,Tier 1,Hybrid
79,62894,5.2,4,2.0,3,8,28,13,72514,93454,5,3,4,6,1,10,4,10,9,1,2,Female,Tier 1,Store
35,128046,7.2,7,4.6,7,9,26,7,143173,500,6,9,2,10,8,3,10,7,1,5,8,Other,Tier 2,Store
54,129827,6.3,8,1.2,7,6,6,18,21484,93114,1,4,2,9,7,8,5,8,5,8,10,Female,Tier 1,Store
49,35936,5.1,12,2.0,7,6,20,19,900,80468,8,7,4,5,1,7,6,7,4,8,5,Other,Tier 3,Store
44,205876,7.6,5,4.9,9,7,22,14,103773,97821,3,6,7,6,8,6,4,5,6,7,2,Female,Tier 3,Store
51,89303,5.4,3,4.0,5,7,21,9,78587,38552,5,5,5,4,5,5,5,6,6,5,10,Female,Tier 2,Store
55,189482,5.4,11,3.6,1,6,18,9,126691,82410,4,3,6,7,2,3,5,5,1,9,10,Male,Tier 1,Store
54,94228,3.7,11,0.7,8,9,13,15,41648,67955,3,5,5,6,6,5,5,8,4,7,6,Male,Tier 3,Store
56,86085,4.7,6,0.4,7,6,16,7,136924,133093,3,6,3,6,1,3,1,10,4,7,3,Female,Tier 3,Store
30,36634,7.4,14,3.8,7,6,34,6,51357,65902,6,6,4,5,5,7,8,4,5,8,8,Female,Tier 2,Hybrid
44,109294,9.0,5,3.4,7,9,29,6,78500,53441,4,1,6,7,1,8,6,6,6,7,5,Female,Tier 2,Hybrid
53,173780,6.0,7,5.3,1,8,9,12,77403,84239,4,4,2,6,7,10,10,8,2,7,6,Other,Tier 1,Store
47,105162,8.9,6,3.6,8,9,37,12,59660,67504,8,8,2,5,9,7,7,5,3,8,9,Male,Tier 3,Hybrid
59,186987,6.5,8,2.7,10,8,18,11,94073,62702,5,0,3,7,7,4,5,7,5,9,2,Male,Tier 1,Store
51,80438,9.2,12,3.2,5,7,21,10,51301,18115,7,7,6,7,6,1,6,4,6,5,4,Female,Tier 3,Hybrid
43,137047,7.5,13,4.2,8,10,43,9,114017,74099,5,8,4,7,7,8,9,5,8,9,4,Female,Tier 1,Online
55,201665,11.2,2,4.2,9,7,27,0,138289,97978,5,2,1,6,2,8,4,4,9,5,8,Female,Tier 1,Hybrid
48,72297,7.1,3,2.6,2,6,18,14,26036,67154,8,6,6,3,3,6,4,10,4,9,8,Female,Tier 1,Store
73,90805,6.0,4,2.6,2,4,23,9,58195,35500,9,8,3,7,6,6,7,10,7,10,4,Female,Tier 2,Store
56,104762,7.0,3,6.0,4,9,37,4,93757,61213,8,6,6,4,6,4,8,8,5,7,3,Female,Tier 3,Hybrid
51,159722,7.0,7,2.4,5,4,1,15,85999,107245,7,3,1,10,1,1,8,9,2,7,6,Female,Tier 1,Store
43,150239,7.5,7,3.6,7,8,24,2,105491,65210,5,4,4,5,6,3,6,6,4,6,8,Male,Tier 2,Hybrid
39,104785,7.0,8,4.1,5,9,21,8,83887,54295,7,5,4,4,6,8,7,3,6,6,8,Other,Tier 1,Store
63,104776,5.8,10,2.4,5,8,22,7,110704,22713,3,4,6,7,7,10,3,9,3,5,1,Other,Tier 1,Store
40,111350,5.0,12,2.7,8,8,17,12,52108,102298,4,3,4,3,4,6,2,7,5,3,6,Male,Tier 3,Hybrid
22,191516,8.4,7,4.6,5,8,33,2,142538,18058,7,5,3,2,5,7,8,7,4,10,1,Other,Tier 3,Hybrid
50,84034,10.0,9,5.5,6,6,40,9,45228,42910,4,7,3,9,6,2,10,8,4,7,2,Male,Tier 3,Hybrid
75,56723,7.2,9,3.9,6,7,23,8,95078,15095,10,3,4,8,10,3,6,9,6,6,5,Male,Tier 2,Store
62,56825,7.6,1,4.8,6,6,0,12,900,74228,10,6,7,8,3,4,7,5,3,6,4,Female,Tier 3,Store
64,107036,8.2,5,3.1,2,9,40,10,67563,64966,10,0,3,3,10,7,4,8,5,4,3,Other,Tier 1,Hybrid
23,175045,8.1,3,6.0,9,10,44,10,150000,102064,5,9,3,4,8,8,10,4,1,9,1,Other,Tier 1,Hybrid
65,119774,2.4,1,1.8,5,4,10,11,109899,40272,9,7,4,5,8,2,6,8,4,5,1,Male,Tier 3,Store
40,168461,8.3,5,4.9,7,10,32,4,101112,49841,5,8,5,3,10,10,8,10,4,9,6,Female,Tier 1,Hybrid
32,140316,11.7,9,6.0,8,10,40,9,83605,66530,6,5,4,9,8,6,8,6,1,9,6,Other,Tier 1,Online
52,116481,5.9,10,2.4,6,8,25,14,150000,57566,6,5,5,5,7,7,6,9,2,7,7,Male,Tier 2,Hybrid
42,99492,6.6,6,3.0,7,6,31,11,62955,79368,6,6,5,4,9,8,4,5,1,7,7,Female,Tier 1,Hybrid
36,110493,8.7,14,5.6,7,8,27,7,85699,77293,8,3,5,8,6,4,7,4,1,6,7,Male,Tier 2,Store
50,109912,6.5,12,4.1,6,7,22,14,40261,85005,10,6,5,6,4,2,9,7,3,8,10,Female,Tier 2,Store
57,75560,7.7,10,2.9,9,6,16,14,45022,53419,8,1,3,4,5,3,5,8,10,10,6,Male,Tier 1,Store
43,194655,7.6,7,5.9,3,10,36,0,86925,26046,3,7,2,2,1,7,7,6,6,8,9,Other,Tier 2,Hybrid
51,115191,3.3,9,2.2,4,9,18,12,51577,46474,5,3,5,5,5,3,3,8,3,5,10,Other,Tier 3,Store
50,96304,7.8,7,4.4,1,5,24,11,24804,46260,4,7,5,6,9,6,7,9,6,7,7,Female,Tier 3,Store
57,182511,5.4,3,2.8,5,7,18,7,78455,93829,5,3,4,5,6,5,5,2,8,8,6,Male,Tier 1,Store
55,176142,6.0,8,2.1,7,6,0,17,25594,17157,6,7,4,2,5,3,7,10,4,6,9,Female,Tier 1,Store
49,107045,6.5,6,3.1,6,4,9,18,14440,127898,10,0,3,4,10,8,9,6,4,9,6,Male,Tier 1,Store
34,148474,7.5,9,3.2,6,9,33,12,123744,128600,5,7,6,5,3,5,9,7,8,3,10,Other,Tier 3,Store
29,154109,10.3,13,4.3,3,10,35,4,91423,93785,7,3,3,5,10,6,10,6,4,6,4,Female,Tier 2,Hybrid
54,115825,9.0,7,2.2,1,7,37,10,150000,98778,8,8,3,5,6,5,6,2,5,7,3,Other,Tier 2,Store
53,147223,9.0,3,4.6,5,8,24,12,89825,121967,3,5,3,7,5,8,8,4,5,8,6,Male,Tier 3,Hybrid
46,101075,11.4,13,3.2,10,10,36,15,142595,98940,5,5,3,5,4,5,6,7,4,10,3,Female,Tier 2,Online
34,122991,9.1,14,5.3,6,10,48,3,144444,6882,6,6,7,6,9,4,10,6,3,8,8,Female,Tier 3,Hybrid
52,150682,6.0,11,4.1,8,9,31,10,150000,82117,7,5,6,5,9,6,5,8,3,8,10,Female,Tier 2,Hybrid
24,94649,11.6,4,6.0,7,8,42,0,105070,66267,6,6,3,5,10,10,10,7,3,7,4,Other,Tier 1,Hybrid
45,184053,8.5,14,3.5,3,6,17,10,89873,79857,5,8,3,3,6,7,9,4,8,4,6,Female,Tier 3,Hybrid
70,140620,7.7,9,0.7,1,5,8,15,55419,51262,6,5,2,6,3,2,5,10,7,7,7,Male,Tier 2,Store
30,126964,8.3,5,2.6,5,9,30,11,113301,79691,4,9,5,4,8,6,7,6,4,8,8,Female,Tier 3,Hybrid
24,64781,10.5,7,6.0,8,9,38,5,65200,73283,7,4,1,7,9,5,9,5,3,7,8,Other,Tier 1,Hybrid
61,98388,6.4,6,2.0,7,6,28,12,88852,43378,5,3,2,2,8,3,6,9,5,10,4,Female,Tier 2,Store
25,135281,10.6,9,4.7,5,8,45,2,150000,10464,8,9,3,6,6,10,9,3,3,7,5,Female,Tier 1,Hybrid
54,250000,6.2,8,3.9,8,7,29,8,124388,115149,4,9,4,6,4,5,5,8,5,4,4,Male,Tier 3,Store
73,15000,2.6,10,0.5,7,6,18,6,37888,19683,6,4,5,5,7,6,5,8,4,7,4,Male,Tier 3,Store
56,156840,2.4,13,1.9,3,6,3,19,59265,89607,5,2,5,3,6,7,5,9,6,6,4,Female,Tier 2,Store
38,134033,5.6,12,4.2,4,10,16,13,93231,85350,5,4,6,4,6,6,8,8,3,6,3,Male,Tier 2,Store
51,100929,6.1,8,2.0,5,10,29,9,81042,24661,5,3,6,5,5,8,8,8,5,6,8,Other,Tier 3,Store
64,87090,6.2,10,4.3,4,6,21,11,53848,63873,5,3,3,5,3,6,9,7,8,7,5,Other,Tier 1,Store
40,92200,8.0,6,1.9,5,9,38,3,147086,19147,4,4,7,6,8,7,6,6,1,10,6,Male,Tier 3,Online
40,96083,8.5,10,5.0,10,9,32,4,76910,500,7,5,3,4,7,7,7,1,5,10,5,Female,Tier 2,Online
25,236576,10.9,11,4.0,10,10,39,8,137087,68462,6,4,4,1,6,10,4,5,5,10,6,Male,Tier 1,Online
35,125624,10.6,7,6.0,6,10,45,2,59608,12918,3,8,4,5,8,10,8,5,3,7,10,Male,Tier 2,Hybrid
48,218271,5.7,6,3.6,7,7,9,13,57362,47864,5,3,1,9,5,9,9,5,5,8,7,Male,Tier 1,Hybrid
34,139986,7.0,10,4.0,4,7,38,4,110157,57543,9,5,5,4,4,9,8,1,1,8,10,Male,Tier 3,Hybrid
47,180906,5.7,5,3.3,4,8,20,13,94876,91559,5,9,2,7,10,6,8,8,3,7,10,Male,Tier 2,Store
46,67031,6.2,6,5.7,8,8,25,9,73671,48744,7,9,6,7,9,3,10,6,1,6,7,Other,Tier 2,Store
55,207619,6.3,7,1.3,6,5,9,12,41424,133119,5,0,2,5,1,4,10,10,4,6,6,Male,Tier 2,Store
34,158640,8.4,10,5.6,4,10,31,9,129065,66725,6,4,4,4,3,8,10,9,7,4,10,Other,Tier 2,Store
33,142438,12.0,11,6.0,10,10,49,0,129009,30186,3,9,5,8,10,5,7,7,1,7,5,Female,Tier 2,Online
59,103467,3.7,6,3.3,2,5,26,6,40437,78908,4,4,4,7,5,3,5,6,6,8,9,Other,Tier 3,Store
55,238937,7.7,4,4.0,4,10,22,12,143946,116430,1,7,1,5,3,9,5,4,7,10,5,Female,Tier 1,Hybrid
57,107171,5.8,5,4.3,3,10,19,11,78090,65932,7,9,3,8,7,6,7,10,6,3,6,Male,Tier 3,Store
44,129663,7.0,2,3.9,8,9,28,2,75639,101292,9,5,7,7,7,8,8,4,4,7,10,Other,Tier 2,Hybrid
18,51589,7.6,5,3.6,2,10,25,8,110597,10301,5,6,4,7,7,6,6,3,1,5,4,Female,Tier 1,Store
32,112033,7.0,13,5.0,5,6,16,10,75108,75521,7,4,2,10,10,2,10,5,5,6,3,Male,Tier 1,Hybrid
30,109716,8.0,5,2.6,9,9,44,3,110103,108592,7,7,2,4,5,5,8,2,3,7,10,Other,Tier 3,Online
65,127504,2.9,7,3.1,3,7,17,12,91555,99599,6,9,7,9,6,5,5,4,9,4,1,Other,Tier 2,Store
44,92773,6.7,12,6.0,6,6,24,10,65329,60102,5,4,6,4,7,6,7,5,3,6,5,Female,Tier 3,Store
18,57734,5.9,4,4.0,7,10,28,9,56698,14375,5,6,4,6,2,8,6,4,1,9,4,Other,Tier 2,Store
61,110148,6.9,2,3.9,8,8,17,12,47460,68972,7,6,5,5,4,7,7,5,4,6,5,Male,Tier 3,Hybrid
41,102127,11.3,10,6.0,4,9,36,6,85153,33774,7,3,5,5,4,6,8,10,6,8,8,Other,Tier 2,Online
45,15000,9.3,3,5.8,9,8,20,12,101713,16824,10,4,7,10,5,8,6,7,9,5,6,Other,Tier 3,Hybrid
61,131161,6.0,9,3.7,6,6,14,15,91608,111774,4,6,5,4,7,2,5,8,6,5,6,Male,Tier 1,Store
34,117482,6.2,6,3.7,6,7,21,10,48298,54079,6,0,7,3,4,8,6,6,1,6,7,Other,Tier 3,Hybrid
40,244840,10.0,5,4.4,8,10,40,5,150000,79657,5,9,4,7,10,6,10,6,7,10,10,Female,Tier 1,Online
33,142662,7.4,6,4.5,1,5,12,3,66302,29105,7,2,5,7,7,2,5,3,2,8,3,Female,Tier 3,Store
79,45212,4.3,2,2.5,4,8,25,12,44614,76525,7,3,3,4,7,7,4,10,9,5,4,Female,Tier 3,Store
79,76164,3.5,9,2.1,5,7,6,7,70459,62205,3,5,3,6,3,4,8,8,4,5,4,Male,Tier 3,Store
44,175297,8.9,3,3.9,10,10,29,6,82456,91614,5,9,7,6,8,5,9,3,6,3,1,Male,Tier 2,Hybrid
67,15000,6.1,3,2.3,1,6,16,10,26345,34091,9,5,5,8,6,4,7,8,7,2,7,Female,Tier 3,Hybrid
43,127617,7.6,5,4.5,7,8,34,13,127944,85868,6,5,5,5,1,6,10,8,4,6,7,Male,Tier 3,Store
30,103414,8.1,13,5.0,5,5,11,3,45296,20414,6,2,5,2,8,1,8,9,4,10,7,Male,Tier 2,Store
51,139449,8.3,4,2.6,3,10,20,10,62998,97449,6,0,2,8,7,7,5,5,2,9,9,Male,Tier 1,Store
29,74950,8.5,14,4.4,4,10,49,0,79357,49852,5,4,5,5,10,5,10,1,3,10,8,Male,Tier 3,Online
45,35202,9.3,5,3.9,4,10,42,2,125166,500,5,7,5,9,8,4,9,6,4,5,10,Male,Tier 3,Online
53,96688,8.4,2,1.7,6,8,30,9,111848,32652,4,0,5,5,4,6,6,6,6,6,6,Male,Tier 3,Store
26,114867,9.2,6,3.8,7,9,30,6,102439,10446,4,7,7,7,7,8,7,4,3,8,8,Male,Tier 2,Hybrid
52,140221,4.4,3,2.7,5,7,20,8,54260,19881,6,7,4,5,2,4,7,8,7,5,8,Female,Tier 3,Store
79,117950,3.9,6,2.7,3,3,17,10,51127,78322,6,3,1,6,10,7,6,10,10,9,6,Other,Tier 1,Store
38,231009,9.2,2,4.0,6,7,23,11,79705,106780,3,7,2,1,1,4,9,5,9,9,10,Other,Tier 2,Hybrid
72,219467,4.4,5,2.3,3,2,0,19,18120,67112,1,6,3,4,6,2,4,10,3,10,4,Female,Tier 2,Store
49,58012,5.9,10,3.7,3,6,9,18,14018,59825,4,6,4,7,3,3,7,7,3,3,6,Female,Tier 3,Store
18,72576,12.0,4,5.1,6,9,49,4,124459,8536,5,7,1,7,2,4,5,5,3,3,7,Male,Tier 2,Hybrid
40,54849,3.6,7,4.7,6,7,7,15,900,63330,7,4,5,5,1,6,8,5,4,10,3,Other,Tier 2,Store
44,103556,6.9,3,3.6,6,9,17,14,900,64303,8,5,2,5,1,7,5,6,3,5,5,Male,Tier 1,Store
59,135885,5.2,6,2.1,3,6,0,19,72070,123373,7,4,5,6,3,2,4,10,9,6,6,Female,Tier 1,Store
66,147422,6.9,1,1.2,2,6,16,8,18302,5371,7,8,1,5,7,5,5,10,6,1,4,Male,Tier 2,Store
66,153372,9.0,4,3.0,5,7,33,3,87241,71331,2,4,3,5,4,7,6,9,4,10,2,Male,Tier 1,Store
36,101438,9.0,7,5.1,7,9,49,0,95407,779,6,3,3,7,8,4,7,7,4,8,7,Male,Tier 2,Hybrid
27,98797,7.7,13,3.7,5,10,26,10,60912,39884,6,5,7,5,10,5,5,7,3,10,3,Other,Tier 3,Store
62,135229,3.4,11,1.4,10,8,9,14,34510,85255,4,3,2,5,8,6,4,9,7,3,8,Male,Tier 1,Hybrid
61,72403,3.0,2,2.6,5,7,16,13,35783,141789,7,6,4,9,5,6,7,9,6,7,6,Female,Tier 3,Store
49,153520,5.1,5,3.6,8,7,26,11,60058,99461,3,6,1,5,7,5,9,6,4,2,5,Other,Tier 1,Store
79,101601,4.2,4,2.3,6,5,21,12,42394,70761,10,6,3,7,7,5,7,10,8,9,2,Male,Tier 2,Store
21,138718,11.3,3,5.1,6,10,44,2,80758,20942,5,8,6,5,9,9,6,4,2,8,5,Female,Tier 2,Hybrid
64,104563,3.9,4,3.6,1,4,7,11,46294,74747,7,9,5,6,6,5,8,7,7,10,3,Male,Tier 2,Store
63,132605,12.0,7,3.8,5,6,35,5,120706,46283,7,7,3,4,6,3,6,4,4,6,10,Other,Tier 3,Hybrid
56,105028,4.9,5,3.5,4,6,0,18,58681,55041,7,1,4,9,3,4,10,6,5,6,3,Male,Tier 2,Store
40,96989,9.6,7,6.0,5,8,43,9,150000,14314,7,6,4,5,7,8,10,8,5,6,10,Male,Tier 3,Hybrid
21,175139,11.3,8,5.0,4,10,49,6,150000,60474,6,7,2,7,4,10,8,2,2,6,3,Male,Tier 1,Online
61,124195,6.2,2,1.0,5,9,29,15,78569,114932,7,4,5,10,7,6,4,6,4,10,8,Female,Tier 1,Store
38,106083,6.5,8,3.1,5,7,15,15,58731,62768,5,5,3,4,3,3,8,3,1,10,5,Other,Tier 2,Store
48,191816,3.7,7,5.9,5,7,31,2,143225,74074,7,5,2,5,10,4,6,7,7,9,9,Female,Tier 1,Store
57,56356,7.0,13,2.4,5,7,36,4,49688,13861,8,5,5,7,8,8,7,6,4,6,3,Female,Tier 3,Hybrid
49,104109,8.6,6,4.0,7,8,24,11,137206,59368,5,5,4,5,3,4,10,7,5,5,9,Female,Tier 2,Store
59,127700,5.3,10,3.9,3,3,9,14,27794,47904,8,3,4,5,5,1,5,7,4,6,7,Female,Tier 2,Store
55,137526,7.1,3,1.8,6,9,24,6,63384,18138,4,4,3,4,2,5,7,8,3,6,5,Female,Tier 2,Hybrid
40,106759,10.7,4,5.0,4,10,40,1,134199,2944,7,8,3,8,8,10,9,1,7,9,10,Male,Tier 1,Hybrid
46,37930,7.9,11,2.8,5,8,27,6,75106,35994,6,9,5,3,6,4,5,4,7,6,8,Male,Tier 2,Hybrid
36,58140,7.6,6,5.9,6,10,31,16,90541,4310,6,7,6,6,3,4,8,2,3,8,3,Male,Tier 3,Hybrid
23,65956,9.8,1,4.0,4,9,27,11,48902,15811,8,2,5,2,5,4,10,6,6,9,2,Female,Tier 3,Store
58,142891,5.5,4,0.7,8,9,28,8,112361,42180,6,6,4,5,6,5,1,7,5,6,4,Other,Tier 1,Hybrid
51,19615,5.4,10,1.9,3,5,11,9,70012,31599,8,4,3,3,6,3,3,4,7,6,7,Other,Tier 3,Store
46,58260,5.9,9,4.9,9,9,29,11,64826,60537,7,6,5,5,4,8,10,8,9,7,9,Other,Tier 2,Hybrid
53,163605,7.4,6,2.6,5,5,26,11,105547,47734,7,6,3,5,6,5,7,6,6,9,9,Other,Tier 2,Store
69,15000,4.6,9,2.5,2,4,4,16,7757,52355,9,2,4,5,2,3,5,7,9,4,10,Female,Tier 3,Store
42,152053,7.5,12,3.5,8,6,9,10,98687,56354,6,4,2,3,7,8,8,6,7,8,8,Female,Tier 1,Hybrid
68,109608,3.5,6,0.5,5,5,5,14,39369,96436,7,6,2,7,4,3,1,10,3,3,7,Male,Tier 2,Store
60,40298,6.0,7,0.3,3,8,26,12,105921,73094,8,1,2,10,1,6,1,8,7,5,1,Male,Tier 2,Store
44,33138,8.1,13,4.3,4,6,22,7,55244,18942,7,3,4,7,4,4,7,4,4,8,8,Female,Tier 3,Store
57,94866,6.4,9,3.9,6,6,29,10,71454,112567,5,5,3,6,9,3,3,4,6,6,6,Male,Tier 3,Hybrid
49,117865,7.3,10,2.6,4,8,41,3,89467,5400,6,4,4,6,7,5,3,7,4,4,8,Female,Tier 3,Store
48,108105,9.7,14,4.2,8,6,30,6,54963,47732,6,9,3,7,10,5,6,7,6,5,8,Female,Tier 2,Store
59,97189,2.4,10,0.9,7,8,11,14,33835,98280,7,9,4,7,5,6,6,8,8,5,4,Other,Tier 2,Store
62,118967,6.2,4,2.6,2,5,21,19,81124,56980,5,6,4,4,9,6,8,8,3,4,1,Other,Tier 1,Store
66,74146,7.0,5,2.3,3,4,16,8,86733,49702,8,4,4,5,3,5,4,5,4,8,3,Male,Tier 2,Store
31,155666,7.7,12,4.6,8,10,40,9,96068,89618,3,9,4,6,6,3,10,5,3,7,5,Male,Tier 1,Hybrid
24,114880,9.3,1,4.3,7,8,29,5,91006,500,6,8,4,5,4,4,5,5,1,10,10,Other,Tier 1,Online
71,120749,3.8,8,0.0,3,6,15,10,29683,82499,6,1,5,2,2,2,1,10,6,8,1,Male,Tier 3,Store
31,192857,8.3,11,6.0,6,7,26,0,87939,47001,8,9,2,3,8,6,8,4,3,10,8,Female,Tier 1,Store
61,107181,4.8,4,2.4,6,6,9,14,76965,93102,7,2,7,6,8,6,6,8,5,10,1,Female,Tier 3,Store
51,138314,4.0,4,1.9,3,6,12,8,87193,30119,8,2,3,8,5,5,6,1,7,7,6,Male,Tier 1,Store
30,160567,5.1,13,4.4,8,7,3,16,10157,63394,6,6,3,4,3,5,8,6,4,10,7,Female,Tier 2,Store
32,123094,7.3,9,5.3,7,9,14,12,86128,94067,8,7,4,6,3,6,9,8,3,5,4,Other,Tier 3,Store
53,108483,10.3,6,4.6,2,7,35,10,109499,9137,4,9,4,5,7,6,5,7,6,5,6,Male,Tier 3,Hybrid
43,171900,4.7,10,3.9,6,7,17,10,33946,34388,7,1,5,2,4,6,8,7,3,7,9,Other,Tier 2,Store
39,143509,6.9,14,4.0,5,8,28,4,16433,134317,7,7,4,6,7,9,4,7,8,7,7,Female,Tier 1,Hybrid
39,181937,6.4,13,3.7,9,8,15,11,41974,134213,6,5,6,5,4,4,3,5,3,5,10,Male,Tier 3,Hybrid
18,148972,10.8,8,5.5,5,10,48,9,110745,107657,6,3,4,4,8,8,10,1,1,7,3,Female,Tier 1,Online
57,52674,8.4,9,0.8,7,6,44,0,60252,500,7,5,2,5,7,6,2,7,5,8,4,Other,Tier 2,Hybrid
25,61165,10.4,7,5.3,8,10,37,0,77558,500,8,7,2,4,4,7,9,5,1,7,4,Female,Tier 2,Online
34,141216,7.7,8,3.1,7,10,44,1,133947,34180,4,6,3,1,9,7,8,6,5,9,6,Male,Tier 2,Hybrid
53,49127,6.9,9,2.2,4,7,34,3,39404,25373,10,2,4,7,3,7,2,4,10,5,5,Female,Tier 2,Store
32,157766,7.7,13,5.6,4,7,25,15,133251,45348,4,9,4,4,9,7,8,8,1,6,7,Female,Tier 2,Store
46,15000,6.2,12,2.1,5,9,41,6,133415,35433,8,7,7,8,2,7,8,6,4,7,7,Other,Tier 3,Hybrid
47,77981,9.2,6,3.7,5,7,35,0,144347,500,8,6,3,5,6,3,6,4,6,10,5,Female,Tier 2,Hybrid
39,129176,8.6,13,5.8,6,8,23,11,36202,95857,5,7,5,7,6,5,10,9,6,9,8,Male,Tier 1,Hybrid
53,108868,8.6,1,3.0,6,10,37,7,142286,24774,4,7,5,3,4,10,3,6,2,5,8,Female,Tier 1,Hybrid
30,112471,10.6,3,6.0,6,10,49,0,132403,10420,8,7,7,7,8,4,7,6,1,4,8,Male,Tier 3,Online
18,15000,10.1,4,5.4,6,10,49,3,90414,63048,5,5,5,9,9,9,6,3,1,9,1,Other,Tier 3,Online
36,190373,9.5,9,4.7,6,9,49,0,113193,41018,2,4,3,4,10,2,10,1,3,7,7,Male,Tier 3,Online
30,47103,6.1,14,3.3,4,6,19,6,25045,42842,8,2,7,6,1,7,9,5,8,10,4,Female,Tier 2,Store
41,91903,7.7,10,1.6,3,8,31,11,80168,30054,10,3,5,10,10,5,6,8,6,9,9,Male,Tier 2,Hybrid
67,104544,3.6,4,0.0,2,6,23,11,114915,31326,8,9,7,4,8,6,3,9,8,5,1,Other,Tier 3,Store
31,85466,11.2,8,6.0,5,10,47,1,69966,51423,4,7,6,8,7,10,7,1,4,5,6,Female,Tier 2,Online
47,105946,8.9,9,4.0,5,7,21,14,89266,88930,6,3,6,5,2,4,10,4,5,7,10,Male,Tier 3,Hybrid
36,121357,8.1,9,3.9,6,7,37,7,107872,14629,4,3,6,7,10,6,6,5,6,9,8,Female,Tier 2,Store
34,161394,8.8,7,2.8,1,9,43,3,108227,83775,5,4,6,4,7,5,2,6,3,7,7,Male,Tier 2,Online
42,220567,8.0,7,5.9,7,10,29,11,150000,84468,3,6,4,5,7,8,9,6,3,6,1,Male,Tier 2,Online
18,28620,9.8,4,6.0,8,10,42,0,79031,12719,9,3,5,9,9,4,10,3,4,9,3,Other,Tier 2,Online
53,160246,5.2,14,4.1,2,8,35,2,121884,88204,7,4,7,5,1,5,10,5,3,7,6,Female,Tier 2,Hybrid
30,136925,8.4,11,4.5,10,10,36,12,116834,106108,6,6,7,5,7,5,8,8,9,2,5,Female,Tier 2,Hybrid
53,185901,7.4,14,4.1,5,7,30,10,133715,58548,5,6,3,1,6,7,8,7,3,7,6,Male,Tier 2,Store
57,125330,8.8,14,2.9,6,7,38,8,98908,82539,6,4,1,7,8,8,5,5,7,9,2,Female,Tier 1,Hybrid
63,92193,6.9,10,2.7,1,3,9,19,28844,79208,8,2,3,6,7,8,6,9,3,9,5,Female,Tier 3,Store
45,51479,7.0,12,3.2,9,4,15,9,23770,55774,6,0,6,5,9,1,6,8,3,7,5,Female,Tier 2,Hybrid
67,126026,4.9,7,2.1,3,5,18,19,28238,118277,5,3,4,6,2,3,6,9,8,5,5,Female,Tier 3,Store
55,111340,8.6,6,2.8,6,7,33,14,70404,76065,4,6,4,8,5,5,5,6,10,10,6,Female,Tier 3,Hybrid
64,101350,6.2,4,3.2,5,5,10,15,36182,102556,5,4,5,3,5,3,4,8,2,5,4,Other,Tier 3,Store
58,133642,4.7,4,1.9,1,5,20,14,62465,57546,5,4,2,4,9,10,4,6,7,6,8,Male,Tier 1,Store
45,138209,6.9,13,2.5,4,6,24,6,75859,53543,7,7,2,7,7,8,7,6,4,10,6,Female,Tier 1,Store
25,104935,11.6,3,3.5,7,10,48,3,85878,55462,7,3,2,7,10,5,6,1,3,6,7,Other,Tier 3,Online
38,146360,7.7,9,6.0,9,10,31,2,73168,46461,6,4,4,6,8,8,9,4,6,7,8,Male,Tier 1,Online
42,117021,6.6,9,3.2,4,8,28,18,134643,87543,7,5,5,5,8,4,1,5,4,10,6,Male,Tier 3,Hybrid
64,162062,5.0,6,2.7,5,4,13,8,24405,66667,6,5,4,3,4,3,6,9,4,5,3,Male,Tier 2,Store
18,60216,8.1,3,6.0,4,10,20,13,70225,99161,9,7,5,5,2,7,7,8,3,4,4,Male,Tier 2,Hybrid
56,90902,8.6,6,4.0,5,8,40,9,133312,60210,10,7,5,6,5,7,10,5,6,6,7,Male,Tier 1,Hybrid
37,123061,8.1,11,2.2,10,10,49,5,128126,83269,4,8,2,7,8,8,8,4,6,5,6,Other,Tier 1,Hybrid
59,44954,3.3,12,2.8,6,8,14,12,7799,83782,8,4,2,6,1,7,6,5,3,6,3,Male,Tier 3,Store
42,133696,8.9,6,2.9,10,10,32,3,113916,68161,3,1,4,1,3,3,4,7,2,9,2,Other,Tier 2,Online
27,55108,11.3,7,6.0,9,10,41,0,103746,10587,9,9,5,9,5,5,10,3,1,10,7,Male,Tier 3,Online
49,46192,7.8,11,4.2,7,6,21,13,47037,74038,5,0,2,8,4,5,8,6,3,4,10,Other,Tier 3,Store
57,82871,6.0,14,2.7,3,10,30,13,95625,46972,10,4,5,5,1,7,3,7,5,7,2,Other,Tier 3,Store
49,31805,7.8,8,1.3,6,8,24,10,58891,41296,5,4,4,8,7,5,8,6,9,9,6,Female,Tier 3,Hybrid
27,91739,8.2,10,4.6,5,9,26,6,102989,33868,6,4,5,5,3,3,7,7,2,7,9,Male,Tier 2,Store
30,231435,6.8,12,4.0,5,8,19,11,150000,90965,1,7,2,6,7,9,10,4,2,8,8,Male,Tier 2,Hybrid
79,102553,7.3,4,4.3,2,6,17,7,91613,54361,6,8,3,3,5,10,5,10,8,10,4,Female,Tier 1,Store
43,97176,8.4,4,6.0,5,10,39,2,78176,500,7,5,6,3,5,10,6,2,4,6,7,Female,Tier 2,Store
32,141516,10.1,7,5.7,2,10,44,4,150000,500,5,2,4,6,10,7,7,6,5,10,5,Female,Tier 1,Online
27,46257,9.8,7,4.5,8,10,49,0,36090,62250,8,9,4,8,10,6,10,1,2,9,8,Female,Tier 2,Online
79,113155,7.6,1,2.6,1,3,15,9,58426,45447,8,7,5,3,8,7,6,9,6,9,9,Male,Tier 3,Store
19,106557,11.2,1,6.0,9,10,33,10,121391,92781,1,8,4,5,5,4,10,5,3,10,4,Male,Tier 3,Online
35,165194,8.5,4,5.3,7,8,43,7,150000,5192,4,6,2,6,6,10,10,7,1,7,4,Male,Tier 1,Hybrid
33,40869,6.2,14,4.0,5,7,31,6,57669,56106,8,5,4,6,6,7,5,6,4,8,5,Other,Tier 3,Hybrid
35,188502,12.0,12,2.5,6,10,49,5,150000,45833,5,7,3,2,8,5,6,6,4,10,6,Male,Tier 1,Online
50,160547,7.7,14,3.8,3,6,32,9,92060,99487,3,6,2,4,9,3,5,5,10,7,5,Female,Tier 1,Hybrid
67,100011,5.1,5,2.6,2,5,29,8,51963,38300,7,1,7,6,5,7,3,5,7,10,1,Other,Tier 3,Store
39,96988,7.7,10,5.0,3,10,27,13,60601,98404,7,3,3,4,9,5,10,2,3,10,5,Male,Tier 2,Store
40,166372,6.8,6,2.0,6,9,30,8,105023,37132,2,4,3,5,6,7,9,7,1,3,2,Female,Tier 2,Store
33,155389,9.8,11,4.3,8,10,36,8,130253,111086,7,8,3,6,7,8,7,7,6,7,8,Other,Tier 3,Online
51,139089,5.9,5,0.8,10,10,17,8,127249,65592,6,8,2,6,3,10,3,2,2,10,3,Other,Tier 1,Hybrid
27,86026,8.4,11,4.4,4,7,25,6,114635,64413,7,8,3,2,10,3,10,7,4,6,9,Female,Tier 3,Hybrid
43,108760,5.9,7,2.6,5,10,38,5,110071,64990,3,7,4,6,5,10,6,6,4,7,7,Female,Tier 2,Hybrid
43,82006,8.4,8,2.7,7,8,28,3,113502,58509,8,7,7,10,3,9,7,6,4,4,4,Male,Tier 3,Online
51,166087,7.5,8,4.5,1,3,4,19,106061,110076,8,4,5,5,4,5,10,7,1,8,6,Female,Tier 3,Store
67,117045,5.0,10,2.3,5,3,0,19,16261,55967,7,0,4,4,6,4,3,10,8,8,2,Female,Tier 2,Store
51,71948,5.1,4,2.5,4,5,11,15,67987,58431,9,4,3,5,6,5,4,9,5,6,9,Male,Tier 1,Store
56,48694,3.9,2,2.1,1,5,15,10,17327,66234,7,6,3,2,5,4,6,8,6,8,5,Female,Tier 3,Store
33,73398,8.4,6,4.2,7,10,45,4,55443,73225,5,6,7,5,6,4,7,5,7,10,6,Female,Tier 3,Hybrid
57,100790,8.1,10,3.1,4,6,23,10,900,84140,2,4,4,3,6,5,5,5,6,7,2,Male,Tier 2,Store
58,116375,6.7,10,0.6,6,7,20,10,68858,67851,3,7,6,5,9,6,5,5,6,9,1,Male,Tier 2,Store
49,135978,7.5,4,3.0,6,7,18,5,61132,67778,7,1,5,6,8,5,6,8,6,6,8,Female,Tier 2,Store
79,124968,5.1,3,1.9,5,4,19,10,67411,36224,7,5,2,9,6,4,10,8,8,9,4,Male,Tier 1,Store
57,76706,8.7,9,3.9,4,8,32,6,71535,30965,8,8,4,10,8,7,10,6,4,9,5,Female,Tier 1,Store
44,142784,6.0,8,3.5,6,8,33,16,150000,123274,8,3,2,5,7,6,7,8,7,10,8,Male,Tier 1,Hybrid
61,143762,8.2,1,2.8,4,9,45,9,115321,115514,5,7,4,4,7,5,4,10,5,8,8,Other,Tier 1,Store
41,202343,9.6,12,4.4,7,6,43,0,110700,17328,4,8,2,5,7,5,9,6,4,10,8,Other,Tier 1,Hybrid
33,188331,8.5,11,4.3,5,8,25,8,114519,111401,5,1,2,7,9,8,7,5,3,9,3,Male,Tier 1,Store
43,81202,9.7,11,2.9,8,8,33,9,19889,65165,7,5,6,6,7,4,6,8,5,8,8,Female,Tier 3,Store
18,127993,7.6,7,6.0,6,10,38,12,111009,67029,7,6,2,7,5,7,10,9,1,10,3,Other,Tier 3,Store
61,123467,8.6,2,4.4,4,7,16,11,69910,67973,7,3,5,4,6,3,9,9,3,4,1,Female,Tier 1,Store
66,100799,8.0,1,1.6,5,9,32,12,28334,71914,5,6,5,8,8,10,3,8,4,9,5,Other,Tier 1,Hybrid
36,196367,9.1,12,4.6,8,10,49,1,150000,32968,4,3,2,6,10,4,10,2,6,9,8,Male,Tier 1,Hybrid
18,19641,10.5,5,4.7,3,9,29,6,71977,81182,8,4,5,10,8,8,10,8,1,8,2,Male,Tier 3,Hybrid
47,88930,5.0,11,4.7,6,10,19,18,36098,122076,10,4,7,8,5,3,8,7,7,4,8,Other,Tier 3,Store
53,170515,8.8,1,1.2,6,10,39,9,150000,49832,3,6,3,7,5,7,1,8,4,7,5,Other,Tier 1,Hybrid
63,140337,2.1,10,1.6,3,2,0,17,56737,78585,6,6,5,5,5,5,6,8,6,4,5,Male,Tier 2,Store
39,60974,7.5,9,4.8,9,10,39,10,131291,30973,8,4,7,6,6,7,10,4,2,5,5,Male,Tier 3,Online
24,61928,9.8,4,5.9,6,10,46,8,144983,91570,8,6,2,4,8,8,9,6,4,7,5,Male,Tier 2,Store
43,183367,8.6,12,4.7,8,10,24,8,103592,130041,1,1,6,7,7,5,10,5,4,7,6,Female,Tier 3,Online
39,114310,6.9,11,3.4,3,7,15,9,31267,55741,8,1,4,6,6,5,7,2,5,4,7,Male,Tier 2,Hybrid
79,38427,5.7,1,3.9,9,6,19,10,49242,11144,6,4,3,10,2,2,9,7,3,7,5,Other,Tier 1,Store
29,141943,7.4,12,4.4,5,5,29,11,111257,133267,7,3,5,5,8,7,6,3,2,9,5,Other,Tier 3,Store
53,196176,3.3,2,4.1,5,7,22,5,104772,25725,5,6,1,3,8,9,8,3,2,4,7,Other,Tier 2,Store
39,99223,8.0,5,4.9,6,10,29,8,93815,71928,5,6,4,5,10,5,9,7,8,7,4,Male,Tier 3,Store
62,144344,5.4,7,5.4,1,8,17,7,61151,97470,6,3,5,7,4,7,9,9,6,8,6,Male,Tier 2,Store
35,118955,10.3,5,5.3,5,10,43,0,129953,19463,6,7,4,7,4,6,10,1,6,9,6,Female,Tier 2,Online
54,214835,6.9,8,4.0,7,10,12,16,38041,140192,6,8,5,6,5,8,5,10,10,6,10,Female,Tier 3,Store
30,169467,5.9,2,3.7,7,8,31,9,143689,71095,8,8,3,2,6,10,8,8,8,10,9,Male,Tier 1,Store
63,108087,1.0,5,0.1,6,1,0,12,21905,80114,3,5,4,7,5,5,2,8,3,5,1,Male,Tier 3,Store
63,63143,6.3,4,3.3,6,6,19,11,25887,75909,5,3,5,7,4,3,8,7,7,9,1,Male,Tier 3,Store
25,109319,7.2,9,3.5,6,10,19,13,121282,116917,8,1,6,4,7,7,7,5,4,5,7,Female,Tier 3,Store
78,71716,3.7,3,0.6,5,3,14,7,20388,500,6,6,4,5,3,6,1,6,9,8,5,Female,Tier 2,Store
62,58641,4.5,3,3.0,4,4,5,8,900,6800,10,9,6,3,3,6,5,5,10,9,5,Female,Tier 3,Store
40,159659,5.6,9,5.5,5,7,35,5,137048,68469,6,2,3,5,10,6,9,5,5,10,7,Other,Tier 2,Hybrid
26,39457,7.5,13,6.0,6,6,31,9,120060,70289,4,6,4,9,8,4,7,6,3,7,7,Male,Tier 3,Store
23,63625,10.2,2,5.7,10,9,35,8,79347,37386,4,9,4,2,8,8,8,7,3,7,4,Other,Tier 3,Online
51,176515,8.1,2,3.2,2,8,27,8,94216,90635,4,0,5,2,8,5,9,8,4,3,5,Male,Tier 2,Store
37,87427,8.2,5,4.7,3,10,49,0,107460,16015,7,6,5,9,6,5,7,6,4,6,9,Female,Tier 3,Online
20,126042,5.9,1,5.4,8,8,31,8,111702,81727,5,4,7,6,9,7,7,6,2,10,2,Female,Tier 3,Hybrid
18,82564,11.1,1,3.7,9,10,45,4,39567,15654,4,9,7,6,2,5,7,8,2,7,5,Male,Tier 3,Hybrid
62,192271,7.4,12,2.3,7,5,31,6,146662,77623,8,2,4,6,5,9,3,8,4,6,5,Female,Tier 2,Store
46,90313,6.4,7,4.1,4,8,15,10,75322,90837,7,3,2,4,5,6,10,6,5,7,10,Female,Tier 1,Store
69,15000,2.7,4,0.0,4,4,0,13,36295,61829,5,2,3,10,7,1,1,9,2,5,4,Male,Tier 2,Store
32,75418,9.2,12,5.2,3,10,41,3,28778,85507,6,7,3,7,10,7,7,6,1,8,7,Other,Tier 3,Hybrid
49,153632,8.7,14,4.5,6,6,24,15,65940,63411,6,6,3,5,6,3,8,9,7,1,7,Female,Tier 2,Store
42,101665,6.0,4,3.0,4,6,17,14,53235,114172,6,7,4,6,5,7,9,8,6,8,9,Other,Tier 3,Store
56,193721,5.7,6,4.0,6,7,32,0,82317,69071,6,1,4,1,10,7,6,4,5,5,5,Male,Tier 3,Hybrid
40,82163,7.4,12,3.1,8,8,36,6,133964,65043,6,7,5,4,7,5,3,7,5,9,6,Female,Tier 2,Online
54,76805,6.6,10,2.9,4,6,17,13,94548,27004,7,6,4,6,1,7,8,6,3,4,10,Male,Tier 3,Store
32,137979,8.1,11,3.9,9,10,40,9,109800,58509,7,5,2,3,2,7,8,1,6,8,3,Female,Tier 2,Online
43,135069,8.5,8,4.0,4,9,21,8,34228,106147,1,5,4,3,7,4,9,3,6,8,7,Female,Tier 2,Store
68,152954,6.4,5,1.6,5,6,5,12,102213,66687,5,0,5,6,8,8,7,5,7,5,4,Female,Tier 1,Store
18,59521,9.5,1,5.3,8,10,34,4,109022,53449,7,4,1,6,9,10,6,2,1,7,5,Male,Tier 2,Hybrid
44,128407,7.0,11,5.6,5,7,12,15,76984,103518,4,3,7,7,6,5,8,3,1,5,3,Female,Tier 3,Store
41,110396,9.2,5,4.6,7,7,30,11,117337,100232,8,6,7,3,3,8,6,9,2,10,6,Other,Tier 1,Store
21,15000,10.6,8,5.8,9,9,32,2,87437,28554,6,9,7,4,6,5,10,2,4,4,10,Female,Tier 2,Online
47,145563,10.5,7,5.2,6,10,40,0,150000,73273,4,6,1,1,8,5,5,5,6,7,9,Other,Tier 2,Online
50,99543,5.8,1,3.9,3,6,21,7,88633,64745,5,6,1,6,6,6,6,6,3,5,4,Male,Tier 1,Store
57,200604,4.5,1,3.9,5,5,26,9,120153,83949,3,4,2,4,2,9,6,4,4,5,6,Male,Tier 1,Store
28,107316,8.2,11,4.2,3,7,26,8,104706,69122,6,9,3,3,7,10,10,3,1,10,5,Male,Tier 1,Store
35,116220,8.8,13,3.1,5,9,49,2,150000,58834,5,9,7,6,10,6,5,8,3,8,10,Female,Tier 3,Hybrid
47,151310,5.3,8,2.2,4,7,32,10,105174,91180,10,6,3,2,3,8,9,5,2,7,6,Female,Tier 2,Hybrid
50,122405,8.3,5,3.8,2,9,42,6,97656,73178,6,5,5,6,6,3,7,8,9,5,2,Female,Tier 1,Store
58,126617,5.7,10,4.4,3,4,12,11,5768,125139,6,5,6,8,1,3,8,8,4,5,6,Male,Tier 3,Store
48,159929,4.8,12,4.8,3,4,10,16,105007,98136,4,1,4,8,4,7,9,8,8,7,7,Male,Tier 2,Store
57,133179,6.4,8,4.3,6,7,13,10,27162,79398,6,4,5,7,3,5,8,9,5,8,4,Female,Tier 2,Store
74,151327,3.7,2,1.9,3,8,5,10,61129,107666,5,0,3,7,2,9,4,8,5,4,1,Female,Tier 2,Store
70,184501,4.9,5,3.9,7,5,13,12,43152,30556,2,7,2,9,1,4,10,9,9,10,4,Other,Tier 2,Store
52,159632,8.1,8,3.3,8,8,34,11,87620,94751,5,5,4,7,7,4,8,7,5,9,7,Male,Tier 3,Store
51,139187,4.4,1,0.9,4,8,22,7,114736,64746,1,0,5,5,3,7,4,6,2,6,6,Male,Tier 2,Store
43,126261,8.3,6,5.5,7,7,15,10,20726,79324,7,4,5,5,8,4,6,7,7,8,6,Female,Tier 3,Store
63,140351,3.1,1,3.7,5,7,24,12,111424,82499,5,5,2,4,8,4,4,8,9,4,2,Female,Tier 1,Store
56,98596,7.2,4,6.0,3,10,30,10,82156,500,9,5,3,3,6,5,10,4,8,10,7,Male,Tier 1,Hybrid
61,54855,8.5,3,2.4,2,6,22,1,99034,500,6,7,6,6,6,1,3,2,7,5,9,Male,Tier 3,Store
39,143528,7.8,10,4.5,6,6,19,14,110252,135032,5,0,2,6,9,9,10,7,4,5,8,Female,Tier 1,Store
25,113520,7.4,8,5.2,6,7,29,7,9045,52400,7,4,5,3,5,10,8,3,1,4,10,Female,Tier 2,Hybrid
42,91664,7.0,7,2.7,4,10,36,3,70207,68534,10,6,6,6,7,3,5,1,3,10,8,Male,Tier 2,Online
40,130061,5.1,8,2.6,7,5,19,7,86383,51051,4,0,2,6,9,5,6,3,1,7,9,Male,Tier 2,Store
34,154207,8.6,12,3.8,4,6,27,3,105847,97715,7,7,5,5,7,5,9,6,2,9,9,Female,Tier 2,Store
31,136657,8.8,9,5.3,4,7,28,4,75180,500,8,4,3,5,9,9,10,3,1,7,3,Other,Tier 3,Hybrid
46,164241,5.3,14,3.8,8,10,37,6,76505,55168,4,4,4,5,9,5,6,6,6,6,5,Male,Tier 3,Store
52,98503,4.2,4,0.7,7,10,20,13,91006,100773,7,6,5,8,6,7,2,6,6,8,8,Female,Tier 3,Store
70,142397,2.7,4,0.8,4,5,1,10,900,54611,5,1,2,7,3,4,4,10,5,3,5,Male,Tier 2,Store
56,158024,4.9,4,3.3,2,5,11,14,55681,112910,5,4,6,5,10,6,10,9,3,10,5,Female,Tier 1,Store
47,128682,6.3,4,3.2,5,7,30,5,129214,46982,5,5,4,6,8,4,4,3,8,3,5,Other,Tier 3,Store
72,146631,4.3,1,2.1,4,2,0,13,17090,76551,4,4,5,4,6,1,8,5,8,5,2,Male,Tier 3,Store
25,138569,9.6,6,6.0,7,10,37,13,132525,72945,7,9,1,1,10,9,8,6,6,10,10,Other,Tier 1,Hybrid
63,29360,4.1,4,1.7,2,3,0,9,900,500,5,4,5,8,1,3,4,5,8,4,3,Female,Tier 3,Store
49,195485,5.9,14,3.4,9,4,16,10,51261,140424,4,4,3,2,5,10,3,9,1,10,10,Male,Tier 1,Store
47,137933,10.8,3,2.3,7,9,41,11,129330,125770,8,8,3,5,8,8,5,7,2,5,4,Female,Tier 3,Hybrid
37,125959,8.3,6,5.6,9,10,34,4,140957,49670,8,6,4,8,4,8,9,6,4,6,4,Other,Tier 3,Online
52,135923,9.1,10,2.4,3,7,37,7,128623,65621,8,4,2,5,8,7,6,4,6,8,4,Male,Tier 1,Store
48,80812,6.9,14,3.4,7,8,27,9,76854,66475,8,4,6,5,4,7,5,5,9,9,3,Other,Tier 3,Store
51,230236,6.8,14,5.3,5,10,37,13,104723,110029,5,5,6,3,7,5,8,7,6,2,6,Female,Tier 3,Hybrid
30,151352,7.0,12,2.4,9,9,39,0,150000,42715,7,9,1,2,5,7,6,2,5,10,6,Other,Tier 2,Online
72,161510,4.9,11,1.5,6,7,14,13,123076,118568,4,9,4,6,8,5,5,6,10,2,1,Male,Tier 1,Hybrid
45,117573,6.3,8,4.8,3,5,24,9,87100,99321,4,1,5,4,8,5,7,8,1,10,4,Male,Tier 3,Store
35,120555,12.0,9,4.1,5,8,43,2,112295,85859,4,2,1,5,10,9,8,2,5,10,5,Male,Tier 1,Online
58,80313,2.8,4,3.1,4,5,0,10,25700,32333,10,7,2,5,9,7,5,6,2,10,1,Male,Tier 2,Store
30,73392,12.0,6,5.0,9,10,46,2,113968,79616,9,3,5,7,8,8,10,2,6,6,4,Female,Tier 2,Online
44,146970,6.6,10,3.4,5,10,42,2,148780,23233,4,9,4,6,6,7,5,5,2,10,2,Male,Tier 1,Hybrid
52,106902,7.3,14,3.7,5,7,3,14,34213,25482,7,5,5,9,6,6,10,3,4,9,5,Male,Tier 3,Store
40,91212,8.5,5,2.7,3,10,49,0,109325,27434,9,7,2,2,4,9,6,8,3,6,6,Other,Tier 1,Online
60,99395,7.1,11,5.1,1,4,3,18,59711,104336,8,3,4,3,4,4,6,10,8,3,5,Female,Tier 1,Store
50,230997,6.5,7,3.6,4,10,46,7,150000,64185,4,6,3,1,7,6,9,5,4,6,4,Male,Tier 2,Hybrid
61,131322,6.8,1,0.6,3,8,19,15,62895,51964,8,2,4,3,2,6,2,10,7,7,4,Female,Tier 2,Hybrid
45,198702,6.6,4,4.0,4,6,23,1,137051,108613,3,2,4,5,8,6,8,2,6,10,9,Male,Tier 1,Store
51,112338,6.6,3,3.7,8,8,21,6,61992,71475,3,5,1,5,7,6,4,4,5,8,8,Female,Tier 1,Hybrid
22,90435,10.4,5,6.0,9,10,43,7,117185,56910,7,4,4,5,9,8,10,8,4,3,7,Male,Tier 1,Hybrid
28,46306,9.3,7,5.7,8,10,22,12,77419,28212,10,3,3,6,7,8,8,6,8,7,5,Female,Tier 3,Store
22,36914,9.6,9,2.9,7,9,26,8,900,51531,5,4,3,8,3,8,8,4,4,9,6,Female,Tier 2,Hybrid
60,81794,5.8,3,5.1,8,8,17,13,51342,88558,6,1,6,5,2,8,8,6,7,4,3,Male,Tier 2,Store
18,142854,8.9,1,5.5,10,9,31,7,86815,72017,9,5,3,4,9,6,7,5,7,6,4,Other,Tier 2,Online
68,93602,6.9,13,1.5,8,6,24,15,63306,97869,4,4,5,7,3,4,2,7,6,6,3,Female,Tier 2,Store
79,120994,1.5,9,1.3,3,6,0,11,43313,53351,7,5,6,10,2,6,4,5,8,5,7,Female,Tier 1,Store
26,31728,9.3,14,6.0,10,10,28,11,55392,41356,10,6,2,8,7,8,9,3,3,9,5,Female,Tier 1,Online
50,157095,7.0,6,3.5,3,7,25,12,104923,70594,6,7,4,8,8,7,3,8,2,7,3,Female,Tier 1,Hybrid
18,92379,10.0,6,6.0,8,10,42,2,150000,23744,7,9,5,6,7,9,9,4,5,7,4,Male,Tier 3,Online
71,15000,1.9,14,0.0,5,3,0,16,5175,55510,8,5,5,6,5,5,7,9,1,6,4,Female,Tier 3,Store
40,122100,8.3,7,4.4,5,8,29,6,37166,91715,7,7,5,5,10,7,9,1,4,5,2,Female,Tier 3,Hybrid
77,15000,5.6,4,1.6,2,3,6,18,900,57695,10,9,4,5,4,5,4,6,8,3,3,Other,Tier 2,Store
52,102909,3.4,10,2.8,5,6,24,7,66460,9823,10,2,1,5,8,8,4,5,6,7,6,Male,Tier 1,Store
36,148304,6.4,11,3.4,10,9,22,13,113597,67194,5,6,2,4,9,8,7,8,6,10,3,Male,Tier 1,Hybrid
54,145620,9.7,11,3.5,9,10,47,1,150000,88162,6,5,6,10,5,7,8,5,8,9,7,Other,Tier 2,Online
44,157435,7.1,6,1.5,6,10,34,7,44147,44314,4,0,4,10,7,4,4,6,6,6,6,Male,Tier 3,Online
62,188490,5.8,6,0.7,6,5,11,14,75563,102953,1,3,4,4,8,5,1,8,7,10,3,Other,Tier 1,Store
36,15000,4.5,6,3.8,1,6,23,3,40218,500,4,3,4,10,6,3,6,9,3,8,6,Other,Tier 1,Store
52,139351,8.5,5,4.1,5,7,25,11,83267,90104,5,4,5,5,3,7,8,8,10,5,8,Male,Tier 1,Hybrid
52,86305,7.5,5,1.5,6,10,32,10,66817,108006,9,8,4,4,10,6,2,7,4,7,7,Male,Tier 2,Hybrid
38,75659,9.7,6,3.7,4,7,38,6,900,136657,8,7,5,5,8,3,5,5,4,3,4,Female,Tier 3,Store
45,88190,9.3,5,5.8,9,9,42,0,66025,56747,7,3,2,6,10,10,6,4,5,8,7,Other,Tier 1,Hybrid
69,119489,2.4,5,1.4,2,3,0,19,27603,17543,7,6,7,4,2,6,6,10,5,5,2,Female,Tier 3,Store
48,134979,7.3,9,1.8,4,6,11,9,97600,79927,5,1,6,6,9,6,7,5,6,6,9,Other,Tier 3,Store
45,145528,6.8,7,0.9,6,10,31,17,100752,123128,8,3,3,5,1,4,4,2,6,9,8,Female,Tier 1,Store
40,141484,4.5,8,5.6,8,8,24,14,66746,85265,8,7,4,7,6,5,9,10,5,8,9,Female,Tier 2,Hybrid
52,100467,8.2,12,2.5,8,9,33,7,133940,39204,3,6,5,5,9,7,8,10,4,8,4,Female,Tier 3,Hybrid
60,136298,5.2,5,3.0,5,2,19,11,88077,57216,2,1,5,9,5,4,6,9,6,4,1,Male,Tier 3,Store
43,208622,4.4,12,3.4,5,7,15,15,119811,150000,7,4,3,3,1,5,9,7,6,10,3,Female,Tier 1,Store
53,95124,6.6,9,1.7,6,6,27,3,44169,48936,5,2,3,5,3,10,5,5,2,9,5,Male,Tier 1,Store
32,166189,9.2,6,6.0,5,7,35,0,78658,61495,3,9,4,6,9,6,10,6,4,7,4,Female,Tier 1,Hybrid
67,193981,3.9,10,0.0,6,6,20,9,88271,77036,4,5,2,8,9,4,7,7,8,2,6,Other,Tier 1,Store
47,172110,9.5,14,4.6,8,7,27,12,101741,56872,7,9,4,5,6,5,8,7,7,8,4,Male,Tier 2,Store
58,117678,9.4,9,4.9,3,10,29,5,51701,50857,6,3,5,5,5,4,10,5,4,10,1,Male,Tier 1,Hybrid
49,58942,8.8,7,2.6,4,6,35,9,108707,47150,9,7,5,9,10,7,6,6,4,10,3,Female,Tier 1,Store
58,105325,5.3,10,2.8,7,8,9,15,31943,105978,7,9,2,8,5,6,7,10,7,8,5,Female,Tier 1,Hybrid
29,80470,7.5,11,4.3,8,7,23,9,128277,89622,7,3,6,6,4,6,7,5,4,7,5,Other,Tier 3,Store
74,15000,3.6,6,0.0,6,5,6,14,11213,60077,7,2,4,8,8,2,1,10,8,4,6,Other,Tier 3,Store
42,134078,5.9,9,2.7,6,9,34,6,116771,111657,5,2,5,9,5,5,4,8,2,3,7,Male,Tier 3,Hybrid
73,79970,4.9,2,1.6,1,5,15,11,75370,137738,9,3,2,5,7,9,7,6,4,5,5,Female,Tier 2,Store
37,69163,8.9,8,3.6,5,10,44,1,58611,107867,5,9,6,2,7,4,7,7,8,8,8,Male,Tier 2,Hybrid
67,95408,8.2,3,1.9,6,3,19,10,121125,76338,8,4,6,6,3,4,2,5,2,10,5,Other,Tier 1,Store
47,167021,10.5,7,6.0,6,9,49,8,74880,79132,8,7,2,6,7,7,8,7,5,10,9,Female,Tier 2,Hybrid
79,69037,8.2,2,2.6,1,6,7,13,900,72272,10,0,6,5,4,6,6,10,4,7,2,Other,Tier 2,Store
21,160589,10.6,3,5.8,7,10,41,3,119106,72855,7,5,4,6,6,6,9,4,1,6,3,Male,Tier 3,Online
37,121184,7.5,13,3.7,8,7,22,13,101268,77566,7,2,5,3,4,4,8,3,5,5,7,Male,Tier 3,Store
54,81207,8.2,11,3.3,5,4,39,11,65041,54646,6,2,3,4,4,2,9,10,1,9,2,Male,Tier 1,Store
39,136196,8.4,9,4.6,9,8,34,7,133424,80316,7,4,6,8,8,3,8,4,2,2,8,Female,Tier 1,Online
60,45805,1.0,8,2.3,4,8,6,14,5173,78721,5,0,2,7,7,5,9,7,4,3,5,Female,Tier 2,Store
50,105883,6.5,8,3.3,9,5,26,14,96337,45148,6,6,6,4,7,5,7,9,3,7,10,Female,Tier 2,Store
31,133299,9.4,9,6.0,7,10,31,12,110043,103127,7,7,3,4,9,9,9,3,1,10,9,Female,Tier 1,Hybrid
33,140956,8.3,8,4.8,4,7,34,10,84138,54933,3,8,3,7,5,5,4,5,7,9,4,Female,Tier 1,Hybrid
36,146235,7.5,9,4.1,7,10,28,9,87346,62627,4,6,6,4,7,9,9,5,2,10,3,Male,Tier 1,Hybrid
58,153942,8.9,7,2.1,10,10,32,6,150000,28024,4,6,2,4,8,6,5,6,4,6,1,Male,Tier 1,Hybrid
34,101379,10.9,14,6.0,7,10,40,5,137128,68337,6,4,6,5,6,7,10,3,4,8,10,Female,Tier 3,Online
48,101958,6.6,10,4.1,7,8,23,3,83766,53964,6,4,4,5,6,5,6,1,7,8,5,Other,Tier 2,Store
28,90828,6.9,4,2.1,6,9,18,12,76417,500,8,9,2,5,6,5,9,4,1,5,10,Male,Tier 1,Store
45,176043,8.3,8,5.5,4,6,33,1,146530,46582,5,5,6,2,6,5,7,8,7,6,2,Other,Tier 3,Store
50,128010,7.9,1,4.0,6,10,37,9,93396,49932,10,2,6,6,7,6,10,9,10,7,4,Other,Tier 3,Hybrid
48,147071,7.1,5,3.6,7,10,46,13,116621,150000,7,5,3,5,4,3,10,7,3,6,5,Other,Tier 3,Online
65,94721,4.8,4,1.3,6,6,17,9,61293,39019,10,4,2,4,5,5,1,6,8,5,3,Other,Tier 2,Store
64,186027,4.2,6,2.3,3,7,27,2,88299,38181,7,3,3,3,7,10,6,8,7,5,5,Female,Tier 1,Store
36,80307,6.1,9,3.8,6,8,31,9,26070,83305,4,7,5,6,4,5,10,2,2,10,7,Male,Tier 3,Hybrid
70,107719,5.4,7,2.1,7,5,9,13,67580,79084,5,7,6,5,7,4,1,7,5,7,4,Male,Tier 2,Store
26,148039,11.4,6,6.0,9,10,29,3,141700,63625,7,5,4,6,7,8,5,7,2,7,3,Male,Tier 3,Hybrid
58,146230,3.6,8,1.4,6,6,15,5,46015,43803,7,4,1,4,5,5,5,5,7,6,5,Male,Tier 2,Store
55,196835,5.4,10,2.1,8,6,21,8,101215,104148,6,2,6,6,9,4,7,10,4,10,6,Female,Tier 1,Hybrid
30,147654,7.0,14,6.0,8,9,46,6,123295,41091,6,6,5,3,10,10,10,3,8,8,3,Male,Tier 2,Online
57,201809,6.2,12,4.0,4,6,9,16,61155,100968,3,9,2,5,4,8,6,8,9,5,1,Other,Tier 1,Store
74,42292,5.6,7,1.9,5,9,35,4,107069,79990,9,9,4,5,9,8,2,9,6,9,1,Female,Tier 1,Hybrid
52,126614,4.1,14,4.3,2,6,9,17,82012,128242,9,5,1,6,6,7,6,10,4,9,9,Male,Tier 2,Store
35,87428,6.4,7,4.1,9,10,34,4,100386,500,7,6,4,4,3,2,5,4,7,9,7,Female,Tier 2,Hybrid
51,190939,3.9,4,1.7,7,10,25,8,91184,87515,5,3,4,3,1,4,3,9,2,4,8,Female,Tier 2,Store
33,159337,12.0,14,6.0,8,10,42,4,113630,55084,3,3,2,5,7,3,9,2,1,7,7,Female,Tier 1,Online
46,103855,8.6,12,4.3,6,9,31,10,108618,141144,9,4,5,10,2,8,2,2,6,9,7,Male,Tier 3,Online
58,101663,8.1,2,4.3,6,8,33,0,86041,19614,8,3,6,7,9,9,8,6,7,10,8,Male,Tier 3,Hybrid
20,90608,7.8,1,5.2,8,9,28,1,122109,22105,5,1,4,7,5,5,10,6,4,10,7,Other,Tier 1,Hybrid
27,29733,5.1,11,4.9,6,10,42,7,61244,69054,6,7,3,8,8,8,7,6,2,5,7,Female,Tier 3,Hybrid
43,52898,9.5,6,2.6,5,9,30,5,73608,68790,6,6,6,7,8,8,5,6,2,10,3,Male,Tier 1,Hybrid
41,114448,9.1,8,1.7,5,6,26,5,74701,1167,7,6,7,5,10,6,5,7,3,7,9,Male,Tier 3,Store
26,75286,5.7,11,4.4,7,7,25,5,66592,500,9,1,5,8,6,4,10,8,3,3,10,Male,Tier 3,Store
47,111624,7.9,12,5.3,3,7,20,9,14361,102675,6,2,2,8,3,2,8,6,4,6,6,Male,Tier 3,Hybrid
52,211705,5.0,9,3.8,10,6,37,10,128613,43496,4,0,6,9,5,3,7,10,8,10,8,Male,Tier 2,Store
27,114945,10.6,11,3.6,7,7,28,12,82153,8929,8,6,6,7,5,1,7,4,3,10,5,Male,Tier 3,Store
40,82613,8.3,3,5.0,7,8,33,4,92883,17209,8,5,6,4,5,5,10,4,2,10,1,Male,Tier 2,Hybrid
34,112403,7.0,10,5.0,5,8,20,0,45575,18406,7,6,3,5,8,8,8,6,5,10,5,Male,Tier 1,Store
25,147945,5.5,11,5.4,6,10,30,2,119528,21388,6,8,1,4,6,6,10,3,5,8,9,Male,Tier 2,Hybrid
49,147510,2.3,9,1.3,3,6,13,13,16680,69004,7,4,3,1,4,5,4,6,4,3,6,Male,Tier 2,Store
59,111713,5.3,2,2.0,3,7,26,8,59485,86519,5,8,5,8,6,7,1,8,6,4,7,Male,Tier 3,Store
52,131193,6.1,9,3.0,7,8,23,15,76662,20353,3,4,6,9,10,3,7,8,9,6,7,Female,Tier 3,Store
39,119205,6.6,11,2.7,5,10,26,6,150000,88307,8,4,3,6,1,7,7,3,3,10,7,Male,Tier 2,Store
51,49591,7.3,10,3.6,3,6,22,16,62793,15303,7,1,3,8,3,3,9,8,4,6,9,Female,Tier 3,Store
36,74271,7.0,11,3.1,10,9,42,5,74104,2927,5,8,5,7,7,6,10,10,7,9,9,Female,Tier 2,Hybrid
42,225133,8.7,5,1.3,8,7,33,4,61137,97551,1,5,3,5,8,8,6,5,6,10,6,Other,Tier 1,Hybrid
38,79625,9.3,9,4.1,8,10,34,8,68288,14851,7,5,6,6,2,7,10,6,4,5,9,Female,Tier 3,Online
32,186304,2.5,10,2.7,6,9,30,8,150000,80708,6,8,1,5,6,9,4,6,1,8,7,Male,Tier 2,Store
49,161009,1.7,6,1.3,6,4,0,16,70752,93829,4,3,5,5,6,9,4,8,7,5,6,Male,Tier 3,Store
44,159996,5.7,2,4.5,9,8,15,8,73675,66447,6,4,5,8,4,3,8,8,4,10,8,Female,Tier 3,Store
75,58890,5.7,5,2.3,5,5,4,13,89507,59629,2,0,2,9,8,8,4,9,5,10,6,Other,Tier 1,Store
62,112702,7.5,11,3.6,5,10,34,11,124771,15618,6,4,4,6,7,5,8,9,4,6,3,Male,Tier 2,Hybrid
35,184559,9.1,9,4.6,7,10,35,0,73530,59216,7,7,3,3,10,9,8,6,3,5,3,Female,Tier 1,Hybrid
53,137547,5.9,6,3.3,7,4,14,11,69529,42651,9,4,4,4,4,5,7,10,6,9,2,Male,Tier 2,Store
44,207022,9.1,11,4.0,7,9,28,5,122511,54270,4,8,3,5,7,8,8,3,5,7,7,Female,Tier 2,Hybrid
25,131119,6.8,6,2.1,8,8,27,5,78099,43450,7,7,4,6,5,6,3,3,3,6,3,Female,Tier 3,Hybrid
22,31773,9.0,2,4.4,7,10,40,2,64046,10425,7,9,7,3,7,5,9,5,1,8,3,Male,Tier 3,Hybrid
27,247530,12.0,9,4.8,8,10,31,8,144043,86264,5,7,1,5,6,8,8,8,1,10,8,Male,Tier 1,Hybrid
37,157014,8.5,8,5.2,7,9,18,5,118291,39428,8,1,3,10,6,7,9,7,3,9,8,Female,Tier 2,Store
53,53696,6.1,8,2.5,3,8,22,7,45889,81621,6,6,3,5,2,3,4,2,6,6,4,Other,Tier 2,Hybrid
33,33339,10.6,9,4.1,5,9,35,17,55966,50266,3,4,1,5,7,7,10,10,4,2,9,Other,Tier 3,Hybrid
63,75522,3.5,4,2.0,6,6,16,9,85349,39641,3,4,6,7,6,7,5,9,5,9,5,Other,Tier 3,Store
35,141480,8.4,9,3.6,10,10,35,2,110873,38367,5,7,5,6,7,7,6,3,5,2,6,Male,Tier 3,Hybrid
32,75142,7.1,10,4.6,6,9,30,10,65449,42723,6,3,3,8,8,8,3,5,5,6,9,Male,Tier 3,Hybrid
46,158479,7.3,7,5.9,6,10,35,9,104212,52704,6,5,7,9,9,8,7,6,4,4,7,Female,Tier 3,Hybrid
59,71164,7.1,7,1.7,8,6,16,5,62317,500,7,6,6,5,6,9,4,5,10,10,3,Other,Tier 2,Hybrid
64,168218,5.4,4,2.5,5,5,0,14,45678,61524,3,4,4,4,8,7,5,10,8,4,2,Female,Tier 1,Store
25,95978,9.7,14,5.7,2,7,27,6,67402,63018,8,3,6,4,3,5,10,1,1,10,2,Female,Tier 3,Hybrid
36,152185,7.9,13,3.0,6,8,25,5,107605,21229,7,1,4,6,8,7,10,4,7,8,7,Female,Tier 2,Hybrid
32,41637,7.1,7,3.8,10,8,31,10,98685,41127,10,4,4,4,9,7,7,4,6,4,7,Female,Tier 2,Hybrid
39,107835,4.5,8,2.2,6,9,22,12,77319,65333,3,4,2,5,3,4,2,5,7,10,4,Male,Tier 1,Hybrid
61,133189,6.2,9,2.0,4,5,28,10,44986,150000,6,3,7,8,8,6,5,5,8,3,4,Male,Tier 3,Store
57,61914,7.8,11,4.1,7,9,26,13,134289,52169,9,7,3,9,10,5,6,5,4,5,3,Male,Tier 3,Hybrid
41,123759,10.2,11,6.0,6,9,32,3,83245,45447,7,7,1,6,1,10,7,4,3,5,5,Female,Tier 1,Hybrid
35,196567,8.9,6,3.5,9,10,36,9,119731,95655,9,6,2,7,2,8,9,6,1,6,6,Female,Tier 1,Online
38,149907,4.6,11,5.9,5,10,23,7,46750,82240,5,7,5,3,5,6,9,6,6,10,9,Female,Tier 3,Store
39,185321,4.9,3,2.4,3,5,33,12,85990,81887,4,5,3,2,8,5,6,4,1,9,10,Other,Tier 1,Store
22,91321,8.0,5,6.0,3,7,29,8,129102,66117,9,5,1,6,9,8,10,7,2,8,4,Female,Tier 2,Store
37,135150,9.4,12,5.4,3,10,49,6,100551,62426,4,7,5,8,10,6,9,5,4,8,10,Female,Tier 1,Hybrid
52,138387,7.9,9,4.4,8,10,41,7,132303,88442,7,5,7,6,8,3,6,6,7,7,9,Other,Tier 2,Online
51,141991,5.9,3,2.1,6,9,42,4,103295,88255,7,8,6,4,7,5,4,5,6,9,6,Male,Tier 2,Online
60,163639,7.6,2,5.3,8,9,30,5,131111,97330,6,6,4,3,6,8,8,6,4,7,8,Female,Tier 3,Online
76,69114,7.2,8,1.0,5,8,33,4,128497,50765,5,8,6,5,6,5,4,9,8,4,1,Female,Tier 3,Hybrid
47,57132,5.1,12,3.3,4,6,16,7,85323,60387,8,5,3,5,7,3,8,8,8,7,7,Other,Tier 3,Store
44,187124,7.4,7,2.9,6,7,40,5,150000,52421,5,5,1,1,10,10,10,8,7,7,4,Male,Tier 1,Hybrid
58,87748,6.5,10,3.9,8,8,22,11,107222,67426,8,4,2,5,5,6,6,10,5,9,6,Other,Tier 1,Store
23,15000,7.8,11,4.5,5,8,27,11,21211,94176,8,1,5,6,10,10,10,2,3,5,4,Male,Tier 3,Store
33,31972,9.6,14,6.0,5,10,38,3,91500,500,5,7,5,6,3,6,5,4,5,7,4,Other,Tier 3,Hybrid
44,122568,9.6,11,4.3,7,10,38,6,110931,58374,5,8,2,5,7,7,6,5,4,8,9,Female,Tier 1,Online
56,191156,10.7,4,4.5,8,10,49,0,150000,88539,4,7,5,6,9,6,8,4,7,7,3,Female,Tier 2,Online
18,47526,7.1,6,5.4,8,7,27,2,55618,50535,8,4,3,10,9,5,7,3,2,7,4,Female,Tier 2,Hybrid
46,71694,7.5,12,3.7,7,9,35,8,115536,17325,5,8,4,5,7,8,10,5,6,2,7,Other,Tier 2,Hybrid
30,103256,6.0,12,4.4,8,10,37,5,74016,500,10,7,5,7,6,4,9,3,1,10,7,Female,Tier 3,Hybrid
77,57682,5.7,9,0.8,7,5,8,13,3073,85468,10,1,2,10,1,3,2,10,9,7,3,Male,Tier 3,Store
71,180257,6.2,5,1.6,4,9,28,6,108657,78668,2,9,4,3,10,5,4,7,6,4,1,Other,Tier 2,Store
20,15000,8.5,6,1.6,6,10,36,8,82284,18456,5,6,7,5,6,9,7,1,4,6,2,Other,Tier 3,Hybrid
24,71366,9.4,2,4.0,10,10,26,11,71770,13425,10,6,5,5,10,6,10,6,4,8,6,Female,Tier 2,Online
29,153966,8.7,14,5.7,4,10,29,5,101883,50010,7,8,4,4,7,5,5,4,3,10,5,Male,Tier 1,Hybrid
45,93719,8.5,7,6.0,8,8,29,6,80994,60618,8,1,3,6,4,5,7,6,5,7,9,Male,Tier 1,Store
18,55395,9.6,3,4.3,7,9,39,4,123327,8694,6,7,7,6,7,6,8,5,5,6,3,Female,Tier 3,Online
47,129049,5.2,8,4.2,6,6,27,5,57404,30233,5,1,4,5,8,3,10,10,6,9,10,Male,Tier 2,Store
41,153345,5.5,3,1.4,5,6,5,13,54944,104587,5,0,4,10,3,6,7,9,8,10,4,Female,Tier 3,Store
43,89652,6.7,7,5.8,8,7,21,14,79610,70611,9,8,2,3,8,3,8,8,4,7,6,Male,Tier 1,Store
35,101566,7.9,14,2.5,8,10,43,11,150000,80449,6,7,4,7,6,7,5,9,3,8,6,Female,Tier 3,Hybrid
41,113834,8.2,9,6.0,7,9,23,9,77856,7200,2,4,5,5,4,10,10,4,5,6,6,Male,Tier 1,Hybrid
51,120763,7.7,3,3.4,5,7,32,7,99599,69774,2,1,3,6,6,4,6,6,5,4,4,Female,Tier 3,Store
46,112184,6.8,12,3.5,4,7,25,7,125032,66661,3,7,3,5,9,6,6,5,4,8,9,Male,Tier 1,Store
34,112510,8.7,11,2.7,7,10,48,11,140201,86762,8,7,3,5,10,5,10,4,10,5,8,Female,Tier 2,Store
31,43993,6.9,6,6.0,2,10,27,4,83033,500,7,1,5,5,7,7,9,4,1,8,6,Male,Tier 3,Online
27,119646,10.7,8,4.5,6,9,34,7,86422,91499,6,4,5,8,7,8,9,7,6,7,10,Female,Tier 2,Hybrid
54,149743,8.8,4,4.1,5,9,43,11,146170,61448,6,7,5,3,8,4,8,6,4,10,3,Other,Tier 2,Hybrid
26,151390,11.9,7,6.0,8,7,26,7,64861,83510,2,7,3,10,2,8,8,5,4,7,5,Other,Tier 1,Store
49,124110,4.9,12,0.0,4,5,22,8,93397,500,7,5,2,6,8,7,7,6,8,10,4,Other,Tier 1,Store
26,38479,10.2,7,6.0,10,10,43,1,115954,500,7,5,4,7,6,8,10,5,4,7,6,Female,Tier 2,Online
63,155641,7.6,10,3.7,4,6,19,8,50020,43308,10,7,1,5,5,7,5,5,5,8,6,Male,Tier 2,Hybrid
54,163916,7.6,10,3.7,4,7,26,8,120483,68018,4,7,6,3,7,4,7,4,7,9,8,Other,Tier 1,Hybrid
47,23542,3.7,11,3.1,7,6,3,14,900,29906,9,2,5,7,4,2,5,8,5,6,7,Male,Tier 3,Hybrid
53,73245,7.2,6,2.8,8,9,41,3,110217,53985,5,6,4,8,10,7,3,6,4,9,8,Female,Tier 2,Hybrid
48,130058,7.7,9,2.8,6,9,31,5,100639,97201,9,4,2,7,8,5,4,7,6,9,5,Female,Tier 1,Hybrid
27,106271,11.4,14,5.8,9,10,47,3,87501,45336,8,9,5,3,6,6,10,6,2,5,7,Male,Tier 1,Online
46,15000,7.6,7,3.6,6,8,28,8,19027,33373,8,9,6,10,6,3,8,4,6,6,6,Male,Tier 2,Store
41,152564,4.9,6,5.1,4,5,12,14,8112,68347,6,1,4,4,2,10,7,7,6,7,4,Male,Tier 1,Store
44,150960,6.3,9,3.0,6,4,17,8,42080,71297,7,5,3,3,9,4,6,5,2,6,2,Male,Tier 3,Store
54,109105,2.9,1,0.9,4,3,2,12,900,32117,6,4,4,4,3,3,6,7,6,7,10,Male,Tier 2,Store
46,77388,8.4,6,2.9,8,5,17,13,9493,20668,10,1,7,8,2,5,9,6,8,7,5,Male,Tier 3,Store
63,95842,11.2,1,4.5,6,8,32,15,76338,82351,10,5,3,7,10,10,7,7,3,7,4,Male,Tier 1,Store
32,137496,11.8,5,5.0,3,8,39,6,94882,61742,7,8,6,6,9,10,7,6,3,4,7,Male,Tier 3,Store
32,69729,10.8,11,5.9,4,9,40,3,102167,17903,7,9,1,7,6,8,8,4,2,3,7,Female,Tier 1,Hybrid
61,55058,9.1,13,3.6,3,4,21,11,72995,2236,10,3,4,5,8,6,4,10,7,10,3,Female,Tier 3,Store
43,161715,6.8,3,1.9,3,10,23,12,118618,79635,4,1,7,2,9,5,4,7,7,9,6,Other,Tier 3,Store
60,53218,4.0,8,1.6,4,7,10,18,900,106802,7,1,7,8,3,7,4,8,8,7,7,Male,Tier 3,Store
50,64650,8.0,8,3.5,2,10,36,3,77796,22089,4,9,3,10,8,7,3,6,3,9,5,Female,Tier 2,Hybrid
53,64557,9.1,4,3.0,5,7,26,4,62014,37518,7,6,6,10,5,3,6,6,4,7,7,Female,Tier 3,Store
69,156434,5.7,1,3.5,7,6,22,12,28649,95526,5,4,6,1,7,7,8,8,6,7,3,Female,Tier 2,Hybrid
51,140409,5.0,9,0.8,7,4,6,10,114171,118794,5,2,5,8,6,8,2,5,9,7,3,Male,Tier 1,Store
33,64313,10.4,4,6.0,9,10,49,0,150000,58035,9,6,4,6,3,6,10,6,6,10,9,Other,Tier 1,Hybrid
64,171993,4.2,1,3.9,4,4,20,14,23826,121776,4,3,5,3,1,5,6,7,5,7,4,Male,Tier 3,Store
46,70551,7.7,3,1.0,2,6,26,6,36246,2177,10,0,2,7,5,5,8,5,7,10,2,Other,Tier 1,Store
43,105899,7.9,2,3.0,7,8,42,6,150000,58703,6,9,4,7,3,6,8,10,5,6,7,Female,Tier 1,Hybrid
42,83476,8.8,4,5.3,10,10,30,11,62788,500,8,3,5,5,4,10,9,7,4,6,9,Male,Tier 2,Hybrid
47,149184,8.5,13,3.1,3,9,44,0,124120,500,4,9,1,6,10,10,7,3,4,8,3,Female,Tier 1,Hybrid
58,115656,6.7,8,2.4,4,5,21,8,56516,22616,5,7,4,7,8,5,5,9,3,6,4,Female,Tier 1,Store
53,87896,3.7,9,3.2,4,7,3,11,59402,63150,7,6,7,6,2,2,8,6,7,4,3,Female,Tier 3,Store
37,60708,6.2,10,5.4,10,9,32,4,59732,34573,5,3,6,9,1,8,10,2,3,8,4,Male,Tier 3,Hybrid
60,183678,4.7,8,1.6,4,6,7,19,111489,97113,5,3,2,6,4,8,4,8,6,1,4,Other,Tier 2,Store
39,203931,10.4,10,4.1,1,6,33,11,133129,65717,6,7,1,2,10,4,10,5,8,10,9,Other,Tier 1,Hybrid
62,83639,5.7,11,0.0,2,3,4,19,42421,139836,10,4,2,8,5,6,3,10,8,7,6,Female,Tier 1,Store
43,180322,8.0,11,3.5,6,8,25,13,62699,89078,3,2,1,9,4,7,7,6,6,4,4,Male,Tier 1,Store
74,87763,6.0,7,0.2,5,3,4,17,50345,44463,6,4,6,4,6,5,4,8,9,5,5,Male,Tier 3,Store
75,65900,1.0,1,1.2,4,5,7,16,13662,92648,8,6,4,7,7,7,4,9,7,4,1,Male,Tier 1,Store
22,102319,8.6,6,5.9,6,10,12,4,85027,62935,9,1,2,6,7,3,10,4,1,8,4,Male,Tier 1,Online
28,41980,11.2,10,4.7,7,10,43,2,105991,18618,7,7,5,8,5,6,10,5,6,4,8,Female,Tier 3,Online
41,92283,4.7,10,3.3,2,5,9,6,60762,54139,7,1,3,8,5,7,6,3,4,1,5,Male,Tier 2,Store
57,74817,5.6,8,2.4,5,7,25,9,44036,50306,5,8,7,4,5,5,5,6,9,6,3,Male,Tier 3,Hybrid
65,220991,4.9,3,2.7,7,8,34,11,139055,70148,7,6,4,6,8,9,6,7,7,7,8,Female,Tier 1,Store
59,213361,7.8,7,2.5,3,3,12,13,105763,76251,3,1,2,3,5,8,7,9,5,3,5,Female,Tier 1,Store
37,165558,9.4,10,1.6,8,10,42,1,72524,84626,10,2,3,6,9,4,6,7,5,5,5,Male,Tier 2,Hybrid
78,104846,4.2,7,2.8,2,6,17,5,49008,500,7,5,3,7,3,3,3,10,10,7,9,Male,Tier 1,Store
30,39044,9.7,14,5.7,10,10,39,6,68515,500,10,6,3,3,6,10,10,6,7,7,8,Female,Tier 1,Online
78,78603,2.5,4,2.1,6,6,10,15,48985,24109,5,3,5,5,5,6,6,8,10,10,9,Male,Tier 3,Store
56,139764,4.3,7,2.5,7,5,7,13,91785,45093,6,1,6,5,5,3,5,8,3,7,7,Other,Tier 3,Store
24,139642,10.5,4,5.6,5,10,19,2,100173,10124,9,2,2,6,2,2,6,5,5,7,3,Female,Tier 1,Store
47,108449,8.5,6,3.8,4,10,30,8,47999,24428,5,1,3,6,2,8,8,9,7,1,4,Male,Tier 2,Hybrid
75,23683,4.4,8,1.2,5,6,2,17,44953,38145,10,0,7,7,1,7,1,9,8,5,5,Female,Tier 3,Store
18,93600,9.2,6,4.4,7,9,44,3,137280,34861,8,5,5,9,10,5,6,2,4,7,8,Female,Tier 3,Online
49,108604,8.7,7,3.6,1,7,21,12,39436,71559,8,7,4,7,8,1,8,8,6,7,8,Male,Tier 2,Store
42,106871,5.8,10,2.9,3,7,16,10,76416,74557,7,0,3,5,9,6,3,7,1,4,6,Other,Tier 1,Store
66,85625,5.4,1,2.4,7,5,20,10,70815,7336,7,6,3,9,6,4,3,9,5,8,3,Male,Tier 3,Store
41,87310,10.5,5,3.8,8,6,30,6,123104,28207,7,8,3,8,8,3,4,5,7,7,7,Male,Tier 2,Hybrid
51,88793,5.9,4,3.9,6,5,16,17,6874,68477,9,5,2,5,7,5,4,5,2,9,6,Male,Tier 1,Store
60,49216,3.6,9,2.5,3,6,7,14,85165,34880,6,1,5,6,4,5,8,7,6,6,2,Male,Tier 2,Store
29,130387,8.6,9,5.8,5,10,33,11,88253,52252,5,5,4,6,4,5,10,7,6,1,7,Female,Tier 2,Hybrid
40,199492,4.2,7,1.9,9,10,26,11,95473,148422,2,2,1,3,3,6,5,6,5,9,7,Male,Tier 1,Hybrid
28,77892,12.0,10,6.0,5,10,45,0,103913,22293,7,4,2,7,10,7,10,7,6,10,3,Male,Tier 1,Hybrid
57,112109,6.2,6,3.5,6,9,43,9,122314,82032,7,9,2,8,10,9,6,8,3,6,3,Female,Tier 1,Store
34,194425,6.9,5,4.3,9,8,32,7,120303,75595,5,7,2,10,8,6,10,7,4,5,6,Male,Tier 1,Hybrid
55,152453,5.3,12,2.2,4,9,22,9,32314,75314,3,0,4,5,7,7,5,7,3,9,10,Female,Tier 1,Hybrid
55,132931,4.7,5,2.8,10,6,16,3,11656,49672,5,6,6,4,8,6,9,6,9,5,6,Male,Tier 3,Hybrid
66,185499,5.7,7,2.5,5,8,22,2,110197,17883,5,3,6,4,10,7,5,5,7,5,1,Female,Tier 2,Hybrid
23,159833,12.0,5,3.0,7,10,41,8,83758,68112,3,9,3,5,7,7,7,4,5,7,4,Male,Tier 1,Online
53,168011,7.7,12,2.9,4,3,30,12,106434,89296,4,9,4,3,6,7,6,7,8,10,8,Female,Tier 1,Store
46,156869,4.4,8,0.9,4,7,13,15,78127,150000,3,2,4,3,1,5,3,5,1,8,8,Female,Tier 2,Store
31,86800,10.6,8,4.5,6,8,31,9,73541,10801,7,7,2,2,9,7,3,4,5,5,9,Male,Tier 1,Hybrid
41,61684,7.6,10,4.9,10,6,26,11,60028,40257,3,4,6,5,5,8,10,5,4,1,3,Female,Tier 3,Store
35,123113,8.1,10,5.6,3,9,23,6,75043,61627,4,6,6,8,6,7,10,4,7,9,5,Female,Tier 2,Store
37,66067,9.0,14,5.7,6,9,37,13,144220,85027,7,2,2,3,9,7,10,10,5,9,10,Other,Tier 3,Hybrid
24,46406,8.7,1,3.6,2,10,49,2,114908,500,8,9,3,10,7,7,8,3,4,9,6,Female,Tier 3,Online
53,57039,5.7,9,4.8,6,10,27,0,39947,500,9,6,2,6,4,6,6,4,4,9,4,Male,Tier 2,Hybrid
57,130414,1.8,10,4.5,3,3,14,12,84058,35205,8,7,4,5,4,2,5,5,6,9,3,Female,Tier 3,Store
54,97977,4.9,1,4.0,6,7,16,7,101024,85382,6,5,5,8,2,5,8,5,2,8,9,Other,Tier 2,Store
43,140420,4.8,5,4.6,2,6,8,16,25271,95947,4,0,4,5,5,6,6,8,5,7,5,Other,Tier 2,Store
71,15000,2.3,9,1.1,3,3,13,15,900,47476,7,0,4,6,3,2,1,10,6,10,5,Female,Tier 3,Store
42,192509,7.6,10,4.4,6,10,38,3,101630,68479,5,8,4,4,5,4,7,7,2,6,8,Female,Tier 1,Online
52,37363,5.3,10,2.1,9,9,26,8,65469,72697,10,7,4,8,3,3,6,5,4,9,6,Female,Tier 2,Hybrid
57,123503,11.0,7,2.6,5,9,14,17,105490,93021,5,2,6,6,6,8,5,10,6,5,1,Male,Tier 1,Store
45,62750,5.3,6,4.7,7,7,13,11,82987,20370,7,1,5,6,3,2,10,2,6,6,3,Male,Tier 2,Store
27,186845,9.5,9,4.4,5,10,47,10,150000,44190,9,8,5,3,8,9,8,4,5,10,6,Female,Tier 2,Online
75,44442,3.8,4,2.9,5,4,9,11,900,37488,7,1,2,7,4,1,8,5,3,5,3,Female,Tier 1,Store
46,124496,8.1,8,4.3,3,9,36,6,119389,88854,3,7,7,7,10,5,5,7,5,3,5,Male,Tier 3,Online
51,176844,5.5,6,1.9,2,6,17,7,89931,64406,5,3,3,4,1,5,8,5,9,10,5,Male,Tier 2,Store
63,107657,6.6,10,1.6,4,5,27,10,87437,62595,7,3,3,7,9,5,1,10,8,10,6,Male,Tier 2,Store
42,137188,7.5,11,5.0,4,5,14,10,28630,62093,5,5,4,4,5,5,6,7,4,8,6,Female,Tier 1,Store
41,147190,8.0,5,4.0,7,10,41,2,150000,33180,6,5,2,4,7,9,7,10,6,6,7,Male,Tier 1,Hybrid
50,92929,8.0,4,0.7,4,9,19,10,72930,46077,4,4,3,4,7,5,2,5,3,7,8,Female,Tier 1,Hybrid
32,131941,8.8,8,5.7,6,6,33,8,93216,46576,5,6,5,6,5,8,10,6,4,6,2,Male,Tier 3,Store
38,95638,6.1,10,3.3,2,6,25,8,114840,63919,8,5,6,4,1,3,7,3,1,6,3,Female,Tier 3,Store
43,128367,9.1,3,3.6,10,10,35,10,48790,68017,2,8,5,6,4,6,6,4,4,6,4,Male,Tier 3,Hybrid
49,140485,9.1,11,5.2,10,9,24,8,96726,75564,6,2,3,6,2,4,10,6,8,7,10,Female,Tier 2,Online
46,15000,8.9,11,1.9,3,10,28,6,112877,81090,9,8,3,6,6,8,4,7,7,6,9,Male,Tier 3,Store
46,177343,6.8,3,3.6,6,10,25,10,93876,55125,4,5,4,5,9,7,9,8,5,10,7,Male,Tier 2,Hybrid
57,109589,6.6,11,4.0,4,8,30,9,110322,12763,10,9,2,6,7,4,8,7,6,7,7,Male,Tier 2,Store
56,124683,7.6,6,1.9,8,8,41,5,112099,59968,7,5,4,7,6,7,5,6,4,3,4,Male,Tier 1,Hybrid
40,71253,7.1,8,2.9,5,6,21,12,59389,34769,5,4,4,3,1,5,3,7,2,7,5,Male,Tier 3,Store
54,181022,7.2,7,3.4,5,10,33,9,85793,60279,4,3,2,4,5,8,6,6,4,5,3,Female,Tier 1,Hybrid
39,153638,7.0,7,4.5,6,10,23,9,118527,64843,5,0,3,5,4,6,4,4,6,8,7,Female,Tier 1,Hybrid
39,152386,12.0,8,2.2,7,6,34,4,106636,66660,2,4,4,3,5,9,5,3,1,6,9,Other,Tier 2,Online
37,150171,7.1,4,6.0,9,6,12,19,42547,105655,5,3,5,3,3,5,10,7,5,10,7,Other,Tier 1,Store
67,67990,7.6,7,3.8,5,5,29,0,82553,20492,5,7,3,9,9,5,5,7,7,8,4,Female,Tier 2,Hybrid
37,175882,8.3,12,5.7,6,10,44,6,143262,88621,9,7,2,5,5,7,9,6,3,8,7,Female,Tier 1,Hybrid
38,162474,8.5,10,3.5,8,9,33,0,78553,75500,5,1,5,6,10,3,7,4,6,10,4,Female,Tier 2,Hybrid
64,139210,9.7,4,3.8,9,7,39,16,92335,49906,3,9,5,7,6,4,7,9,3,3,6,Male,Tier 3,Store
45,146504,7.2,9,3.8,6,5,22,15,113398,72674,6,8,4,6,4,6,8,8,6,9,7,Female,Tier 2,Store
31,43032,10.8,11,5.6,8,6,34,5,69611,500,6,6,5,3,6,4,10,5,4,6,6,Female,Tier 3,Hybrid
61,100621,7.3,8,3.0,7,9,22,12,65890,92311,5,1,6,3,3,4,7,9,8,7,4,Male,Tier 3,Store
66,82054,3.8,1,1.3,2,5,0,13,17501,65426,7,1,4,2,5,5,2,8,7,7,6,Other,Tier 2,Store
71,98013,1.0,7,1.7,7,4,0,17,42863,97080,4,1,3,6,6,4,6,10,8,1,4,Male,Tier 2,Store
56,157851,7.2,5,4.1,9,8,20,7,85046,27874,7,9,6,5,8,5,6,6,5,3,5,Other,Tier 2,Hybrid
79,138697,6.5,9,1.6,7,4,20,14,44477,94424,8,4,4,7,8,2,3,8,9,3,6,Other,Tier 1,Store
29,130196,7.3,7,6.0,7,10,38,10,150000,53170,8,3,1,2,6,5,6,6,3,10,10,Other,Tier 1,Online
62,128946,3.7,6,2.3,6,4,7,11,37210,82555,3,4,5,5,5,2,6,10,6,5,3,Female,Tier 3,Store
70,52241,2.3,7,1.8,5,3,0,19,12858,41590,9,0,2,8,5,4,4,9,10,5,1,Male,Tier 3,Store
66,130288,4.2,8,0.0,3,5,7,16,45411,34837,2,1,1,10,6,8,3,8,5,7,6,Female,Tier 2,Store
56,62669,7.8,14,3.2,5,6,17,14,36794,32043,8,0,3,4,4,4,10,9,1,9,4,Male,Tier 2,Store
38,144294,5.9,6,3.0,10,9,47,0,128914,16993,4,5,4,4,8,7,5,4,4,4,7,Other,Tier 2,Online
40,118792,6.6,3,3.2,3,7,28,15,75692,56974,9,4,4,9,6,10,1,7,2,7,10,Female,Tier 1,Hybrid
34,161818,8.8,7,6.0,3,9,30,0,108683,29869,9,5,6,3,2,4,9,7,1,6,10,Female,Tier 2,Hybrid
55,15000,5.6,3,2.5,5,7,26,15,54991,82285,5,9,5,8,2,4,8,7,4,6,8,Female,Tier 2,Store
56,174653,6.6,4,3.1,7,6,18,10,65478,54384,7,4,3,5,4,5,6,8,5,9,4,Female,Tier 1,Store
70,80663,3.0,6,2.7,3,4,19,18,97643,128898,10,5,3,6,6,5,6,10,5,6,5,Other,Tier 2,Store
26,68963,9.2,9,5.0,8,10,32,7,95354,3831,6,5,3,5,6,5,10,5,6,8,7,Male,Tier 1,Online
48,133464,7.1,8,3.7,10,10,34,6,88586,86493,5,5,4,7,8,7,8,5,5,6,9,Other,Tier 2,Hybrid
40,135713,7.2,9,5.5,1,6,0,16,11980,112872,6,0,6,7,3,5,9,9,3,6,1,Other,Tier 3,Store
32,163471,7.7,9,4.4,6,5,22,16,51414,80005,5,2,6,7,5,5,6,8,5,10,4,Female,Tier 1,Store
48,107968,8.7,8,1.4,6,8,41,3,133309,6243,6,6,6,4,5,6,4,8,5,8,6,Male,Tier 3,Hybrid
34,181904,8.4,11,3.6,9,7,29,8,134080,39609,4,5,7,4,7,7,6,7,5,3,9,Male,Tier 3,Hybrid
55,98423,5.4,10,2.0,7,7,17,12,100208,43903,9,4,3,8,8,9,5,6,7,7,1,Other,Tier 2,Store
46,117001,6.4,10,0.8,7,8,29,13,26262,100345,8,2,5,6,7,7,5,7,5,3,9,Female,Tier 2,Store
55,78234,7.3,7,4.5,4,8,30,0,74074,54209,3,4,5,8,2,7,8,4,6,5,1,Female,Tier 3,Hybrid
35,132229,7.7,14,4.1,8,6,29,4,75840,40767,7,8,4,3,10,6,6,6,3,6,7,Male,Tier 2,Store
79,92357,6.2,4,1.3,1,6,30,9,58605,76912,7,5,4,9,8,7,2,10,6,3,2,Female,Tier 1,Store
58,136691,7.0,4,4.0,5,4,13,14,58495,60919,5,6,6,9,10,3,4,6,5,5,5,Female,Tier 3,Store
26,111408,10.0,10,6.0,5,9,36,6,127968,60005,7,7,3,4,9,5,9,8,4,6,5,Male,Tier 3,Hybrid
45,228803,6.7,6,2.8,8,9,26,11,68841,84497,3,4,4,2,5,8,3,9,3,7,5,Male,Tier 1,Store
79,61219,2.6,7,1.4,1,4,16,12,39921,37537,9,5,6,5,6,5,2,9,7,6,5,Male,Tier 3,Store
51,81249,12.0,7,6.0,6,10,43,9,116331,17150,5,9,5,7,9,5,9,6,7,3,8,Male,Tier 1,Online
47,95261,6.3,11,4.6,6,10,17,2,64208,500,7,3,5,7,4,7,5,5,5,8,8,Other,Tier 2,Online
35,38840,6.7,14,3.5,9,9,23,12,108324,57019,10,5,6,6,7,6,10,6,4,8,5,Male,Tier 3,Hybrid
65,92845,8.0,10,2.6,5,6,17,5,127051,6865,10,4,5,5,6,10,10,7,6,6,5,Male,Tier 1,Hybrid
77,127754,3.3,2,1.7,5,4,11,10,60002,71049,6,6,3,8,6,3,2,6,6,7,6,Female,Tier 2,Store
51,93814,7.3,9,3.3,3,5,11,18,47055,98627,5,5,3,7,3,6,5,3,4,6,6,Female,Tier 3,Store
46,185357,8.7,12,1.7,6,10,39,12,126887,98983,1,6,6,3,10,10,5,5,4,5,5,Male,Tier 1,Online
35,146458,7.0,4,4.3,7,10,27,7,123587,39348,5,9,5,8,8,9,8,6,4,7,5,Female,Tier 1,Hybrid
18,109012,7.9,9,6.0,3,9,42,0,136744,9074,8,3,4,10,9,5,8,2,3,8,8,Male,Tier 2,Store
50,128948,4.5,5,2.3,6,9,17,7,44741,102499,8,3,4,3,4,6,6,5,8,10,9,Other,Tier 1,Store
43,128002,7.3,6,6.0,3,8,33,4,88185,72313,7,2,4,4,7,8,10,5,6,8,8,Male,Tier 2,Hybrid
18,124187,10.4,3,4.5,9,8,39,13,73972,92501,5,9,4,6,10,6,10,2,1,8,1,Male,Tier 1,Online
46,15000,5.5,2,4.2,6,9,34,8,106443,500,5,4,3,4,10,7,10,7,3,8,10,Male,Tier 2,Store
57,164618,2.5,13,2.8,3,6,2,19,82110,136710,5,5,1,5,2,5,6,8,5,2,5,Other,Tier 1,Store
64,112551,7.0,8,3.5,5,8,28,6,70693,500,6,8,2,4,7,7,10,7,5,6,1,Female,Tier 1,Hybrid
31,178707,7.0,10,1.9,5,9,33,7,150000,15166,4,4,4,6,7,10,6,5,1,10,4,Male,Tier 2,Hybrid
40,78662,7.4,12,2.7,10,10,26,12,60573,8801,5,9,4,4,6,8,9,8,5,6,8,Male,Tier 2,Hybrid
59,152101,5.6,4,4.0,8,9,19,19,121823,90246,3,5,4,6,8,5,6,9,7,4,6,Female,Tier 2,Store
18,77449,10.0,4,6.0,10,10,49,6,150000,57315,10,8,5,7,5,10,10,2,4,10,3,Female,Tier 1,Hybrid
48,140006,11.9,12,3.9,5,10,48,2,93194,500,9,8,5,2,8,6,10,4,5,3,7,Female,Tier 3,Hybrid
56,45666,7.6,9,3.1,7,7,18,10,117351,68916,7,6,5,6,10,5,6,6,5,8,2,Female,Tier 2,Store
67,90167,5.1,10,1.2,6,6,7,12,8811,46570,7,3,3,2,4,10,5,4,9,10,1,Male,Tier 1,Store
59,48650,3.0,7,2.5,7,7,26,15,11880,72933,5,3,7,5,1,5,5,9,7,4,6,Male,Tier 3,Store
29,73370,6.2,11,2.6,6,9,23,6,79345,52887,5,2,3,6,6,6,5,3,4,3,10,Other,Tier 2,Online
49,97592,2.4,12,2.5,6,6,14,12,55412,104535,9,7,1,6,3,5,10,10,3,4,9,Male,Tier 1,Store
53,183800,6.5,5,2.2,6,3,15,16,57529,121429,4,8,4,3,1,1,9,4,10,8,8,Female,Tier 2,Store
66,79789,2.7,3,0.7,5,8,16,12,27156,61123,9,5,4,9,7,6,1,6,5,3,1,Male,Tier 3,Store
34,168518,8.4,10,5.1,3,10,36,0,130562,73826,7,4,3,5,2,7,10,4,7,4,6,Female,Tier 1,Hybrid
18,18875,10.1,9,5.9,6,10,37,0,24816,500,10,2,5,9,10,4,10,5,6,8,9,Female,Tier 2,Hybrid
30,103313,10.3,9,4.7,10,10,43,1,84838,45663,7,4,3,8,8,2,7,3,4,6,7,Male,Tier 3,Online
63,154583,2.5,10,1.3,6,4,0,14,115404,80752,7,4,4,6,7,8,6,7,9,7,5,Other,Tier 3,Store
36,168902,5.8,8,3.4,5,10,18,10,95305,59612,4,5,6,1,8,4,7,5,4,8,10,Other,Tier 1,Store
36,143795,8.2,10,4.2,5,8,39,9,113568,57074,6,5,3,8,9,3,7,4,3,10,7,Male,Tier 2,Store
39,108227,6.9,14,2.5,10,10,36,9,27463,81333,8,8,6,4,10,6,5,8,4,10,9,Female,Tier 3,Online
50,121423,9.7,14,2.8,6,10,28,11,66808,70683,7,4,4,4,7,6,4,6,8,9,4,Other,Tier 3,Hybrid
21,103430,8.4,6,4.8,5,8,35,7,100618,61043,8,2,4,6,7,8,9,7,4,8,3,Other,Tier 1,Hybrid
34,29956,10.8,10,5.3,9,10,48,9,110193,35057,10,8,3,5,4,6,4,4,6,10,7,Male,Tier 1,Online
26,126111,11.5,11,4.4,10,10,48,4,110315,500,6,5,4,3,7,4,9,3,4,8,2,Female,Tier 2,Hybrid
48,57019,7.7,3,1.9,6,7,37,8,50966,8315,4,8,2,5,7,6,3,4,7,5,6,Male,Tier 2,Hybrid
35,58964,9.9,4,3.9,6,10,41,10,81756,86557,7,7,3,3,7,7,10,4,7,4,4,Male,Tier 1,Hybrid
48,157832,5.2,12,2.3,5,7,1,16,25425,40909,6,2,4,7,5,9,8,8,4,8,8,Male,Tier 1,Store
47,98219,3.5,7,3.0,1,5,19,14,107756,74685,9,7,4,3,6,5,7,4,6,10,6,Female,Tier 1,Store
18,101176,12.0,3,6.0,8,8,36,5,112149,58293,5,5,3,6,7,10,10,1,2,8,4,Other,Tier 2,Hybrid
72,48208,5.5,7,1.0,8,8,25,15,9204,62977,7,4,6,4,4,7,5,10,7,6,7,Female,Tier 2,Hybrid
53,72882,8.0,8,4.6,6,8,31,0,65531,4669,9,4,3,10,9,7,6,7,4,7,8,Other,Tier 2,Hybrid
33,149118,7.9,12,4.1,7,7,32,3,111823,37309,2,9,3,8,8,6,4,3,4,7,2,Other,Tier 2,Hybrid
77,151491,2.9,2,0.0,2,3,7,9,17963,12562,4,6,2,3,4,6,4,8,4,5,5,Male,Tier 1,Store
50,115766,5.6,5,2.6,6,5,18,9,63470,13862,5,3,4,5,1,7,9,2,5,9,10,Female,Tier 1,Hybrid
39,74815,6.9,14,4.5,9,9,30,8,114237,31244,5,7,5,10,7,6,10,3,7,7,4,Other,Tier 3,Hybrid
57,161509,4.7,10,1.0,6,6,17,6,130363,38640,7,6,4,6,5,5,5,7,1,10,4,Other,Tier 2,Hybrid
36,173555,5.4,5,4.3,7,10,33,9,83698,77870,9,5,1,4,6,7,9,6,2,7,3,Female,Tier 1,Hybrid
62,164050,3.9,6,0.9,4,4,0,8,39944,85288,2,6,1,6,7,7,4,6,3,5,8,Male,Tier 3,Store
35,100362,6.4,10,5.4,4,6,15,9,18475,34724,10,2,5,3,7,4,9,5,5,6,7,Female,Tier 3,Store
56,84111,8.1,14,2.2,7,9,27,1,102755,1832,9,3,1,7,6,4,7,5,7,4,9,Other,Tier 1,Hybrid
37,115941,8.0,14,5.2,10,7,35,5,98790,106131,7,7,3,10,1,5,9,8,5,10,9,Female,Tier 1,Hybrid
37,102080,9.4,9,3.4,7,9,36,12,25088,64058,6,8,6,8,5,7,7,6,2,8,7,Female,Tier 3,Online
79,16712,6.4,1,2.6,3,4,15,10,900,86558,10,9,7,6,7,6,3,6,8,2,1,Female,Tier 3,Store
54,159155,7.1,6,2.6,6,10,33,11,108918,83739,5,3,3,7,8,5,7,6,8,6,3,Male,Tier 2,Hybrid
50,78712,2.9,3,2.9,8,6,6,19,900,76176,5,4,3,4,2,4,7,7,6,6,1,Female,Tier 2,Store
18,157152,7.6,1,4.8,10,10,33,6,117765,70810,5,7,4,3,7,9,8,7,1,9,3,Male,Tier 2,Hybrid
35,161230,10.1,7,5.4,6,10,39,0,150000,57618,2,5,5,5,8,7,8,4,4,8,5,Other,Tier 3,Hybrid
62,118631,6.7,7,1.8,3,8,18,11,94353,46180,8,7,5,4,8,8,3,5,6,8,8,Male,Tier 2,Hybrid
25,101685,11.9,13,6.0,7,10,41,0,36261,73373,6,9,3,7,5,5,10,4,6,7,10,Female,Tier 3,Online
68,177448,3.7,5,2.2,1,2,0,14,55106,119120,6,4,2,8,2,7,4,7,8,9,1,Female,Tier 1,Store
60,128424,6.2,9,2.2,5,5,19,11,51485,55808,7,4,2,6,3,4,7,9,4,7,4,Female,Tier 2,Store
47,123734,6.8,4,2.7,3,6,32,0,140703,88877,5,5,3,5,1,5,7,6,5,6,10,Other,Tier 2,Store
33,108687,9.0,6,4.3,10,9,49,0,133254,42041,6,2,6,6,2,5,10,3,7,10,4,Female,Tier 3,Online
42,170702,6.5,6,4.1,6,6,25,10,107865,93748,6,4,3,8,9,4,4,4,6,9,3,Female,Tier 2,Store
49,183582,4.8,4,3.0,2,5,5,18,71503,139154,6,2,3,6,4,6,7,9,4,8,10,Male,Tier 1,Store
75,60635,4.6,2,3.4,3,3,0,10,108785,25899,10,7,4,7,4,4,5,10,4,6,4,Male,Tier 3,Store
29,99192,8.2,8,6.0,7,10,32,7,71238,500,8,4,4,3,9,5,9,1,2,4,10,Other,Tier 3,Hybrid
47,126064,6.0,7,3.7,3,8,37,14,105624,140798,5,5,3,3,9,5,5,6,3,8,8,Female,Tier 1,Store
40,191037,6.0,6,4.0,7,10,44,7,141142,138387,7,8,3,5,9,9,9,8,4,10,7,Other,Tier 1,Online
42,78462,8.2,11,4.9,4,5,30,4,101670,56581,3,7,3,4,4,1,9,9,5,7,4,Male,Tier 1,Store
58,97039,4.7,1,2.9,6,9,17,7,87734,91333,8,2,2,7,7,5,4,7,5,5,4,Male,Tier 3,Hybrid
55,62733,6.2,1,2.4,10,10,14,16,73665,65061,8,6,7,6,1,8,7,7,4,9,8,Male,Tier 3,Store
69,54852,3.5,8,2.5,4,4,10,14,2632,60730,8,4,5,6,6,4,3,7,3,4,5,Male,Tier 2,Store
35,98037,9.5,4,6.0,7,10,45,3,107573,500,5,3,6,8,6,7,7,1,7,5,6,Other,Tier 1,Online
71,113726,8.9,9,1.0,1,6,38,4,89758,51329,3,6,2,5,4,7,4,7,8,10,3,Male,Tier 1,Hybrid
72,111410,1.4,4,1.1,5,6,5,11,71498,50401,2,1,5,7,6,3,4,10,6,5,1,Male,Tier 3,Store
36,182576,10.6,10,6.0,6,8,29,14,150000,120613,4,9,4,3,7,4,10,5,3,9,7,Other,Tier 2,Store
57,133652,6.4,9,3.1,2,5,17,10,75686,79737,7,2,5,9,6,7,7,10,4,10,1,Male,Tier 2,Store
55,110836,5.7,11,2.4,8,6,19,8,44759,28465,6,2,5,8,5,4,8,3,7,8,4,Male,Tier 3,Hybrid
40,125406,2.9,7,4.2,5,8,19,7,78627,24619,4,8,5,8,4,7,10,8,3,7,7,Female,Tier 2,Store
49,151258,5.9,14,2.2,4,4,3,14,33502,13884,8,8,4,3,3,1,5,10,3,9,4,Male,Tier 1,Store
34,215240,11.5,12,6.0,2,6,42,9,150000,93910,5,5,2,4,9,2,9,2,4,3,5,Male,Tier 1,Hybrid
58,120011,5.0,14,2.9,6,6,15,16,33831,71674,4,2,5,7,5,7,7,4,6,6,2,Male,Tier 2,Store
42,73131,5.0,8,4.0,3,10,32,6,114001,31485,6,8,7,8,9,4,8,8,3,10,10,Female,Tier 3,Store
52,52245,2.8,4,4.4,6,8,25,4,70920,21967,8,1,6,2,7,6,6,8,5,6,4,Male,Tier 3,Store
33,15000,10.1,1,4.8,7,8,27,11,29619,48979,10,5,5,7,7,9,9,6,5,10,7,Female,Tier 2,Hybrid
63,116465,4.2,1,3.9,4,6,17,18,78199,138717,5,2,4,3,5,4,6,10,3,6,4,Female,Tier 1,Store
48,166519,9.4,12,6.0,7,8,21,12,80176,76682,6,0,2,3,2,4,10,6,3,3,7,Female,Tier 2,Hybrid
45,66728,6.7,5,4.9,6,8,46,3,115383,19823,8,4,6,7,9,8,4,5,6,6,3,Female,Tier 3,Hybrid
31,142294,11.8,12,6.0,4,10,49,0,88472,61803,5,7,3,6,5,7,10,1,2,7,4,Male,Tier 1,Online
49,147805,7.1,6,4.0,10,9,42,14,116250,74453,2,8,6,4,8,3,6,6,4,7,10,Female,Tier 1,Online
18,50779,10.8,1,6.0,9,7,28,12,72546,55796,4,3,1,6,10,4,10,7,1,7,1,Male,Tier 1,Online
43,115944,8.9,13,4.4,4,8,45,5,128130,500,4,9,3,6,8,7,9,4,1,8,7,Male,Tier 1,Hybrid
69,164502,7.3,2,0.4,4,5,19,11,73756,72157,5,0,6,6,7,8,7,8,8,6,2,Female,Tier 2,Store
18,44463,7.3,2,3.3,7,7,19,4,52995,17510,9,3,7,7,6,5,10,3,3,4,4,Female,Tier 3,Hybrid
47,41872,6.2,5,4.0,8,10,46,7,68326,75827,8,5,7,8,3,5,7,7,9,10,7,Female,Tier 3,Online
31,172485,6.3,6,5.4,7,7,34,5,117988,43221,6,6,1,4,7,4,9,4,3,6,8,Male,Tier 1,Store
48,188292,8.6,5,4.9,7,9,40,8,150000,117605,4,4,4,4,6,6,6,6,7,8,5,Female,Tier 1,Hybrid
42,75002,8.1,10,4.2,5,8,37,9,77249,58435,9,6,3,7,4,6,9,9,6,10,7,Female,Tier 3,Hybrid
34,125110,4.8,14,5.1,7,8,31,0,105338,21417,5,5,3,9,9,4,9,4,1,4,3,Male,Tier 2,Hybrid
64,169452,6.2,5,3.7,3,10,28,8,61481,126152,7,5,2,4,10,6,8,4,7,7,2,Male,Tier 1,Store
42,141167,3.8,7,1.2,7,7,14,5,121386,102099,9,6,3,8,2,5,3,3,4,8,7,Male,Tier 2,Hybrid
45,144840,6.8,4,4.3,4,8,26,8,20701,72859,8,4,6,7,9,2,9,6,6,4,6,Male,Tier 3,Hybrid
27,75090,8.1,14,3.9,9,9,31,5,65789,14022,4,6,5,4,7,5,8,6,1,5,10,Female,Tier 2,Hybrid
66,103113,6.7,2,2.5,4,8,24,17,82050,49549,7,6,7,10,5,6,5,4,5,6,3,Other,Tier 3,Store
49,152237,7.0,5,5.1,7,5,19,9,72443,81083,6,5,4,5,3,2,10,7,8,8,6,Male,Tier 3,Store
41,111502,3.7,7,4.1,2,5,3,13,70973,54199,9,3,5,8,1,5,10,10,9,7,10,Male,Tier 3,Store
18,175556,7.1,3,3.4,8,9,35,10,119595,103794,4,8,3,5,2,5,6,4,1,9,4,Male,Tier 2,Online
50,107332,5.4,12,2.1,5,5,16,16,74618,58569,6,8,2,6,7,2,6,6,7,8,8,Male,Tier 2,Store
53,177794,8.4,13,2.3,8,9,23,2,119194,51382,7,5,5,9,2,7,4,5,4,6,10,Female,Tier 3,Hybrid
57,198509,3.9,7,1.8,7,6,5,19,35610,124778,2,3,4,10,5,6,1,10,6,9,2,Female,Tier 2,Store
65,105394,4.3,7,3.8,4,7,11,17,78172,140140,10,3,3,6,6,9,8,10,8,3,6,Male,Tier 1,Store
39,49200,4.9,7,3.8,6,6,6,11,1950,32584,7,4,4,9,7,6,9,6,5,7,4,Male,Tier 3,Store
45,190204,4.5,4,3.2,4,8,29,7,133212,67553,6,6,1,8,6,4,7,9,1,5,6,Male,Tier 1,Hybrid
45,224679,6.9,7,4.6,5,10,18,5,74292,42733,9,7,6,6,3,6,10,5,8,10,10,Other,Tier 3,Store
55,83519,5.9,7,1.9,8,5,5,19,63519,98070,8,1,5,4,9,8,6,7,4,5,1,Male,Tier 2,Store
18,63995,8.6,3,4.7,8,10,17,9,51574,85954,9,2,2,6,5,6,5,6,1,6,5,Female,Tier 2,Hybrid
63,78230,3.9,5,0.0,6,6,10,13,42777,78178,7,2,3,6,1,4,6,6,7,9,6,Other,Tier 2,Store
36,41416,7.6,13,3.2,10,10,34,0,110879,500,5,6,3,5,10,7,3,1,4,10,8,Female,Tier 3,Online
54,116584,6.1,6,2.4,8,10,31,5,94627,91375,5,5,4,3,6,4,7,5,5,5,3,Female,Tier 2,Hybrid
18,125936,9.4,5,4.7,10,10,31,4,39393,20778,4,8,6,6,5,5,8,3,4,10,2,Male,Tier 2,Online
37,221558,7.6,7,2.5,5,7,26,6,127582,103723,4,6,4,2,6,3,4,5,2,8,2,Other,Tier 1,Hybrid
54,91514,4.1,2,4.6,5,5,11,8,43486,82745,5,3,3,7,10,4,8,5,5,4,7,Female,Tier 2,Store
35,133934,9.7,12,2.8,5,9,28,11,101533,68649,4,6,2,8,7,5,6,6,6,9,1,Female,Tier 1,Hybrid
50,140300,5.2,9,3.4,4,9,30,7,132720,84516,7,5,6,3,2,9,7,9,6,9,8,Female,Tier 1,Hybrid
48,75321,5.3,6,4.6,6,7,6,14,900,49330,5,7,6,6,2,5,9,9,4,8,10,Female,Tier 2,Store
27,91245,10.1,12,4.7,7,10,47,0,134329,37863,6,8,2,5,10,7,10,6,2,7,5,Male,Tier 2,Online
36,98315,6.8,9,2.8,6,10,28,11,38796,78211,2,3,6,7,6,7,10,7,4,6,10,Female,Tier 1,Hybrid
35,134118,8.2,9,4.6,7,10,43,8,126768,73989,5,6,3,7,8,4,8,6,8,7,5,Other,Tier 3,Hybrid
47,100645,5.4,7,4.1,7,8,25,8,97527,24442,7,9,3,6,5,8,9,7,3,10,3,Male,Tier 1,Hybrid
65,164002,5.9,5,2.1,7,9,26,8,105962,77012,8,4,5,8,5,8,3,5,2,5,2,Male,Tier 2,Store
33,61539,5.9,5,4.6,5,8,22,14,31311,71277,6,5,6,3,3,5,10,1,4,8,9,Other,Tier 2,Hybrid
47,132229,6.0,1,4.1,5,7,18,18,64971,112208,7,1,5,7,6,9,7,9,3,10,7,Other,Tier 2,Store
25,111169,10.3,11,4.5,9,10,28,5,95256,94125,8,3,6,5,2,5,10,3,3,6,8,Female,Tier 2,Online
18,97957,5.5,2,4.6,5,6,7,14,61967,91611,6,1,2,5,3,6,8,4,6,5,5,Other,Tier 1,Store
58,141255,6.1,7,3.3,5,4,20,14,73134,77351,4,8,6,3,9,4,8,7,4,7,2,Female,Tier 2,Store
51,116477,4.3,7,1.3,7,7,19,6,91091,40898,8,9,5,6,4,5,2,8,6,8,3,Female,Tier 3,Store
55,128781,6.3,9,3.0,6,6,20,1,101829,46163,6,6,4,7,5,4,5,4,3,5,9,Male,Tier 1,Store
52,100478,6.8,11,2.1,4,9,22,13,143784,72741,6,2,3,9,5,4,5,6,3,10,8,Female,Tier 1,Hybrid
29,24536,8.4,13,3.2,7,9,41,0,58762,500,9,9,5,8,10,5,10,6,2,5,4,Female,Tier 3,Hybrid
28,55036,5.9,12,4.8,8,10,26,6,77829,57143,10,9,2,9,7,7,10,5,6,3,8,Female,Tier 2,Hybrid
59,53012,6.7,7,1.4,7,8,17,14,56572,83368,6,8,4,5,2,7,6,7,4,8,9,Female,Tier 3,Store
52,118656,6.5,14,2.6,5,8,20,10,96601,1673,6,2,4,8,5,4,8,9,6,1,10,Male,Tier 2,Hybrid
54,113189,5.0,4,4.1,2,4,0,13,23415,58468,8,5,7,6,4,6,7,8,6,6,6,Female,Tier 2,Store
48,218972,5.0,4,4.0,7,8,0,13,900,109792,5,3,4,6,1,7,5,6,4,10,8,Male,Tier 1,Store
55,57114,8.2,7,2.5,5,9,44,9,110241,38433,6,9,6,4,3,6,4,6,6,2,10,Male,Tier 3,Online
45,135946,4.8,13,2.9,1,9,22,8,27915,39690,10,9,6,7,3,4,6,5,7,7,3,Male,Tier 3,Hybrid
58,181320,6.2,10,0.9,7,8,20,11,123953,81120,3,7,6,2,2,7,7,8,4,4,1,Female,Tier 3,Hybrid
49,52438,7.0,8,2.3,4,4,18,13,91965,58291,9,5,2,5,6,1,9,6,5,4,10,Female,Tier 2,Store
57,163787,4.6,8,3.4,4,6,25,12,50487,111682,1,6,1,8,6,3,6,9,5,8,6,Female,Tier 1,Store
52,15000,4.3,7,0.0,6,4,0,8,900,13922,8,1,5,8,3,7,3,8,7,3,2,Male,Tier 3,Store
31,92209,8.8,12,6.0,10,10,43,1,116361,1034,7,9,2,6,8,8,10,2,6,5,6,Male,Tier 1,Online
47,88603,8.4,4,5.4,9,8,25,5,75179,41594,3,4,5,6,7,5,10,5,4,4,9,Male,Tier 2,Hybrid
46,182312,5.2,9,1.1,10,8,33,1,132589,500,6,4,6,3,8,5,6,5,7,3,5,Female,Tier 2,Hybrid
18,80218,10.9,3,4.3,7,10,47,5,141768,500,6,9,2,7,6,5,10,2,2,5,5,Female,Tier 1,Online
48,155515,7.3,6,3.8,4,7,20,14,61862,127552,8,5,5,8,1,4,9,9,4,8,10,Other,Tier 1,Store
20,141554,9.7,4,5.0,8,7,35,0,139271,80340,3,9,1,4,10,9,10,3,5,8,9,Female,Tier 1,Hybrid
57,153659,3.2,5,2.4,1,3,0,16,59274,72701,5,3,4,6,8,7,7,8,6,10,5,Male,Tier 1,Store
64,79595,6.6,1,3.1,5,5,17,11,42113,54203,6,6,2,5,6,2,7,7,7,5,2,Female,Tier 1,Store
31,73739,7.7,8,4.3,8,9,40,7,109439,94436,8,6,2,4,7,4,10,4,2,6,7,Other,Tier 3,Hybrid
79,78483,2.8,1,3.0,2,9,22,0,20018,500,6,4,4,8,4,7,4,10,5,7,3,Female,Tier 2,Store
34,186335,6.4,13,5.4,6,8,18,6,101471,35284,5,2,1,5,4,7,8,5,6,10,8,Male,Tier 1,Hybrid
37,57217,12.0,6,5.0,7,10,40,3,105872,21822,5,6,5,7,4,5,10,7,4,7,5,Male,Tier 2,Online
18,204250,10.0,5,6.0,6,8,31,11,106917,83103,3,4,3,6,8,6,10,5,1,5,5,Male,Tier 2,Store
50,158075,8.1,6,3.6,2,7,25,14,99856,78007,6,8,4,5,3,4,6,7,2,10,6,Female,Tier 2,Hybrid
73,67801,7.3,5,3.9,5,6,13,13,56362,95151,9,8,5,3,9,7,6,4,4,6,7,Female,Tier 2,Store
36,67970,11.4,5,4.9,4,7,41,10,77721,26681,5,8,3,2,6,7,3,8,2,10,7,Male,Tier 2,Hybrid
47,147239,5.9,5,5.4,7,5,14,12,87455,77716,3,0,3,5,5,3,10,9,5,10,10,Female,Tier 2,Store
40,195921,12.0,13,4.3,6,10,48,0,123083,19192,4,7,4,2,7,9,8,4,5,8,9,Female,Tier 1,Hybrid
60,96057,4.3,9,2.1,9,5,16,7,105217,500,7,6,5,4,6,4,5,10,3,8,1,Male,Tier 1,Store
73,93658,5.2,1,1.9,4,4,20,15,6304,8070,6,3,2,6,4,3,5,8,4,3,4,Male,Tier 3,Store
49,97980,8.3,12,0.2,8,5,27,7,65759,31233,10,9,5,6,10,6,6,2,8,5,8,Other,Tier 2,Store
41,163125,7.7,5,3.7,7,9,12,9,95308,83683,5,5,4,7,6,5,10,5,6,8,8,Other,Tier 2,Hybrid
45,145930,7.3,5,4.2,9,10,33,12,61113,70396,4,5,2,4,7,4,6,7,4,7,5,Female,Tier 2,Hybrid
41,79470,6.8,5,4.4,7,9,18,11,68942,58686,8,7,4,8,5,6,10,9,4,10,7,Male,Tier 2,Hybrid
52,123809,7.7,11,2.8,5,7,30,4,102465,500,3,6,4,8,1,9,3,7,5,10,4,Male,Tier 1,Store
36,121635,8.4,13,3.4,7,9,33,12,77366,43667,7,7,2,4,7,6,3,9,3,9,5,Male,Tier 2,Store
61,50731,6.0,1,2.0,6,9,32,6,121797,60989,7,4,5,10,6,6,5,6,5,6,2,Male,Tier 3,Hybrid
55,74225,5.8,6,2.9,3,7,17,15,24511,67562,6,5,5,5,8,8,10,10,4,10,4,Male,Tier 2,Store
47,55608,5.9,4,1.5,3,6,17,6,900,72258,6,7,4,8,4,8,6,4,7,10,4,Male,Tier 2,Store
47,167933,5.0,12,2.4,5,9,24,12,94235,150000,6,5,2,6,10,5,7,9,7,7,7,Male,Tier 2,Store
36,128215,7.7,9,6.0,10,10,27,6,112594,27465,5,5,6,5,5,7,10,5,4,5,7,Other,Tier 2,Hybrid
63,25073,3.3,2,1.0,5,6,10,14,13969,89258,6,5,5,9,5,1,3,9,9,6,6,Female,Tier 3,Store
33,161880,10.9,6,5.2,6,7,37,9,80502,60122,6,0,1,6,7,6,7,5,4,5,8,Other,Tier 1,Store
46,94508,9.9,11,2.4,4,10,37,4,91010,69535,4,8,7,5,3,5,7,8,7,8,7,Male,Tier 2,Hybrid
41,129578,7.3,7,4.4,3,6,13,13,9300,104755,6,1,5,6,10,9,4,6,3,8,7,Other,Tier 2,Store
57,46986,6.3,3,1.3,8,5,11,13,52412,500,10,2,4,7,5,2,6,10,8,6,6,Female,Tier 3,Store
38,127527,9.2,11,4.2,8,9,48,8,130758,65180,6,4,3,4,10,3,4,5,6,10,4,Other,Tier 2,Hybrid
50,137642,7.9,5,3.5,2,7,26,11,110593,96934,5,3,3,3,8,6,8,7,4,6,10,Female,Tier 1,Hybrid
21,103158,9.8,3,5.5,5,10,33,0,91622,66774,5,4,5,5,3,6,10,6,2,8,7,Female,Tier 3,Hybrid
40,250000,8.0,5,5.2,7,9,37,5,144928,114354,7,6,4,3,8,8,6,5,5,8,9,Male,Tier 1,Online
26,56393,10.3,5,4.3,10,10,48,0,92571,13895,8,9,4,6,5,10,8,2,4,10,2,Male,Tier 1,Online
45,142254,6.4,2,5.2,5,10,27,15,69292,88028,9,4,3,5,8,7,6,8,5,7,5,Female,Tier 2,Store
56,69245,4.5,9,3.8,3,8,21,10,90427,86852,10,7,3,7,6,7,3,7,6,6,4,Female,Tier 3,Store
48,178609,3.3,2,4.8,1,1,10,8,79040,112128,7,2,3,8,5,3,9,8,1,9,2,Male,Tier 1,Store
40,77492,7.3,8,3.6,4,5,20,6,55884,49162,5,3,2,4,6,3,4,5,9,9,1,Male,Tier 1,Store
49,129023,4.1,13,3.6,7,4,3,16,27499,106740,4,4,4,6,4,8,5,7,4,10,10,Female,Tier 1,Store
58,167728,7.0,9,1.8,4,9,34,6,101169,101466,1,5,6,6,10,7,4,10,6,7,8,Male,Tier 2,Hybrid
37,15000,8.4,11,6.0,8,10,28,11,92007,18316,7,9,6,5,8,5,9,6,8,3,6,Male,Tier 3,Hybrid
46,221957,4.8,4,1.3,7,6,17,11,72295,102663,5,5,7,5,5,7,1,7,3,5,8,Male,Tier 2,Store
35,70359,8.5,8,6.0,7,10,28,7,54622,111062,7,5,4,9,1,6,10,10,2,9,5,Male,Tier 3,Hybrid
54,91046,8.3,12,2.5,6,5,4,14,60209,38643,6,6,2,6,3,1,7,9,7,3,6,Female,Tier 3,Store
58,120488,5.5,6,2.8,4,9,25,13,51533,108623,5,9,5,4,7,7,4,6,6,6,6,Male,Tier 3,Store
23,85149,10.5,4,5.2,8,8,36,6,24645,41141,6,9,5,5,3,6,10,3,3,6,1,Female,Tier 3,Hybrid
51,133766,7.9,11,2.0,4,10,38,1,145538,29771,8,9,3,6,7,7,6,7,3,9,5,Female,Tier 1,Online
58,83445,5.8,10,2.3,3,6,8,17,62029,4995,7,2,6,10,6,4,2,6,5,7,1,Other,Tier 3,Store
62,138181,5.9,6,2.8,6,8,28,9,150000,99582,7,3,2,5,5,1,6,9,6,6,1,Male,Tier 3,Store
18,70905,11.8,3,2.2,7,9,28,7,46615,78027,7,6,2,3,4,10,6,5,5,10,10,Female,Tier 1,Hybrid
57,85048,2.4,8,2.4,8,9,23,9,23990,17824,5,7,6,9,6,6,3,9,6,4,6,Other,Tier 3,Store
38,85948,10.2,7,5.1,8,10,40,0,117076,500,8,4,5,10,8,7,10,5,1,8,8,Female,Tier 3,Online
47,130743,6.4,5,4.0,5,7,24,15,83457,85563,3,6,5,2,3,4,7,7,3,10,5,Male,Tier 2,Store
44,156119,9.8,11,5.1,8,10,38,0,150000,38795,2,6,7,3,7,7,8,4,1,7,5,Other,Tier 3,Hybrid
34,134895,10.0,5,5.2,5,6,29,4,104374,61985,4,5,3,6,7,6,9,2,4,7,7,Other,Tier 3,Store
31,131920,10.6,11,5.6,4,10,25,10,116206,75710,6,4,1,4,7,7,10,5,4,7,2,Female,Tier 2,Hybrid
32,50504,6.9,5,3.5,8,9,21,14,69653,10767,7,4,4,1,6,6,10,5,5,8,8,Female,Tier 2,Hybrid
68,126924,6.1,7,3.3,5,7,18,16,20323,116838,2,9,7,3,4,5,7,7,4,6,7,Female,Tier 3,Hybrid
18,127158,7.3,5,6.0,6,10,31,8,77208,99148,8,9,6,6,8,6,10,4,2,9,9,Female,Tier 3,Online
51,226099,7.8,10,4.7,5,8,31,12,128698,94279,4,1,4,4,7,5,8,10,6,10,5,Other,Tier 1,Hybrid
47,134361,4.3,5,3.0,6,7,3,12,70662,82376,4,7,1,3,3,7,7,5,5,8,10,Male,Tier 1,Store
52,58334,5.4,7,4.9,7,8,22,8,29878,79711,9,2,3,3,1,7,5,4,6,6,7,Male,Tier 3,Store
18,126235,6.2,9,4.0,4,10,15,6,110674,40948,6,0,5,4,1,5,10,6,3,9,4,Other,Tier 1,Store
37,106133,8.1,10,6.0,5,10,31,11,104742,15266,5,9,7,6,8,3,10,10,3,5,8,Female,Tier 3,Store
18,182429,8.4,2,4.9,9,10,27,5,123358,85713,3,5,3,6,6,5,8,3,10,10,2,Female,Tier 2,Hybrid
45,94489,9.0,8,4.5,7,8,32,7,62192,42550,7,3,3,5,6,6,8,2,4,9,5,Female,Tier 1,Online
46,172272,6.7,12,3.5,8,5,20,14,47378,39821,9,6,5,6,2,4,6,5,2,2,5,Female,Tier 1,Store
28,72391,10.4,14,6.0,7,9,26,6,34428,70271,7,8,6,5,7,2,10,6,6,8,6,Female,Tier 2,Online
41,168084,10.6,1,4.0,7,6,49,7,118329,56974,5,7,3,3,7,8,8,6,4,4,10,Female,Tier 1,Hybrid
39,145202,9.1,11,4.3,8,10,45,5,63819,62340,5,6,4,6,10,5,7,5,1,8,8,Male,Tier 3,Hybrid
44,174808,11.0,11,3.5,5,9,49,0,119462,26424,6,8,4,4,9,8,9,5,5,2,6,Other,Tier 3,Hybrid
69,124557,7.4,5,2.4,3,4,18,11,49922,124184,6,5,5,7,6,6,4,7,7,4,3,Female,Tier 2,Store
37,167561,5.9,4,4.0,2,8,23,5,101621,20128,3,6,5,9,5,4,7,7,3,6,7,Other,Tier 2,Store
74,136326,2.4,3,2.9,3,1,3,9,82516,40508,7,0,3,7,3,6,5,7,5,4,7,Male,Tier 1,Store
39,95582,10.1,10,3.4,3,9,40,6,109377,82159,8,7,3,3,3,7,5,3,4,4,2,Male,Tier 1,Online
28,39431,7.8,6,6.0,3,6,12,15,22966,45074,7,6,7,6,6,5,10,4,3,6,5,Male,Tier 3,Store
62,49488,7.6,4,2.9,4,6,16,14,114024,67292,8,1,6,7,9,4,4,9,6,4,6,Male,Tier 3,Store
43,105384,6.4,4,2.4,5,8,20,17,76815,90516,4,6,5,3,4,5,5,10,8,2,10,Female,Tier 3,Store
50,63550,7.0,8,2.4,3,8,41,0,150000,500,6,6,3,6,9,6,6,5,9,10,6,Female,Tier 2,Online
55,45280,8.3,6,2.1,7,9,34,2,150000,24754,9,7,7,8,8,4,8,6,4,5,5,Other,Tier 3,Hybrid
45,250000,4.4,11,3.2,10,8,25,8,106639,105641,5,4,4,5,10,6,6,7,7,10,6,Female,Tier 3,Hybrid
63,96559,6.2,8,4.6,6,6,21,12,78333,21254,6,6,5,5,9,4,9,9,4,8,5,Female,Tier 3,Store
50,186236,12.0,13,5.1,4,10,49,4,150000,33870,6,3,5,1,5,6,7,8,7,7,9,Female,Tier 3,Hybrid
52,77892,3.5,8,1.5,4,5,11,15,32501,51601,7,1,1,4,6,6,8,8,5,3,6,Other,Tier 1,Store
26,69558,7.9,7,4.7,6,10,21,10,42376,33907,5,5,3,8,4,7,7,5,3,10,7,Female,Tier 2,Hybrid
66,56663,7.6,10,0.4,5,8,23,8,93559,42420,6,5,5,6,1,10,1,4,3,2,7,Female,Tier 1,Hybrid
18,15000,12.0,4,3.7,7,9,44,0,33028,38327,9,5,5,10,10,8,5,1,3,10,4,Female,Tier 1,Online
36,143278,8.6,12,3.8,9,10,38,9,123329,78101,6,8,3,9,4,8,4,8,1,10,7,Other,Tier 2,Hybrid
34,65825,8.5,10,4.1,4,8,41,5,119033,15655,8,3,3,3,10,6,5,4,8,6,5,Female,Tier 1,Online
25,58760,7.2,9,3.7,9,10,38,15,61955,130430,10,4,6,8,3,7,10,8,3,9,10,Male,Tier 3,Store
40,190517,7.5,5,5.1,10,9,30,0,87298,36558,5,5,2,1,9,4,7,6,3,4,4,Female,Tier 2,Hybrid
39,143169,7.4,8,5.5,8,8,26,15,98583,145598,4,4,2,7,7,7,9,6,5,8,9,Female,Tier 2,Store
58,107993,7.1,6,2.7,4,5,28,10,51457,35888,6,5,3,7,3,4,4,5,9,9,1,Other,Tier 2,Hybrid
34,75149,8.6,11,4.4,7,5,12,17,64126,34061,5,5,5,7,8,4,10,7,6,7,4,Male,Tier 2,Store
39,69562,7.0,11,4.1,7,8,34,11,83528,68216,10,8,3,8,6,5,8,4,3,4,3,Female,Tier 2,Hybrid
73,134370,4.6,2,1.0,2,2,0,19,34988,128159,9,1,6,5,8,2,4,8,7,4,4,Male,Tier 3,Store
30,60787,6.9,13,6.0,6,8,29,12,85785,23240,9,3,7,5,3,6,10,7,1,9,8,Other,Tier 2,Store
37,57726,10.1,12,5.5,4,9,29,6,51302,40980,10,6,6,7,8,7,8,4,2,7,8,Other,Tier 3,Hybrid
59,189767,7.4,8,2.4,7,6,42,6,139101,63303,10,6,2,4,6,4,6,9,5,9,6,Male,Tier 1,Hybrid
31,15000,9.6,6,4.8,7,10,46,5,77365,500,7,5,5,5,7,8,8,3,2,7,8,Male,Tier 3,Online
58,172919,4.6,9,2.7,5,5,19,16,126185,131647,3,3,3,6,3,7,5,8,4,7,1,Male,Tier 1,Store
59,114152,6.0,10,3.4,4,8,22,15,62499,106683,5,3,5,8,10,5,10,5,5,7,4,Female,Tier 1,Store
27,109670,8.2,10,3.7,7,10,38,7,76908,13962,9,6,3,5,7,5,10,5,2,7,3,Female,Tier 2,Online
76,164119,3.9,10,0.4,1,3,16,9,64893,98485,6,3,3,8,5,4,7,10,7,7,4,Other,Tier 1,Store
61,95710,6.5,5,2.2,6,7,20,7,26840,42879,5,3,2,7,3,1,7,5,6,7,4,Male,Tier 1,Hybrid
50,136054,9.4,6,3.1,7,9,36,2,53604,36170,6,6,1,4,6,10,7,4,6,10,3,Female,Tier 1,Hybrid
24,94207,7.3,6,3.6,4,8,29,9,66153,8369,9,2,3,8,2,7,7,6,1,3,4,Female,Tier 2,Store
23,119833,11.3,2,4.0,8,10,34,7,89767,65397,6,8,4,5,10,7,6,3,1,10,4,Female,Tier 1,Online
51,87902,7.9,7,1.2,4,8,21,11,60471,71754,7,8,3,10,4,2,6,8,6,3,7,Female,Tier 2,Hybrid
37,94718,4.2,13,3.1,7,9,35,10,99094,42456,7,1,2,3,6,5,10,7,7,9,10,Female,Tier 1,Store
23,34347,9.3,1,4.4,9,10,37,0,96829,500,7,6,5,6,9,6,9,4,3,10,3,Female,Tier 3,Online
38,93755,1.9,8,4.4,5,6,0,19,7387,74582,7,1,5,7,3,2,6,9,6,3,5,Other,Tier 2,Store
58,113743,7.0,8,1.3,6,9,31,8,110306,78046,3,4,5,5,5,2,7,3,4,2,5,Other,Tier 3,Online
58,193217,2.2,10,2.2,6,4,0,19,26721,95907,4,3,2,7,3,8,5,7,6,6,1,Female,Tier 2,Store
18,15000,8.6,3,4.6,8,7,23,10,47761,64601,10,5,6,7,3,3,9,6,1,9,5,Female,Tier 3,Hybrid
61,89110,6.6,3,2.8,1,6,14,8,58275,33489,8,7,1,8,2,6,8,7,4,8,5,Female,Tier 2,Store
56,125384,6.1,9,1.6,5,6,15,19,88729,111080,7,5,4,8,5,6,6,7,4,4,8,Other,Tier 3,Store
72,92083,5.0,2,1.9,2,3,0,19,27984,137166,7,2,1,10,8,5,2,7,5,5,7,Male,Tier 1,Store
29,146421,8.7,9,5.9,9,10,49,4,90602,92403,8,8,6,1,8,8,7,3,4,5,8,Female,Tier 2,Hybrid
45,228484,7.6,10,4.1,9,10,39,11,129488,119695,6,4,1,6,9,7,10,9,7,8,5,Female,Tier 1,Store
29,75107,8.9,14,5.2,10,9,33,2,70394,500,7,1,5,6,2,7,7,5,3,8,8,Male,Tier 2,Online
54,156341,3.2,6,3.2,5,7,17,6,57018,46991,5,5,6,8,8,5,7,6,9,9,8,Female,Tier 3,Hybrid
43,227578,10.0,7,6.0,3,8,32,12,118897,99319,1,6,4,4,8,8,8,10,5,9,7,Other,Tier 1,Store
37,109971,11.5,10,6.0,8,8,32,0,103278,47456,7,1,6,2,5,9,10,4,7,8,7,Female,Tier 1,Hybrid
29,168113,9.6,14,3.7,8,10,39,4,148783,50941,4,6,2,6,5,6,8,5,4,4,7,Male,Tier 2,Online
22,100860,6.7,3,3.4,3,7,14,14,48530,39886,3,4,4,8,7,7,7,6,5,8,1,Male,Tier 1,Store
33,176761,7.8,7,4.4,6,10,27,7,121988,61995,7,4,4,6,8,2,8,6,1,8,2,Female,Tier 1,Online
25,15000,8.5,4,5.6,3,10,49,5,93884,47083,5,8,3,4,9,7,10,3,2,10,7,Male,Tier 2,Hybrid
18,21259,7.4,1,6.0,8,10,44,0,94511,500,8,7,5,7,7,5,7,5,5,10,7,Other,Tier 3,Online
25,99331,8.5,12,6.0,9,10,31,2,77013,62623,4,4,4,2,8,10,9,1,4,9,6,Male,Tier 2,Online
42,116848,8.8,3,5.3,1,6,20,16,72886,132381,5,3,5,5,6,1,10,10,2,8,9,Male,Tier 3,Store
60,89342,8.1,1,2.8,7,7,20,13,40903,88121,6,3,5,7,8,7,5,5,4,8,4,Other,Tier 3,Store
64,163484,4.9,12,1.8,10,4,7,19,42766,149151,1,1,6,6,9,7,6,10,4,7,1,Other,Tier 2,Store
64,192889,4.7,5,1.1,5,4,4,19,76379,140563,10,7,5,6,8,3,6,10,5,7,4,Female,Tier 2,Store
45,213381,4.9,9,4.6,9,7,0,11,44585,104525,7,3,4,3,5,6,10,5,5,8,5,Other,Tier 1,Store
18,99672,11.4,4,6.0,5,7,39,2,150000,2725,5,8,4,9,10,8,10,4,2,10,7,Female,Tier 2,Hybrid
49,103249,9.2,7,4.9,5,6,35,12,69749,72942,6,7,6,9,5,3,6,7,8,10,6,Male,Tier 3,Hybrid
28,38314,8.8,4,5.8,4,6,35,10,123189,19047,8,7,5,9,10,5,10,6,2,7,3,Female,Tier 3,Hybrid
46,90332,6.4,10,4.6,10,6,21,8,50750,29103,7,5,5,4,5,3,7,6,6,8,4,Female,Tier 3,Store
58,113395,9.9,9,4.2,7,8,36,8,87946,60254,5,8,3,9,2,7,5,9,4,9,1,Other,Tier 2,Hybrid
72,99552,3.6,6,2.3,4,3,0,13,44540,104055,9,6,4,6,2,5,1,10,7,10,8,Male,Tier 1,Store
47,104488,10.2,4,4.3,7,8,21,13,75089,99459,6,5,6,10,4,8,5,7,3,8,3,Female,Tier 3,Hybrid
73,80309,3.1,8,0.8,1,5,1,19,900,58766,10,2,2,6,5,6,4,7,9,9,5,Other,Tier 2,Store
48,159562,5.7,7,2.9,5,8,11,10,48802,97544,7,2,4,2,3,9,7,5,1,7,10,Male,Tier 2,Store
30,148443,8.9,10,3.7,5,10,29,19,42237,108128,5,9,7,8,9,4,8,7,4,5,5,Other,Tier 2,Store
44,37226,8.8,10,3.6,8,10,41,8,79610,13383,10,7,5,8,10,7,9,10,6,10,4,Female,Tier 3,Online
36,92101,8.5,7,4.5,9,10,33,12,97323,73702,8,8,7,8,5,3,10,8,3,6,6,Female,Tier 2,Hybrid
56,117401,5.8,9,1.8,6,6,16,14,64508,108024,7,6,3,3,7,8,9,8,4,3,4,Male,Tier 2,Store
43,142282,8.0,12,4.0,8,7,40,4,150000,76596,5,6,5,5,6,5,7,7,3,5,3,Other,Tier 2,Online
18,33154,8.6,4,6.0,6,10,16,15,61922,38179,10,1,4,10,6,5,10,7,2,9,2,Male,Tier 1,Store
63,114564,6.2,11,0.6,8,7,11,16,100737,62022,4,3,6,5,4,5,8,10,6,7,4,Female,Tier 2,Store
29,123711,8.7,6,4.7,8,9,22,7,95614,49216,6,2,5,5,9,8,9,2,4,10,6,Female,Tier 2,Hybrid
45,86285,6.6,8,2.9,4,6,16,10,44068,54897,10,7,4,3,6,7,5,5,3,3,5,Female,Tier 3,Store
39,173729,7.3,9,3.7,4,9,31,5,100698,70549,3,4,2,6,5,6,4,3,4,10,5,Female,Tier 2,Hybrid
53,92213,5.8,9,3.9,7,5,9,5,77659,35736,8,4,3,5,3,4,9,4,5,5,8,Male,Tier 2,Store
57,108551,6.2,9,3.5,4,5,0,18,51862,93326,7,9,6,7,1,2,5,7,6,6,1,Other,Tier 3,Store
29,100122,11.4,11,6.0,10,8,41,10,128413,61550,5,7,4,8,3,8,10,5,3,10,6,Male,Tier 1,Hybrid
52,174570,6.8,7,4.9,3,7,29,10,76457,77706,4,4,6,4,6,5,10,7,6,7,6,Female,Tier 3,Store
55,44746,4.5,4,2.8,1,3,15,13,36424,70735,8,3,7,2,7,6,7,7,6,7,5,Female,Tier 3,Store
18,86541,11.6,4,5.9,7,9,32,8,80431,60858,9,4,4,7,9,7,10,4,5,6,6,Female,Tier 3,Hybrid
25,146382,7.7,14,5.7,6,10,32,3,91157,59285,7,7,6,3,9,6,10,4,1,4,9,Male,Tier 3,Online
42,184999,6.2,8,3.3,4,3,14,10,64781,132702,8,3,4,7,5,4,8,7,1,6,10,Female,Tier 2,Store
45,16405,6.2,11,4.8,7,6,29,3,68909,71179,8,7,5,7,5,5,10,7,3,9,5,Male,Tier 2,Store
56,100859,8.7,9,4.3,6,7,33,9,112666,71904,6,1,4,5,10,6,10,4,8,7,7,Male,Tier 2,Hybrid
38,102212,6.0,9,3.5,4,10,24,7,52715,70183,6,3,2,4,7,6,5,5,3,7,1,Female,Tier 2,Store
18,15000,7.5,3,5.1,6,9,25,13,39117,30885,8,6,4,7,10,5,10,5,1,5,3,Male,Tier 2,Store
27,74824,7.9,9,2.9,4,10,24,14,71078,60393,7,6,1,6,6,6,10,6,2,8,4,Other,Tier 2,Hybrid
46,213835,7.5,10,4.7,5,7,33,3,119658,62624,6,0,3,4,7,7,8,3,9,4,2,Female,Tier 1,Store
57,159634,6.7,7,3.0,10,9,26,5,105231,83671,1,5,2,3,10,9,5,7,5,4,3,Other,Tier 1,Hybrid
56,169808,8.0,9,4.4,6,5,14,6,87835,92948,6,3,2,4,7,8,6,5,6,8,2,Other,Tier 1,Store
22,122828,6.4,7,3.7,9,10,41,9,150000,86959,7,7,3,6,10,7,10,4,1,9,4,Female,Tier 1,Online
18,81999,7.3,2,5.3,8,8,21,12,73848,104200,6,7,5,7,5,5,8,8,2,10,8,Female,Tier 3,Store
36,147275,7.1,14,4.4,5,8,21,10,72955,45610,5,4,5,5,4,6,10,9,6,7,9,Other,Tier 1,Hybrid
46,145273,5.1,11,3.5,8,7,20,7,115155,44536,2,6,5,5,4,3,6,5,4,7,4,Female,Tier 2,Store
31,182208,9.3,5,4.9,4,10,27,3,62818,123789,5,7,3,8,10,2,9,5,4,9,5,Other,Tier 1,Hybrid
32,37408,8.7,11,5.6,6,9,23,16,76689,43488,7,6,3,8,6,6,10,8,6,10,3,Female,Tier 2,Store
34,58342,6.8,3,3.7,10,10,31,10,66174,37556,5,2,5,8,9,5,8,4,4,8,8,Female,Tier 2,Hybrid
77,155776,6.4,10,1.0,8,9,45,6,118039,67827,6,4,3,3,10,10,4,7,7,10,5,Other,Tier 1,Hybrid
74,162648,5.1,2,2.3,6,4,0,13,96556,108156,3,0,2,6,3,5,6,6,6,7,7,Male,Tier 1,Store
24,39310,9.4,1,5.8,5,9,38,15,114839,83043,9,4,5,6,6,5,10,5,3,10,4,Other,Tier 2,Hybrid
18,108317,12.0,1,5.5,8,9,49,2,116994,21008,6,5,4,7,4,6,10,4,4,9,6,Male,Tier 2,Hybrid
18,19407,7.4,6,4.5,7,10,49,0,128990,500,3,5,6,5,8,6,10,1,1,8,1,Female,Tier 3,Online
42,108843,5.3,6,1.8,3,7,26,15,79157,104091,4,3,4,5,10,2,6,10,3,4,9,Male,Tier 1,Store
33,105973,8.9,4,4.0,7,8,41,6,50475,67881,7,5,3,5,6,6,7,2,3,5,8,Male,Tier 2,Hybrid
47,186389,8.5,14,3.6,3,6,0,15,150000,115337,9,3,2,1,5,7,6,6,5,7,5,Female,Tier 1,Store
41,208285,8.2,11,4.8,5,9,29,4,68357,70731,7,5,3,9,6,8,6,4,1,7,10,Male,Tier 1,Hybrid
75,54735,7.5,9,0.0,3,8,30,9,61491,15836,8,5,3,6,1,6,9,10,10,3,2,Female,Tier 2,Hybrid
48,50981,7.6,1,3.5,4,7,36,10,32992,36550,6,5,2,3,10,6,6,10,4,5,7,Other,Tier 2,Store
18,21311,9.8,8,3.2,7,10,49,0,62396,500,5,9,4,9,9,9,8,4,2,5,3,Male,Tier 2,Hybrid
62,138382,3.8,6,2.4,5,6,6,17,46702,94497,8,3,6,6,8,5,6,6,7,7,8,Female,Tier 2,Store
40,126619,8.6,6,3.8,7,10,31,7,79854,46588,6,5,5,9,10,10,5,5,4,10,9,Female,Tier 1,Online
18,42629,12.0,4,6.0,5,6,34,10,73533,41577,9,9,3,7,8,5,9,8,5,7,1,Male,Tier 1,Hybrid
37,106527,10.2,6,4.3,4,7,42,8,102413,31196,8,7,6,7,6,7,7,5,3,8,6,Male,Tier 3,Store
70,84968,4.5,9,2.8,5,5,13,6,81205,71319,5,7,3,1,3,4,3,5,10,3,1,Female,Tier 1,Store
18,37699,10.6,9,6.0,9,10,33,9,106333,14234,7,5,7,3,1,7,9,4,1,9,2,Male,Tier 3,Online
60,154704,6.5,3,2.2,6,7,10,9,43784,29201,5,0,5,3,3,9,7,9,4,8,2,Female,Tier 2,Store
52,164148,5.6,2,2.6,3,5,26,8,41336,76535,7,5,4,5,4,7,9,7,3,9,8,Other,Tier 1,Store
54,147354,5.9,3,4.1,5,8,35,6,102193,38023,6,8,5,8,5,7,9,6,8,8,7,Male,Tier 1,Hybrid
53,85580,8.8,9,3.6,4,4,2,14,1801,109075,5,0,7,7,2,1,4,7,6,9,8,Female,Tier 3,Store
42,148683,9.1,7,4.2,4,9,31,7,53112,57129,6,4,6,7,7,5,7,7,3,6,5,Male,Tier 3,Hybrid
33,68767,8.6,8,5.4,10,10,32,0,68997,80571,6,7,6,5,6,4,9,2,6,5,6,Other,Tier 3,Hybrid
73,69886,6.4,8,5.0,2,5,13,13,79281,80938,7,1,6,5,4,2,10,10,8,7,1,Other,Tier 3,Store
56,65753,5.2,9,2.5,7,10,22,3,77983,44071,7,0,5,7,6,5,5,5,9,7,10,Female,Tier 3,Hybrid
53,106411,4.3,4,3.8,8,8,6,16,79543,93272,6,6,4,4,4,9,4,6,8,6,3,Male,Tier 1,Store
53,121338,6.1,4,5.1,5,5,29,17,87336,92509,6,4,5,5,5,6,7,8,4,9,6,Male,Tier 3,Store
40,75955,10.7,8,5.3,3,7,24,11,24578,60122,7,0,2,5,1,8,7,7,8,7,10,Female,Tier 1,Hybrid
36,184459,7.7,11,2.9,1,8,30,8,94954,74402,8,7,4,2,9,9,6,6,4,7,7,Male,Tier 2,Store
57,156663,6.8,10,4.5,8,7,15,10,81931,95867,4,7,4,7,5,5,7,3,8,10,5,Male,Tier 1,Hybrid
59,212794,7.6,8,4.1,5,8,17,3,60839,45739,1,7,2,5,5,10,4,3,6,9,8,Female,Tier 1,Hybrid
53,131285,8.7,13,3.7,5,8,26,7,132661,32575,7,4,5,2,6,4,6,10,4,6,4,Female,Tier 3,Hybrid
50,82887,5.6,5,3.2,8,10,26,6,900,80640,9,6,3,6,4,5,7,4,3,6,6,Other,Tier 2,Online
52,61442,5.2,11,4.5,8,9,28,9,89413,47634,6,9,4,8,6,7,10,9,3,6,6,Other,Tier 3,Store
79,164072,3.9,10,1.6,2,7,9,13,33253,77332,5,5,4,2,1,6,5,9,6,4,3,Male,Tier 1,Store
76,64849,7.8,9,1.5,8,9,34,9,85346,665,7,9,3,2,8,6,4,10,10,8,10,Male,Tier 3,Online
64,121272,4.5,7,3.0,3,8,13,8,25261,51518,5,5,3,9,5,8,4,7,7,2,1,Male,Tier 2,Store
28,120337,5.4,1,4.7,8,6,13,12,21033,90510,5,5,4,5,2,8,10,5,2,10,8,Female,Tier 1,Store
36,116734,7.6,10,5.4,7,10,30,6,90639,116221,8,7,5,3,7,6,10,5,5,6,10,Female,Tier 2,Online
30,82268,10.1,12,3.2,5,9,38,6,96860,82124,6,4,6,7,1,7,6,4,2,10,6,Female,Tier 2,Hybrid
37,67334,3.9,9,4.0,6,10,40,8,123381,40125,9,6,5,9,9,5,5,4,4,7,10,Female,Tier 2,Hybrid
60,106147,4.9,11,2.3,6,7,22,13,32622,29873,5,8,4,6,7,10,1,6,4,9,10,Male,Tier 1,Store
43,103270,7.3,5,5.8,5,9,33,6,82673,71972,4,4,1,6,6,8,10,6,7,2,9,Male,Tier 1,Hybrid
73,33963,5.9,4,1.1,2,7,23,0,41600,22986,6,5,7,8,4,4,5,5,7,5,4,Female,Tier 2,Hybrid
22,125375,9.2,7,6.0,5,10,31,4,64004,33331,5,2,4,6,7,9,10,3,2,10,7,Other,Tier 2,Hybrid
18,79187,9.4,3,6.0,6,9,38,11,76241,500,5,8,3,5,7,5,7,3,3,10,2,Male,Tier 3,Hybrid
49,163308,7.0,2,2.6,5,8,23,13,61059,118102,4,3,5,6,7,1,9,8,5,6,6,Other,Tier 3,Hybrid
28,153223,10.3,12,4.1,1,6,22,8,106058,29901,4,9,1,4,7,2,9,6,2,8,6,Male,Tier 2,Hybrid
18,82112,10.5,2,5.3,8,10,30,6,50978,69797,8,0,3,7,5,7,10,2,1,8,2,Male,Tier 3,Online
47,153936,5.6,8,2.0,4,10,18,14,37792,80445,2,0,5,8,1,4,3,6,7,8,6,Female,Tier 1,Hybrid
18,24107,8.0,5,5.1,8,7,25,14,19200,100027,6,4,5,8,5,3,9,5,4,10,3,Male,Tier 3,Hybrid
52,154718,6.3,6,1.5,9,6,15,6,52778,112023,8,2,4,9,3,5,2,5,5,9,10,Female,Tier 2,Hybrid
35,66194,7.2,9,5.1,8,7,23,11,36369,102747,10,7,3,9,5,4,7,5,6,9,6,Female,Tier 1,Hybrid
51,169385,8.7,7,3.5,8,7,35,7,68452,85049,8,7,2,3,8,8,5,7,5,10,7,Other,Tier 1,Hybrid
46,55024,7.6,4,5.7,9,9,28,11,10129,52066,3,3,3,8,9,6,10,4,9,8,9,Other,Tier 1,Hybrid
42,15000,9.3,9,5.8,4,10,33,6,118603,26451,10,5,3,6,7,4,10,4,2,9,3,Male,Tier 1,Online
54,172157,8.9,1,2.5,7,7,23,6,104007,72242,6,9,5,4,7,7,5,2,6,7,5,Male,Tier 2,Hybrid
28,149574,8.9,14,3.9,5,5,21,6,73401,61803,4,3,2,3,6,9,10,5,4,8,10,Male,Tier 1,Hybrid
34,175048,9.4,9,4.8,5,7,39,9,116988,76477,5,4,2,6,1,4,6,4,4,10,9,Male,Tier 1,Hybrid
48,50871,2.5,2,2.3,6,1,8,19,31614,59524,9,2,3,6,1,3,4,7,5,6,5,Other,Tier 1,Store
43,159764,7.6,11,4.8,4,7,43,3,150000,51669,6,7,2,5,9,9,5,8,3,6,5,Male,Tier 1,Store
57,134812,2.5,1,3.8,9,6,8,13,41560,90737,6,4,4,4,7,4,6,8,5,3,3,Female,Tier 2,Store
46,74563,5.6,8,1.9,7,4,21,18,73282,71492,10,3,3,7,8,5,4,7,7,6,7,Female,Tier 3,Store
69,56088,7.3,4,3.5,5,4,9,10,18624,76558,7,2,6,4,7,4,10,7,7,7,1,Other,Tier 3,Store
45,81953,8.1,9,4.3,7,8,29,7,56916,13834,9,4,5,4,8,3,5,5,1,3,1,Male,Tier 3,Store
41,84164,9.5,7,4.6,4,10,42,0,117928,729,3,5,3,4,7,6,10,4,5,3,1,Other,Tier 2,Hybrid
47,53796,5.7,13,4.2,4,10,46,5,76742,59295,7,9,6,8,8,7,7,7,3,5,7,Other,Tier 3,Hybrid
41,104044,6.6,4,4.4,7,8,31,8,57365,86640,5,4,3,4,10,6,5,8,4,9,5,Male,Tier 2,Store
35,131572,9.7,11,4.3,3,9,49,0,150000,21206,5,3,7,7,7,6,8,6,5,6,7,Female,Tier 3,Store
39,93586,4.6,12,3.1,5,6,21,9,44770,77272,7,5,3,7,5,4,4,5,6,6,4,Male,Tier 2,Hybrid
29,174609,8.5,9,3.6,7,7,37,11,112819,71599,5,2,3,3,7,3,6,7,4,5,6,Male,Tier 2,Store
31,79645,9.0,7,4.5,10,8,23,7,72426,33163,7,2,7,7,8,3,10,4,3,5,9,Male,Tier 3,Hybrid
18,107493,7.6,4,4.3,5,10,38,2,83304,50772,8,6,5,8,2,5,10,2,1,8,1,Female,Tier 3,Online
53,77691,5.8,4,4.2,3,10,34,7,109418,30943,6,3,7,6,5,6,8,8,3,2,10,Other,Tier 3,Hybrid
42,38930,5.5,8,5.3,5,10,21,5,5953,50701,9,7,6,8,2,4,9,10,3,8,8,Female,Tier 3,Store
49,168389,6.4,7,4.8,6,7,20,7,57358,70526,3,3,3,4,7,7,10,5,1,4,6,Female,Tier 1,Store
36,163417,6.5,2,4.3,2,7,5,12,95074,92891,5,1,5,6,4,7,10,4,6,5,7,Male,Tier 3,Store
66,70490,7.6,6,2.1,5,6,23,7,81506,76395,5,9,3,8,10,4,5,4,8,10,4,Female,Tier 1,Hybrid
38,105920,7.9,6,3.4,7,10,49,2,108438,500,6,4,2,8,10,7,7,7,3,10,6,Female,Tier 1,Online
51,21910,6.1,4,2.2,7,8,17,6,22807,99184,8,7,7,4,8,5,3,9,10,4,9,Male,Tier 3,Hybrid
25,97913,11.8,13,5.2,6,10,46,2,146975,33178,6,5,5,5,10,9,7,5,2,10,7,Other,Tier 2,Online
63,118406,5.7,4,0.7,5,10,29,6,106283,52196,7,4,3,5,7,5,5,5,7,3,6,Female,Tier 1,Store
55,73462,5.1,3,3.1,3,7,21,17,57843,93430,5,3,4,7,8,7,7,10,1,1,2,Male,Tier 2,Store
36,138202,6.5,1,5.2,3,7,24,15,61157,107558,6,6,5,3,8,5,8,9,6,7,5,Male,Tier 3,Store
47,73720,8.6,5,2.4,9,10,22,9,37252,55362,9,6,4,5,7,7,6,6,2,5,6,Female,Tier 2,Hybrid
50,104911,9.9,5,2.8,6,7,28,6,90162,54711,7,3,6,3,6,6,8,4,5,7,6,Female,Tier 3,Hybrid
34,89444,9.8,14,6.0,8,10,31,2,74598,24428,6,6,5,7,8,5,9,5,2,6,7,Female,Tier 2,Online
45,135127,9.0,9,4.5,6,7,31,6,107463,57580,4,4,3,5,10,7,10,8,5,9,5,Male,Tier 3,Store
63,82887,9.3,4,5.5,9,8,29,8,76814,89520,3,6,3,6,2,7,8,8,4,10,7,Female,Tier 2,Store
46,150862,9.0,7,6.0,6,9,44,8,144813,62982,9,2,1,8,7,10,7,7,5,4,10,Other,Tier 2,Hybrid
56,74343,6.8,11,3.3,4,7,26,12,63270,72049,6,6,7,3,5,5,5,9,5,6,3,Female,Tier 3,Store
23,62062,12.0,6,6.0,7,10,49,0,103829,28886,8,5,1,4,9,8,10,3,2,9,6,Female,Tier 1,Online
33,194254,11.2,8,6.0,6,8,38,2,91979,35965,6,9,2,1,6,6,7,1,4,6,7,Female,Tier 1,Online
38,158280,7.4,14,4.6,10,8,30,4,135516,81509,8,4,3,8,7,5,7,6,5,8,10,Male,Tier 2,Hybrid
38,62651,6.2,10,4.3,3,4,9,11,107185,70286,8,5,6,4,9,5,5,3,7,7,10,Male,Tier 3,Store
58,95537,8.1,8,2.8,2,7,25,14,76448,111304,9,3,5,9,10,3,4,7,7,5,7,Male,Tier 3,Hybrid
35,224065,8.2,5,4.9,7,8,44,6,150000,80618,5,9,4,1,6,4,4,6,3,7,10,Other,Tier 1,Hybrid
72,22301,3.7,9,2.0,3,6,2,14,900,53991,8,8,3,9,1,7,6,7,8,5,7,Male,Tier 1,Store
54,120667,9.5,11,3.2,10,3,9,6,66264,95737,2,2,5,7,5,3,5,5,5,3,3,Female,Tier 2,Store
56,154251,4.1,6,3.3,4,6,9,12,19880,70805,10,7,5,4,2,5,7,4,4,5,5,Male,Tier 2,Store
79,17146,4.8,1,0.0,9,5,11,11,900,38238,7,3,3,7,7,5,3,8,10,2,4,Male,Tier 3,Store
50,80818,6.9,6,3.0,7,6,20,12,98560,131597,3,5,5,6,2,7,7,9,5,7,7,Female,Tier 3,Store
63,167077,5.9,4,2.3,9,8,24,12,71578,68667,7,4,5,5,5,4,5,6,10,8,4,Female,Tier 2,Store
29,67644,11.2,9,5.6,9,10,46,3,119603,17559,8,8,7,4,9,7,7,5,2,5,3,Other,Tier 3,Online
20,33401,7.5,11,6.0,7,8,18,8,41411,47757,10,7,6,10,3,5,10,6,7,8,4,Female,Tier 3,Store
43,17195,5.7,6,3.6,5,7,21,5,41360,66655,7,9,6,10,9,7,7,5,4,6,6,Male,Tier 3,Store
35,29466,7.0,7,5.1,5,10,31,6,92258,65442,6,6,4,8,8,6,9,4,6,2,7,Other,Tier 2,Hybrid
48,108139,6.2,12,2.1,6,9,27,13,150000,117607,5,1,4,8,8,4,5,8,4,9,6,Male,Tier 2,Hybrid
39,103883,8.1,8,6.0,7,5,12,14,9337,72658,6,7,6,7,4,7,7,3,5,1,3,Female,Tier 3,Store
36,89829,11.4,6,5.2,8,10,46,3,104853,25217,9,5,4,2,9,7,7,6,2,9,7,Other,Tier 2,Online
36,66203,7.8,4,4.4,3,9,28,9,86307,61935,3,7,7,9,6,3,10,6,4,10,7,Female,Tier 3,Store
44,204632,7.9,4,5.1,6,10,41,5,150000,63323,1,9,3,4,7,8,9,7,4,5,7,Male,Tier 1,Online
41,110001,7.4,4,4.3,9,9,25,4,97336,17022,8,9,2,4,9,9,9,7,6,6,1,Male,Tier 2,Hybrid
74,15000,8.0,5,2.8,5,10,29,8,80874,8378,7,5,5,7,8,5,5,5,10,4,10,Female,Tier 3,Hybrid
54,69032,9.2,5,3.2,1,10,34,4,92205,12478,7,2,5,7,7,8,5,8,6,10,5,Male,Tier 1,Store
49,104501,6.4,4,0.9,5,7,31,4,83963,85548,8,4,5,5,6,7,5,2,3,9,10,Female,Tier 2,Online
33,92044,8.2,12,5.1,6,8,38,7,65969,15210,6,8,2,6,10,4,9,2,3,8,7,Male,Tier 2,Hybrid
65,150846,6.6,6,1.1,7,7,23,7,64161,91531,4,8,2,9,5,6,3,6,8,7,3,Other,Tier 1,Hybrid
49,128894,5.3,8,3.5,9,9,16,14,900,108902,5,3,6,8,7,5,7,5,4,7,6,Male,Tier 2,Hybrid
54,73770,8.0,7,2.9,5,5,25,15,85915,41979,5,9,4,4,7,6,4,8,9,7,5,Male,Tier 2,Store
45,114563,4.5,6,3.3,4,9,22,2,131407,23236,6,4,4,5,10,8,5,4,7,10,6,Male,Tier 3,Hybrid
40,198425,10.3,6,3.0,7,10,33,4,121599,88703,4,9,2,3,7,5,6,1,5,5,5,Other,Tier 1,Hybrid
47,220541,8.1,7,3.2,7,10,24,7,108443,115492,4,2,2,8,4,8,8,7,6,10,8,Male,Tier 1,Hybrid
55,114540,7.0,9,2.8,5,8,17,13,111543,124534,6,7,5,6,5,5,5,4,7,6,7,Other,Tier 2,Store
57,93300,6.6,9,3.3,4,5,23,10,78472,50493,9,4,4,3,9,3,6,5,6,10,6,Male,Tier 3,Store
38,89803,6.6,7,4.0,6,10,40,5,65321,114285,10,3,5,7,2,6,7,7,5,2,2,Male,Tier 3,Hybrid
34,169784,11.4,14,5.1,6,9,49,0,142795,61191,5,9,1,6,5,6,8,5,5,8,7,Other,Tier 1,Online
38,126164,10.3,11,6.0,2,9,37,6,79714,27222,6,8,3,7,5,6,7,2,5,7,8,Male,Tier 1,Online
51,105198,7.5,4,3.5,3,7,34,8,82629,85909,10,5,2,6,5,6,6,7,9,4,8,Female,Tier 1,Store
68,151012,3.4,9,1.7,6,4,14,8,75506,75281,10,5,5,5,10,5,4,8,7,4,2,Male,Tier 2,Store
47,139927,3.8,6,2.3,2,4,6,13,105964,95538,3,1,4,6,5,5,9,6,7,6,5,Male,Tier 1,Store
36,100150,7.6,13,3.3,6,9,29,9,108462,86967,5,6,4,5,7,7,3,7,3,6,2,Male,Tier 3,Hybrid
79,73744,5.6,9,3.9,3,5,4,12,18773,75309,5,5,4,4,5,3,7,9,10,6,5,Male,Tier 1,Store
68,108117,7.0,5,3.3,6,8,22,13,67839,84119,6,3,5,3,8,6,9,9,10,6,7,Other,Tier 2,Store
51,151919,4.9,3,1.3,1,6,5,9,71538,88122,6,0,6,8,3,5,4,5,6,5,6,Female,Tier 3,Store
53,114211,8.4,6,3.2,6,7,38,2,60639,5884,3,9,5,10,9,4,4,3,5,3,3,Male,Tier 1,Online
27,117974,8.2,5,6.0,6,10,49,0,150000,500,6,9,3,5,6,8,10,2,2,3,7,Other,Tier 1,Online
25,109371,9.8,11,5.2,4,10,31,14,89522,62721,6,6,3,5,10,5,10,7,6,8,5,Male,Tier 1,Hybrid
37,167373,7.5,13,2.2,7,8,34,4,124509,40765,7,6,3,4,2,5,4,7,5,10,8,Other,Tier 1,Hybrid
79,37218,3.8,5,1.2,1,5,4,15,32699,55472,8,4,1,7,1,7,4,10,6,6,2,Female,Tier 1,Store
41,47079,7.3,4,5.1,5,10,34,5,85165,42925,10,9,3,8,7,3,10,9,6,9,6,Other,Tier 3,Hybrid
41,186090,11.9,12,4.8,4,10,37,15,133047,135606,5,3,3,3,1,5,6,8,2,7,10,Other,Tier 2,Hybrid
23,87507,10.2,1,5.5,7,10,49,7,115473,58293,5,9,2,7,10,10,6,4,4,7,7,Female,Tier 1,Online
35,139998,7.3,11,3.1,8,10,30,5,60231,26013,6,6,2,6,7,6,7,5,4,10,10,Female,Tier 1,Hybrid
65,129233,2.7,2,0.8,1,4,0,18,44960,117615,5,0,5,7,1,4,6,10,6,10,3,Other,Tier 2,Store
73,128048,2.1,6,2.1,3,6,6,9,28336,73047,6,0,2,6,4,2,7,10,7,2,4,Other,Tier 3,Store
39,61241,10.0,13,4.6,7,9,28,6,47973,71731,5,7,3,5,8,4,7,6,2,9,6,Female,Tier 2,Store
34,68411,10.3,14,3.8,7,9,33,12,108066,25949,10,8,4,4,5,10,9,8,3,7,4,Male,Tier 3,Store
45,92893,6.8,12,2.5,6,10,26,7,93009,66665,4,2,3,8,6,8,6,4,5,10,7,Male,Tier 2,Hybrid
57,245178,6.8,11,2.2,6,9,18,6,150000,13406,10,5,3,3,7,5,3,4,4,7,5,Other,Tier 2,Store
67,49267,3.0,4,1.8,3,7,10,10,80034,85971,7,3,4,9,7,5,2,6,8,8,3,Male,Tier 2,Store
44,165449,4.8,1,3.5,7,9,29,12,140606,73262,3,5,3,4,7,9,7,5,1,3,5,Female,Tier 1,Hybrid
39,86724,9.5,11,4.8,5,5,25,7,73671,61643,6,3,4,4,7,4,10,5,6,5,8,Female,Tier 2,Store
59,136992,7.7,10,0.0,5,8,26,19,87181,105124,3,5,3,8,5,9,1,4,10,9,4,Male,Tier 2,Hybrid
52,93576,5.7,7,4.8,6,7,0,9,71597,58239,7,6,4,7,6,5,7,8,4,10,9,Female,Tier 2,Store
58,106725,4.1,12,2.9,5,4,10,13,30672,60906,5,5,3,6,3,6,5,7,8,6,5,Other,Tier 2,Store
36,180576,6.0,8,3.6,8,7,12,17,97834,119272,6,7,5,5,5,6,10,7,2,10,6,Other,Tier 3,Store
33,168716,8.5,10,5.3,4,10,21,7,116512,88405,6,4,6,5,5,6,10,8,5,5,7,Male,Tier 2,Hybrid
53,81785,6.8,9,4.0,7,6,7,13,38131,99731,7,3,6,8,7,1,5,4,5,1,5,Male,Tier 3,Store
56,145071,3.3,4,2.8,3,5,20,5,67597,60235,6,3,3,8,6,5,4,6,7,9,5,Male,Tier 1,Store
23,158070,4.2,5,2.9,5,8,18,16,87924,117173,7,6,4,4,4,7,9,7,3,10,8,Female,Tier 3,Store
29,64438,6.3,11,5.4,10,6,11,16,52335,100236,9,2,4,4,6,7,7,6,4,7,7,Male,Tier 3,Store
74,50989,2.2,6,2.4,3,3,0,17,3671,80197,7,4,4,6,1,5,4,8,8,7,3,Female,Tier 3,Store
39,119840,6.3,11,5.8,6,7,40,8,41473,19156,5,4,2,8,7,8,8,5,4,5,8,Female,Tier 1,Store
29,59502,5.6,11,3.6,6,6,7,19,900,46950,6,4,4,9,7,3,9,7,4,5,5,Female,Tier 2,Store
46,87062,11.4,4,3.6,6,9,44,1,75723,13169,5,5,6,3,5,6,7,3,5,10,10,Female,Tier 2,Online
56,107301,2.4,8,2.4,5,5,4,19,38304,79626,8,4,3,6,5,3,4,10,5,5,3,Other,Tier 2,Store
40,91686,9.6,8,4.1,2,10,44,6,85326,32196,7,5,6,6,6,7,7,8,5,9,8,Male,Tier 3,Hybrid
56,179618,9.6,4,3.4,5,9,44,8,116150,66879,9,5,7,6,6,8,5,10,8,6,1,Male,Tier 3,Hybrid
34,115305,7.5,7,3.8,2,9,26,8,117572,95014,6,6,7,8,7,5,7,2,8,4,6,Male,Tier 2,Hybrid
41,194012,6.4,9,3.2,10,10,29,12,114714,68983,5,4,4,3,6,6,6,5,4,10,7,Female,Tier 1,Hybrid
66,71863,4.0,4,1.7,1,4,0,9,23960,18615,7,4,5,6,6,1,4,7,8,6,6,Male,Tier 3,Store
49,112390,10.0,11,4.8,1,7,28,16,83178,130650,8,5,4,4,8,6,4,7,1,8,10,Female,Tier 2,Store
29,78588,9.2,14,4.7,4,9,33,7,94625,49653,5,7,5,7,4,6,6,5,4,8,8,Male,Tier 2,Hybrid
38,84243,9.8,4,3.1,8,7,24,16,76180,70841,8,4,4,7,7,5,6,2,6,7,7,Female,Tier 3,Hybrid
29,147515,9.3,8,4.2,8,10,39,11,94161,52771,9,1,4,3,9,6,4,8,1,3,3,Other,Tier 3,Hybrid
40,218368,5.8,7,3.8,4,10,22,9,104198,117107,5,3,2,3,4,6,3,7,7,6,4,Other,Tier 1,Store
33,40640,6.2,10,6.0,4,10,20,11,38386,52650,6,1,4,5,6,10,10,4,4,7,7,Female,Tier 2,Hybrid
31,108198,11.7,9,4.4,10,10,42,5,114802,26353,6,5,1,5,10,9,10,6,5,8,1,Male,Tier 1,Hybrid
52,124989,8.7,9,3.2,7,9,37,13,59330,44248,6,9,3,5,8,3,8,9,5,10,6,Male,Tier 1,Store
52,191280,5.2,4,1.2,4,7,17,11,115005,87480,5,2,1,7,4,8,7,8,5,9,6,Female,Tier 1,Store
38,107049,6.7,12,3.7,6,10,18,19,67623,89581,6,2,1,3,4,8,10,7,6,10,5,Male,Tier 1,Hybrid
42,168343,8.4,9,4.6,7,10,38,8,121858,72652,8,6,3,6,5,4,9,7,4,7,5,Male,Tier 1,Online
41,208670,7.2,9,5.4,2,9,40,13,150000,74675,3,0,3,5,7,7,8,8,5,6,2,Female,Tier 2,Store
47,138496,5.2,6,3.0,6,7,22,18,112499,145839,8,2,4,5,8,5,5,9,3,8,8,Female,Tier 1,Store
67,56831,9.2,5,1.3,3,8,48,0,117852,5764,6,9,4,5,10,5,3,8,3,3,2,Female,Tier 3,Online
52,79205,6.0,11,1.7,9,6,15,10,36703,57244,5,2,2,3,10,4,3,7,6,10,5,Other,Tier 2,Hybrid
44,129061,7.2,11,3.3,7,6,24,7,35356,54138,7,4,3,8,5,7,8,4,6,10,7,Male,Tier 1,Hybrid
35,89121,8.7,8,4.9,6,10,44,6,90207,34904,7,6,3,4,7,5,9,6,4,3,7,Female,Tier 3,Online
33,62488,7.1,6,4.7,4,10,20,10,78816,5270,6,4,6,4,7,6,9,10,5,7,7,Female,Tier 3,Store
23,55422,7.1,5,5.7,6,10,35,3,80994,7303,6,5,7,4,9,6,6,3,4,10,9,Male,Tier 3,Hybrid
69,100717,4.8,6,2.3,9,5,13,8,62506,75302,3,3,5,4,6,6,3,9,7,7,3,Male,Tier 1,Store
63,107432,7.0,9,3.8,4,7,26,14,100545,83643,7,9,7,4,7,5,7,10,4,9,7,Male,Tier 3,Store
28,146331,10.3,14,6.0,9,7,40,10,129281,103521,3,5,3,5,8,5,10,7,3,10,8,Female,Tier 2,Hybrid
50,66443,8.4,5,3.4,5,5,23,7,122801,47877,5,0,3,5,4,5,10,9,6,5,10,Other,Tier 2,Store
45,155392,4.7,5,3.6,2,7,16,18,39463,131225,7,5,1,8,3,5,8,9,1,5,8,Male,Tier 1,Store
31,127403,8.9,14,4.3,7,8,25,10,87439,85699,8,5,1,6,9,5,5,1,4,8,5,Other,Tier 1,Store
59,161150,1.6,13,2.9,1,5,6,8,55767,74103,9,4,4,8,10,6,5,6,2,5,1,Female,Tier 2,Store
47,74200,8.5,5,4.3,4,9,43,9,59693,28671,6,7,5,6,7,4,8,3,4,4,5,Female,Tier 3,Online
56,172626,7.1,4,3.5,7,9,27,2,124077,20669,7,7,4,3,7,7,3,6,5,4,8,Male,Tier 1,Online
49,185695,11.2,5,5.5,9,9,42,9,115961,91976,4,8,5,8,6,4,10,7,7,6,9,Male,Tier 1,Hybrid
71,102715,3.7,6,1.1,6,4,4,14,900,97257,4,0,5,5,6,3,1,8,10,5,2,Male,Tier 3,Store
27,137147,9.2,6,5.4,8,9,43,15,110529,92631,8,9,5,7,9,8,9,5,4,10,3,Other,Tier 3,Online
66,100073,5.8,6,1.9,5,7,15,10,73446,80412,6,2,3,2,5,6,6,7,8,6,2,Male,Tier 3,Hybrid
31,115135,10.9,13,5.3,6,9,49,0,95298,26217,8,7,5,5,5,6,9,5,5,6,10,Male,Tier 3,Hybrid
51,168116,5.7,1,1.9,1,9,33,13,108031,34670,6,5,4,5,8,4,9,7,6,8,9,Female,Tier 2,Store
35,118441,9.9,6,3.7,5,7,26,10,56397,93200,6,7,6,5,6,5,10,9,2,8,7,Female,Tier 2,Store
42,187191,6.3,5,1.7,6,10,22,0,101519,45903,6,8,2,3,3,9,7,9,5,8,10,Female,Tier 1,Hybrid
43,162776,9.3,5,3.3,5,9,31,1,116077,39633,3,3,2,5,1,8,8,3,6,9,8,Female,Tier 1,Hybrid
40,185272,7.2,4,3.3,8,9,20,11,147192,115282,6,2,3,4,4,5,10,3,2,9,8,Male,Tier 2,Store
26,15000,6.7,7,3.1,8,9,39,4,37660,17201,9,7,5,7,7,7,6,4,1,6,4,Male,Tier 3,Hybrid
50,133419,7.8,1,2.3,6,7,22,8,73686,55091,6,5,3,6,7,5,6,4,6,8,7,Female,Tier 1,Store
51,137796,6.7,5,2.8,6,6,18,14,120293,77049,5,4,5,7,3,1,4,8,7,7,1,Male,Tier 3,Store
39,125789,10.0,9,4.8,5,10,38,1,119383,28179,8,6,3,7,9,4,7,8,8,9,9,Other,Tier 2,Hybrid
62,170095,1.2,6,0.3,1,1,0,11,79200,100674,4,2,6,5,8,4,4,8,7,5,3,Other,Tier 1,Store
59,99036,4.9,10,2.6,8,8,23,9,111123,87520,9,6,4,8,7,1,10,10,6,8,1,Male,Tier 2,Store
39,155388,4.1,11,1.1,7,5,15,15,47295,150000,6,7,6,5,5,1,5,9,6,8,4,Other,Tier 1,Store
64,118386,3.2,7,2.6,6,6,16,12,68345,44118,5,4,4,8,7,3,6,8,9,7,2,Female,Tier 1,Store
42,72164,8.0,11,4.5,9,8,23,11,84174,89323,5,9,6,2,7,7,6,10,4,3,7,Other,Tier 3,Store
52,188538,7.1,4,2.7,4,7,26,8,74587,99138,3,7,7,6,3,8,5,10,2,10,8,Female,Tier 2,Store
27,123789,10.0,7,4.5,7,10,41,9,103371,53769,5,3,4,5,10,7,6,7,5,8,3,Male,Tier 2,Hybrid
27,78587,8.1,5,4.9,10,8,35,7,86586,54750,7,9,6,5,4,6,9,4,1,8,8,Other,Tier 1,Hybrid
68,70563,7.6,7,2.5,4,6,12,11,25218,55310,8,3,1,5,7,5,9,8,5,6,1,Female,Tier 1,Store
65,155405,9.2,2,5.7,8,8,10,10,47988,104032,7,7,4,3,4,9,6,7,4,7,7,Other,Tier 2,Store
24,225364,7.4,2,4.5,5,8,26,13,110924,121611,5,2,3,4,7,4,7,7,3,5,1,Male,Tier 1,Hybrid
27,144610,7.5,4,5.8,6,8,36,1,149447,50712,2,4,4,8,6,4,9,6,7,7,6,Female,Tier 3,Hybrid
60,112911,5.6,9,1.1,7,7,22,10,127579,102290,7,9,2,5,5,6,6,7,6,8,3,Male,Tier 1,Hybrid
42,146645,7.8,6,4.9,8,9,32,6,119953,40334,6,6,3,7,4,10,7,5,7,7,5,Male,Tier 1,Hybrid
36,130394,8.9,14,2.4,4,7,18,10,94142,59914,9,3,5,4,3,5,7,5,1,10,8,Male,Tier 3,Hybrid
31,64483,8.7,3,5.8,4,10,31,11,9338,54553,6,6,4,7,6,5,10,9,1,7,10,Female,Tier 2,Hybrid
56,191295,7.4,6,2.8,3,7,22,7,86361,35779,4,3,3,3,6,3,7,7,6,8,1,Male,Tier 1,Hybrid
60,115744,5.2,6,4.6,8,6,4,15,60521,59614,5,5,4,4,6,5,8,10,6,10,5,Female,Tier 1,Store
49,173339,6.5,7,4.3,8,6,15,4,90087,67724,6,5,2,4,7,5,6,3,3,3,5,Male,Tier 3,Hybrid
34,68895,6.6,7,3.5,6,5,17,6,55040,500,9,6,2,6,6,3,10,3,4,9,5,Female,Tier 3,Store
61,60107,4.8,4,2.1,7,8,21,4,56855,43063,6,3,6,5,1,5,4,7,7,3,6,Other,Tier 2,Hybrid
54,141487,4.6,13,0.7,6,4,0,11,59059,90302,6,4,4,4,7,5,7,6,4,8,7,Female,Tier 3,Store
36,46591,5.6,8,4.1,7,6,17,13,49365,46630,7,5,3,4,7,4,9,7,2,7,6,Other,Tier 2,Store
46,65680,3.1,7,1.5,1,6,17,15,41934,51705,8,7,4,6,4,5,5,10,6,8,8,Female,Tier 3,Store
43,146242,8.7,6,4.7,5,7,22,8,65821,72852,4,6,5,5,4,3,9,4,2,6,5,Female,Tier 3,Store
69,103704,6.7,10,3.6,6,7,17,10,71875,64672,5,4,5,6,5,5,3,9,10,8,7,Male,Tier 3,Store
38,130334,9.7,10,4.6,6,8,41,15,71123,108551,5,9,5,8,10,7,10,6,3,1,4,Male,Tier 1,Online
30,154061,9.3,7,4.4,6,10,35,4,135375,99093,2,7,5,8,6,8,6,4,4,9,10,Male,Tier 1,Online
50,18546,5.3,8,3.5,3,6,27,5,23032,97850,8,7,6,6,6,7,10,7,4,10,5,Female,Tier 3,Store
46,155507,7.8,2,0.4,4,7,25,1,74713,30786,7,8,6,5,6,6,7,5,3,5,1,Female,Tier 2,Store
34,142295,9.4,10,3.7,8,8,30,14,80402,113915,3,9,3,7,6,3,7,2,3,7,5,Female,Tier 3,Hybrid
21,155925,9.3,4,5.0,6,10,33,0,59587,32554,7,5,2,8,10,6,10,7,1,8,9,Female,Tier 2,Online
64,182850,1.0,7,0.0,7,6,0,8,31113,120620,6,2,1,7,5,5,4,8,8,7,4,Female,Tier 1,Store
55,189031,5.9,10,5.0,5,8,16,3,64323,44641,2,2,4,4,8,4,10,5,6,7,10,Other,Tier 2,Store
58,26402,6.3,11,4.2,9,7,15,14,64527,68500,9,7,4,9,6,3,7,9,6,9,1,Male,Tier 3,Store
35,67774,8.9,13,4.2,7,10,43,7,126429,29481,8,6,7,5,10,5,9,6,3,7,8,Female,Tier 3,Online
51,183884,7.7,13,4.8,6,8,16,11,86528,54418,7,4,4,4,6,5,5,6,6,7,8,Female,Tier 2,Hybrid
72,113816,6.9,3,0.9,8,8,21,9,50998,68897,6,7,6,1,5,7,4,8,7,10,3,Female,Tier 3,Hybrid
29,143783,6.9,11,4.0,7,10,23,19,105599,128766,3,6,2,5,4,9,4,3,2,7,8,Female,Tier 1,Store
52,143969,5.7,11,3.5,5,8,38,0,68122,52534,7,2,4,8,7,6,5,7,7,6,6,Other,Tier 2,Store
23,65746,12.0,1,5.5,5,10,45,0,26503,47377,9,9,6,6,10,7,10,2,4,10,2,Female,Tier 3,Online
63,170374,6.9,6,2.4,5,7,11,15,63674,48638,7,4,6,6,1,7,6,6,3,10,6,Male,Tier 2,Store
49,146919,5.3,3,1.8,5,6,30,7,150000,31104,7,6,5,2,4,6,6,5,5,2,1,Male,Tier 2,Hybrid
57,70151,3.2,6,2.4,4,5,12,7,47555,14567,7,7,4,5,1,7,6,10,4,6,6,Male,Tier 3,Store
34,126315,7.5,14,3.9,6,9,18,17,69238,108352,6,9,3,5,6,6,9,4,7,7,5,Female,Tier 1,Store
44,118216,6.8,14,1.7,8,9,18,10,95410,112396,7,7,3,6,5,4,4,8,7,9,5,Male,Tier 2,Hybrid
51,190345,4.9,9,1.3,5,9,29,4,46584,74348,7,8,4,5,5,5,5,5,7,6,5,Male,Tier 1,Hybrid
46,136556,9.0,10,2.4,7,5,31,8,62924,50337,7,3,5,2,8,5,7,7,3,2,7,Female,Tier 3,Hybrid
55,58281,3.6,9,4.9,1,5,14,8,900,57479,8,5,6,4,1,2,7,6,6,7,2,Female,Tier 3,Store
67,96654,4.6,9,0.5,1,5,26,7,38448,80663,10,3,6,9,6,1,5,7,4,7,4,Male,Tier 3,Store
28,91150,8.5,12,4.9,8,10,44,7,77251,37880,8,7,5,2,6,4,6,2,3,7,6,Female,Tier 2,Hybrid
33,160823,9.4,7,5.4,9,10,41,4,96842,46908,7,3,1,5,9,6,9,4,7,9,5,Male,Tier 1,Online
38,108864,5.8,13,2.4,5,10,20,14,63351,67684,8,7,4,4,7,9,4,8,3,7,2,Other,Tier 2,Store
53,163622,7.1,10,3.8,3,3,23,14,113151,62492,7,3,2,5,5,6,5,10,9,9,4,Male,Tier 1,Store
59,89303,4.4,4,2.4,7,3,0,16,900,70641,9,3,2,9,2,7,3,7,6,9,4,Female,Tier 2,Store
45,60518,6.4,5,3.8,2,6,26,7,40120,20253,6,5,4,3,2,6,10,8,6,8,10,Female,Tier 3,Hybrid
48,109354,7.6,11,2.8,7,7,28,4,60159,123672,7,3,1,6,1,5,8,8,8,7,7,Female,Tier 1,Hybrid
39,16481,9.7,11,3.9,10,10,49,2,41665,34678,9,9,7,8,5,7,7,5,4,10,6,Female,Tier 3,Online
55,119469,4.8,3,2.8,5,4,14,9,118878,33889,10,7,1,7,3,8,5,10,6,9,6,Male,Tier 1,Store
50,122892,8.3,4,4.1,8,10,38,6,131952,96950,9,7,6,2,8,9,8,10,6,6,6,Other,Tier 1,Hybrid
38,104538,9.8,6,5.1,6,9,29,6,77982,96726,8,9,4,7,7,7,8,4,3,9,5,Female,Tier 2,Online
67,130067,3.6,6,2.9,3,6,5,14,15630,101353,2,2,4,4,3,5,5,8,8,8,10,Male,Tier 1,Store
18,132107,8.7,1,4.5,8,10,40,11,73063,75312,4,7,4,6,8,6,8,5,1,9,4,Other,Tier 1,Hybrid
64,76675,5.6,1,0.8,5,6,27,7,50814,75610,5,4,7,7,10,4,4,6,7,6,4,Female,Tier 3,Store
26,76307,8.8,4,3.9,7,9,41,1,95591,53769,6,8,5,5,7,6,8,4,1,3,7,Female,Tier 3,Hybrid
38,205332,8.2,11,4.4,4,8,33,9,113621,86721,5,7,4,1,9,7,8,9,4,8,3,Other,Tier 1,Hybrid
32,125005,8.9,6,5.1,8,8,33,9,108137,47220,3,2,2,4,8,5,10,7,5,8,5,Female,Tier 1,Hybrid
37,115979,9.4,14,4.4,1,10,32,1,45202,85061,9,5,1,7,8,7,7,1,4,5,10,Female,Tier 1,Hybrid
41,157361,9.2,2,3.7,6,7,6,13,106745,109959,3,1,6,6,4,7,8,4,5,4,4,Female,Tier 1,Hybrid
42,166192,6.7,4,3.7,9,9,29,15,81838,59330,4,0,5,7,8,3,7,6,3,6,8,Other,Tier 3,Hybrid
57,54362,5.9,8,3.4,5,5,26,4,42473,29485,7,4,5,5,8,8,2,10,6,9,2,Female,Tier 2,Store
70,84898,2.7,5,1.4,8,6,12,6,21957,47562,7,0,6,5,7,1,6,8,7,8,1,Male,Tier 3,Store
50,131565,6.5,2,2.9,5,8,25,2,47118,36963,8,7,7,5,6,7,6,8,3,10,7,Male,Tier 2,Store
54,202256,5.7,10,4.5,3,10,35,6,110731,150000,7,3,5,4,6,3,7,6,6,6,4,Male,Tier 2,Store
35,58317,7.8,14,3.7,4,10,31,13,86414,2880,5,3,2,5,10,5,6,5,3,4,6,Female,Tier 3,Hybrid
56,140367,6.5,2,3.1,9,9,49,16,114673,127645,5,7,4,9,4,8,4,7,3,6,4,Other,Tier 2,Store
49,201790,7.2,8,3.7,5,9,27,6,113871,115658,5,4,4,5,9,9,10,4,7,8,4,Male,Tier 2,Store
55,27583,5.4,3,2.5,2,1,0,15,900,72907,7,5,4,7,3,5,8,6,8,1,7,Male,Tier 2,Store
50,74980,8.9,13,3.3,3,5,35,9,73500,55234,10,9,1,3,3,6,3,3,8,8,4,Female,Tier 1,Store
52,145939,9.3,10,4.2,4,7,24,5,113654,41607,5,7,5,8,8,8,7,5,5,6,7,Male,Tier 2,Hybrid
47,128658,7.6,4,3.0,4,8,19,10,83290,111364,4,1,4,4,6,9,7,6,5,5,10,Other,Tier 2,Store
50,93332,8.1,8,4.2,6,10,35,4,83821,500,8,8,2,4,7,4,6,8,9,10,8,Other,Tier 2,Online
36,104947,8.9,7,4.9,5,9,20,14,46929,58018,4,2,3,7,7,7,7,5,3,9,2,Male,Tier 2,Hybrid
37,157486,4.3,9,3.7,7,10,27,11,119735,106168,6,1,6,8,6,7,6,7,5,8,7,Female,Tier 3,Hybrid
30,97251,9.8,12,4.4,7,10,36,12,120522,109323,7,9,4,5,10,6,5,3,4,9,8,Male,Tier 2,Hybrid
30,21814,8.4,14,3.7,6,10,32,6,97038,19257,8,1,6,7,10,6,5,3,4,10,4,Male,Tier 3,Hybrid
39,116964,9.0,12,6.0,6,7,29,8,40868,65038,7,7,2,5,5,5,10,2,4,5,3,Male,Tier 2,Online
41,120413,7.6,9,3.7,7,8,33,7,139161,73152,4,3,1,3,3,7,9,7,2,8,10,Male,Tier 1,Store
72,137764,5.7,9,2.1,2,6,16,12,109177,85983,8,4,1,4,3,6,7,10,9,2,4,Other,Tier 1,Store
58,110243,7.8,3,5.8,2,9,45,2,112240,79941,7,9,5,7,6,8,10,1,6,5,1,Male,Tier 2,Hybrid
37,196722,5.6,5,4.3,5,8,24,9,79903,83053,3,6,1,4,8,8,6,2,2,7,1,Male,Tier 1,Hybrid
36,150658,7.4,12,5.2,8,7,20,8,85796,57670,8,0,4,5,6,3,10,3,1,4,8,Female,Tier 2,Store
57,89965,6.7,5,3.9,8,10,31,9,142386,500,9,8,1,6,3,5,6,6,7,4,4,Female,Tier 1,Hybrid
57,24971,7.8,4,1.9,5,7,30,7,39588,500,8,1,7,5,7,4,5,7,4,9,5,Female,Tier 3,Hybrid
52,162777,8.7,10,3.5,5,6,27,7,114520,43754,6,2,3,4,3,6,7,3,6,9,9,Female,Tier 1,Hybrid
44,102843,3.9,3,2.9,3,5,6,9,58318,17783,7,4,3,7,5,3,9,5,7,9,3,Male,Tier 3,Store
46,116127,5.9,8,3.3,9,7,27,14,89459,86365,7,3,2,6,1,7,7,8,5,10,4,Female,Tier 1,Hybrid
46,146455,7.0,4,0.2,8,7,34,6,84555,96194,6,5,3,5,10,4,6,7,5,10,9,Other,Tier 3,Store
68,56717,3.7,2,3.3,1,5,7,9,2067,55993,7,1,2,6,4,3,4,7,5,7,1,Male,Tier 3,Store
33,182783,9.5,8,3.8,3,6,35,0,84320,500,7,6,2,6,4,2,7,4,7,7,5,Other,Tier 2,Hybrid
51,86699,4.7,5,4.1,3,9,25,16,95387,78865,9,0,2,6,2,4,5,8,4,4,4,Male,Tier 3,Store
32,15000,7.5,8,4.4,9,10,28,10,61245,36638,9,5,3,5,6,7,6,4,1,10,7,Female,Tier 2,Online
55,140759,6.5,5,2.0,4,8,22,16,69528,149336,5,8,6,5,3,4,6,8,5,10,7,Male,Tier 3,Store
41,176876,7.0,1,3.6,2,10,39,3,89529,27960,4,5,4,4,10,7,7,2,3,7,5,Male,Tier 1,Hybrid
42,124586,7.3,8,2.9,7,10,36,16,132889,89977,2,4,3,9,2,6,7,4,3,8,3,Female,Tier 2,Hybrid
61,26355,4.0,6,1.6,2,3,5,6,7248,34502,7,7,4,6,8,5,3,4,7,9,1,Other,Tier 2,Store
77,81899,7.1,1,3.1,7,7,21,4,62658,20020,5,5,7,5,6,8,7,10,4,8,2,Male,Tier 2,Store
54,121213,4.5,12,2.1,5,6,6,18,22906,63413,6,1,2,4,4,4,7,10,4,8,8,Female,Tier 1,Store
25,120180,7.2,11,6.0,4,10,32,12,69964,112587,7,1,6,8,1,5,10,5,8,10,6,Male,Tier 3,Store
49,121475,4.4,8,4.1,7,8,16,9,67293,90691,4,8,4,2,7,7,8,6,5,5,4,Male,Tier 2,Store
37,86844,12.0,10,5.6,7,9,49,8,140687,102149,2,4,7,5,9,5,8,7,3,6,4,Male,Tier 3,Hybrid
58,94082,5.7,9,0.8,5,7,12,13,72576,47912,6,2,3,8,3,6,3,10,7,8,4,Male,Tier 1,Store
38,138771,10.8,4,5.9,6,10,43,3,93175,500,7,3,1,8,10,6,6,2,4,9,5,Other,Tier 1,Online
53,150328,4.8,5,2.4,5,5,0,12,104192,83187,7,0,4,4,5,2,7,5,4,7,7,Female,Tier 3,Store
42,136016,8.4,4,5.1,9,9,20,12,40187,85687,4,4,1,7,5,9,9,8,8,8,7,Female,Tier 1,Store
71,42355,6.2,9,4.2,5,4,4,19,900,150000,10,9,4,7,8,5,9,7,9,10,2,Other,Tier 3,Store
51,185259,5.0,8,2.6,4,5,16,9,113741,49388,8,3,5,5,9,5,6,7,6,10,5,Other,Tier 2,Store
50,80730,8.5,10,4.8,9,9,35,8,81154,47896,5,0,6,5,5,7,8,5,1,5,4,Male,Tier 2,Online
35,192441,7.2,8,2.6,9,9,34,0,150000,71584,7,6,4,3,7,3,8,3,4,9,6,Other,Tier 2,Online
51,204869,6.1,7,4.9,7,9,16,5,99825,49124,6,7,5,2,1,6,10,4,10,5,5,Female,Tier 2,Hybrid
49,64475,7.3,8,3.2,6,10,24,0,900,21202,5,4,3,6,4,10,4,7,7,6,6,Female,Tier 3,Hybrid
50,110820,10.0,4,2.7,4,7,13,9,52573,68547,6,0,3,3,2,6,6,6,2,2,1,Female,Tier 3,Hybrid
58,147274,4.9,5,2.9,2,8,16,15,62518,97417,6,2,2,8,1,8,9,9,3,4,4,Other,Tier 1,Store
37,148493,7.5,9,3.2,7,10,42,4,108772,31558,5,2,4,9,5,7,8,6,4,3,10,Male,Tier 3,Hybrid
47,125368,7.3,7,3.1,6,7,30,4,127642,29766,9,3,3,2,5,9,3,6,6,8,10,Female,Tier 3,Store
41,105494,8.2,2,6.0,2,10,40,3,102001,91502,8,5,1,5,7,9,5,5,3,7,8,Other,Tier 1,Hybrid
51,146582,9.4,7,3.3,5,9,37,14,88609,65022,9,3,4,4,4,6,5,7,4,9,7,Female,Tier 1,Hybrid
46,119595,4.2,7,2.5,10,10,25,2,46291,56962,4,5,2,9,6,3,9,5,6,7,3,Female,Tier 2,Online
